puzzle_id,path,declared_length,submission_id,record_path,submitted_at,source_index_row,source_repo_commit
0,f1,1,019fbd59-b1e9-7ad0-88af-9a90bdb3d917,results/v1/cayley-py-444-cube/cayleypy-96-24-b1f3fc405bc56fff/0/2026-08-01/019fbd59-b1e9-7ad0-88af-9a90bdb3d917.json,2026-08-01T12:43:19.074Z,2,bf3f68e5906e25ac7b8bfabef6c0d81bdfd1d309
0,f1,1,019fbd7d-f17d-7411-bdae-8b778c483eca,results/v1/cayley-py-444-cube/cayleypy-96-24-b1f3fc405bc56fff/0/2026-08-01/019fbd7d-f17d-7411-bdae-8b778c483eca.json,2026-08-01T13:22:54.747Z,3,bf3f68e5906e25ac7b8bfabef6c0d81bdfd1d309
0,f1,1,019fbdf4-ba7e-7f3f-ad44-06ed3c548226,results/v1/cayley-py-444-cube/cayleypy-96-24-b1f3fc405bc56fff/0/2026-08-01/019fbdf4-ba7e-7f3f-ad44-06ed3c548226.json,2026-08-01T15:32:39.102Z,4,bf3f68e5906e25ac7b8bfabef6c0d81bdfd1d309
0,f1,1,019fbe75-6220-7881-bd20-accfd7dbdc2a,results/v1/cayley-py-444-cube/cayleypy-96-24-b1f3fc405bc56fff/0/2026-08-01/019fbe75-6220-7881-bd20-accfd7dbdc2a.json,2026-08-01T17:53:10.833Z,5,bf3f68e5906e25ac7b8bfabef6c0d81bdfd1d309
0,f1,1,019fbeb6-8696-7b8a-b3bc-b21178975e66,results/v1/cayley-py-444-cube/cayleypy-96-24-b1f3fc405bc56fff/0/2026-08-01/019fbeb6-8696-7b8a-b3bc-b21178975e66.json,2026-08-01T19:04:20.041Z,6,bf3f68e5906e25ac7b8bfabef6c0d81bdfd1d309
0,f1,1,019fc34d-a8f4-7b14-8df5-4031016d8c30,results/v1/cayley-py-444-cube/cayleypy-96-24-b1f3fc405bc56fff/0/2026-08-02/019fc34d-a8f4-7b14-8df5-4031016d8c30.json,2026-08-02T16:27:53.042Z,7,bf3f68e5906e25ac7b8bfabef6c0d81bdfd1d309
0,f1,1,019fc356-5818-7b61-a2a2-ed4510c21475,results/v1/cayley-py-444-cube/cayleypy-96-24-b1f3fc405bc56fff/0/2026-08-02/019fc356-5818-7b61-a2a2-ed4510c21475.json,2026-08-02T16:37:22.641Z,8,bf3f68e5906e25ac7b8bfabef6c0d81bdfd1d309
0,f1,1,019fc3ef-59d3-791b-91bf-62f6aeec1330,results/v1/cayley-py-444-cube/cayleypy-96-24-b1f3fc405bc56fff/0/2026-08-02/019fc3ef-59d3-791b-91bf-62f6aeec1330.json,2026-08-02T19:24:30.264Z,9,bf3f68e5906e25ac7b8bfabef6c0d81bdfd1d309
0,f1,1,019fc405-066d-78f3-beea-072f46a46a0a,results/v1/cayley-py-444-cube/cayleypy-96-24-b1f3fc405bc56fff/0/2026-08-02/019fc405-066d-78f3-beea-072f46a46a0a.json,2026-08-02T19:48:10.806Z,10,bf3f68e5906e25ac7b8bfabef6c0d81bdfd1d309
57,f3.-f0.r0.-d3.-r3.-d3.r2.r1.-f3.-f1.d1.-f0.-d2.-r3.-f0.-d1.f3.-r2.f0.-r3.-d2.-r2.r3.-f0.-r1.d0.r0.-d2.-r2.f2.r2.f2.-d2.-d0.r1.d0.-r1.-f1.d2.-f2.-f2.f1.r1.f2.d2.f0,46,019fc966-f28b-7ddd-88e8-3e6aac27e130,results/v1/cayley-py-444-cube/cayleypy-96-24-b1f3fc405bc56fff/57/2026-08-03/019fc966-f28b-7ddd-88e8-3e6aac27e130.json,2026-08-03T20:53:14.009Z,11,bf3f68e5906e25ac7b8bfabef6c0d81bdfd1d309
62,f0.-f3.d3.-r3.d2.f0.f1.d0.-r1.-f3.r3.r1.f3.-d3.-r3.-d0.f0.f1.f3.-d0.f0.-d3.-r3.-d0.r2.-d3.d1.r2.-d2.d0.-r2.-f2.d3.-r3.-f1.-r2.f1.r3.-d2.-f1.r2.-f2.-d1.f1.d2,45,019fc923-8db3-72c2-a73e-9ffbe9f330d2,results/v1/cayley-py-444-cube/cayleypy-96-24-b1f3fc405bc56fff/62/2026-08-03/019fc923-8db3-72c2-a73e-9ffbe9f330d2.json,2026-08-03T19:39:37.180Z,12,bf3f68e5906e25ac7b8bfabef6c0d81bdfd1d309
66,-f0.r1.d2.f1.-r3.d3.-f2.f0.-d0.-r3.-r3.-d1.f0.-r1.-r2.-d1.-f2.f0.-r3.d0.r2.-r1.d2.-r2.-d2.-f2.-r0.f2.d2.r0.d1.r1.-f2.-d3.-f1.f2.-d1.-f2.f1.r1.d3.-f2.d1.f2.d0.-r1.f0,47,019fe8ab-a919-7619-8433-95989f805802,results/v1/cayley-py-444-cube/cayleypy-96-24-b1f3fc405bc56fff/66/2026-08-09/019fe8ab-a919-7619-8433-95989f805802.json,2026-08-09T22:36:30.876Z,13,bf3f68e5906e25ac7b8bfabef6c0d81bdfd1d309
67,d2.r0.-d3.-r0.-f3.d0.r0.r0.-r3.-f2.-r2.-d2.f3.r3.f3.-f2.r1.-f0.-r3.d2.r3.d1.r1.d3.-r0.-f2.-r2.-f1.-r3.-d3.-r1.f0.d3.f1.-d1.-r1.r2.d1.-r2.d1.r1.-f1.r3.f1.-r3.-f2.-d1.f2,48,019fd27a-7047-71cd-a5cf-37a32bd89dcb,results/v1/cayley-py-444-cube/cayleypy-96-24-b1f3fc405bc56fff/67/2026-08-05/019fd27a-7047-71cd-a5cf-37a32bd89dcb.json,2026-08-05T15:11:06.038Z,14,bf3f68e5906e25ac7b8bfabef6c0d81bdfd1d309
76,f1.-r1.d3.r3.f2.r3.d0.f0.r2.-d3.r0.-f2.r0.r1.r3.f0.-r3.r2.d0.-r3.f0.r3.d3.r3.-f0.d2.f0.-r1.-f2.-d0.f0.r1.d1.-f0.-f1.-r1.d2.f1.-d2.d0.d3.-f3.-d3.f2.d3,45,019fd43d-e9be-7523-aa88-36d0a4588987,results/v1/cayley-py-444-cube/cayleypy-96-24-b1f3fc405bc56fff/76/2026-08-05/019fd43d-e9be-7523-aa88-36d0a4588987.json,2026-08-05T23:24:14.113Z,15,bf3f68e5906e25ac7b8bfabef6c0d81bdfd1d309
83,f3.-f2.-d3.-f0.r0.-f0.-f0.-r0.-d0.r2.r2.-d0.f1.d3.-f2.-r2.-d2.-r0.-r1.f1.-r0.r1.-f1.r2.-f2.-f0.-r0.d0.d1.d2.f3.r1.-f2.f0.d2.f2.d2.r2.-f2.-f0.-r2.-f3.-r2.f3.r2.r2,46,019fdab7-8279-710a-bcba-972820f9e459,results/v1/cayley-py-444-cube/cayleypy-96-24-b1f3fc405bc56fff/83/2026-08-07/019fdab7-8279-710a-bcba-972820f9e459.json,2026-08-07T05:34:46.422Z,16,bf3f68e5906e25ac7b8bfabef6c0d81bdfd1d309
89,d3.-f0.f3.d0.f3.-r0.d1.r3.-d1.f2.-r2.d0.-d1.-f2.f0.r3.f0.r0.d0.f0.f0.-r1.-f0.-r1.f0.r1.f0.-f3.-r0.d1.-f0.r3.r2.-d0.-r2.d0.-r3.-d1.-d1.f2.d1.-f2.d1.d1.r1.-d1.f0.-r3,48,019fe4c6-9e58-7c1b-850d-0c8f7e990603,results/v1/cayley-py-444-cube/cayleypy-96-24-b1f3fc405bc56fff/89/2026-08-09/019fe4c6-9e58-7c1b-850d-0c8f7e990603.json,2026-08-09T04:27:29.079Z,17,bf3f68e5906e25ac7b8bfabef6c0d81bdfd1d309
93,d2.-r1.-r3.f3.r2.-f0.r2.-d2.-f2.-d2.-r0.f0.-d0.-r1.-f1.-d1.-r0.d0.-f2.d1.-f3.d3.f2.f3.-d0.-d1.r2.-f0.-r2.-d0.f2.d0.f0.d0.r1.-d0.f3.-r2.-f3.-r1.f0.r3.d1.-r2.-d1.-r3.r2.-f0,48,019fd39c-55bd-7cff-a63d-6bcd1a1566b7,results/v1/cayley-py-444-cube/cayleypy-96-24-b1f3fc405bc56fff/93/2026-08-05/019fd39c-55bd-7cff-a63d-6bcd1a1566b7.json,2026-08-05T20:27:45.078Z,18,bf3f68e5906e25ac7b8bfabef6c0d81bdfd1d309
96,-r1.-r1.-d2.f1.-r3.d2.-f3.d2.-r3.f0.-r3.-d3.-r3.r0.d2.-f3.-r0.d3.-f2.-f1.-d3.f2.r0.-d0.-d0.-f0.-r0.f0.d1.r0.f0.-d0.-d3.f0.r3.-f0.-d0.f3.r0.r3.-d1.-d2.-r3.-r0.d1,45,019fd398-d29e-7914-a0eb-e321fdf4490c,results/v1/cayley-py-444-cube/cayleypy-96-24-b1f3fc405bc56fff/96/2026-08-05/019fd398-d29e-7914-a0eb-e321fdf4490c.json,2026-08-05T20:23:54.804Z,19,bf3f68e5906e25ac7b8bfabef6c0d81bdfd1d309
99,d0.f1.-f0.d0.f0.-r0.-d3.-d2.-f0.r3.d0.r1.-r0.d3.d2.r2.-r1.f2.f3.-d3.f2.-d2.-f3.d0.-r2.d1.-f2.-d2.d3.f2.f1.-r1.r2.-d1.r3.-r2.d2.r1.-r2.-f2.-d2.f2.-r3.-f2.d2.f3,46,019fe83d-7f85-76b0-b0b1-27ef0277b7c5,results/v1/cayley-py-444-cube/cayleypy-96-24-b1f3fc405bc56fff/99/2026-08-09/019fe83d-7f85-76b0-b0b1-27ef0277b7c5.json,2026-08-09T20:36:11.654Z,20,bf3f68e5906e25ac7b8bfabef6c0d81bdfd1d309
101,-f1.r3.-d0.-f0.-d0.-f2.-f2.-r3.d3.r1.-f3.-r0.f1.r3.-d1.r3.-d2.f0.-r1.f2.d2.r3.-f2.r1.d1.f2.d2.r2.-d2.f0.-r3.-r3.-f1.-r2.-f0.-d1.-d1.f1.f0.-r2.-d1.r2.d1.f1,44,019fce00-6b31-7f8f-9f1d-99a2cada75ba,results/v1/cayley-py-444-cube/cayleypy-96-24-b1f3fc405bc56fff/101/2026-08-04/019fce00-6b31-7f8f-9f1d-99a2cada75ba.json,2026-08-04T18:19:20.806Z,21,bf3f68e5906e25ac7b8bfabef6c0d81bdfd1d309
101,-f1.r3.-d0.-f0.-d0.-f2.-f2.-r3.d3.r1.-f3.-r0.f1.r3.-d1.r3.-d2.f0.-r1.f2.d2.r3.-f2.r1.d1.f2.d2.r2.-d2.f0.-r3.-r3.-f1.-r2.-f0.-d1.-d1.f1.f0.-r2.-d1.r2.d1.f1,44,019fe9ef-ac61-79f4-b5c2-b89cdb6063f5,results/v1/cayley-py-444-cube/cayleypy-96-24-b1f3fc405bc56fff/101/2026-08-10/019fe9ef-ac61-79f4-b5c2-b89cdb6063f5.json,2026-08-10T04:30:25.641Z,22,bf3f68e5906e25ac7b8bfabef6c0d81bdfd1d309
113,-f3.r1.-f2.-d3.-r3.-d0.-f0.-f3.r2.-f3.-d2.r2.f0.r2.r1.r2.-d3.-d3.-f1.-f0.r3.f0.-r3.f0.-d1.r1.f1.d0.-r1.d1.d2.-d0.-f2.-d1.-f3.-r3.f2.r3.f2.-d3.-f2.d3.-r3.-f2.r3.f2,46,019fce52-c728-7f99-b501-f0828779b5b8,results/v1/cayley-py-444-cube/cayleypy-96-24-b1f3fc405bc56fff/113/2026-08-04/019fce52-c728-7f99-b501-f0828779b5b8.json,2026-08-04T19:49:18.171Z,23,bf3f68e5906e25ac7b8bfabef6c0d81bdfd1d309
117,-d0.-r1.f2.r0.-r3.-d1.d2.-f2.-d1.-d3.-f3.-r0.-d3.f3.-d3.-r2.d0.d3.-f1.f0.-f2.d3.f3.-d2.-d1.-r0.f1.-d1.f3.f3.-r0.-f3.-f0.-d3.f0.-f3.r0.-d2.-f1.-r1.f1.-r0.d1.f1.r1.-f1.d2.-d0,48,019fe82b-404e-7784-a83f-af7b98330855,results/v1/cayley-py-444-cube/cayleypy-96-24-b1f3fc405bc56fff/117/2026-08-09/019fe82b-404e-7784-a83f-af7b98330855.json,2026-08-09T20:16:15.478Z,24,bf3f68e5906e25ac7b8bfabef6c0d81bdfd1d309
118,r3.-r2.d2.d2.f3.-f2.-r3.f2.d1.r0.d3.r0.-r1.-f2.r1.d3.d3.-f0.d2.r0.-d3.-f3.-d3.-r3.-f1.-f3.r3.-f2.r0.r3.f1.-r0.f2.-r3.-f0.-f3.-r3.d0.-f2.-d0.r3.f3.-f1.r3.f1.-r3.-f3,47,019fcf11-af13-750b-b3a9-024701177137,results/v1/cayley-py-444-cube/cayleypy-96-24-b1f3fc405bc56fff/118/2026-08-04/019fcf11-af13-750b-b3a9-024701177137.json,2026-08-04T23:17:49.467Z,25,bf3f68e5906e25ac7b8bfabef6c0d81bdfd1d309
119,-f0.-d2.f2.-r1.-f3.r2.r2.r3.f3.-r2.d0.f2.-f0.f3.r3.f3.-d0.-r0.f3.-r3.-d0.f0.-r3.d0.r3.f3.d3.d1.r3.r0.-f1.-r0.-d0.-r3.-d1.f0.-r2.f3.-r0.-d2.f2.d2.d2.-f2.-d2.r2,46,019fe881-75c5-7538-9dab-7459a00442ae,results/v1/cayley-py-444-cube/cayleypy-96-24-b1f3fc405bc56fff/119/2026-08-09/019fe881-75c5-7538-9dab-7459a00442ae.json,2026-08-09T21:50:25.301Z,26,bf3f68e5906e25ac7b8bfabef6c0d81bdfd1d309
121,-r3.d0.-f3.r3.f3.-r3.-r3.f2.d2.r0.-d0.r2.-r3.d2.-f2.-d1.f0.f1.r3.f0.f1.-d3.r0.-d1.-d1.-r0.d3.-r3.-d3.f2.d3.r1.-d2.-f1.-d1.-r0.d1.-r1.r0.f2.-d1.-r1.f2.d2.f2.r1,46,019fd95d-63d5-7f1c-a006-fb9da13857b7,results/v1/cayley-py-444-cube/cayleypy-96-24-b1f3fc405bc56fff/121/2026-08-06/019fd95d-63d5-7f1c-a006-fb9da13857b7.json,2026-08-06T23:16:43.690Z,27,bf3f68e5906e25ac7b8bfabef6c0d81bdfd1d309
123,-r0.-d3.d2.-d0.f3.d0.-r0.f1.d2.r3.d3.-f3.f0.-r0.-f0.-d3.-r3.r0.f0.-d1.-r3.-d0.-f3.d2.f3.r1.-d0.-r1.-f2.d1.f2.d0.-f1.r1.-d1.-d3.f2.d3.-f1.-r1.f1.d3.-d1.-f1.d1.f1.-d3.f1,48,019fce78-3ff8-717f-b726-7b0cc78d31cf,results/v1/cayley-py-444-cube/cayleypy-96-24-b1f3fc405bc56fff/123/2026-08-04/019fce78-3ff8-717f-b726-7b0cc78d31cf.json,2026-08-04T20:30:14.250Z,28,bf3f68e5906e25ac7b8bfabef6c0d81bdfd1d309
125,d3.d3.-r0.f3.-d3.-r0.-f3.d0.r1.-d1.-f3.-r3.-d0.-r2.d0.-r3.f2.-r1.-d0.f1.d1.r2.r0.d3.d3.f1.-d2.r3.-f1.-r3.-d3.-r2.f2.d2.f2.r2.-d2.r2.-f0.d1.r2.-d1.f0.d2.r2.-d2.f2.d2,48,019fce45-67d0-7c85-bcf1-0fc1ac8ee4bd,results/v1/cayley-py-444-cube/cayleypy-96-24-b1f3fc405bc56fff/125/2026-08-04/019fce45-67d0-7c85-bcf1-0fc1ac8ee4bd.json,2026-08-04T19:34:41.685Z,29,bf3f68e5906e25ac7b8bfabef6c0d81bdfd1d309
128,-d3.-f2.d1.r0.f1.-r1.r0.f1.-d0.-r3.d3.r0.d1.-d2.f0.-r3.f3.-d3.f0.d1.-f0.-f1.-d1.-f0.d1.-f1.r2.f1.-d2.-f3.-r1.r3.-d2.-r3.-r2.-d1.-f2.r1.-f2.d1.f2.r2.-f0.-r1.f3.r1.f0,47,019fe255-586c-7476-ad4e-8679a755a97a,results/v1/cayley-py-444-cube/cayleypy-96-24-b1f3fc405bc56fff/128/2026-08-08/019fe255-586c-7476-ad4e-8679a755a97a.json,2026-08-08T17:04:30.755Z,30,bf3f68e5906e25ac7b8bfabef6c0d81bdfd1d309
142,f3.f3.-d0.r3.-f3.d3.-r3.d2.-r2.-r2.-f3.r0.d3.d0.-r0.f3.d2.r3.-f3.f2.-d1.-d1.-f1.d0.-d1.-r3.-r1.-r2.-f3.-d3.-r0.-f0.-r3.f2.r2.-f2.r3.-d1.-r1.-d1.f2.d1.d1.-r2.f3,45,019fdb40-82e2-72e3-8d5e-fed32f68e6d3,results/v1/cayley-py-444-cube/cayleypy-96-24-b1f3fc405bc56fff/142/2026-08-07/019fdb40-82e2-72e3-8d5e-fed32f68e6d3.json,2026-08-07T08:04:25.285Z,31,bf3f68e5906e25ac7b8bfabef6c0d81bdfd1d309
144,d3.-r2.-r3.f0.-r3.-f2.f3.-r1.d1.-r1.-r3.f0.r0.-f2.d2.-d0.r0.d3.r2.d3.-r3.-f3.-r0.r2.-f0.f3.r1.-f3.f0.-d3.r2.d3.-r2.r1.f2.f2.-r2.-r1.-f2.f3.-d1.r1.f2.d1.-f2.r1.r1,47,019fcb4d-d239-7c52-a6b4-3a1cbe01a866,results/v1/cayley-py-444-cube/cayleypy-96-24-b1f3fc405bc56fff/144/2026-08-04/019fcb4d-d239-7c52-a6b4-3a1cbe01a866.json,2026-08-04T05:45:02.188Z,32,bf3f68e5906e25ac7b8bfabef6c0d81bdfd1d309
148,d1.-r0.-d3.f3.-r0.-r0.f1.-d3.f2.d0.-f0.-d1.-r1.f2.d0.d0.r0.r2.-d0.-r2.-r0.d2.d3.-f2.r2.-d0.-r0.-d2.-f1.r2.r2.f1.r2.-f1.-d2.f2.-r0.f2.r0.f2.r2.-r0.f2.-r2.f2.r2.r0,47,019fe347-e7a7-7a12-b366-79148f63f928,results/v1/cayley-py-444-cube/cayleypy-96-24-b1f3fc405bc56fff/148/2026-08-08/019fe347-e7a7-7a12-b366-79148f63f928.json,2026-08-08T21:29:27.372Z,33,bf3f68e5906e25ac7b8bfabef6c0d81bdfd1d309
153,-d1.f2.d3.-r3.r1.-d2.f0.-d3.d1.r0.-f3.-r2.-f2.d1.-f2.-r0.d2.-f1.r0.f1.r2.d0.-r1.-r3.-f1.r1.f1.r3.r0.-f1.-r0.-d0.-r3.f3.f0.d1.f3.-d3.f0.r0.f3.-r0.-f3.-f0,44,019fce98-bd32-72e2-a2f2-fa85eddaecf4,results/v1/cayley-py-444-cube/cayleypy-96-24-b1f3fc405bc56fff/153/2026-08-04/019fce98-bd32-72e2-a2f2-fa85eddaecf4.json,2026-08-04T21:05:43.098Z,34,bf3f68e5906e25ac7b8bfabef6c0d81bdfd1d309
154,-d1.r3.d1.f0.d3.d1.f0.f0.r2.-d0.-r0.-r3.-f2.d0.r1.-d3.-f3.d1.r0.f1.r0.r2.r3.d2.r0.-r2.f2.d0.r2.-f3.r3.f3.r2.-f1.-d1.-r2.f1.f2.r2.d1.-r2.-d3.-r2.-f2.-r1,45,019fc98d-ce00-7b9c-8cc6-493c2b7013d2,results/v1/cayley-py-444-cube/cayleypy-96-24-b1f3fc405bc56fff/154/2026-08-03/019fc98d-ce00-7b9c-8cc6-493c2b7013d2.json,2026-08-03T21:35:40.331Z,35,bf3f68e5906e25ac7b8bfabef6c0d81bdfd1d309
157,-d0.f3.-r0.d1.f0.d0.d2.-r0.d1.r3.f1.-d0.-d3.d1.f2.f0.d2.d1.r1.d0.f2.-f0.-r0.-d1.-d2.f2.d3.-r0.-d0.r3.r0.d0.-f2.-d0.-f3.r0.-r2.-d2.d1.f1.d2.-d1.r2.-r0.f3.-r3,46,019fe226-7d9b-75b3-904f-9b6b34718d8f,results/v1/cayley-py-444-cube/cayleypy-96-24-b1f3fc405bc56fff/157/2026-08-08/019fe226-7d9b-75b3-904f-9b6b34718d8f.json,2026-08-08T16:13:20.211Z,36,bf3f68e5906e25ac7b8bfabef6c0d81bdfd1d309
159,-d0.d1.f0.r0.-d0.f0.-d0.-f3.f0.-r1.-d3.-r3.-f1.-d1.-f0.f2.r1.f0.r1.d3.f2.-r3.d0.-f3.f0.-r1.-f3.-d1.-f3.d1.-f1.d2.f1.r1.-d1.-f3.-d3.f1.d0.-f2.-d2.f2.-d0.d2.-r1.-f1.r1.d1,48,019fd8d3-f869-7571-bd7a-acb2a76bd80d,results/v1/cayley-py-444-cube/cayleypy-96-24-b1f3fc405bc56fff/159/2026-08-06/019fd8d3-f869-7571-bd7a-acb2a76bd80d.json,2026-08-06T20:46:37.219Z,37,bf3f68e5906e25ac7b8bfabef6c0d81bdfd1d309
161,r3.r3.r2.f1.-f3.r2.d3.r1.-r0.-d3.d1.-r3.d0.-f2.-f0.-r1.d0.-r3.-d2.r0.-f2.-d2.-f3.d2.r2.r2.f2.-f0.-d3.d2.r2.d3.r2.-d2.-f2.r2.d0.-f3.r2.f3.-d0.-r2.-r3.f0.-d2.-f0.r3.r0,48,019fcfdc-a58f-7b2d-a12d-fac0ae4045dd,results/v1/cayley-py-444-cube/cayleypy-96-24-b1f3fc405bc56fff/161/2026-08-05/019fcfdc-a58f-7b2d-a12d-fac0ae4045dd.json,2026-08-05T02:59:30.859Z,38,bf3f68e5906e25ac7b8bfabef6c0d81bdfd1d309
176,d1.r1.f3.-f0.d1.r3.-d3.r2.-r0.r3.f1.-r0.-r0.-f2.r3.d0.r3.f3.-f0.-r0.f2.d0.d3.r1.-f3.-d1.-f1.-d1.f1.-r1.d3.r2.-d3.f2.-d0.-d1.-r2.f1.f1.d1.f2.d1.r1.d2.r2.-d2.-f1,47,019fe47c-ec5b-7b1b-90df-ff31e9855d08,results/v1/cayley-py-444-cube/cayleypy-96-24-b1f3fc405bc56fff/176/2026-08-09/019fe47c-ec5b-7b1b-90df-ff31e9855d08.json,2026-08-09T03:06:59.218Z,39,bf3f68e5906e25ac7b8bfabef6c0d81bdfd1d309
185,-r0.-d3.f3.-r3.d0.f2.r1.d1.-f1.-r0.d3.-f2.-f0.-d3.-d0.r3.-d0.-f3.-f1.-d0.-d2.r1.r3.-f0.-f2.-f2.d1.f0.r1.-f2.-r0.-r2.-d1.-d1.-f1.r0.-f2.-r0.d1.-r3.-d1.r1.f2.d1.-f2.r1,46,019fce21-7407-7fa8-96d5-a092cabb18f2,results/v1/cayley-py-444-cube/cayleypy-96-24-b1f3fc405bc56fff/185/2026-08-04/019fce21-7407-7fa8-96d5-a092cabb18f2.json,2026-08-04T18:55:26.109Z,40,bf3f68e5906e25ac7b8bfabef6c0d81bdfd1d309
193,r2.f0.-d0.-f2.-d3.d0.-r0.-f2.d1.f1.-r2.-d3.-r3.-d2.f3.-f0.-r3.r1.d3.d2.-r2.-d0.r2.d0.f1.-d2.d1.-f2.-r1.-r3.d1.r2.r1.-d1.-r2.f2.r3.f3.r0.d1.-r0.-f2.d0.r0,44,019fdff6-8256-7500-95f3-866ce68efcc8,results/v1/cayley-py-444-cube/cayleypy-96-24-b1f3fc405bc56fff/193/2026-08-08/019fdff6-8256-7500-95f3-866ce68efcc8.json,2026-08-08T06:01:41.272Z,41,bf3f68e5906e25ac7b8bfabef6c0d81bdfd1d309
196,-f0.r3.-d3.-d1.r0.d3.f0.r0.d3.-f1.r3.d2.-f1.-r3.f2.d3.f3.-r1.f1.d0.-f1.-r0.-f0.r1.-f2.-d2.r3.r2.-f1.-r3.d2.f2.r3.-f2.r2.d1.r2.r2.r1.-d1.-r1.r2.-f0.-d1.-r1.d1.f2,47,019fe40e-0f3c-75e1-bf28-88d3e9b4a04d,results/v1/cayley-py-444-cube/cayleypy-96-24-b1f3fc405bc56fff/196/2026-08-09/019fe40e-0f3c-75e1-bf28-88d3e9b4a04d.json,2026-08-09T01:05:53.277Z,42,bf3f68e5906e25ac7b8bfabef6c0d81bdfd1d309
197,-d1.f1.d0.-f3.r1.d0.d1.-r3.-f0.-f2.-r0.-d1.-r2.r3.-d2.-f2.d0.f1.-d0.r2.f3.-d0.-r0.d3.-r2.-d3.-f3.r0.d0.-d3.-f2.d0.-r1.d1.-f0.f2.-d1.-f3.r1.f3.-r1.-f2.r1.f0.-d1.r1,46,019fc4a3-2db6-784c-8a28-66f8d2ef3aea,results/v1/cayley-py-444-cube/cayleypy-96-24-b1f3fc405bc56fff/197/2026-08-02/019fc4a3-2db6-784c-8a28-66f8d2ef3aea.json,2026-08-02T22:40:55.460Z,43,bf3f68e5906e25ac7b8bfabef6c0d81bdfd1d309
204,-r0.f0.d2.d2.-f2.r3.r2.f0.r2.-d0.-f0.r3.r0.-f1.-r0.f3.-r0.f0.d1.-f0.r3.-d1.f3.-d0.-f1.-r2.d2.f3.-d2.-f3.r2.-f2.r2.f2.-r2.-f3.r2.-d2.d1.-r0.-d1.-d2.f2.d1.-f2.-r2.d2,47,019fcb6d-4156-7b0e-a461-1d63beed501c,results/v1/cayley-py-444-cube/cayleypy-96-24-b1f3fc405bc56fff/204/2026-08-04/019fcb6d-4156-7b0e-a461-1d63beed501c.json,2026-08-04T06:19:22.234Z,44,bf3f68e5906e25ac7b8bfabef6c0d81bdfd1d309
204,-r0.f0.d2.d2.-f2.r3.r2.f0.r2.-d0.-f0.r3.r0.-f1.-r0.f3.-r0.f0.d1.-f0.r3.-d1.f3.-d0.-f1.-r2.d2.f3.-d2.-f3.r2.-f2.r2.f2.-r2.-f3.r2.-d2.d1.-r0.-d1.-d2.f2.d1.-f2.-r2.d2,47,019fd8d8-7a23-72f4-a944-87b6eb958ef9,results/v1/cayley-py-444-cube/cayleypy-96-24-b1f3fc405bc56fff/204/2026-08-06/019fd8d8-7a23-72f4-a944-87b6eb958ef9.json,2026-08-06T20:51:32.931Z,45,bf3f68e5906e25ac7b8bfabef6c0d81bdfd1d309
206,f2.-f0.-d3.f0.r2.f3.f3.-r0.r2.-f1.-d0.-d2.-r2.-d0.-d0.-f0.-r0.-r3.f3.r2.d0.-f3.-d0.d1.-d2.-f0.-d2.r1.f0.-r1.d3.f1.-d1.f0.r0.d1.-r0.r1.d1.-r1.-d1.f3.-f1.-r2.f1.d1.r2,47,019fe7e2-a3c9-73a9-997e-4778823ccb6b,results/v1/cayley-py-444-cube/cayleypy-96-24-b1f3fc405bc56fff/206/2026-08-09/019fe7e2-a3c9-73a9-997e-4778823ccb6b.json,2026-08-09T18:56:56.938Z,46,bf3f68e5906e25ac7b8bfabef6c0d81bdfd1d309
210,-r3.f1.-d0.r0.f3.-r3.-d3.r3.-d1.f3.-f2.-r0.f0.-f3.-r2.f3.f1.r3.d2.-f0.-f3.r1.-f0.d1.-r2.f0.-r0.-d2.r0.f2.-d2.-f2.-r1.d2.-d1.f2.r0.r2.-d1.f2.d1.-f2.r3.f2.f2,45,019fcf40-56dc-759b-b908-83cc16afd1e9,results/v1/cayley-py-444-cube/cayleypy-96-24-b1f3fc405bc56fff/210/2026-08-05/019fcf40-56dc-759b-b908-83cc16afd1e9.json,2026-08-05T00:08:46.953Z,47,bf3f68e5906e25ac7b8bfabef6c0d81bdfd1d309
213,d0.-r0.d0.-f2.-f1.-r0.d0.-r3.r0.r1.-d3.r2.-f2.d0.-r0.d3.-f1.r2.-d3.r2.-r1.-d3.-f3.f0.r3.d1.-f0.r3.-d1.-r3.f0.-r3.f0.r2.-f1.r3.f3.f2.f1.-d3.-f2.d3.f0.-d3.f2.r1,46,019fe749-5c12-72a6-8539-ad0ce27feca9,results/v1/cayley-py-444-cube/cayleypy-96-24-b1f3fc405bc56fff/213/2026-08-09/019fe749-5c12-72a6-8539-ad0ce27feca9.json,2026-08-09T16:09:31.734Z,48,bf3f68e5906e25ac7b8bfabef6c0d81bdfd1d309
214,-r0.f2.-d0.r3.-f2.-r0.f1.r2.d3.r3.r3.-d2.d0.f1.-r3.-r0.-f3.-d3.-d0.r0.d0.d3.-r3.-d0.r0.-d2.-d1.-r0.-d1.-f3.d0.-r0.-f3.-r3.f3.r3.r0.d0.-f3.d3.-f0.-d3.-r3,43,019fe9af-4874-7da0-bf20-a124dab1bc47,results/v1/cayley-py-444-cube/cayleypy-96-24-b1f3fc405bc56fff/214/2026-08-10/019fe9af-4874-7da0-bf20-a124dab1bc47.json,2026-08-10T03:20:05.739Z,49,bf3f68e5906e25ac7b8bfabef6c0d81bdfd1d309
218,-r3.-d1.r1.-f0.r0.d3.-d0.r0.-f0.-d0.-r3.-f2.-f1.r1.f3.-r3.-f1.-f3.-d3.-f3.-r0.d2.f3.-r1.f1.-f0.d0.-r2.-f1.d0.-f1.-d0.f1.f1.-d0.r2.f0.d2.f2.-f1.-d3.-f2.r2.f2.-r2.d3.-f2,47,019fccf7-36f9-7904-88bf-555b43f440e8,results/v1/cayley-py-444-cube/cayleypy-96-24-b1f3fc405bc56fff/218/2026-08-04/019fccf7-36f9-7904-88bf-555b43f440e8.json,2026-08-04T13:29:40.212Z,50,bf3f68e5906e25ac7b8bfabef6c0d81bdfd1d309
220,d1.r0.d3.f3.-f0.-d2.-f0.-d2.r1.f2.-r1.-d0.f0.d0.-f3.r0.-f0.-r3.f2.-f0.-r0.-r3.d3.f3.-r1.-r2.f2.d3.-f2.d2.-d3.r2.d0.-r2.d3.-d2.r3.-f1.-d3.-f0.d1.f1.-d1.f0.d3.-r3.-d3,47,019fe988-60d6-711c-8fcc-1bb0c86fd452,results/v1/cayley-py-444-cube/cayleypy-96-24-b1f3fc405bc56fff/220/2026-08-10/019fe988-60d6-711c-8fcc-1bb0c86fd452.json,2026-08-10T02:37:36.018Z,51,bf3f68e5906e25ac7b8bfabef6c0d81bdfd1d309
226,r0.d0.-r1.d0.-d2.r0.d1.r1.-d0.-r1.-f0.d2.r3.f2.d2.f0.r0.r3.-d2.-r3.-r0.-r0.-d0.r0.-d1.-f3.r3.-f0.-r0.d3.r0.d0.-r0.-r0.d1.d2.f3.f3.d0.f3.f0.-d1.-f3.-f0.-d0,45,019fd8e0-39ad-70b7-800c-164f5ee515d3,results/v1/cayley-py-444-cube/cayleypy-96-24-b1f3fc405bc56fff/226/2026-08-06/019fd8e0-39ad-70b7-800c-164f5ee515d3.json,2026-08-06T21:00:00.750Z,52,bf3f68e5906e25ac7b8bfabef6c0d81bdfd1d309
229,r1.f3.r3.d1.-r0.f1.-f3.-d2.-f3.r0.f3.-f2.-r3.-d3.d0.f3.-d0.f3.-r3.-d3.r1.d3.-f1.-r1.-r0.-d3.r0.d3.f0.f1.-d3.f3.d1.-f2.-d3.-r1.-f1.-d0.-d0.r1.d2.-r1.d0.d0.-d2.f1.d3.f2,48,019fe7e1-7d2e-79aa-8483-e8d33b5a62ed,results/v1/cayley-py-444-cube/cayleypy-96-24-b1f3fc405bc56fff/229/2026-08-09/019fe7e1-7d2e-79aa-8483-e8d33b5a62ed.json,2026-08-09T18:55:41.751Z,53,bf3f68e5906e25ac7b8bfabef6c0d81bdfd1d309
235,-d1.r3.-f1.r3.-d1.r2.-f3.-d0.-d1.f0.r1.d0.-r1.-d2.-f1.-d0.-r0.f3.-d1.r0.d3.f3.f3.-r0.f1.r0.-f3.r3.-r2.-d1.-r3.r2.-f2.-f2.d1.f2.-d2.r2.d2.-r2.f3.d1.r2.-d2.f2.-r2,46,019fd3b1-3383-703d-8116-43e65d2a7bfb,results/v1/cayley-py-444-cube/cayleypy-96-24-b1f3fc405bc56fff/235/2026-08-05/019fd3b1-3383-703d-8116-43e65d2a7bfb.json,2026-08-05T20:50:32.449Z,54,bf3f68e5906e25ac7b8bfabef6c0d81bdfd1d309
236,r3.-f2.r0.f0.-r2.-f3.r1.-d3.-r1.f1.-r3.-d0.r3.r2.f2.d0.f0.d3.-r0.d2.f3.-r3.-d2.r3.-f3.f2.-d2.-r2.-f2.-d3.r0.r2.d1.-r2.-d3.r1.-f2.d3.f2.-d1.r2.f2.d1.-r2.-f2,45,019fdb21-ddb8-7f09-a95e-5598ec48dde0,results/v1/cayley-py-444-cube/cayleypy-96-24-b1f3fc405bc56fff/236/2026-08-07/019fdb21-ddb8-7f09-a95e-5598ec48dde0.json,2026-08-07T07:30:56.620Z,55,bf3f68e5906e25ac7b8bfabef6c0d81bdfd1d309
243,d3.f1.r0.r0.-f3.-d0.-r3.-r3.-d2.f1.r2.-f3.-r1.d0.-r3.-f3.-r3.f3.r2.-f2.r2.-f1.r1.-f0.f2.-r2.-f3.-f3.r1.r2.f2.f2.-r1.-f0.-f0.-r1.f2.-d2.-f0.d1.-f3.d1.f1.f1.-d1.f1.-d1.f1,48,019fcdd8-9f40-790c-bf63-d26f0cbe07b3,results/v1/cayley-py-444-cube/cayleypy-96-24-b1f3fc405bc56fff/243/2026-08-04/019fcdd8-9f40-790c-bf63-d26f0cbe07b3.json,2026-08-04T17:35:52.710Z,56,bf3f68e5906e25ac7b8bfabef6c0d81bdfd1d309
246,-f1.-d1.-f2.r2.f0.f0.d0.r3.d2.-f0.-r2.-r1.f3.-r3.r1.-f2.-r3.-d1.f3.-r2.-r3.-d1.r2.d1.-f1.d3.-f2.d3.f2.-d1.-d2.r3.d2.-r2.d1.r2.-d1.-f0.d1.r1.-f1.-r1.f0.d3.d0,45,019fd2f2-ad6a-7770-8935-8e48a6aa809a,results/v1/cayley-py-444-cube/cayleypy-96-24-b1f3fc405bc56fff/246/2026-08-05/019fd2f2-ad6a-7770-8935-8e48a6aa809a.json,2026-08-05T17:22:26.441Z,57,bf3f68e5906e25ac7b8bfabef6c0d81bdfd1d309
247,-r3.-d2.r0.-f3.r3.d1.r2.d1.-f3.d0.d0.r1.-d1.f2.d2.-d0.f3.d0.-r1.-r3.f3.-r3.-f2.d2.f2.-d2.-d1.-f3.r1.r3.f1.r0.-f1.r3.d2.-r3.-r0.d2.d1.-r1.f1.-r1.-f2.-r1.f2.d0,46,019fd3dd-f6ff-786b-ab55-dd30706461dd,results/v1/cayley-py-444-cube/cayleypy-96-24-b1f3fc405bc56fff/247/2026-08-05/019fd3dd-f6ff-786b-ab55-dd30706461dd.json,2026-08-05T21:39:26.071Z,58,bf3f68e5906e25ac7b8bfabef6c0d81bdfd1d309
247,-r3.-d2.r0.-f3.r3.d1.r2.d1.-f3.d0.d0.r1.-d1.f2.d2.-d0.f3.d0.-r3.-r1.f3.-r3.-f2.d2.f2.-d2.-d1.-f3.r1.r3.f1.r0.-f1.r3.d2.-r0.-r3.d1.d2.-r1.f1.-r1.-f2.-r1.f2.d0,46,019fe7ba-7717-7f90-86ea-9e246a35b94e,results/v1/cayley-py-444-cube/cayleypy-96-24-b1f3fc405bc56fff/247/2026-08-09/019fe7ba-7717-7f90-86ea-9e246a35b94e.json,2026-08-09T18:13:03.772Z,59,bf3f68e5906e25ac7b8bfabef6c0d81bdfd1d309
249,-f2.-d0.-r1.-f0.-d3.-f3.r0.f1.r1.d3.f2.f3.f2.-r0.-f1.-d2.-f2.-r0.-f1.r1.-f3.r0.-f3.-f0.d2.f3.f0.-r1.f0.-d2.-r1.-d3.d2.-r3.-d1.r2.d2.d1.f1.-d2.r3.-r2.d3.d1,44,019fdb7e-1626-7a49-a3ee-6f761715be06,results/v1/cayley-py-444-cube/cayleypy-96-24-b1f3fc405bc56fff/249/2026-08-07/019fdb7e-1626-7a49-a3ee-6f761715be06.json,2026-08-07T09:11:40.693Z,60,bf3f68e5906e25ac7b8bfabef6c0d81bdfd1d309
255,-d2.-f1.f3.-d1.-r0.r3.-d2.-d3.f1.f3.d0.f3.r0.-d0.r1.-f0.d3.d3.-r0.-r3.-f3.-d0.r2.-f3.-r2.-r1.f0.-d0.-r0.-r2.-d0.r0.d0.-f3.-r1.f3.r1.-r2.-f3.-r2.f0.r2.f3.-f0.r3.r2,46,019fe20a-621f-76c7-a4ce-fe5565103e3b,results/v1/cayley-py-444-cube/cayleypy-96-24-b1f3fc405bc56fff/255/2026-08-08/019fe20a-621f-76c7-a4ce-fe5565103e3b.json,2026-08-08T15:42:38.249Z,61,bf3f68e5906e25ac7b8bfabef6c0d81bdfd1d309
256,-r2.-d1.-r2.d3.r2.-f0.d3.r2.-r0.-f3.-r2.f1.d1.r3.-d2.-r3.d1.f3.-r0.d2.-r1.-d2.-f3.-r0.-r0.-r1.d3.r1.-d3.d2.d2.-r1.d2.r0.-d1.-d2.r1.f3.-r1.f0.-d0.-f1.d0.-f3.-f0,45,019fe393-bb2a-71f9-8cb4-3c2c54d0f331,results/v1/cayley-py-444-cube/cayleypy-96-24-b1f3fc405bc56fff/256/2026-08-08/019fe393-bb2a-71f9-8cb4-3c2c54d0f331.json,2026-08-08T22:52:16.776Z,62,bf3f68e5906e25ac7b8bfabef6c0d81bdfd1d309
258,-r3.f3.-d1.d3.-r0.r3.f2.-f3.r3.f2.-d1.-f1.-d2.-r0.-f1.d3.-r1.d2.-d3.f2.r1.r0.-d1.-r0.d0.d0.-r3.-f3.-f2.r3.-f2.-r3.f3.r3.d0.-f2.-d1.f2.-d0.-d3.f2.d1.f1.-r3.d1,45,019fc8f1-f924-7537-afdb-6b5f9749d8b7,results/v1/cayley-py-444-cube/cayleypy-96-24-b1f3fc405bc56fff/258/2026-08-03/019fc8f1-f924-7537-afdb-6b5f9749d8b7.json,2026-08-03T18:45:28.006Z,63,bf3f68e5906e25ac7b8bfabef6c0d81bdfd1d309
267,-r0.-d3.f2.-r0.f3.r1.d1.-f0.-r0.-f3.d0.r3.-r1.-f3.d2.f1.f2.-r2.r3.-f2.-r3.-d2.r3.r3.-f0.r1.r3.-d3.-r1.-d3.d0.f1.d3.-r3.d0.-r1.-d0.-f1.-r0.r1.f1.r3.-d0.-f1.d0.-r1.r0.d2,48,019fd3b9-414a-74c5-9e9f-612fbe9cb184,results/v1/cayley-py-444-cube/cayleypy-96-24-b1f3fc405bc56fff/267/2026-08-05/019fd3b9-414a-74c5-9e9f-612fbe9cb184.json,2026-08-05T20:59:20.252Z,64,bf3f68e5906e25ac7b8bfabef6c0d81bdfd1d309
270,d2.-d0.-d3.r0.d3.r1.-d2.-f3.-d0.r0.f1.-r3.r0.-d1.f0.-r1.-d1.r3.d0.-f2.-r0.-r0.-f0.-r3.f2.f2.-r1.f2.r3.-r2.-f2.-f1.d2.-f3.f2.-r2.f3.r2.f1.d2.r1.-d2.-r2.f2.-d3.-f2.d3,47,019fcdd9-4beb-7156-a5e5-1452a7f5c939,results/v1/cayley-py-444-cube/cayleypy-96-24-b1f3fc405bc56fff/270/2026-08-04/019fcdd9-4beb-7156-a5e5-1452a7f5c939.json,2026-08-04T17:36:36.739Z,65,bf3f68e5906e25ac7b8bfabef6c0d81bdfd1d309
271,f3.r3.f2.-r1.r2.f3.-d3.r1.-f0.-r2.-d2.f1.r3.-d0.-d2.f1.f2.-d1.r3.d1.f3.-f1.r3.-f1.-f2.f0.r0.r2.d2.-r0.f1.-d1.-d1.f3.-f2.-f1.-r1.-f3.-f1.f2.d1.d1.f1.f1.f0.d1,46,019fc1bb-1dc9-7645-ae5b-3a244473ef33,results/v1/cayley-py-444-cube/cayleypy-96-24-b1f3fc405bc56fff/271/2026-08-02/019fc1bb-1dc9-7645-ae5b-3a244473ef33.json,2026-08-02T09:08:12.597Z,66,bf3f68e5906e25ac7b8bfabef6c0d81bdfd1d309
271,r1.f0.-d2.f3.-f1.r2.-d2.r0.d3.r1.-f3.-d3.-f3.-d1.-r2.f2.-d3.-d3.-r1.-f2.-f3.d3.f2.-d1.f3.-d3.-d3.-r1.-d3.-d2.r1.d2.-f3.-r1.f2.-f1.r1.-f3.-f2.r1.f0.r1.f1.-r1.f3.-f0,46,019fe3a3-4854-759e-a359-7eee6283fd39,results/v1/cayley-py-444-cube/cayleypy-96-24-b1f3fc405bc56fff/271/2026-08-08/019fe3a3-4854-759e-a359-7eee6283fd39.json,2026-08-08T23:09:15.721Z,67,bf3f68e5906e25ac7b8bfabef6c0d81bdfd1d309
274,-d2.d3.r3.f3.r3.-r1.-f1.r3.-d0.d1.f1.f1.-f0.r3.-d1.-f2.r2.f0.f3.-r2.-f3.d3.-r3.-d0.r3.-d3.-d2.-r2.d2.-r3.-r0.-f1.-r0.d2.d2.r0.d1.-d2.f2.-d1.-f2.-r0.-d2.r0.f3,45,019fd8e1-c179-7262-aac2-5870c477d80a,results/v1/cayley-py-444-cube/cayleypy-96-24-b1f3fc405bc56fff/274/2026-08-06/019fd8e1-c179-7262-aac2-5870c477d80a.json,2026-08-06T21:01:40.998Z,68,bf3f68e5906e25ac7b8bfabef6c0d81bdfd1d309
276,-d1.-d2.r2.d3.-f0.-d2.-f2.-d2.f0.d3.-r3.f0.-f3.d0.-f3.d2.d3.f3.-r3.-d3.d2.-f0.-d2.-f3.d0.r3.d3.r1.-d1.-d2.r1.d1.r0.-r1.-r2.-d2.r1.-r2.-r2.-f2.-d2.-f0.-r2.f2.f0.-r1.f3,47,019fe711-86cc-7cc0-aeba-147c4d204811,results/v1/cayley-py-444-cube/cayleypy-96-24-b1f3fc405bc56fff/276/2026-08-09/019fe711-86cc-7cc0-aeba-147c4d204811.json,2026-08-09T15:08:32.327Z,69,bf3f68e5906e25ac7b8bfabef6c0d81bdfd1d309
277,d3.-d1.-f3.-d1.r1.d3.-r2.f2.f3.-d0.-r3.f2.r1.-d0.d3.-f0.d1.-r1.-d1.-r0.-f1.-r0.-d0.f3.-f1.-r2.f1.-r2.f0.-r1.-d2.r1.d3.r2.-d3.-r0.-r3.-f0.-r2.f0.r3.-d2.r0.d2,44,019fcdeb-510a-76f5-a3ff-501281b3e1ba,results/v1/cayley-py-444-cube/cayleypy-96-24-b1f3fc405bc56fff/277/2026-08-04/019fcdeb-510a-76f5-a3ff-501281b3e1ba.json,2026-08-04T17:56:17.881Z,70,bf3f68e5906e25ac7b8bfabef6c0d81bdfd1d309
280,d1.-f2.r3.-f1.-d1.-d0.-f0.-f0.d0.r2.f3.d2.f2.-d0.-r0.-d2.f1.-d3.-r3.-r1.f3.r0.-d3.f1.d3.r0.-d1.f0.d3.r1.-d2.-r1.-d3.d2.-f0.r3.-d2.f1.f1.-d1.-f1.d1.-f1,43,019fe7bf-2295-7c56-bebd-fb8fd7e0a5b8,results/v1/cayley-py-444-cube/cayleypy-96-24-b1f3fc405bc56fff/280/2026-08-09/019fe7bf-2295-7c56-bebd-fb8fd7e0a5b8.json,2026-08-09T18:18:09.969Z,71,bf3f68e5906e25ac7b8bfabef6c0d81bdfd1d309
283,f3.d1.-r1.r3.-d3.-d2.f3.-d2.r3.-d2.r2.-r1.f2.r3.d2.d0.-d3.-f2.f3.-d2.-f0.d2.-f3.d3.f0.-d3.-f3.d3.-r0.-d1.-f0.-r0.-d2.r0.-f3.f0.-f3.-r0.-d2.r0.d2.f3.f3.d1,44,019fcdae-44ac-7f93-9eae-46e87b428598,results/v1/cayley-py-444-cube/cayleypy-96-24-b1f3fc405bc56fff/283/2026-08-04/019fcdae-44ac-7f93-9eae-46e87b428598.json,2026-08-04T16:49:37.178Z,72,bf3f68e5906e25ac7b8bfabef6c0d81bdfd1d309
292,-f2.-d1.-r0.-d1.-f1.-f3.-d3.d1.-f0.-d3.-f0.-f1.r2.r3.-d2.f0.-r2.-r1.d3.f0.r2.-d3.-r3.-f1.r2.f1.f1.-r2.-r3.-d0.f0.-d1.-f0.d0.-r3.d2.-f0.d2.-f2.-d2.f2.f0.f2.-d2.-r3.d2.-f2,47,019fdab8-7431-73b9-8f13-f747026f234b,results/v1/cayley-py-444-cube/cayleypy-96-24-b1f3fc405bc56fff/292/2026-08-07/019fdab8-7431-73b9-8f13-f747026f234b.json,2026-08-07T05:35:48.238Z,73,bf3f68e5906e25ac7b8bfabef6c0d81bdfd1d309
295,-f1.-f2.d1.f3.r1.d0.r3.-d2.-f2.d3.-d1.d2.f0.d3.f2.f1.-d0.d3.r2.-d0.-f0.r0.d3.-r3.d2.-f3.d0.f3.d3.-r3.d0.d1.-r3.-r3.-d0.-r3.f3.f3.d0.f3.d0.f3.d3.d0.-r3.-d3.-d0.-r3,48,019fc993-f6e8-7b1c-a02a-15cbc5069f5b,results/v1/cayley-py-444-cube/cayleypy-96-24-b1f3fc405bc56fff/295/2026-08-03/019fc993-f6e8-7b1c-a02a-15cbc5069f5b.json,2026-08-03T21:42:24.384Z,74,bf3f68e5906e25ac7b8bfabef6c0d81bdfd1d309
296,d3.r2.f3.d3.r3.-r0.d1.-f3.d3.-r1.f0.-r3.-f2.-d3.r3.-f3.d0.-r2.-d1.-d0.r2.d0.f1.-d3.-f2.-r2.f1.-d1.-r2.-d1.-r2.-f1.d3.-f3.-d3.f3.-r3.-d2.-r2.d2.r3.-f2.-r2.f2.f2.f1.-r0,47,019fd469-21ac-7099-b2b7-c75bf9acc844,results/v1/cayley-py-444-cube/cayleypy-96-24-b1f3fc405bc56fff/296/2026-08-06/019fd469-21ac-7099-b2b7-c75bf9acc844.json,2026-08-06T00:11:26.698Z,75,bf3f68e5906e25ac7b8bfabef6c0d81bdfd1d309
298,r3.-f0.-r3.f3.-d2.-f1.r0.r0.-f2.-d3.-f0.-f1.-r1.d2.f2.-f3.-d1.-f1.f3.f0.d0.-f3.-d0.-f0.-f1.r2.-r0.-f2.-r3.-f1.r2.f1.-r1.d0.d1.f1.-d0.r1.r3.f2.r2.f3.-f2.f0.-r0,45,019fe099-8e9e-7d94-9a32-8ddfa02925ed,results/v1/cayley-py-444-cube/cayleypy-96-24-b1f3fc405bc56fff/298/2026-08-08/019fe099-8e9e-7d94-9a32-8ddfa02925ed.json,2026-08-08T08:59:46.898Z,76,bf3f68e5906e25ac7b8bfabef6c0d81bdfd1d309
300,r2.f0.-d1.r3.-f1.-r3.f0.d1.d1.-d0.f0.-d0.d3.r3.-f3.-d3.r0.r3.d2.f2.r2.-f1.r0.-d1.d3.d0.r2.-d3.f1.-r3.-f1.r3.-d2.-d3.-r2.-d0.f0.r2.-f0.r2.d3.-r2.f0.d3.-r2,45,019fd29c-b86a-7673-96f1-8d856de3bfc8,results/v1/cayley-py-444-cube/cayleypy-96-24-b1f3fc405bc56fff/300/2026-08-05/019fd29c-b86a-7673-96f1-8d856de3bfc8.json,2026-08-05T15:48:33.073Z,77,bf3f68e5906e25ac7b8bfabef6c0d81bdfd1d309
301,d2.-f1.-r0.-f0.-d1.-r0.f2.-d0.r0.-d0.-d0.f1.-d0.f2.-f1.-d0.-r3.d0.-r0.f2.-d0.-f2.r3.d0.r1.-f2.-d1.f0.d1.-r1.-r2.-f2.-d3.f2.-d1.-r0.-r3.d3.f2.-d3.r3.r0.-f2.-f1.r1.f1,46,019fc977-edb7-7bd1-99f9-998d9aeb28a0,results/v1/cayley-py-444-cube/cayleypy-96-24-b1f3fc405bc56fff/301/2026-08-03/019fc977-edb7-7bd1-99f9-998d9aeb28a0.json,2026-08-03T21:11:47.031Z,78,bf3f68e5906e25ac7b8bfabef6c0d81bdfd1d309
302,-r2.d0.-f0.d0.-r0.r2.-f1.-r0.d1.-r0.d3.-r0.d3.r0.-r2.f1.r1.d0.-f3.-r0.f3.-r3.-d1.r2.-d1.-f3.-d2.f0.r1.f3.d1.-r2.f3.f0.r2.-f3.-f3.d2.-f0.r3.r0.d3.-r0,43,019fd39c-5bf9-7eb3-8e72-7e7a6d8f7cef,results/v1/cayley-py-444-cube/cayleypy-96-24-b1f3fc405bc56fff/302/2026-08-05/019fd39c-5bf9-7eb3-8e72-7e7a6d8f7cef.json,2026-08-05T20:27:46.420Z,79,bf3f68e5906e25ac7b8bfabef6c0d81bdfd1d309
307,-f1.-r3.-r3.-f3.-d3.r2.d2.-r3.d2.-r3.-f2.-d0.-r1.-d2.-f0.r1.d1.-r3.-r1.r0.-r1.f0.r1.-r3.-r3.-d1.-f1.r1.-f0.d2.f0.-r1.-r1.-d2.r2.d1.-f2.d1.f2.-r2.f2.-f3.r2.-f2.r2.r2,46,019fe443-5dcd-758e-b3a9-258293cd1aab,results/v1/cayley-py-444-cube/cayleypy-96-24-b1f3fc405bc56fff/307/2026-08-09/019fe443-5dcd-758e-b3a9-258293cd1aab.json,2026-08-09T02:04:07.315Z,80,bf3f68e5906e25ac7b8bfabef6c0d81bdfd1d309
309,f0.r3.d0.r1.-r3.-f3.-d3.r0.f2.d2.r0.-f3.r1.-f1.-r3.d2.f2.-d1.f0.d2.f1.d1.-r3.-r2.-f3.-f3.r3.-f3.-f2.-r2.-r2.f2.r2.-f2.-r2.f3.-r3.d1.-f2.-d1.-f3.f2.r2.f3.-r0.f1,46,019fc9e5-2298-773b-a06c-6d57eff83d97,results/v1/cayley-py-444-cube/cayleypy-96-24-b1f3fc405bc56fff/309/2026-08-03/019fc9e5-2298-773b-a06c-6d57eff83d97.json,2026-08-03T23:11:03.869Z,81,bf3f68e5906e25ac7b8bfabef6c0d81bdfd1d309
309,f0.r3.d0.-r3.r1.-f3.-d3.r0.f2.d2.r0.-f3.r1.-f1.-r3.d2.f2.-d1.f0.d2.f1.d1.-r2.-r3.-f3.-f3.r3.-f2.-f3.-r2.-r2.f2.r2.-f2.-r2.f3.-r3.d1.-f2.-d1.-f3.f2.r2.f3.-r0.f1,46,019fcf8d-a12b-7a9d-99c3-867ed6234194,results/v1/cayley-py-444-cube/cayleypy-96-24-b1f3fc405bc56fff/309/2026-08-05/019fcf8d-a12b-7a9d-99c3-867ed6234194.json,2026-08-05T01:33:12.400Z,82,bf3f68e5906e25ac7b8bfabef6c0d81bdfd1d309
310,f3.-f1.r1.f0.d0.r1.f2.r2.f2.r0.-r1.f0.d0.d0.-r3.-f3.-f3.-d3.-r0.d3.d2.r3.d1.-f1.-f1.f0.r3.d2.-r3.f2.r1.f1.-d2.d1.d0.-f2.-d0.f1.-d1.-f1.r1.d1.f1.-r1.f1,45,019fd8ae-47f3-7638-b2ba-d995c076a4be,results/v1/cayley-py-444-cube/cayleypy-96-24-b1f3fc405bc56fff/310/2026-08-06/019fd8ae-47f3-7638-b2ba-d995c076a4be.json,2026-08-06T20:05:27.310Z,83,bf3f68e5906e25ac7b8bfabef6c0d81bdfd1d309
311,f2.-d3.-f1.-r0.d3.-f1.-d0.f3.r1.-d2.f3.d2.r0.d0.-d2.-r1.-r1.-d1.f0.-d2.f2.-d0.-f0.d1.d2.f0.d2.-f3.-r1.d2.f3.-d3.r1.d3.-d2.-f0.-d3.-f3.r0.-d3.-f2.-r2.f2.d3.-r0.f3,46,019fc8e0-0a2a-7dba-a75b-69ca1633c07d,results/v1/cayley-py-444-cube/cayleypy-96-24-b1f3fc405bc56fff/311/2026-08-03/019fc8e0-0a2a-7dba-a75b-69ca1633c07d.json,2026-08-03T18:25:53.138Z,84,bf3f68e5906e25ac7b8bfabef6c0d81bdfd1d309
313,-d0.-f1.-r1.d0.-f0.-d2.f3.-d0.r0.-d1.-f2.r0.d1.-f3.d1.-f3.d1.r1.-d1.f1.-r1.d1.-r2.-d3.r0.-d0.-r2.d0.r0.f2.f2.-d3.f2.f2.d3.-f1.-d1.-r2.-r2.d1.r2.-f2.r2.d2.f1.-d2,46,019fcd97-f2fe-7606-be2a-068e62db5614,results/v1/cayley-py-444-cube/cayleypy-96-24-b1f3fc405bc56fff/313/2026-08-04/019fcd97-f2fe-7606-be2a-068e62db5614.json,2026-08-04T16:25:14.398Z,85,bf3f68e5906e25ac7b8bfabef6c0d81bdfd1d309
314,-f3.-d2.r2.d3.-f3.-d2.-f0.-d3.r0.d2.f3.-f0.-d1.r3.d3.-f3.-d3.f3.d3.-r1.-f3.r0.f3.f0.d2.-f0.r2.-f3.-r0.f3.d3.-d2.-f1.d1.f1.r1.-f2.-r1.-f2.-d1.r2.f2.-d3.-f2.d3.f2.f0,47,019fe383-a97d-7ef7-8afc-de61d97e1cb2,results/v1/cayley-py-444-cube/cayleypy-96-24-b1f3fc405bc56fff/314/2026-08-08/019fe383-a97d-7ef7-8afc-de61d97e1cb2.json,2026-08-08T22:34:43.380Z,86,bf3f68e5906e25ac7b8bfabef6c0d81bdfd1d309
330,-d2.r0.d3.f1.-d3.d0.-f0.r1.f2.-d0.r0.d2.r0.r2.-d2.-r2.d2.r1.f3.r3.f3.d1.-f3.-f3.-d2.-f3.d0.r3.-d0.-f0.r1.-f3.-r2.-r1.f0.d1.f3.f3.r2.-d1.-r2.-f3.r2.d1.-r2.-d3.-f3,47,019fde0c-7813-71b7-a77a-66e325c46ed2,results/v1/cayley-py-444-cube/cayleypy-96-24-b1f3fc405bc56fff/330/2026-08-07/019fde0c-7813-71b7-a77a-66e325c46ed2.json,2026-08-07T21:06:26.151Z,87,bf3f68e5906e25ac7b8bfabef6c0d81bdfd1d309
332,f2.d3.-r3.-r1.-d2.f3.-d0.f0.r3.-d2.d3.d0.-r2.-d3.-f0.-d3.d0.-f1.-d0.-f2.-r2.-d2.-r2.-f0.-r0.d0.f2.r0.-d0.-f0.-r1.f2.r1.d2.f2.f0.d1.-f3.r1.-f2.-r1.f3.-f2.d0.f1,45,019fda7e-0503-7bff-93ee-f8e17c22dc2e,results/v1/cayley-py-444-cube/cayleypy-96-24-b1f3fc405bc56fff/332/2026-08-07/019fda7e-0503-7bff-93ee-f8e17c22dc2e.json,2026-08-07T04:31:58.729Z,88,bf3f68e5906e25ac7b8bfabef6c0d81bdfd1d309
334,-r2.f1.r0.-f3.r1.r1.-d0.-f0.d3.-f3.-r0.-r2.-f1.d0.-r0.r1.-d0.f1.-d2.-r3.d1.r1.-r0.-d1.r3.-d1.f0.-d2.-f0.d1.-r1.-d2.-r1.-f2.-d2.-d2.-r1.-f0.d2.-f1.-d2.r3.r0,43,019fe446-19bd-7c2f-a964-4c92f25677bf,results/v1/cayley-py-444-cube/cayleypy-96-24-b1f3fc405bc56fff/334/2026-08-09/019fe446-19bd-7c2f-a964-4c92f25677bf.json,2026-08-09T02:07:06.335Z,89,bf3f68e5906e25ac7b8bfabef6c0d81bdfd1d309
340,-f2.d3.d2.r1.f0.r3.-f3.-d3.f2.-r3.-d0.d1.r0.-f1.-d1.-d0.r3.d1.f1.f1.d1.-f0.f1.d0.f0.-d2.-r1.d0.r2.-f2.f1.d2.-f1.-r2.-f2.r1.-f2.d2.r1.-d2.-r1.-f0.-r2.-f2.-d2,45,019fd39d-6a7f-725f-a498-c2b9fa55bc43,results/v1/cayley-py-444-cube/cayleypy-96-24-b1f3fc405bc56fff/340/2026-08-05/019fd39d-6a7f-725f-a498-c2b9fa55bc43.json,2026-08-05T20:28:56.074Z,90,bf3f68e5906e25ac7b8bfabef6c0d81bdfd1d309
344,-r3.-f3.f2.r2.d3.-f3.-d3.-f3.-r2.f0.f2.r0.f1.r1.-d0.-f1.-d3.r2.-f3.-d2.d0.-d3.f2.-d2.-f2.-r3.f3.r3.f1.r1.-f2.-r1.f0.d0.-r1.-d0.r1.-f0.-f1.d0.r1.-d2.-d2.-r1.d2.-d0.-r2,47,019fe406-2924-73e9-badf-d06379d65b97,results/v1/cayley-py-444-cube/cayleypy-96-24-b1f3fc405bc56fff/344/2026-08-09/019fe406-2924-73e9-badf-d06379d65b97.json,2026-08-09T00:57:15.912Z,91,bf3f68e5906e25ac7b8bfabef6c0d81bdfd1d309
345,r1.-d1.-d3.-f3.-r3.r0.d1.-r1.d1.r0.d2.-f1.-d0.r0.-d0.-d0.r3.r1.r1.-d2.r1.d1.-r3.-f3.-d0.f3.f1.-d1.-r1.-r2.-d1.-r0.f2.-r0.d1.d1.r1.d1.d1.r2.-d1.r3.d1.r3.-f1.-r3.f1.-f0,48,019fe012-345d-7eca-95d6-c3aa8bb94c3f,results/v1/cayley-py-444-cube/cayleypy-96-24-b1f3fc405bc56fff/345/2026-08-08/019fe012-345d-7eca-95d6-c3aa8bb94c3f.json,2026-08-08T06:31:56.559Z,92,bf3f68e5906e25ac7b8bfabef6c0d81bdfd1d309
350,-f2.-r3.-d3.r1.-d3.-r1.r0.d3.f1.-d1.r3.-f1.-f1.-r0.-f3.-d0.-d1.f3.-r3.f1.r0.f0.r2.-f3.-f3.-r2.-f0.r3.d2.d1.-r2.-d2.-d1.r3.-d2.-d2.-r1.-r3.d2.r2.-d2.-r0.f1.f1.d2,45,019fd3d4-bfb9-76e0-917c-730436ba7b42,results/v1/cayley-py-444-cube/cayleypy-96-24-b1f3fc405bc56fff/350/2026-08-05/019fd3d4-bfb9-76e0-917c-730436ba7b42.json,2026-08-05T21:29:22.282Z,93,bf3f68e5906e25ac7b8bfabef6c0d81bdfd1d309
357,r3.f0.-d3.-d3.r3.d1.-f0.-f0.-r0.-f2.r2.-d3.-f0.-f3.r0.f1.-d1.-r1.-f1.d2.-r1.d1.-r2.d3.r0.-d1.d3.-r1.d3.-d2.-d0.r0.-f2.-r0.d1.f2.d3.d2.-f3.r2.f3.-d3.d0.d0,44,019fc915-14fa-7bff-8014-db51b7b18df4,results/v1/cayley-py-444-cube/cayleypy-96-24-b1f3fc405bc56fff/357/2026-08-03/019fc915-14fa-7bff-8014-db51b7b18df4.json,2026-08-03T19:23:48.952Z,94,bf3f68e5906e25ac7b8bfabef6c0d81bdfd1d309
360,f3.-d0.-f1.-f2.d1.f3.r0.d1.-r1.-d2.r0.f0.d1.d0.r0.-r3.r1.-d1.-f3.-r2.d1.-r1.r2.-r3.d0.-f1.-d0.r3.f3.-d3.f3.r3.-f1.-r3.d3.-f3.d3.f3.-d3.-f2.r3.f1.-r3.f2.d3,45,019fce8d-a769-7a82-8fab-1b8e878188f5,results/v1/cayley-py-444-cube/cayleypy-96-24-b1f3fc405bc56fff/360/2026-08-04/019fce8d-a769-7a82-8fab-1b8e878188f5.json,2026-08-04T20:53:37.154Z,95,bf3f68e5906e25ac7b8bfabef6c0d81bdfd1d309
360,f3.-d0.-f1.-f2.d1.f3.r0.d1.-r1.-d2.r0.f0.d1.d0.r0.-r3.r1.-d1.-f3.-r2.d1.r2.-r1.-r3.d0.-f1.-d0.r3.f3.-d3.f3.r3.-f1.-r3.d3.-f3.d3.f3.-d3.-f2.r3.f1.-r3.f2.d3,45,019fd451-9844-7f34-88d1-169ab5207e46,results/v1/cayley-py-444-cube/cayleypy-96-24-b1f3fc405bc56fff/360/2026-08-05/019fd451-9844-7f34-88d1-169ab5207e46.json,2026-08-05T23:45:43.846Z,96,bf3f68e5906e25ac7b8bfabef6c0d81bdfd1d309
370,-f3.d2.-d0.-r3.-d2.-r2.-f0.-d0.-r0.d2.d2.-f0.d3.-d0.-d2.-r0.-f0.-r3.d1.-r0.-d1.r0.r0.-r3.d1.r0.f2.r0.-f0.-d1.f0.d0.r3.d3.f3.d1.r2.-f1.r2.-d1.r2.-f3.f1.-r3.-f3,45,019fcefe-eab7-7875-b763-74cae5995514,results/v1/cayley-py-444-cube/cayleypy-96-24-b1f3fc405bc56fff/370/2026-08-04/019fcefe-eab7-7875-b763-74cae5995514.json,2026-08-04T22:57:19.863Z,97,bf3f68e5906e25ac7b8bfabef6c0d81bdfd1d309
371,-f0.f1.r3.-f0.-d3.r3.f0.-r1.-f3.d2.f2.r3.-d1.f3.-r1.d1.r1.f0.d0.-f3.d0.r1.-f3.-r1.-f2.-f0.d1.r1.f0.d1.-f0.f1.-r2.f1.d2.f1.-r1.-r3.d0.r3.-f2.r2.f2.-r1.f2.r1,46,019fd2e7-2aa3-72d0-bac7-328e502ad409,results/v1/cayley-py-444-cube/cayleypy-96-24-b1f3fc405bc56fff/371/2026-08-05/019fd2e7-2aa3-72d0-bac7-328e502ad409.json,2026-08-05T17:09:51.873Z,98,bf3f68e5906e25ac7b8bfabef6c0d81bdfd1d309
371,-f0.f1.r3.-f0.-d3.r3.f0.-r1.-f3.d2.f2.r3.-d1.f3.-r1.d1.r1.f0.d0.-f3.d0.r1.-f3.-r1.-f2.-f0.d1.r1.f0.d1.-f0.f1.-r2.f1.d2.f1.-r1.-r3.d0.r3.-f2.r2.f2.-r1.f2.r1,46,019fe7e0-61a2-7485-8e0f-45be0340e6d6,results/v1/cayley-py-444-cube/cayleypy-96-24-b1f3fc405bc56fff/371/2026-08-09/019fe7e0-61a2-7485-8e0f-45be0340e6d6.json,2026-08-09T18:54:29.174Z,99,bf3f68e5906e25ac7b8bfabef6c0d81bdfd1d309
375,r0.f0.r3.f0.d0.d3.r2.d1.f1.-f3.-d0.-d0.r2.-d0.r2.r3.-f3.d2.f3.d3.-d0.-r3.-r2.f0.-f3.r3.-f2.-r3.-d2.f2.d3.f2.r1.-f2.-r2.d1.-f2.r3.f2.r2.d3.r2.-d3.-r3.-r2.-d1,46,019fdd6d-316f-7b72-a1a0-04ebc0ff017f,results/v1/cayley-py-444-cube/cayleypy-96-24-b1f3fc405bc56fff/375/2026-08-07/019fdd6d-316f-7b72-a1a0-04ebc0ff017f.json,2026-08-07T18:12:27.503Z,100,bf3f68e5906e25ac7b8bfabef6c0d81bdfd1d309
375,r0.f0.r3.f0.d3.d0.r2.d1.f1.-f3.d0.d0.r2.-d0.r2.r3.-f3.d2.f3.-d0.d3.-r2.-r3.f0.-f3.r3.-f2.-r3.-d2.f2.d3.f2.r1.-f2.-r2.d1.-f2.r3.f2.r2.d3.r2.-d3.-r3.-r2.-d1,46,019fe41e-0e63-7c3c-a037-df5509eefa92,results/v1/cayley-py-444-cube/cayleypy-96-24-b1f3fc405bc56fff/375/2026-08-09/019fe41e-0e63-7c3c-a037-df5509eefa92.json,2026-08-09T01:23:22.040Z,101,bf3f68e5906e25ac7b8bfabef6c0d81bdfd1d309
379,-r0.-f0.r2.d3.f0.r3.-d3.f1.d2.-r1.-d0.-r0.f3.d1.f3.r2.-d3.r0.d3.-f1.-r1.d0.r1.-d0.r2.f3.r3.d0.-f3.-r2.-f2.f1.d2.-f1.-r0.-d1.f1.-d2.-r2.f3.f2.f0.d2.-r2.-d1.d0,46,019fd3b6-2366-778b-9b92-3bf02d7df0b3,results/v1/cayley-py-444-cube/cayleypy-96-24-b1f3fc405bc56fff/379/2026-08-05/019fd3b6-2366-778b-9b92-3bf02d7df0b3.json,2026-08-05T20:55:55.819Z,102,bf3f68e5906e25ac7b8bfabef6c0d81bdfd1d309
379,-r0.-f0.r2.d3.f0.r3.-d3.f1.d2.-r1.-d0.-r0.f3.d1.f3.r2.-d3.r0.d3.-f1.-r1.d0.r1.-d0.r2.f3.r3.d0.-f3.-r2.-f2.f1.d2.-f1.-r0.-d1.f1.-d2.-r2.f3.f2.f0.d2.-r2.-d1.d0,46,019fd842-8e73-7981-b75e-3ec8f3f7dbf1,results/v1/cayley-py-444-cube/cayleypy-96-24-b1f3fc405bc56fff/379/2026-08-06/019fd842-8e73-7981-b75e-3ec8f3f7dbf1.json,2026-08-06T18:07:47.398Z,103,bf3f68e5906e25ac7b8bfabef6c0d81bdfd1d309
384,-d2.f0.-r1.f0.-d0.r3.f1.d0.-f3.-d3.-f0.d2.-f3.-d1.r1.f3.d0.r1.-d0.-r1.-d2.r0.-d1.-r1.d1.r1.-f2.-f2.r2.-f2.d0.f3.-d0.r1.-r2.d0.-r2.-d3.d1.-f2.r2.-d1.f2.d1.-r2.d3.-r2,47,019fcc08-91ea-7ab9-8878-bac43e7cf904,results/v1/cayley-py-444-cube/cayleypy-96-24-b1f3fc405bc56fff/384/2026-08-04/019fcc08-91ea-7ab9-8878-bac43e7cf904.json,2026-08-04T09:09:00.539Z,104,bf3f68e5906e25ac7b8bfabef6c0d81bdfd1d309
387,r0.-f2.-f2.-r1.d3.d3.f3.r3.d3.d3.d2.-f1.-r3.-f3.-f0.d2.r1.f0.f0.-f1.-d0.d2.d1.-f0.-r3.f1.r3.f0.f2.d2.-f2.r1.-r3.-d1.-f1.d2.-r2.d0.-f2.-d2.f2.d1.-d0.f1,44,019fcde4-c158-7fbe-8ec0-0deeb7f33379,results/v1/cayley-py-444-cube/cayleypy-96-24-b1f3fc405bc56fff/387/2026-08-04/019fcde4-c158-7fbe-8ec0-0deeb7f33379.json,2026-08-04T17:49:08.308Z,105,bf3f68e5906e25ac7b8bfabef6c0d81bdfd1d309
388,d3.-r1.f2.f0.r2.-d0.d1.f1.r3.-f2.-f0.r1.f0.-r0.r3.-d3.-r3.-r2.d3.-r0.f0.d2.-r1.f0.-d0.-d0.-f1.f3.d2.f2.d1.f0.-d2.-f0.r1.d2.-r1.-d2.-r1.d1.-r3.f1.-r1.r3.f1.-r1.-d1,47,019fe875-0782-7bd5-a4bc-2a2c1ddbb8d8,results/v1/cayley-py-444-cube/cayleypy-96-24-b1f3fc405bc56fff/388/2026-08-09/019fe875-0782-7bd5-a4bc-2a2c1ddbb8d8.json,2026-08-09T21:36:50.637Z,106,bf3f68e5906e25ac7b8bfabef6c0d81bdfd1d309
391,r2.d0.-f0.-f2.r2.-d1.d2.-f2.-f0.d3.-d1.-r3.-d2.-f3.d0.f0.d3.d0.f0.r0.d3.r0.f1.-d3.f0.d3.d0.f1.-d0.r2.-d0.-r2.-f1.d3.f1.d0.-f1.-d0.-d0.-r2.f3.r1.d2.-r1.-d2.-f3,46,019fcb30-1f70-76ac-a4dc-6c280171027d,results/v1/cayley-py-444-cube/cayleypy-96-24-b1f3fc405bc56fff/391/2026-08-04/019fcb30-1f70-76ac-a4dc-6c280171027d.json,2026-08-04T05:12:35.688Z,107,bf3f68e5906e25ac7b8bfabef6c0d81bdfd1d309
396,f3.f1.d3.d2.r0.r0.f3.r3.f3.-d3.r3.-d2.-f2.f3.-d3.-f3.-r3.d1.r3.f0.f2.d0.-f1.r2.f3.-f2.r1.d1.-r1.f2.d2.f3.r2.d1.-f3.-r2.-d2.-f2.-d1.-f0.-r1.f0.r1,43,019fd4fd-801f-7e74-9a58-b4e5f6ff4746,results/v1/cayley-py-444-cube/cayleypy-96-24-b1f3fc405bc56fff/396/2026-08-06/019fd4fd-801f-7e74-9a58-b4e5f6ff4746.json,2026-08-06T02:53:29.772Z,108,bf3f68e5906e25ac7b8bfabef6c0d81bdfd1d309
411,-d0.f2.-r0.f2.r1.f1.r1.d0.-d1.-d1.f3.r0.d0.-d1.-f1.-r1.-f2.-d1.f0.d2.-r2.-r2.-f2.-r1.-d2.-f2.-d0.-f0.-f0.d0.r2.-f2.-r2.-r2.d0.-f0.r2.f0.d1.-r2.-d0.r2.-d1.-r2,44,019fea21-dd8c-76eb-9771-2e0402562e24,results/v1/cayley-py-444-cube/cayleypy-96-24-b1f3fc405bc56fff/411/2026-08-10/019fea21-dd8c-76eb-9771-2e0402562e24.json,2026-08-10T05:25:14.976Z,109,bf3f68e5906e25ac7b8bfabef6c0d81bdfd1d309
412,-d3.-r1.f1.-d2.d3.-r2.-d2.-d0.-f3.-r2.-f2.-f3.-d0.-f1.-r3.f3.r1.-d0.-r1.-f3.-d2.-d0.-r0.f3.d0.-d3.-f1.-d0.-f3.d2.-f2.r1.-d2.r0.-d1.-r2.d1.-r3.-d1.r3.-r0.d1.-r1,43,019fd2ad-4009-71d6-98fb-f0ba429faed6,results/v1/cayley-py-444-cube/cayleypy-96-24-b1f3fc405bc56fff/412/2026-08-05/019fd2ad-4009-71d6-98fb-f0ba429faed6.json,2026-08-05T16:06:36.364Z,110,bf3f68e5906e25ac7b8bfabef6c0d81bdfd1d309
412,-d3.-r1.f1.-d2.d3.-r2.-d2.-d0.-f3.-r2.-f2.-f3.-d0.-f1.-r3.f3.r1.-d0.-r1.-f3.-d2.-d0.-r0.f3.d0.-d3.-f1.-d0.-f3.d2.-f2.r1.-d2.r0.-d1.-r2.d1.-r3.-d1.r3.-r0.d1.-r1,43,019fe367-afa3-7d59-a810-32066265bc6f,results/v1/cayley-py-444-cube/cayleypy-96-24-b1f3fc405bc56fff/412/2026-08-08/019fe367-afa3-7d59-a810-32066265bc6f.json,2026-08-08T22:04:10.195Z,111,bf3f68e5906e25ac7b8bfabef6c0d81bdfd1d309
414,-d2.d3.-f0.r3.d2.-f2.-f0.d3.-d0.r3.f0.d0.-f1.-r0.d3.-f1.f3.-d3.-f0.d3.-f3.-r1.-d3.-d2.f0.-r1.f1.r0.-d2.-f1.d2.d3.r2.-d3.r1.f1.d3.-f1.d2.r1.-d0.-f1.d2.d2.f1.d0.-r2,47,019fceb9-d17c-7ae1-b48c-1b70e2dc128f,results/v1/cayley-py-444-cube/cayleypy-96-24-b1f3fc405bc56fff/414/2026-08-04/019fceb9-d17c-7ae1-b48c-1b70e2dc128f.json,2026-08-04T21:41:51.006Z,112,bf3f68e5906e25ac7b8bfabef6c0d81bdfd1d309
421,-r0.d0.-d3.-r1.f0.-r1.f2.-r0.d3.-r1.-d2.-f2.-d3.-r0.-f0.-f3.-f3.-r1.-r2.d2.-f0.-d2.-f3.r1.d2.-f3.d1.f3.-d1.r3.-d1.-f3.f0.-d3.f2.-r2.-f2.-f2.r1.r2.f2.-r1.d3.f3.-d1.r2,46,019fe79b-d196-718d-a69c-88e048b5d620,results/v1/cayley-py-444-cube/cayleypy-96-24-b1f3fc405bc56fff/421/2026-08-09/019fe79b-d196-718d-a69c-88e048b5d620.json,2026-08-09T17:39:35.599Z,113,bf3f68e5906e25ac7b8bfabef6c0d81bdfd1d309
423,-f2.-r2.-f2.-d2.r2.-d3.f0.-d0.-r2.-f0.-d0.-d3.-r0.f2.f1.-f0.-d2.-f3.r3.-f3.f0.d0.-f0.d0.-r3.-d0.r3.-d0.-d3.-f3.-d0.-f3.d0.d0.f3.r1.-d0.r3.-d0.-d0.f3.r3.r3.-f3,44,019fc463-6bdd-7a24-8c1b-463639fcd388,results/v1/cayley-py-444-cube/cayleypy-96-24-b1f3fc405bc56fff/423/2026-08-02/019fc463-6bdd-7a24-8c1b-463639fcd388.json,2026-08-02T21:31:17.338Z,114,bf3f68e5906e25ac7b8bfabef6c0d81bdfd1d309
423,-f2.-r2.-f2.-d2.r2.-d3.f0.-d0.-r2.-f0.-d0.-d3.-r0.f2.-f0.f1.-d2.-f3.r3.-f3.f0.d0.-f0.d0.-r3.-d0.r3.-d0.-d3.-f3.-d0.-f3.d0.d0.f3.r1.-d0.r3.-d0.-d0.f3.r3.r3.-f3,44,019fcb1b-8685-70b5-90db-96de2c21f887,results/v1/cayley-py-444-cube/cayleypy-96-24-b1f3fc405bc56fff/423/2026-08-04/019fcb1b-8685-70b5-90db-96de2c21f887.json,2026-08-04T04:50:05.803Z,115,bf3f68e5906e25ac7b8bfabef6c0d81bdfd1d309
426,-r1.-f0.-d1.-d1.r0.-f0.d0.-f0.-r2.-d0.r2.d0.-d2.r0.-d0.f1.d0.-f3.-r0.-f0.r3.-d3.r0.-r3.-d1.-r0.-d3.r0.-f2.r1.-f2.d1.f2.-r1.f2.-d1.f0.-f2.r3.f3.-r2.-f3.-r3.f2.-r2.-f2.r2,47,019fe9a0-943d-74d5-837e-c1c492aa6ab0,results/v1/cayley-py-444-cube/cayleypy-96-24-b1f3fc405bc56fff/426/2026-08-10/019fe9a0-943d-74d5-837e-c1c492aa6ab0.json,2026-08-10T03:04:02.329Z,116,bf3f68e5906e25ac7b8bfabef6c0d81bdfd1d309
430,-f2.-r3.f3.f2.f2.-d3.-r3.f2.d3.f2.f3.f3.r0.-f0.-r3.-r0.f1.f3.r3.-d0.-r0.f0.-f1.-d2.-f0.-d1.f1.d2.d2.r3.f0.-d1.-f0.d1.-r3.d2.f3.f1.d2.f1.-d2.-f3.d2.-f1.d2,45,019fc984-0ae4-70c7-b5c1-94f373a3d6cf,results/v1/cayley-py-444-cube/cayleypy-96-24-b1f3fc405bc56fff/430/2026-08-03/019fc984-0ae4-70c7-b5c1-94f373a3d6cf.json,2026-08-03T21:25:00.804Z,117,bf3f68e5906e25ac7b8bfabef6c0d81bdfd1d309
430,-f2.-r3.f3.-f2.-f2.-d3.-r3.f2.d3.f2.f3.f3.r0.-f0.-r3.-r0.f1.f3.r3.-d0.-r0.f0.-f1.-d2.-f0.-d1.f1.d2.d2.r3.f0.-d1.-f0.d1.-r3.d2.f3.f1.d2.f1.-d2.-f3.d2.-f1.d2,45,019fde61-2b1a-7864-afa1-fa82445fad28,results/v1/cayley-py-444-cube/cayleypy-96-24-b1f3fc405bc56fff/430/2026-08-07/019fde61-2b1a-7864-afa1-fa82445fad28.json,2026-08-07T22:38:56.818Z,118,bf3f68e5906e25ac7b8bfabef6c0d81bdfd1d309
434,d2.d3.d3.f1.r0.d3.f0.f2.f2.-d2.-r1.r0.f0.d1.d1.-r0.-d1.r3.d1.d0.f0.-d2.f1.-d3.-d1.r0.d0.r3.-r2.-d0.r1.d0.f1.r2.r2.-f1.r0.d2.-r2.f2.d2.-f1.-d1.r1.-d2.-f2.d1,47,019fe7dc-387e-7495-8a0d-d780c8dfdb83,results/v1/cayley-py-444-cube/cayleypy-96-24-b1f3fc405bc56fff/434/2026-08-09/019fe7dc-387e-7495-8a0d-d780c8dfdb83.json,2026-08-09T18:49:56.060Z,119,bf3f68e5906e25ac7b8bfabef6c0d81bdfd1d309
436,-f1.-r0.d0.-r0.d3.r3.-d2.d1.f2.d1.-r2.-f3.r2.-d2.r1.-d0.-f0.-r2.d2.f1.-r2.d0.r2.d1.-f0.d3.d2.-r1.-d2.-r2.-r2.d1.r2.d3.-d0.-f1.d3.d3.f3.-d1.f2.d1.-f3.d3.-f2,45,019fe420-90f4-7e02-8709-5ed3504d1908,results/v1/cayley-py-444-cube/cayleypy-96-24-b1f3fc405bc56fff/436/2026-08-09/019fe420-90f4-7e02-8709-5ed3504d1908.json,2026-08-09T01:26:06.499Z,120,bf3f68e5906e25ac7b8bfabef6c0d81bdfd1d309
439,r0.-d3.-f1.-r2.-f0.-r2.-r1.-d2.r3.f3.-r1.-d3.f3.-d3.f3.d2.-r0.f1.-r0.f2.f2.-f1.d0.r0.f1.-r3.-f2.-r0.d3.-f2.-d1.f2.-d3.-r3.-f1.d2.r3.-d2.r3.d2.-f3.d1.f2.-d1.f3.-f2,46,019fce09-cb0e-7b6f-818c-aeea27c6305c,results/v1/cayley-py-444-cube/cayleypy-96-24-b1f3fc405bc56fff/439/2026-08-04/019fce09-cb0e-7b6f-818c-aeea27c6305c.json,2026-08-04T18:29:35.489Z,121,bf3f68e5906e25ac7b8bfabef6c0d81bdfd1d309
445,f1.-r1.r0.d2.r0.-r3.d0.-f3.f0.-r1.d3.f0.r0.-r3.r2.-f3.-r3.-d3.r1.-r2.-f2.-d0.-d3.-r1.d3.-f1.-r0.-f3.-f0.-d3.f3.d3.r3.-f3.-f3.r0.f1.-r0.-f3.d1.-r2.-d1.r3.d1.r2.-d1,46,019fcd70-27ad-7e2b-82d0-28dbf3db8821,results/v1/cayley-py-444-cube/cayleypy-96-24-b1f3fc405bc56fff/445/2026-08-04/019fcd70-27ad-7e2b-82d0-28dbf3db8821.json,2026-08-04T15:41:46.469Z,122,bf3f68e5906e25ac7b8bfabef6c0d81bdfd1d309
447,-f1.-r3.r2.f2.-d0.d2.f2.d1.d3.r1.-d3.-r3.-f0.f2.r0.-f2.-f2.-f3.-r3.f2.-r3.-f0.-f0.r0.d2.-r2.-d1.r3.-d2.r2.-d1.-f1.-r1.d2.-f2.r0.-f2.-f1.-d2.f1.-r0.-f2.d1.f2.-r3.r1,46,019fc99b-f7c0-7070-a7ee-2b7350e4cb2f,results/v1/cayley-py-444-cube/cayleypy-96-24-b1f3fc405bc56fff/447/2026-08-03/019fc99b-f7c0-7070-a7ee-2b7350e4cb2f.json,2026-08-03T21:51:08.717Z,123,bf3f68e5906e25ac7b8bfabef6c0d81bdfd1d309
448,d3.f3.d1.f1.f1.-f0.-d1.r2.f2.r3.d3.d1.-r1.r3.f1.d0.-r0.-f0.d1.f1.d1.r2.-f1.r3.f3.f1.-f0.-r0.f1.r0.-f3.f0.r1.f1.-d2.-r1.-d3.-f1.d3.d1.f1.-d1.f1.d2.-f1,45,019fe09c-0ba7-75b9-bab8-c5525bff1684,results/v1/cayley-py-444-cube/cayleypy-96-24-b1f3fc405bc56fff/448/2026-08-08/019fe09c-0ba7-75b9-bab8-c5525bff1684.json,2026-08-08T09:02:30.049Z,124,bf3f68e5906e25ac7b8bfabef6c0d81bdfd1d309
454,d0.f0.r0.-r1.r3.d0.f1.f0.-d1.f0.f0.d0.r2.-d0.-r3.-f0.d3.-f0.r0.f0.d3.-f3.-r3.-d3.f0.-f1.d3.f1.d0.d1.-f1.-d3.f3.d1.f3.d3.f1.-d3.-f0.r2.f1.-r2.f0.-f1.-r2.f3.f3,47,019fd0cd-8ec3-7420-bf3a-ed1ec7922d70,results/v1/cayley-py-444-cube/cayleypy-96-24-b1f3fc405bc56fff/454/2026-08-05/019fd0cd-8ec3-7420-bf3a-ed1ec7922d70.json,2026-08-05T07:22:39.528Z,125,bf3f68e5906e25ac7b8bfabef6c0d81bdfd1d309
456,-d2.-r2.-d3.r1.-f2.-f3.-f2.-d1.f1.-d1.f1.d0.r3.d3.r0.-r3.f1.-d0.f3.r1.r3.-d3.-r1.f1.-d1.f0.d1.r1.-f0.r1.f2.r1.-f2.-d2.r1.-f0.r3.-f2.r1.f2.-r3.f0.d3,43,019fdaf5-8954-7176-9696-cf7906e56579,results/v1/cayley-py-444-cube/cayleypy-96-24-b1f3fc405bc56fff/456/2026-08-07/019fdaf5-8954-7176-9696-cf7906e56579.json,2026-08-07T06:42:31.722Z,126,bf3f68e5906e25ac7b8bfabef6c0d81bdfd1d309
458,-f0.d3.r0.-f0.-d3.r3.-d2.-d0.-f0.d3.-d0.f2.d0.-r0.-d3.-f3.-d1.-f1.d1.r1.-r3.-d1.r3.-r1.-d3.-f3.-r1.-r3.d3.f1.f1.-f0.-r3.f0.-r0.-f0.-r1.-r1.d1.r0.-d1.-r1.r0.r3.f1.-r0.-f1,47,019fd5f4-312e-7b35-8856-f7c36902174e,results/v1/cayley-py-444-cube/cayleypy-96-24-b1f3fc405bc56fff/458/2026-08-06/019fd5f4-312e-7b35-8856-f7c36902174e.json,2026-08-06T07:22:56.941Z,127,bf3f68e5906e25ac7b8bfabef6c0d81bdfd1d309
459,-r1.-r3.-d1.-d2.-f2.d0.-r3.f3.-d2.f2.r0.d2.-d1.r2.d3.-f0.-d3.f0.d0.r2.-f1.-r2.d2.f3.-f1.r1.f1.-r0.f1.r0.-d2.f1.d2.-r0.-d2.r3.d2.r0.-f3.-d0.f2.d2.d0.-f3,44,019fd2ab-a03b-7e78-9686-327934772c00,results/v1/cayley-py-444-cube/cayleypy-96-24-b1f3fc405bc56fff/459/2026-08-05/019fd2ab-a03b-7e78-9686-327934772c00.json,2026-08-05T16:04:50.113Z,128,bf3f68e5906e25ac7b8bfabef6c0d81bdfd1d309
463,r3.-f0.-d2.r3.f0.-d2.-r0.f0.f1.-d3.d1.f2.-f3.-r0.r1.-f3.-d2.f0.d1.-f0.-d1.f0.d1.-r1.d1.d2.f3.d1.-f1.-r0.f0.r0.f1.f3.d0.d1.-r1.f3.-d1.-f3.-d0.r2.d0.r1.-d0.-f3,46,019fe38e-3e71-7b79-9c09-06d4e3c02690,results/v1/cayley-py-444-cube/cayleypy-96-24-b1f3fc405bc56fff/463/2026-08-08/019fe38e-3e71-7b79-9c09-06d4e3c02690.json,2026-08-08T22:46:17.029Z,129,bf3f68e5906e25ac7b8bfabef6c0d81bdfd1d309
464,-r3.-r0.f3.-d1.-r0.f0.-d2.-d3.-r0.-d0.-d0.d3.f1.d0.f1.-f0.r3.d3.-r2.-f2.d1.-r3.d1.f1.-d1.d2.r2.-f2.-d2.f2.-d0.r3.f2.-r3.d0.-r3.-r2.d0.r2.f3.r0.-d1.r2.d1.-r0,45,019fe301-6234-74d3-8dfd-6bba8b2b86eb,results/v1/cayley-py-444-cube/cayleypy-96-24-b1f3fc405bc56fff/464/2026-08-08/019fe301-6234-74d3-8dfd-6bba8b2b86eb.json,2026-08-08T20:12:25.480Z,130,bf3f68e5906e25ac7b8bfabef6c0d81bdfd1d309
465,r3.-d0.-r1.r0.f3.r0.d2.-d3.f3.d0.d0.f2.-r1.-f2.d0.f3.-d0.r0.-d1.-r3.d1.-r3.f0.-r0.f0.-r1.r3.-f2.-f2.r1.-r3.d1.r3.f2.-r3.f2.d0.r0.-d1.f3.r2.-f3.d2.f3.-r2.-f3.-d2.-r3,48,019fd5ee-561f-765f-a29e-ee41d695aec1,results/v1/cayley-py-444-cube/cayleypy-96-24-b1f3fc405bc56fff/465/2026-08-06/019fd5ee-561f-765f-a29e-ee41d695aec1.json,2026-08-06T07:16:33.669Z,131,bf3f68e5906e25ac7b8bfabef6c0d81bdfd1d309
466,-d1.f0.d0.-d2.-f3.-r0.f1.f3.r0.-f0.-d1.d0.r1.-r2.d3.-f2.-d3.f0.-r0.-f0.-r1.-r0.f3.d0.-f3.d2.-d3.-f1.-f2.r2.f2.f1.-r2.-d2.d0.r3.r2.d2.r1.-f2.d1.d2.d2.-f2.d2.-r1.f2,47,019fe3b1-a3fe-7c95-8800-b0f3ad2bf2bf,results/v1/cayley-py-444-cube/cayleypy-96-24-b1f3fc405bc56fff/466/2026-08-08/019fe3b1-a3fe-7c95-8800-b0f3ad2bf2bf.json,2026-08-08T23:24:56.895Z,132,bf3f68e5906e25ac7b8bfabef6c0d81bdfd1d309
474,f0.-d2.r3.-r2.-d1.r3.-d2.-r2.d2.r3.-f0.-f0.f3.d1.f0.r0.-d1.r2.r2.-d0.-r0.d0.f0.-d2.-f0.r3.f3.-d0.-r3.r0.-f3.r3.r3.d0.d2.r0.-f0.r0.-d3.-d0.f0.d0.f0.d3.d0,45,019fdce6-b036-7502-acb1-b532813d68d5,results/v1/cayley-py-444-cube/cayleypy-96-24-b1f3fc405bc56fff/474/2026-08-07/019fdce6-b036-7502-acb1-b532813d68d5.json,2026-08-07T15:45:32.569Z,133,bf3f68e5906e25ac7b8bfabef6c0d81bdfd1d309
482,-f2.-d3.-f2.r1.-r3.f0.d3.-r1.-f3.d1.f0.d3.r2.r1.r1.d0.-f1.-r1.d0.d2.-r0.-d0.r0.f2.f3.r1.-f3.r2.r3.d1.-r3.-d2.-r2.f2.f1.f3.-r1.-d2.r1.f1.d2.-f1.f0.d1.-r3,45,019fd835-ec20-70a5-9ed8-9766bec56635,results/v1/cayley-py-444-cube/cayleypy-96-24-b1f3fc405bc56fff/482/2026-08-06/019fd835-ec20-70a5-9ed8-9766bec56635.json,2026-08-06T17:53:59.628Z,134,bf3f68e5906e25ac7b8bfabef6c0d81bdfd1d309
482,-f2.-d3.-f2.r1.-r3.f0.d3.-r1.-f3.d1.f0.d3.r2.r1.r1.d0.-f1.-r1.d0.d2.-r0.-d0.r0.f2.f3.r1.-f3.r2.r3.d1.-r3.-d2.-r2.f1.f2.f3.-r1.-d2.r1.f1.d2.-f1.f0.d1.-r3,45,019fe9b4-a4c8-7cd2-bfde-8f1176dce28a,results/v1/cayley-py-444-cube/cayleypy-96-24-b1f3fc405bc56fff/482/2026-08-10/019fe9b4-a4c8-7cd2-bfde-8f1176dce28a.json,2026-08-10T03:25:57.193Z,135,bf3f68e5906e25ac7b8bfabef6c0d81bdfd1d309
483,-d1.f0.-d0.-r3.-d0.f0.r3.d2.r2.f3.d1.-r2.-d1.-d3.-f1.r3.d1.-f3.-r0.f1.-d2.r0.-f1.-d1.-f1.-r0.-r2.-d1.-f2.r0.-f3.-d1.f3.-f2.d2.-f2.-f2.f0.d1.-f1.-r2.r1.-f2.-r1,44,019fe9e5-ad31-7420-b6b3-589eb438e03b,results/v1/cayley-py-444-cube/cayleypy-96-24-b1f3fc405bc56fff/483/2026-08-10/019fe9e5-ad31-7420-b6b3-589eb438e03b.json,2026-08-10T04:19:30.470Z,136,bf3f68e5906e25ac7b8bfabef6c0d81bdfd1d309
484,f0.d0.f2.-r0.-d0.f3.d2.-f0.d1.-f3.r0.d0.-r0.d0.-d3.-f0.-d0.f1.-d0.r2.-d1.r3.f0.d2.r3.-d3.r1.-d0.-r0.f3.-d3.-d2.-r1.d3.-r1.d2.-f1.r1.-f3.-r1.f1.r0.d2.r1.d0.-r1.-d2,47,019fe9ef-1644-70bb-a06b-9b5edee4f77b,results/v1/cayley-py-444-cube/cayleypy-96-24-b1f3fc405bc56fff/484/2026-08-10/019fe9ef-1644-70bb-a06b-9b5edee4f77b.json,2026-08-10T04:29:47.372Z,137,bf3f68e5906e25ac7b8bfabef6c0d81bdfd1d309
485,-f0.d2.-f0.d0.-r1.-f2.f3.-d0.r2.f2.d2.r1.d1.-f3.r2.-d0.d2.f0.d0.-r1.f0.d0.f2.d3.-r3.d2.r1.-d2.-r0.d1.-d2.-r1.-d0.-d0.r1.d2.f3.-d1.-f3.d0.-r1.-d0.f3.d1.-f3.-d1,46,019fe9d0-db97-7678-8254-fb4f301c9b49,results/v1/cayley-py-444-cube/cayleypy-96-24-b1f3fc405bc56fff/485/2026-08-10/019fe9d0-db97-7678-8254-fb4f301c9b49.json,2026-08-10T03:56:45.908Z,138,bf3f68e5906e25ac7b8bfabef6c0d81bdfd1d309
486,-d3.-f1.-r0.-d3.f2.d0.-r2.f2.-r0.d3.-f0.d1.d2.-f3.-r1.f2.-r1.-d1.-r2.d2.r1.-d2.-r0.-d3.r1.-d0.r3.-r1.d3.-f2.-r3.d0.-r1.-d0.-d1.f1.d1.r3.f2.-r3.d3,41,019fe99c-873f-7fe9-a59b-245d46c3b250,results/v1/cayley-py-444-cube/cayleypy-96-24-b1f3fc405bc56fff/486/2026-08-10/019fe99c-873f-7fe9-a59b-245d46c3b250.json,2026-08-10T02:59:36.389Z,139,bf3f68e5906e25ac7b8bfabef6c0d81bdfd1d309
487,f3.-r0.d1.f0.-d2.r3.-f3.r0.-f3.-r0.-r3.f2.r3.-d3.-f0.d3.-f0.d3.-r1.-d1.r1.d1.-r3.-d3.-f1.-d2.-f2.-f3.-r0.-d1.-r1.f2.-r1.r2.-d1.r0.-d1.-r2.d1.-r0.r2.r1.f1.d3,44,019fe7be-e7fb-75bc-80ee-910a6e5994db,results/v1/cayley-py-444-cube/cayleypy-96-24-b1f3fc405bc56fff/487/2026-08-09/019fe7be-e7fb-75bc-80ee-910a6e5994db.json,2026-08-09T18:17:55.137Z,140,bf3f68e5906e25ac7b8bfabef6c0d81bdfd1d309
487,f3.-r0.d1.f0.-d2.r3.-f3.r0.-f3.-r0.-r3.f2.r3.-d3.-f0.d3.-f0.d3.-r1.-d1.r1.d1.-r3.-d3.-f1.-d2.-f2.-f3.-r0.-d1.-r1.f2.r2.-r1.-d1.r0.-d1.-r2.d1.-r0.r2.r1.f1.d3,44,019fe9ef-ee23-779f-b41e-4627e74428e7,results/v1/cayley-py-444-cube/cayleypy-96-24-b1f3fc405bc56fff/487/2026-08-10/019fe9ef-ee23-779f-b41e-4627e74428e7.json,2026-08-10T04:30:42.458Z,141,bf3f68e5906e25ac7b8bfabef6c0d81bdfd1d309
488,f3.f1.r0.-f0.d2.-r2.f0.-r3.d2.f3.d1.-d3.f0.-d1.r0.f0.-d1.d0.-r0.-f1.-d0.-d0.-f2.-f1.-r0.-d1.f1.-r2.d1.r2.-r1.r2.-d0.r1.f1.r3.-d1.-r1.d1.-r3.d0.-r2.-r0.f2.r1.-f2.r0,47,019fea17-2108-7daf-8fa9-d7f935404a4f,results/v1/cayley-py-444-cube/cayleypy-96-24-b1f3fc405bc56fff/488/2026-08-10/019fea17-2108-7daf-8fa9-d7f935404a4f.json,2026-08-10T05:13:31.582Z,142,bf3f68e5906e25ac7b8bfabef6c0d81bdfd1d309
489,d0.f1.-d2.-r3.-f2.r1.-d1.-r2.f2.-f1.d3.-r2.r1.d0.-r2.d3.-r3.-d0.f3.-d0.r0.r1.-f3.r0.r2.-f2.-r3.f2.-r0.r1.r1.d3.-f2.-d3.r1.-d2.-r1.d2.-r0.-r3.f2.r1.-d2.-f2.r3.d2,46,019fe9c4-a2ca-7b6c-880d-540eeb8f041c,results/v1/cayley-py-444-cube/cayleypy-96-24-b1f3fc405bc56fff/489/2026-08-10/019fe9c4-a2ca-7b6c-880d-540eeb8f041c.json,2026-08-10T03:43:25.476Z,143,bf3f68e5906e25ac7b8bfabef6c0d81bdfd1d309
490,-f2.r2.-r0.f2.d3.r2.-r1.-d1.d3.r0.f1.-d2.-r3.d1.f3.-f0.-r3.-r0.-d2.d3.d3.-d0.r1.-d3.-r1.d0.r1.-d3.-r1.d0.-d1.-r0.-f3.-r3.f1.-r0.-f1.r0.-d1.r3.d0.-r3.d1.-f1.r3,45,019fe9a6-1853-709a-822c-84cef21d433c,results/v1/cayley-py-444-cube/cayleypy-96-24-b1f3fc405bc56fff/490/2026-08-10/019fe9a6-1853-709a-822c-84cef21d433c.json,2026-08-10T03:10:03.751Z,144,bf3f68e5906e25ac7b8bfabef6c0d81bdfd1d309
492,r0.-d0.-r1.-d2.-f1.-d0.f0.f1.-f2.d1.f0.d1.-r0.f2.-d1.f3.d0.f0.-d0.-f3.-f0.-r1.d2.-f3.r1.-d2.-d0.r1.d0.r3.-d2.d1.-f2.-d2.-d2.-r2.f2.-r3.f2.r2.-f2.-d1.-d0.-f1.-r0,45,019fe9db-fcb5-7aac-938a-3e33de98c09b,results/v1/cayley-py-444-cube/cayleypy-96-24-b1f3fc405bc56fff/492/2026-08-10/019fe9db-fcb5-7aac-938a-3e33de98c09b.json,2026-08-10T04:08:55.230Z,145,bf3f68e5906e25ac7b8bfabef6c0d81bdfd1d309
493,r1.-d1.d0.r3.f0.d3.r3.f0.-d1.r3.-f2.-d3.-r1.-f0.-f1.d0.-d2.-f3.-f3.d2.f0.r2.-f3.d1.-d0.f2.d0.-f1.-d1.-f0.f1.r2.-d0.-f2.r0.-r3.-d1.-f2.-d1.f2.r2.-d1.-r2.-d1.-r0.f2.r3.r0,48,019fea12-9a2b-72d8-8d0d-ba2215533ffc,results/v1/cayley-py-444-cube/cayleypy-96-24-b1f3fc405bc56fff/493/2026-08-10/019fea12-9a2b-72d8-8d0d-ba2215533ffc.json,2026-08-10T05:08:34.403Z,146,bf3f68e5906e25ac7b8bfabef6c0d81bdfd1d309
494,-f0.-d2.-f1.-r2.f2.r3.-d1.-f3.f0.-d1.r0.f2.d1.-r3.-r3.d2.-d1.r1.r0.f0.-r3.-f0.-d2.d0.-f2.r1.-d2.-r1.f2.-d0.-f1.d2.-f0.r0.d2.r3.-d3.-d2.f0.d3.-r0.-r3.f3.f0.-r1,45,019fcb53-7c7a-7081-a195-2dea3f84ca16,results/v1/cayley-py-444-cube/cayleypy-96-24-b1f3fc405bc56fff/494/2026-08-04/019fcb53-7c7a-7081-a195-2dea3f84ca16.json,2026-08-04T05:51:13.048Z,147,bf3f68e5906e25ac7b8bfabef6c0d81bdfd1d309
494,-f0.-d2.-f1.-r2.f2.r3.-d1.f0.-f3.-d1.r0.f2.d1.r3.r3.d2.-d1.r1.r0.f0.-r3.-f0.-d2.d0.-f2.r1.-d2.-r1.f2.-d0.-f1.d2.-f0.r0.d2.r3.-d3.-d2.f0.d3.-r0.-r3.f3.f0.-r1,45,019fe7d3-3655-7a2d-a714-524219840f09,results/v1/cayley-py-444-cube/cayleypy-96-24-b1f3fc405bc56fff/494/2026-08-09/019fe7d3-3655-7a2d-a714-524219840f09.json,2026-08-09T18:40:05.609Z,148,bf3f68e5906e25ac7b8bfabef6c0d81bdfd1d309
494,-f0.-d2.-f1.-r2.f2.r3.-d1.f0.-f3.-d1.r0.f2.d1.r3.r3.d2.-d1.r1.r0.f0.-r3.-f0.d0.-d2.-f2.r1.-d2.-r1.f2.-d0.-f1.d2.-f0.r0.d2.r3.-d3.-d2.f0.d3.-r0.-r3.f3.f0.-r1,45,019fe9d2-b661-7b7c-8378-d3e156d0e011,results/v1/cayley-py-444-cube/cayleypy-96-24-b1f3fc405bc56fff/494/2026-08-10/019fe9d2-b661-7b7c-8378-d3e156d0e011.json,2026-08-10T03:58:47.617Z,149,bf3f68e5906e25ac7b8bfabef6c0d81bdfd1d309
494,-f0.-d2.-f1.-r2.f2.r3.-d1.-f3.f0.-d1.r0.f2.d1.r3.r3.d2.-d1.r1.r0.f0.-r3.-f0.-d2.d0.-f2.r1.-d2.-r1.f2.-d0.-f1.d2.-f0.r0.d2.r3.-d2.-d3.f0.d3.-r0.-r3.f3.f0.-r1,45,019fe9fa-7a37-72c8-8331-e9d35ac381e2,results/v1/cayley-py-444-cube/cayleypy-96-24-b1f3fc405bc56fff/494/2026-08-10/019fe9fa-7a37-72c8-8331-e9d35ac381e2.json,2026-08-10T04:42:13.418Z,150,bf3f68e5906e25ac7b8bfabef6c0d81bdfd1d309
495,-f0.r1.d1.f0.-f3.-r3.-r2.-r3.r0.-f2.-r0.-f3.-f3.-r1.-r1.-f3.r0.f3.-r3.-r1.-r2.-d0.r2.r2.f1.d0.f0.r1.-f0.f1.-d0.r3.-r2.-d1.-f1.r2.d1.r1.-f1.d2.f1.-r1,42,019fe980-7713-726f-8589-183e9c0cb3f2,results/v1/cayley-py-444-cube/cayleypy-96-24-b1f3fc405bc56fff/495/2026-08-10/019fe980-7713-726f-8589-183e9c0cb3f2.json,2026-08-10T02:28:57.353Z,151,bf3f68e5906e25ac7b8bfabef6c0d81bdfd1d309
496,d2.f0.d2.-f2.f0.-d3.-r0.d3.-f3.d0.-f0.r0.-r1.f0.r0.-f0.d1.-r0.d2.-r1.r0.f0.-f2.d0.f3.d1.r1.-r2.d2.r2.r3.-d3.-r1.d3.r1.d3.-f2.r1.f2.-f0.-r1.f2.r1.f0.-r1.-d3.-r3,47,019fe9d7-b3c5-7b49-bbbf-486acccdb818,results/v1/cayley-py-444-cube/cayleypy-96-24-b1f3fc405bc56fff/496/2026-08-10/019fe9d7-b3c5-7b49-bbbf-486acccdb818.json,2026-08-10T04:04:14.831Z,152,bf3f68e5906e25ac7b8bfabef6c0d81bdfd1d309
497,-f0.-f0.r3.-r0.r2.-f0.-d1.f2.-d1.f2.-d3.-r2.d3.d0.f1.-d2.f0.r3.r3.f0.-d1.r0.r3.d2.f3.-r3.-f3.-f2.-r0.d2.-f2.-d2.r0.f2.-r1.-r1.f1.f2.-d1.-f1.-f2.r0.d1.-r2.-r1.-r0,46,019fe9a8-60b0-72e5-95f5-02d0a9374fd2,results/v1/cayley-py-444-cube/cayleypy-96-24-b1f3fc405bc56fff/497/2026-08-10/019fe9a8-60b0-72e5-95f5-02d0a9374fd2.json,2026-08-10T03:12:33.305Z,153,bf3f68e5906e25ac7b8bfabef6c0d81bdfd1d309
498,r0.-f0.d0.r3.f1.d1.-f3.-r2.r0.-d1.-r0.f0.f1.-r0.-d0.f3.-d0.-d0.-f3.-r1.r0.f0.-r3.-r0.d2.r1.-d2.-f2.-f1.-r1.d0.r0.f1.-r0.d1.r0.-f1.-r0.f2.r1.-f2.r1.d1.-r1.-f2.-r1.f1,47,019fe9bd-cce1-7ad2-931b-39e08075d895,results/v1/cayley-py-444-cube/cayleypy-96-24-b1f3fc405bc56fff/498/2026-08-10/019fe9bd-cce1-7ad2-931b-39e08075d895.json,2026-08-10T03:35:57.328Z,154,bf3f68e5906e25ac7b8bfabef6c0d81bdfd1d309
499,f0.d3.-r0.f3.r3.d1.-f3.f2.-r0.-r2.-d0.f2.-r2.f3.-f1.r0.-f1.r1.-r3.-r3.f1.f0.d3.r3.d0.r3.r0.-f2.-r0.-r3.-d3.f3.-r1.d2.-f3.r1.-d2.-r1.-d3.-d0.r3.d3.-f1.-r1.f1.r1,46,019fe9f8-8e9f-7aa5-8816-7248dfddf5e7,results/v1/cayley-py-444-cube/cayleypy-96-24-b1f3fc405bc56fff/499/2026-08-10/019fe9f8-8e9f-7aa5-8816-7248dfddf5e7.json,2026-08-10T04:40:07.693Z,155,bf3f68e5906e25ac7b8bfabef6c0d81bdfd1d309
500,r0.-f0.-d0.-d3.f3.d3.r2.d3.r3.-f2.r3.f0.-r0.f1.f1.r0.f0.-d3.-f3.-r3.-r2.-f3.r3.d1.f3.r2.-f0.-d1.f0.d2.r3.d1.f0.f1.-r2.f0.f0.-d2.-f1.-r2.d2.r2.f0.-d1.r2,45,019fc381-7f5c-7a7f-aafa-cb0fb5702887,results/v1/cayley-py-444-cube/cayleypy-96-24-b1f3fc405bc56fff/500/2026-08-02/019fc381-7f5c-7a7f-aafa-cb0fb5702887.json,2026-08-02T17:24:31.111Z,156,bf3f68e5906e25ac7b8bfabef6c0d81bdfd1d309
500,r0.-f0.-d0.-d3.f3.d3.r2.d3.r3.-f2.r3.f0.-r0.f1.f1.r0.f0.-d3.-f3.-r3.-r2.-f3.r3.d1.f3.r2.-f0.-d1.f0.d2.r3.d1.f0.f1.-r2.-f0.-f0.-d2.-f1.-r2.d2.r2.f0.-d1.r2,45,019fe9d3-7a88-7dfd-a565-0138bac1b844,results/v1/cayley-py-444-cube/cayleypy-96-24-b1f3fc405bc56fff/500/2026-08-10/019fe9d3-7a88-7dfd-a565-0138bac1b844.json,2026-08-10T03:59:38.013Z,157,bf3f68e5906e25ac7b8bfabef6c0d81bdfd1d309
501,-d0.f0.-r0.-d1.r1.-f3.r3.-d3.r0.-d0.d1.f1.d2.-f3.-f3.r3.r3.d2.r3.-d0.-f0.-f1.-r0.-f3.d3.f1.-d3.f3.-r0.d1.-r0.f2.d2.r2.d2.-f3.-r2.f3.f0.-r1.d2.r1.-f0.d2.-f2.-r0,46,019fe9b2-12b5-718f-812b-a8be9366d373,results/v1/cayley-py-444-cube/cayleypy-96-24-b1f3fc405bc56fff/501/2026-08-10/019fe9b2-12b5-718f-812b-a8be9366d373.json,2026-08-10T03:23:08.469Z,158,bf3f68e5906e25ac7b8bfabef6c0d81bdfd1d309
502,-d3.-r2.f0.-r0.-f2.-r0.-f0.r1.r0.f0.-f3.-r0.d3.d3.-f2.f3.d2.-f3.d2.f2.-d2.r1.-f3.-d2.-r3.d1.r3.d0.-r3.-f1.-d1.f1.r3.d1.f1.r3.-f1.-r0.-f2.-d1.f1.-r2.-f2.r2.d1.f2.f2,47,019fe996-5f70-7d33-9800-d11850808e49,results/v1/cayley-py-444-cube/cayleypy-96-24-b1f3fc405bc56fff/502/2026-08-10/019fe996-5f70-7d33-9800-d11850808e49.json,2026-08-10T02:52:53.309Z,159,bf3f68e5906e25ac7b8bfabef6c0d81bdfd1d309
503,f3.r3.d0.r2.-f0.r0.f0.r0.-r3.f3.d3.-r0.r2.r3.-d0.-d1.-f3.-d3.-d2.f3.-r1.f0.r3.f2.-r3.r0.-d2.f0.d2.-r1.-f0.-d2.-f0.d2.d2.r2.-d2.f0.-d1.-f1.-r1.f1.r1.d1.-r0.d2,46,019fe9bd-73cd-78b7-9113-02e201db410b,results/v1/cayley-py-444-cube/cayleypy-96-24-b1f3fc405bc56fff/503/2026-08-10/019fe9bd-73cd-78b7-9113-02e201db410b.json,2026-08-10T03:35:34.230Z,160,bf3f68e5906e25ac7b8bfabef6c0d81bdfd1d309
504,f0.r2.f2.-r0.f2.f3.r1.-f3.-d0.r2.-r1.-f3.f1.-r1.d0.-f3.-d1.-f1.d1.r2.-f3.-r3.-f1.r3.d0.-r1.f3.-d2.f3.-r1.-f3.r1.d2.r3.r3.f0.-d0.r0.d2.-f2.-d2.f2.-r0.d0.-f2,45,019fe9ac-4bca-7f95-9ca8-161f9d239713,results/v1/cayley-py-444-cube/cayleypy-96-24-b1f3fc405bc56fff/504/2026-08-10/019fe9ac-4bca-7f95-9ca8-161f9d239713.json,2026-08-10T03:16:49.759Z,161,bf3f68e5906e25ac7b8bfabef6c0d81bdfd1d309
505,d0.-f0.r0.f3.f3.-r0.r3.-d3.-r1.-d2.-d2.r0.-d0.-r3.-d2.f1.r1.f3.r2.f0.-d2.-r2.-d1.r0.d0.-r0.-d0.r3.r1.r2.-d1.-r3.d1.d0.-r2.-r1.-f3.d0.-f2.f0.-r2.-d1.r2.-f0.-f1.d1.r1.-d1,48,019fd95b-fe16-7279-be2b-497e1d7f6409,results/v1/cayley-py-444-cube/cayleypy-96-24-b1f3fc405bc56fff/505/2026-08-06/019fd95b-fe16-7279-be2b-497e1d7f6409.json,2026-08-06T23:15:11.643Z,162,bf3f68e5906e25ac7b8bfabef6c0d81bdfd1d309
505,d0.-f0.r0.f3.f3.-r0.r3.-d3.-r1.-d2.-d2.r0.-d0.-r3.-d2.f1.r1.f3.r2.f0.-d2.-r2.-d1.r0.d0.-r0.-d0.r3.r2.r1.-d1.-r3.d1.d0.-r2.-r1.-f3.d0.f0.-f2.-r2.-d1.r2.-f0.-f1.d1.r1.-d1,48,019fe246-ca90-772a-89d9-c4266ee3cedf,results/v1/cayley-py-444-cube/cayleypy-96-24-b1f3fc405bc56fff/505/2026-08-08/019fe246-ca90-772a-89d9-c4266ee3cedf.json,2026-08-08T16:48:37.037Z,163,bf3f68e5906e25ac7b8bfabef6c0d81bdfd1d309
505,d0.-f0.r0.f3.f3.-r0.r3.-d3.-r1.d2.d2.r0.-d0.-r3.-d2.f1.r1.f3.r2.f0.-d2.-r2.-d1.r0.d0.-r0.-d0.r3.r1.r2.-d1.-r3.d1.d0.-r2.-r1.-f3.d0.-f2.f0.-r2.-d1.r2.-f0.-f1.d1.r1.-d1,48,019fea08-737c-79e7-997d-c5deb83edd04,results/v1/cayley-py-444-cube/cayleypy-96-24-b1f3fc405bc56fff/505/2026-08-10/019fea08-737c-79e7-997d-c5deb83edd04.json,2026-08-10T04:57:29.389Z,164,bf3f68e5906e25ac7b8bfabef6c0d81bdfd1d309
506,f0.-r1.d0.r3.d1.f1.-r1.d0.-r0.d3.-f1.-r1.-f3.r3.-f0.-r2.-r0.-f1.-d1.r3.-d2.d1.r0.r2.f1.-d2.f0.f3.-r3.-d2.r3.-f0.-d2.-f1.-d2.f2.d3.-r2.d2.-d3.-r1.d3.r1.d2.r2.-r1.-d2,47,019fea03-f1e8-7eb8-9b33-917590211278,results/v1/cayley-py-444-cube/cayleypy-96-24-b1f3fc405bc56fff/506/2026-08-10/019fea03-f1e8-7eb8-9b33-917590211278.json,2026-08-10T04:52:34.223Z,165,bf3f68e5906e25ac7b8bfabef6c0d81bdfd1d309
507,d2.-d3.-f2.-f2.-r0.-f1.r3.-r1.-d2.r1.d3.r3.-d3.f1.-d2.f3.-d1.r0.-d3.-f0.-d3.-f3.-r3.-d0.-d0.f3.-r3.-r3.r0.d0.d3.-f0.-d2.f0.-r1.f2.d1.-f1.r1.-f2.f1.f0.r1.-d2.-r1.f3,46,019fd3b5-234a-7a75-92d7-51c3be49c515,results/v1/cayley-py-444-cube/cayleypy-96-24-b1f3fc405bc56fff/507/2026-08-05/019fd3b5-234a-7a75-92d7-51c3be49c515.json,2026-08-05T20:54:50.677Z,166,bf3f68e5906e25ac7b8bfabef6c0d81bdfd1d309
507,d2.-d3.-f2.-f2.-r0.-f1.r3.-r1.-d2.r1.d3.r3.-d3.f1.-d2.f3.-d1.r0.-d3.-f0.-d3.-f3.-r3.-d0.-d0.f3.r0.r3.r3.d0.d3.-f0.-d2.f0.-r1.f2.d1.-f1.r1.-f2.f1.f0.r1.-d2.-r1.f3,46,019fe9ae-19f2-7309-a538-c0cf4a81e610,results/v1/cayley-py-444-cube/cayleypy-96-24-b1f3fc405bc56fff/507/2026-08-10/019fe9ae-19f2-7309-a538-c0cf4a81e610.json,2026-08-10T03:18:48.223Z,167,bf3f68e5906e25ac7b8bfabef6c0d81bdfd1d309
508,d3.-f0.r0.-d0.-r3.-f0.-f2.-r3.r0.-f0.-f1.-d1.d3.f1.-f2.-d1.-f2.-d1.r0.-d0.r3.-f0.d1.f0.r1.d2.r2.d2.f1.-d2.-r3.-r1.f3.-f2.r2.-f2.d2.-f1.-f2.r2.-d2.r2.r2,43,019fe967-e07a-7626-bfeb-e33e5ae7eaad,results/v1/cayley-py-444-cube/cayleypy-96-24-b1f3fc405bc56fff/508/2026-08-10/019fe967-e07a-7626-bfeb-e33e5ae7eaad.json,2026-08-10T02:02:05.865Z,168,bf3f68e5906e25ac7b8bfabef6c0d81bdfd1d309
509,f3.-d3.-d1.f3.d0.r1.d1.r2.f1.r1.f1.r2.-f3.-d0.-f3.r1.-f1.-f3.-d1.-f1.d1.-d3.-f0.-d1.d3.-d1.f2.f0.r2.f3.-d1.-f2.-d3.f1.d2.-f2.d2.-f1.d2.d3.d2.f2.r0.f2.-r0.f3,46,019fe998-d30b-751b-b1b0-7ee67a191714,results/v1/cayley-py-444-cube/cayleypy-96-24-b1f3fc405bc56fff/509/2026-08-10/019fe998-d30b-751b-b1b0-7ee67a191714.json,2026-08-10T02:55:34.063Z,169,bf3f68e5906e25ac7b8bfabef6c0d81bdfd1d309
510,f1.d1.f0.d2.-r0.f2.-f0.r1.f2.-r0.d1.-f3.-f0.d2.-f3.d3.d2.-f3.-d0.f3.-d2.r0.f1.-d3.-f0.d3.f2.-f1.r3.f3.-f2.-d2.f2.-d3.d2.r2.r0.-f3.-r0.-f2.r0.f3.f2.-r2.-d2,45,019fe994-e3d3-7ef8-9cc5-ab28d23b2b4f,results/v1/cayley-py-444-cube/cayleypy-96-24-b1f3fc405bc56fff/510/2026-08-10/019fe994-e3d3-7ef8-9cc5-ab28d23b2b4f.json,2026-08-10T02:51:15.899Z,170,bf3f68e5906e25ac7b8bfabef6c0d81bdfd1d309
511,-d1.f1.d0.f1.r2.-d0.r3.-r0.-d0.d3.-r0.-d1.-f3.d0.f1.d0.f1.-d0.r0.-d1.-f3.r0.-f3.-f3.-d1.-r3.-d3.-d0.-r0.-d1.r0.d1.d0.f3.d1.f3.f3.-r3.-d3.r3.-d1.f0.d1.f3.-f0.d3,46,019fdacf-3c25-7d31-aa7c-c20fb1f02f4b,results/v1/cayley-py-444-cube/cayleypy-96-24-b1f3fc405bc56fff/511/2026-08-07/019fdacf-3c25-7d31-aa7c-c20fb1f02f4b.json,2026-08-07T06:00:41.180Z,171,bf3f68e5906e25ac7b8bfabef6c0d81bdfd1d309
511,-d1.f1.d0.f1.r2.-d0.-r0.r3.-d0.d3.-r0.-d1.-f3.d0.f1.d0.f1.-d0.r0.-d1.-f3.r0.-f3.-f3.-d1.-r3.-d3.-d0.-r0.-d1.r0.d0.d1.f3.d1.f3.f3.-r3.-d3.r3.-d1.f0.d1.f3.-f0.d3,46,019fe9c3-700d-77af-a3e6-6a5739cd816d,results/v1/cayley-py-444-cube/cayleypy-96-24-b1f3fc405bc56fff/511/2026-08-10/019fe9c3-700d-77af-a3e6-6a5739cd816d.json,2026-08-10T03:42:06.651Z,172,bf3f68e5906e25ac7b8bfabef6c0d81bdfd1d309
512,f0.-d0.r1.d2.-f3.d0.-f0.d3.-r0.-f3.-d0.-r1.f2.r3.-f2.-r1.-r3.d2.f0.d0.-f2.-r2.-r0.d2.-r2.-r3.-f2.r2.-d2.d3.f2.-r1.-f2.-r3.f2.-d2.f2.-d3.-f2.d3.r1.-f2.-d3.f2.f2,45,019fe9ba-09cf-7853-a975-1a0455b7ac21,results/v1/cayley-py-444-cube/cayleypy-96-24-b1f3fc405bc56fff/512/2026-08-10/019fe9ba-09cf-7853-a975-1a0455b7ac21.json,2026-08-10T03:31:50.690Z,173,bf3f68e5906e25ac7b8bfabef6c0d81bdfd1d309
514,f2.r1.-d3.d0.-r0.d3.-f2.-d0.-r0.-d2.-f2.-f2.-f3.r1.r2.-f2.r2.d2.r3.-f3.d0.f1.-f2.d0.d1.-f0.-d0.-r3.f2.r3.d1.r1.-f3.r1.-f1.-r1.f3.-d1.-d0.-f2.r1.f2.d1.-r1.d0,45,019fe792-f292-7885-b68b-52b4d6836d98,results/v1/cayley-py-444-cube/cayleypy-96-24-b1f3fc405bc56fff/514/2026-08-09/019fe792-f292-7885-b68b-52b4d6836d98.json,2026-08-09T17:29:54.428Z,174,bf3f68e5906e25ac7b8bfabef6c0d81bdfd1d309
514,f2.r1.-d3.d0.-r0.d3.-f2.-d0.-r0.-d2.-f2.-f2.-f3.r1.r2.-f2.r2.d2.r3.-f3.d0.f1.-f2.d0.d1.-f0.-d0.-r3.f2.r3.d1.r1.-f3.r1.-f1.-r1.f3.-d1.-d0.-f2.r1.f2.d1.-r1.d0,45,019fe990-2b3e-7e82-8c25-d10b2087446c,results/v1/cayley-py-444-cube/cayleypy-96-24-b1f3fc405bc56fff/514/2026-08-10/019fe990-2b3e-7e82-8c25-d10b2087446c.json,2026-08-10T02:46:06.458Z,175,bf3f68e5906e25ac7b8bfabef6c0d81bdfd1d309
515,r1.d3.r3.-f0.-r2.f2.-r3.-d2.-f3.-d2.-f0.f3.r2.r0.-d2.-f3.-r2.f0.r0.-f0.-r0.d2.-f1.r0.-d2.-f2.d2.r3.f2.r2.d2.d0.f2.d3.-r2.-d2.r2.-f2.-d0.r1.f2.-r1.d0.-r1.-r0.d2,46,019fe98c-7aa5-7d1a-95eb-7d5b0542e084,results/v1/cayley-py-444-cube/cayleypy-96-24-b1f3fc405bc56fff/515/2026-08-10/019fe98c-7aa5-7d1a-95eb-7d5b0542e084.json,2026-08-10T02:42:04.701Z,176,bf3f68e5906e25ac7b8bfabef6c0d81bdfd1d309
516,r3.-f0.r0.f0.-r1.f1.-d3.-f0.d0.-f1.f2.r2.d1.r3.-d3.f2.-d2.r0.-f2.d3.-r2.-r0.-f0.-f0.-r0.r1.-f1.-r1.-f0.-f3.-d3.f2.-r2.f1.-d2.r2.d2.-r1.f3.r1.f1.r2.-r1,43,019fe951-9110-74ed-a5ed-56080d286b47,results/v1/cayley-py-444-cube/cayleypy-96-24-b1f3fc405bc56fff/516/2026-08-10/019fe951-9110-74ed-a5ed-56080d286b47.json,2026-08-10T01:37:43.893Z,177,bf3f68e5906e25ac7b8bfabef6c0d81bdfd1d309
517,d0.-r1.f0.-r0.d2.-r3.-f3.-d0.-r1.-f0.-d1.-d1.-r3.-d1.-f0.r3.-d1.r3.f3.-r0.-d3.f3.-r0.d2.-f2.-r0.-r3.d2.-r0.-r0.-d2.-f2.d2.r3.d2.r2.f1.d2.-r2.-f1.-d2.f2.r3.r2,44,019fe991-f749-70f5-9327-a356b8410e6a,results/v1/cayley-py-444-cube/cayleypy-96-24-b1f3fc405bc56fff/517/2026-08-10/019fe991-f749-70f5-9327-a356b8410e6a.json,2026-08-10T02:48:04.526Z,178,bf3f68e5906e25ac7b8bfabef6c0d81bdfd1d309
518,f2.-r0.f3.d1.r0.-d0.-r3.f2.r0.-d2.f0.d3.f3.d1.f1.-r1.f3.r2.-f2.-d2.-d3.-r0.f0.f0.d1.f3.-f1.-d1.-f0.-r1.-d1.r1.-f0.-f2.-d1.-f3.-r1.-d1.f2.f1.r2.r2.d1.-r2.d1.-r2.-f3,47,019fe991-0667-79a2-9770-535298096658,results/v1/cayley-py-444-cube/cayleypy-96-24-b1f3fc405bc56fff/518/2026-08-10/019fe991-0667-79a2-9770-535298096658.json,2026-08-10T02:47:02.845Z,179,bf3f68e5906e25ac7b8bfabef6c0d81bdfd1d309
519,f1.r3.-f1.d2.f0.-r2.-d0.f3.r2.-f2.-d0.-r1.-r1.f0.-d1.-r0.-f3.d0.-f2.-r2.f1.-d0.-f0.-r1.f0.-d3.f2.d1.-r2.-d1.r2.-d1.-d3.-d1.f3.f2.-d3.-f2.r1.-f1.-r1.f1.d3.r3.d1.-r3,46,019fcf08-bf3a-7c4a-bc9c-2c639734c630,results/v1/cayley-py-444-cube/cayleypy-96-24-b1f3fc405bc56fff/519/2026-08-04/019fcf08-bf3a-7c4a-bc9c-2c639734c630.json,2026-08-04T23:08:04.055Z,180,bf3f68e5906e25ac7b8bfabef6c0d81bdfd1d309
519,f1.r3.-f1.d2.f0.-r2.-d0.f3.r2.-f2.-d0.-r1.-r1.f0.-d1.-r0.-f3.d0.-f2.-r2.f1.-d0.-f0.-r1.f0.-d3.f2.d1.-r2.-d1.r2.-d1.-d3.-d1.f2.f3.-d3.-f2.r1.-f1.-r1.f1.d3.r3.d1.-r3,46,019fe9c8-7e22-7274-bd77-d3519c7c359b,results/v1/cayley-py-444-cube/cayleypy-96-24-b1f3fc405bc56fff/519/2026-08-10/019fe9c8-7e22-7274-bd77-d3519c7c359b.json,2026-08-10T03:47:37.829Z,181,bf3f68e5906e25ac7b8bfabef6c0d81bdfd1d309
520,d1.-f0.-d3.-f1.f3.r3.-f2.r0.-f3.-r0.-f0.r2.f0.-r1.d2.f3.-d1.r3.r3.-f0.d3.-r0.f0.r1.f1.-r3.f3.f1.-r0.f1.r0.f1.f1.-f3.r3.r0.-f1.r0.f2.-r0.-f2.d3.-f2.-d3.f2,45,019fd854-20e8-78c1-93a2-481520b427d6,results/v1/cayley-py-444-cube/cayleypy-96-24-b1f3fc405bc56fff/520/2026-08-06/019fd854-20e8-78c1-93a2-481520b427d6.json,2026-08-06T18:26:59.216Z,182,bf3f68e5906e25ac7b8bfabef6c0d81bdfd1d309
520,d1.-f0.-d3.-f1.f3.r3.-f2.r0.-f3.-r0.-f0.r2.f0.-r1.d2.f3.-d1.-r3.-r3.-f0.d3.-r0.f0.r1.f1.-r3.f3.f1.-r0.f1.r0.f1.f1.-f3.r3.r0.-f1.r0.f2.-r0.-f2.d3.-f2.-d3.f2,45,019fe9af-f43f-7245-a79a-a0af6a393d60,results/v1/cayley-py-444-cube/cayleypy-96-24-b1f3fc405bc56fff/520/2026-08-10/019fe9af-f43f-7245-a79a-a0af6a393d60.json,2026-08-10T03:20:50.045Z,183,bf3f68e5906e25ac7b8bfabef6c0d81bdfd1d309
521,f3.r3.r2.f3.r0.-f2.r1.-d2.r0.-d3.r2.f0.f1.d3.-f3.d0.r1.d0.r1.d0.-f0.r2.f0.-r1.-f0.d1.d1.r0.-f2.d2.-r2.-d2.-r0.d1.f2.-r0.d2.r2.-d2.r2.f2.d1.-f2.d1.-r2.d3,46,019fe9c4-edfb-7ed5-af6b-1aca136d6b87,results/v1/cayley-py-444-cube/cayleypy-96-24-b1f3fc405bc56fff/521/2026-08-10/019fe9c4-edfb-7ed5-af6b-1aca136d6b87.json,2026-08-10T03:43:44.456Z,184,bf3f68e5906e25ac7b8bfabef6c0d81bdfd1d309
522,r1.-f0.-r1.d0.-f2.r1.r0.d3.-r3.d3.r0.f0.f2.r1.r3.f0.d0.d2.-r2.-d0.-r3.-d2.-f0.d2.f0.-f2.-f1.d0.-r0.-d3.r3.r2.f2.r0.-f2.r3.-f1.-d1.f1.d1.r1.-r3.f3.-d3.-d0,45,019fe997-2a64-7bb3-96d4-1aa19a9d835a,results/v1/cayley-py-444-cube/cayleypy-96-24-b1f3fc405bc56fff/522/2026-08-10/019fe997-2a64-7bb3-96d4-1aa19a9d835a.json,2026-08-10T02:53:45.046Z,185,bf3f68e5906e25ac7b8bfabef6c0d81bdfd1d309
523,f3.-r2.r1.-d3.-r0.r3.-d2.f0.d3.r2.f1.-r3.d3.f0.-r2.f1.f1.-d3.d0.r0.r3.-d2.r2.f3.-r3.r1.d1.-r2.-d3.d2.-r1.-d0.-r1.d3.-d2.f1.-r2.-f2.-f1.-d2.r2.d2.r2.-d1.f2.d0,46,019fe9bd-17a9-789c-b25d-de54c197d353,results/v1/cayley-py-444-cube/cayleypy-96-24-b1f3fc405bc56fff/523/2026-08-10/019fe9bd-17a9-789c-b25d-de54c197d353.json,2026-08-10T03:35:10.665Z,186,bf3f68e5906e25ac7b8bfabef6c0d81bdfd1d309
524,r3.f0.r1.-r2.d3.r0.f0.r1.d2.d0.f0.d0.f2.-d0.-f3.-d2.-r2.f0.r2.-f1.d2.f3.r2.d0.r1.-d3.-r2.-f0.r2.-d1.-d0.-r2.-f1.d2.f1.-f2.d0.f1.d1.f1.f2.d2.d2.-f2.d2,45,019fe929-7974-7bba-a8f5-52d73d744464,results/v1/cayley-py-444-cube/cayleypy-96-24-b1f3fc405bc56fff/524/2026-08-10/019fe929-7974-7bba-a8f5-52d73d744464.json,2026-08-10T00:53:56.561Z,187,bf3f68e5906e25ac7b8bfabef6c0d81bdfd1d309
525,r3.f1.-f0.-d3.r2.-f0.d2.d0.r3.d0.r1.f1.-r1.d1.r1.f0.f0.d0.-f1.-d0.r1.f0.r0.-f0.-d1.-r3.-r1.r3.-f1.r1.-r3.-d1.r3.-d3.d1.r2.-f1.-r1.-f1.f0.-d1.f1.d1.f1,44,019fe8d9-6acf-75a1-9f14-02485d7bb130,results/v1/cayley-py-444-cube/cayleypy-96-24-b1f3fc405bc56fff/525/2026-08-09/019fe8d9-6acf-75a1-9f14-02485d7bb130.json,2026-08-09T23:26:30.001Z,188,bf3f68e5906e25ac7b8bfabef6c0d81bdfd1d309
526,d2.-r3.-f2.f3.-d0.r2.-f2.-r2.r1.-d0.d3.r3.d2.-d3.-f0.d0.f0.d0.r0.r2.-f1.d3.r0.r2.-f0.r2.r2.f0.-r0.-d0.-r3.-r1.-r1.d0.-r1.d0.r1.d0.f2.f2.-r2.f2.f2.r2.r2.d0.r2,47,019fe8fe-6b50-749e-85a0-64e09ead64ac,results/v1/cayley-py-444-cube/cayleypy-96-24-b1f3fc405bc56fff/526/2026-08-10/019fe8fe-6b50-749e-85a0-64e09ead64ac.json,2026-08-10T00:06:54.995Z,189,bf3f68e5906e25ac7b8bfabef6c0d81bdfd1d309
527,f0.r2.-d0.-f1.r2.d3.f3.-d1.-d1.r0.d2.-f3.-d2.-r2.r3.f1.-d3.-r0.d3.-f2.-r0.-f0.-r0.-f0.r1.-d0.r1.d0.r2.-r1.f0.-d3.-r1.-r2.d3.d0.-f2.-f1.r2.d3.f2.-d0.f0.d0.f1.-d0,46,019fe92b-c5ac-7e17-98c1-e63d225f3652,results/v1/cayley-py-444-cube/cayleypy-96-24-b1f3fc405bc56fff/527/2026-08-10/019fe92b-c5ac-7e17-98c1-e63d225f3652.json,2026-08-10T00:56:26.904Z,190,bf3f68e5906e25ac7b8bfabef6c0d81bdfd1d309
528,f2.r2.-d3.r3.-d3.-r1.-d0.r3.-f3.r3.-r1.-d2.f1.-r0.-f1.d3.d0.d3.-f3.r3.-d3.r1.-d0.-r2.-d1.r2.r2.r3.d0.d1.-r2.d3.f1.-d1.f2.r2.-d1.r2.-f2.-r2.-d0.-r1.d1.-r2.d2,45,019fe917-7059-7bc4-8299-2db0c499e9a3,results/v1/cayley-py-444-cube/cayleypy-96-24-b1f3fc405bc56fff/528/2026-08-10/019fe917-7059-7bc4-8299-2db0c499e9a3.json,2026-08-10T00:34:14.218Z,191,bf3f68e5906e25ac7b8bfabef6c0d81bdfd1d309
529,f0.-r0.-f1.r1.-f1.-d3.f1.f1.r3.-d1.f0.d0.f3.f0.-d1.-f0.d1.r2.d0.r2.f0.-r0.r1.-r0.d2.d3.-r0.d2.f0.d2.-f0.-r0.d2.-r1.-d2.-r3.-d1.f1.d1.r3.f3.d1.f1.-d1.-f3.-r3.r2.r1,48,019fe903-1caa-7465-ae5e-414f349283d4,results/v1/cayley-py-444-cube/cayleypy-96-24-b1f3fc405bc56fff/529/2026-08-10/019fe903-1caa-7465-ae5e-414f349283d4.json,2026-08-10T00:12:02.221Z,192,bf3f68e5906e25ac7b8bfabef6c0d81bdfd1d309
530,r1.-d3.-f0.-f1.-d2.-d1.-f0.d3.-f2.-f0.-d0.-f3.-f1.-r1.-d0.-r2.-f1.-f0.r2.-d3.r1.f3.f3.-r1.-f3.-r2.-d2.-f3.r1.f1.-r1.f2.-d1.f2.d1.d2.f3.f2.d3.-r1.-r1.-d3.r2.d3.-r1,45,019fe91f-fd5f-781e-bced-5b01c5fa714c,results/v1/cayley-py-444-cube/cayleypy-96-24-b1f3fc405bc56fff/530/2026-08-10/019fe91f-fd5f-781e-bced-5b01c5fa714c.json,2026-08-10T00:43:35.188Z,193,bf3f68e5906e25ac7b8bfabef6c0d81bdfd1d309
531,f0.d0.f1.-r0.d3.-r0.d2.-d1.r2.f0.f2.d2.r1.d1.-f0.-d1.-r0.f0.d0.f0.-d3.f0.d3.f1.-d1.r1.r1.r2.-f1.-r0.f1.r0.-f1.-d1.-d1.r1.f1.r1.f1.r2.-d0.r3.d2.-r3.d0.-r2,46,019fe94c-9ee5-7669-8a7c-53d352611223,results/v1/cayley-py-444-cube/cayleypy-96-24-b1f3fc405bc56fff/531/2026-08-10/019fe94c-9ee5-7669-8a7c-53d352611223.json,2026-08-10T01:32:19.702Z,194,bf3f68e5906e25ac7b8bfabef6c0d81bdfd1d309
532,d0.r1.f0.-r0.d3.-r0.d1.-r2.-f0.-d2.d3.r3.f2.d1.r0.-d1.r3.d0.r3.f1.-d0.-f2.-d1.-f2.-d2.-r0.-f2.-r3.r0.-f1.-r3.d1.r3.r3.-f2.r3.f2.-r3.-d1.d0.r2.d1.-r2.d1.-d0,45,019fe940-9527-7e34-ac9a-5241623c307f,results/v1/cayley-py-444-cube/cayleypy-96-24-b1f3fc405bc56fff/532/2026-08-10/019fe940-9527-7e34-ac9a-5241623c307f.json,2026-08-10T01:19:10.829Z,195,bf3f68e5906e25ac7b8bfabef6c0d81bdfd1d309
533,r3.d3.d3.r0.-f2.d0.r0.d1.r0.-d0.r2.-r3.f3.-r2.-r0.-d3.d0.r1.-f3.-r1.-d0.r2.r2.-f2.-f3.-r3.-f0.-f1.-d2.f0.r1.f1.-f2.r2.f2.r3.r1.r1.d3.f2.-d3.-r2.d3.-f2.-d3.d2.r2.r1,48,019fcb8f-bbfb-70c8-8dfd-7d4d81a8706a,results/v1/cayley-py-444-cube/cayleypy-96-24-b1f3fc405bc56fff/533/2026-08-04/019fcb8f-bbfb-70c8-8dfd-7d4d81a8706a.json,2026-08-04T06:57:01.527Z,196,bf3f68e5906e25ac7b8bfabef6c0d81bdfd1d309
533,r3.d3.d3.r0.-f2.d0.r0.d1.r0.-d0.r2.-r3.f3.-r0.-r2.-d3.d0.r1.-f3.-r1.-d0.r2.r2.-f2.-f3.-r3.-f0.-f1.-d2.f0.r1.-f2.f1.r2.f2.r3.r1.r1.d3.f2.-d3.-r2.d3.-f2.-d3.d2.r2.r1,48,019fe90a-d99d-7edf-bc38-d0ec167826a0,results/v1/cayley-py-444-cube/cayleypy-96-24-b1f3fc405bc56fff/533/2026-08-10/019fe90a-d99d-7edf-bc38-d0ec167826a0.json,2026-08-10T00:20:29.560Z,197,bf3f68e5906e25ac7b8bfabef6c0d81bdfd1d309
534,f3.-r1.f2.d2.d1.-f1.-d1.d3.-r2.-f0.r3.f2.d0.-f0.-r0.d2.r0.f3.-d3.f3.-r3.d0.f0.-d0.-r0.-f0.d0.-r0.f2.f3.r0.f0.f3.-d3.f0.f3.-d1.-r0.d3.r0.d1.-r0.d3.d3.f3.r0.r0,47,019fe8a0-ea2e-7289-bcd7-50c07fa89cbb,results/v1/cayley-py-444-cube/cayleypy-96-24-b1f3fc405bc56fff/534/2026-08-09/019fe8a0-ea2e-7289-bcd7-50c07fa89cbb.json,2026-08-09T22:24:46.575Z,198,bf3f68e5906e25ac7b8bfabef6c0d81bdfd1d309
535,d1.d2.-f2.r3.f0.-r1.d1.-f3.d1.r2.d3.r2.-f3.-r0.-f1.-r3.-f3.-d0.f0.f1.-r3.f3.d0.f2.-r2.-f2.d3.f0.d2.-f0.-d3.d1.f1.-r3.-f0.-r2.f0.r2.r3.d1.-r2.-f1.r2.-d1,44,019fe3e1-f738-7cdd-bd2e-47b801d7e510,results/v1/cayley-py-444-cube/cayleypy-96-24-b1f3fc405bc56fff/535/2026-08-09/019fe3e1-f738-7cdd-bd2e-47b801d7e510.json,2026-08-09T00:17:44.168Z,199,bf3f68e5906e25ac7b8bfabef6c0d81bdfd1d309
535,d1.d2.-f2.r3.f0.-r1.d1.-f3.d1.r2.d3.r2.-f3.-r0.-f1.-r3.-f3.-d0.f1.f0.-r3.f3.d0.f2.-r2.-f2.d3.f0.d2.-f0.d1.-d3.f1.-r3.-f0.-r2.f0.r3.r2.d1.-r2.-f1.r2.-d1,44,019fe88a-7558-7d47-9b21-239ed151f168,results/v1/cayley-py-444-cube/cayleypy-96-24-b1f3fc405bc56fff/535/2026-08-09/019fe88a-7558-7d47-9b21-239ed151f168.json,2026-08-09T22:00:15.073Z,200,bf3f68e5906e25ac7b8bfabef6c0d81bdfd1d309
536,d2.-r1.d1.d2.f0.r3.f1.d0.f3.f2.d2.-d0.-f2.-d2.d3.-r2.-d3.r0.d2.-d0.r2.f0.d1.-f1.d1.d2.-r0.-d3.r0.-d1.-r0.f2.d3.r3.d3.r0.-f1.-r0.-d3.-r0.-r0.f3.-r0.f1.r0,45,019fe8a9-93b2-7c10-9f80-51331c7a648a,results/v1/cayley-py-444-cube/cayleypy-96-24-b1f3fc405bc56fff/536/2026-08-09/019fe8a9-93b2-7c10-9f80-51331c7a648a.json,2026-08-09T22:34:11.737Z,201,bf3f68e5906e25ac7b8bfabef6c0d81bdfd1d309
537,-f0.-f0.r3.-d3.-d0.r1.-r0.-f2.f1.-f2.-r0.-d3.r2.d1.-f3.-r2.d1.d1.-d3.r3.f0.-r3.d3.-f0.r3.f1.d1.-f1.-r3.-f0.-r1.r3.r3.-f1.r1.-d3.f1.-d2.r2.d2.-r3.-f1.-r2.r3.d3.-r3.r2.f1,48,019fe8a3-a67e-7fee-83f6-c9780ae0c783,results/v1/cayley-py-444-cube/cayleypy-96-24-b1f3fc405bc56fff/537/2026-08-09/019fe8a3-a67e-7fee-83f6-c9780ae0c783.json,2026-08-09T22:27:46.188Z,202,bf3f68e5906e25ac7b8bfabef6c0d81bdfd1d309
538,d3.-r2.d3.-r3.d3.r2.r2.-d1.f0.-d1.-r1.d3.-f0.-d0.r3.d0.-f3.d2.-r2.-r3.-f1.-d2.-r1.d2.d1.r1.f1.r3.-r1.-f1.-f1.r2.-f1.-r2.f3.d2.-r3.r1.-f1.r3.-r1.d2.d2.r0.d1,45,019fe875-7b11-75d8-9742-4b5f2286d501,results/v1/cayley-py-444-cube/cayleypy-96-24-b1f3fc405bc56fff/538/2026-08-09/019fe875-7b11-75d8-9742-4b5f2286d501.json,2026-08-09T21:37:20.355Z,203,bf3f68e5906e25ac7b8bfabef6c0d81bdfd1d309
540,d1.r2.-f1.f3.r3.f0.d0.r1.d0.r3.-d1.-r1.f2.-d2.r2.-d3.-f2.-r0.f1.f3.r2.d0.f1.-d0.-r2.d0.-f0.-f3.f1.-d3.d1.-f2.-d1.d3.f0.d2.d0.-f1.-r2.f1.r2.-d2.r0.f3.-r2,45,019fe845-967b-78d3-b91f-959891c79bfe,results/v1/cayley-py-444-cube/cayleypy-96-24-b1f3fc405bc56fff/540/2026-08-09/019fe845-967b-78d3-b91f-959891c79bfe.json,2026-08-09T20:45:01.718Z,204,bf3f68e5906e25ac7b8bfabef6c0d81bdfd1d309
541,-r1.d0.-r1.-d3.f1.-d3.-f3.r0.d1.r0.d2.-r2.-f1.d0.r2.d0.-r0.d2.r3.f0.-r3.-f2.-f2.d0.-f3.-r1.f2.r1.f3.-d2.-d0.r3.f1.d1.f1.-f0.f2.-d1.-f2.r1.d1.f0.-f1.-d1.-f2.-d3,46,019fe890-e42d-742d-822d-0f61588c5dcf,results/v1/cayley-py-444-cube/cayleypy-96-24-b1f3fc405bc56fff/541/2026-08-09/019fe890-e42d-742d-822d-0f61588c5dcf.json,2026-08-09T22:07:16.804Z,205,bf3f68e5906e25ac7b8bfabef6c0d81bdfd1d309
542,-d0.f3.-f1.d2.-r1.-f3.-r3.-f1.d3.f0.-r0.d3.f3.-r1.d1.r2.r0.d0.r2.-d1.-r2.-r2.-f0.r2.-f1.r2.f0.f0.d1.r2.f1.-r1.-d0.d3.r2.f2.-r3.-r1.-d1.r3.d1.r1.-f2.-r2.-d3,45,019fe851-5320-7d7e-a6c9-534e5e1efd64,results/v1/cayley-py-444-cube/cayleypy-96-24-b1f3fc405bc56fff/542/2026-08-09/019fe851-5320-7d7e-a6c9-534e5e1efd64.json,2026-08-09T20:57:51.050Z,206,bf3f68e5906e25ac7b8bfabef6c0d81bdfd1d309
543,f0.r2.d0.r0.f3.-f2.-r0.-r0.-d2.-r1.r3.d3.d0.r2.-d0.f1.f2.-f3.-d0.-f2.r3.f3.-r3.-f1.r1.f3.-r1.-d1.-r2.f2.r1.d3.f1.-d3.-r1.f1.-r2.r1.d3.-r1.-d1.f2.-d1.f2.r1.-f2.-d3.-d1,48,019fe86b-3973-758f-8eda-83b501150d5c,results/v1/cayley-py-444-cube/cayleypy-96-24-b1f3fc405bc56fff/543/2026-08-09/019fe86b-3973-758f-8eda-83b501150d5c.json,2026-08-09T21:26:08.137Z,207,bf3f68e5906e25ac7b8bfabef6c0d81bdfd1d309
544,f0.-f2.-r1.r3.f0.r3.-f3.d1.-r0.-f0.-f0.r2.f1.-f3.d1.-r3.r1.d3.r3.-d3.-f2.-d1.-f1.d3.-r2.d3.r2.d3.f1.d3.d1.-r1.f2.-d1.r1.d3.-f3.-d3.r1.f1.r1.r1.-f1.d1.r1,45,019fe852-644d-7bfa-89f7-de6229284f99,results/v1/cayley-py-444-cube/cayleypy-96-24-b1f3fc405bc56fff/544/2026-08-09/019fe852-644d-7bfa-89f7-de6229284f99.json,2026-08-09T20:59:00.769Z,208,bf3f68e5906e25ac7b8bfabef6c0d81bdfd1d309
545,r2.-d1.f3.-d0.f2.-d0.-f0.r3.r3.f3.f2.f0.f0.d3.f1.d0.f0.-f3.-f3.-d1.-r2.f2.-d2.r1.d0.-r1.-f2.-d2.r1.d1.d2.-f3.-d2.f1.f1.-d2.-d2.f1.f1.r2.d3.-f3,42,019fe81b-5a2c-7e8b-bec5-29a1252dc5d4,results/v1/cayley-py-444-cube/cayleypy-96-24-b1f3fc405bc56fff/545/2026-08-09/019fe81b-5a2c-7e8b-bec5-29a1252dc5d4.json,2026-08-09T19:58:53.922Z,209,bf3f68e5906e25ac7b8bfabef6c0d81bdfd1d309
546,f3.-r0.f0.-r3.d0.-r3.-d3.-f0.d0.d3.-r1.f1.-r3.-d1.-f3.d1.d3.d1.f2.f0.r0.-f0.-r0.d2.f2.r2.f2.d1.-r2.f1.-d0.-d1.r0.f1.-d0.f1.d0.-f1.-r0.d0.-r0.-f2.r0.-f1.-d2,45,019fe840-d544-78af-9c6f-94aec0e6e4c7,results/v1/cayley-py-444-cube/cayleypy-96-24-b1f3fc405bc56fff/546/2026-08-09/019fe840-d544-78af-9c6f-94aec0e6e4c7.json,2026-08-09T20:39:50.210Z,210,bf3f68e5906e25ac7b8bfabef6c0d81bdfd1d309
547,r1.-r0.d2.r3.f0.r3.-d3.-r0.-d3.f0.r1.r2.d3.f2.-f1.r3.f2.f1.d0.f2.-d0.r2.d2.-f1.-d2.-r2.d1.d0.r2.-d3.-r3.-f1.-d2.r2.r2.f1.d2.r2.f2.-r0.-d2.r0.f0.-r0.d2.r0,46,019fe863-86f8-787c-b4f2-6e4e8e25e608,results/v1/cayley-py-444-cube/cayleypy-96-24-b1f3fc405bc56fff/547/2026-08-09/019fe863-86f8-787c-b4f2-6e4e8e25e608.json,2026-08-09T21:17:43.917Z,211,bf3f68e5906e25ac7b8bfabef6c0d81bdfd1d309
551,d3.f1.-r3.r2.-f2.r2.f1.r3.-f3.r0.f1.-d3.f3.-d3.-r0.f1.-r2.-d2.r2.f2.-r2.d2.f0.-d3.-f2.-d1.-r1.d1.-r1.f1.-r1.-r1.f1.f1.-r0.-d3.f1.r0.r2.d0.-r0.-f1.r0.-d0.-r3.-r0,46,019fd51f-65a3-721a-a4f3-1ec794de3fb8,results/v1/cayley-py-444-cube/cayleypy-96-24-b1f3fc405bc56fff/551/2026-08-06/019fd51f-65a3-721a-a4f3-1ec794de3fb8.json,2026-08-06T03:30:31.567Z,212,bf3f68e5906e25ac7b8bfabef6c0d81bdfd1d309
556,-f3.-r0.f3.-d2.f1.r0.-d3.-f0.-r2.-d0.f3.f0.-d1.-r2.f1.-r0.-d2.-d2.-r2.-f3.-d3.-d0.-f0.-f1.d3.r0.-d0.-r2.-f2.-d2.r2.-d1.f0.d1.-f0.d3.d2.-r1.-d3.f2.-d1.d3.r1.-d3.d0,45,019fc95e-85fe-781d-a102-e47d11bf7d68,results/v1/cayley-py-444-cube/cayleypy-96-24-b1f3fc405bc56fff/556/2026-08-03/019fc95e-85fe-781d-a102-e47d11bf7d68.json,2026-08-03T20:44:02.045Z,213,bf3f68e5906e25ac7b8bfabef6c0d81bdfd1d309
556,-f3.-r0.f3.-d2.f1.r0.-d3.-f0.-r2.-d0.f3.f0.-d1.-r2.f1.-r0.-d2.-d2.-r2.-f3.-d3.-d0.-f0.-f1.d3.r0.-d0.-r2.-f2.-d2.r2.-d1.f0.d1.-f0.d3.d2.-r1.-d3.f2.-d1.d3.r1.-d3.d0,45,019fd81c-ab8a-722c-a3f2-37521b3bb51d,results/v1/cayley-py-444-cube/cayleypy-96-24-b1f3fc405bc56fff/556/2026-08-06/019fd81c-ab8a-722c-a3f2-37521b3bb51d.json,2026-08-06T17:26:24.550Z,214,bf3f68e5906e25ac7b8bfabef6c0d81bdfd1d309
558,-d3.f0.r2.-d2.d1.-r0.d0.f3.-r1.-d0.r0.d1.d2.r2.f3.r1.d0.-f3.d0.f3.r3.d1.r3.-d1.-f2.r1.d3.d0.f2.-d0.-f2.-d3.-f1.d0.f1.-d1.-f1.d0.f2.-d3.-f2.d0.d0.f2.d3.f1.f0,47,019fdb1c-90a2-7927-bd14-bd668055c8da,results/v1/cayley-py-444-cube/cayleypy-96-24-b1f3fc405bc56fff/558/2026-08-07/019fdb1c-90a2-7927-bd14-bd668055c8da.json,2026-08-07T07:25:09.567Z,215,bf3f68e5906e25ac7b8bfabef6c0d81bdfd1d309
560,-d1.-r0.d3.f2.-f0.-f0.r2.-d0.f3.-d1.r0.-r1.-r2.f2.f0.r0.-f0.r3.f3.-r2.d2.-f2.-d2.-r1.f1.r0.-f1.f2.r3.d2.f2.-r2.d2.f1.f1.-d2.-r2.f0.-f2.f3.d1.-f0.-r3,43,019fc900-6a81-7610-881d-bc5d54b871b6,results/v1/cayley-py-444-cube/cayleypy-96-24-b1f3fc405bc56fff/560/2026-08-03/019fc900-6a81-7610-881d-bc5d54b871b6.json,2026-08-03T19:01:14.505Z,216,bf3f68e5906e25ac7b8bfabef6c0d81bdfd1d309
573,-f2.r1.-f0.r3.d0.d1.r3.r1.f2.r0.f0.r0.d3.d2.-f3.f2.-d3.-r0.-d2.r0.-r3.d1.-f2.f3.-d2.f2.-f3.r1.-d3.-f1.r2.f2.-d1.f1.r2.-d1.f0.-f2.-r2.f1.f2.r2.-f0.-r2,44,019fcb41-aa31-7591-8396-56e1de58a859,results/v1/cayley-py-444-cube/cayleypy-96-24-b1f3fc405bc56fff/573/2026-08-04/019fcb41-aa31-7591-8396-56e1de58a859.json,2026-08-04T05:31:45.176Z,217,bf3f68e5906e25ac7b8bfabef6c0d81bdfd1d309
573,-f2.r1.-f0.r3.d0.d1.r3.r1.f2.r0.f0.r0.d3.d2.f2.-f3.-d3.-r0.-d2.r0.-r3.d1.-f2.f3.-d2.-f3.f2.r1.-d3.-f1.r2.f2.-d1.f1.r2.-d1.f0.-f2.-r2.f1.f2.r2.-f0.-r2,44,019fe703-b2e2-730d-8341-994cccb46ed9,results/v1/cayley-py-444-cube/cayleypy-96-24-b1f3fc405bc56fff/573/2026-08-09/019fe703-b2e2-730d-8341-994cccb46ed9.json,2026-08-09T14:53:26.096Z,218,bf3f68e5906e25ac7b8bfabef6c0d81bdfd1d309
575,-d2.d3.-f3.-f3.-d3.-r2.f2.-r0.d3.-d0.r1.-f1.-r1.-f0.-r3.f3.-r3.r2.-f2.d3.r2.f2.f2.r2.f2.r2.-r3.-f0.r2.-f2.-r2.d0.-f1.r2.f1.-d0.r3.f3.f1.r2.-f1.-r3.f1.-d2.-r2.d2.f1.f1,48,019fc492-ab12-7cd4-9c48-33d8ea6a8235,results/v1/cayley-py-444-cube/cayleypy-96-24-b1f3fc405bc56fff/575/2026-08-02/019fc492-ab12-7cd4-9c48-33d8ea6a8235.json,2026-08-02T22:22:52.979Z,219,bf3f68e5906e25ac7b8bfabef6c0d81bdfd1d309
577,r1.f2.r2.f0.-d0.r1.r0.d2.-r2.f3.r1.-d3.-r1.-r3.f1.f1.r2.r2.-r1.d0.f3.r3.-d3.-d0.-r2.-d0.r1.f1.d0.-r2.d1.-f1.r2.-d0.r0.-f3.-f1.r0.f1.-r0.-f2.f3.-f2.-r1.f2.f2.-r2.d2,48,019fe7e9-fd52-7ff6-a9e0-5f0819722298,results/v1/cayley-py-444-cube/cayleypy-96-24-b1f3fc405bc56fff/577/2026-08-09/019fe7e9-fd52-7ff6-a9e0-5f0819722298.json,2026-08-09T19:04:58.811Z,220,bf3f68e5906e25ac7b8bfabef6c0d81bdfd1d309
581,-d3.-d1.f0.d1.f2.-d2.d3.f3.-f1.f2.-r0.-f0.-d1.-r3.-r2.-f3.-f3.-r0.f3.-f2.-r1.-f0.-d2.-f3.d2.-f1.d2.-f3.-r2.-d2.-f2.d0.-f3.-d0.-r0.-d3.-r3.f0.f2.-d2.f2.f1.f3.-r1.-f2.d3,46,019fd2f4-9251-76e2-9b44-448f6de0bfd7,results/v1/cayley-py-444-cube/cayleypy-96-24-b1f3fc405bc56fff/581/2026-08-05/019fd2f4-9251-76e2-9b44-448f6de0bfd7.json,2026-08-05T17:24:30.329Z,221,bf3f68e5906e25ac7b8bfabef6c0d81bdfd1d309
582,-r2.-f1.r3.d2.r1.-d3.f0.r3.f2.-d0.-r2.-d1.-d3.d0.r2.-d1.-d0.-f0.-r2.d3.-f0.-r3.-d2.-d2.-f2.d0.f2.r2.d0.f2.r1.-d2.r2.d2.r3.-f2.d2.f2.-d2.r0.d2.-f2.-r2.-d2.r1,45,019fd2dd-586f-766b-80be-e56da1a1eecf,results/v1/cayley-py-444-cube/cayleypy-96-24-b1f3fc405bc56fff/582/2026-08-05/019fd2dd-586f-766b-80be-e56da1a1eecf.json,2026-08-05T16:59:08.244Z,222,bf3f68e5906e25ac7b8bfabef6c0d81bdfd1d309
594,-d1.-r2.-d2.-d3.-r3.f0.r2.d0.-f2.d0.f0.-d3.d2.-r3.-f0.d0.f0.-r3.-r3.d3.-d0.r3.f0.-r3.f0.r0.r2.d0.f1.-d0.-r0.d1.f3.-f1.-d1.f1.r1.-f3.r1.d0.-f1.-r1.-f0.-f2.d2.f2.f0,47,019fe3bd-01ec-7085-80d5-ce122c1ce0c3,results/v1/cayley-py-444-cube/cayleypy-96-24-b1f3fc405bc56fff/594/2026-08-08/019fe3bd-01ec-7085-80d5-ce122c1ce0c3.json,2026-08-08T23:37:21.828Z,223,bf3f68e5906e25ac7b8bfabef6c0d81bdfd1d309
598,-d2.-f3.r2.d3.r1.-d0.d2.-r1.f0.-r2.r3.-d2.r0.d0.-d2.f0.r3.f3.d3.-f0.-f3.-d0.-f2.-d0.f3.d0.-f2.r1.f1.-d2.d1.-f1.-d1.f2.d2.-r3.-d2.-d2.r3.-r1.-f2.-d0.r2.f2.-r2,45,019fce0c-a014-7664-96aa-090baf5f783e,results/v1/cayley-py-444-cube/cayleypy-96-24-b1f3fc405bc56fff/598/2026-08-04/019fce0c-a014-7664-96aa-090baf5f783e.json,2026-08-04T18:32:41.080Z,224,bf3f68e5906e25ac7b8bfabef6c0d81bdfd1d309
600,r3.f0.-r3.f1.-r1.d3.f1.r0.-f0.-f2.-d0.d3.r2.-r0.d1.f1.-f2.-d1.-d2.-f0.-d1.-r0.f0.-r3.d1.f0.-d1.-f0.-d3.-d0.r2.d1.f0.r1.-d3.-r1.d3.-d0.f3.-r2.-f3.d0.-r1.-f0.r1,45,019fdaed-3a64-7ba9-be9e-ce6099b8cb8b,results/v1/cayley-py-444-cube/cayleypy-96-24-b1f3fc405bc56fff/600/2026-08-07/019fdaed-3a64-7ba9-be9e-ce6099b8cb8b.json,2026-08-07T06:33:27.063Z,225,bf3f68e5906e25ac7b8bfabef6c0d81bdfd1d309
602,-f0.-f1.-r0.-r0.d3.-f2.r0.d2.-r1.d3.d3.-f3.-f3.r0.-d3.-r2.-d1.-r0.d1.r2.f3.d3.-r3.-f3.-d1.d0.-f1.-d1.r3.f1.-r3.-d0.-r0.f1.-r1.-f2.d1.f2.d1.-r3.f2.-r2.-f2.r2.f2.r3.-d1,47,019fe33a-d2da-7221-9665-67f707c2ddd1,results/v1/cayley-py-444-cube/cayleypy-96-24-b1f3fc405bc56fff/602/2026-08-08/019fe33a-d2da-7221-9665-67f707c2ddd1.json,2026-08-08T21:15:09.974Z,226,bf3f68e5906e25ac7b8bfabef6c0d81bdfd1d309
604,-d2.r0.-f0.-d1.-r0.-r3.-f3.d2.-r0.r1.-f0.-r2.f3.-d3.-r0.d3.d2.-r3.f0.r3.d1.-r3.r2.-f2.-r2.-f0.-d2.f0.-r1.f2.d2.d2.-r3.-d2.r3.f0.f1.-r2.-f0.r2.r1.-f1.-r2.f0.r2,45,019fce00-32cd-7dd6-b8a8-f5028869fe1c,results/v1/cayley-py-444-cube/cayleypy-96-24-b1f3fc405bc56fff/604/2026-08-04/019fce00-32cd-7dd6-b8a8-f5028869fe1c.json,2026-08-04T18:19:06.310Z,227,bf3f68e5906e25ac7b8bfabef6c0d81bdfd1d309
614,f0.d1.-r2.r0.-d0.-f0.-d3.f3.d0.r2.r1.f3.-r3.f1.-r0.-f3.-r2.-d3.-f3.r2.-f3.d3.-f1.d2.-r0.f1.r1.r0.f1.-d2.f3.d1.-f2.-r2.-d1.-f3.d1.-r2.f1.d1.r2.d1.-f1.d2.-r1,45,019fcefe-2958-74ca-ad70-96fb253e29b4,results/v1/cayley-py-444-cube/cayleypy-96-24-b1f3fc405bc56fff/614/2026-08-04/019fcefe-2958-74ca-ad70-96fb253e29b4.json,2026-08-04T22:56:30.368Z,228,bf3f68e5906e25ac7b8bfabef6c0d81bdfd1d309
622,-r2.f3.-d3.f2.r3.d0.r1.f1.r1.f3.-d3.r2.-d1.d2.r3.f1.d0.-r3.r0.f1.-r3.-f1.d3.d2.-r1.d0.-r1.-d3.-d2.-r1.-f1.d2.f2.-d2.-r1.-r1.f3.-r1.-f3.f2.-r1.-d1.f1.d1.-f2,45,019fe807-52e5-74b3-b82f-e6315eab6563,results/v1/cayley-py-444-cube/cayleypy-96-24-b1f3fc405bc56fff/622/2026-08-09/019fe807-52e5-74b3-b82f-e6315eab6563.json,2026-08-09T19:37:01.331Z,229,bf3f68e5906e25ac7b8bfabef6c0d81bdfd1d309
623,d3.-r1.-r3.-d2.-r3.f0.-r2.-d1.r1.-d0.-r1.-f3.-r1.-d0.f0.-r2.-f1.r2.f2.-d3.f0.-f3.-f1.-r1.-d1.-f2.r1.f3.-r1.f2.-f3.r3.-f0.-r2.f1.-r2.-d2.r2.-r3.-d2.r3.f2.-d2.-f2,44,019fe7f6-61ad-713b-a46d-a910fc6f044a,results/v1/cayley-py-444-cube/cayleypy-96-24-b1f3fc405bc56fff/623/2026-08-09/019fe7f6-61ad-713b-a46d-a910fc6f044a.json,2026-08-09T19:18:30.773Z,230,bf3f68e5906e25ac7b8bfabef6c0d81bdfd1d309
624,-r2.-d3.f0.-d0.-r3.d3.f1.-f3.-d3.-f3.-r3.r2.-r3.f1.-r0.-f2.-r2.-f0.f3.-r1.-d1.f3.d2.-f0.f2.r1.f0.f0.-d3.-r1.d1.-f2.-d2.r3.r1.f2.-d0.f1.-d1.-d1.-r2.-f1.r2.d0.f2.-d1.-f2,47,019fe840-d075-7069-a906-e2ff129003f0,results/v1/cayley-py-444-cube/cayleypy-96-24-b1f3fc405bc56fff/624/2026-08-09/019fe840-d075-7069-a906-e2ff129003f0.json,2026-08-09T20:39:48.811Z,231,bf3f68e5906e25ac7b8bfabef6c0d81bdfd1d309
625,-r2.d0.-r0.-r2.-d3.-f0.-r3.f3.r1.-d1.f1.d0.-r0.-d1.f1.-r2.r3.-d1.-r0.-d3.-r3.f0.d3.r2.-r0.-d0.f1.-r1.d0.f1.-d0.r1.d1.r2.d1.-f2.-d1.r2.-d1.-f1.f2.r3.-d2.r2.d2.-r3,46,019fe811-9a10-788a-a522-2e2c08c162be,results/v1/cayley-py-444-cube/cayleypy-96-24-b1f3fc405bc56fff/625/2026-08-09/019fe811-9a10-788a-a522-2e2c08c162be.json,2026-08-09T19:48:14.911Z,232,bf3f68e5906e25ac7b8bfabef6c0d81bdfd1d309
626,-d3.f0.r1.-f3.f1.-r3.f3.r1.-f2.-r0.f2.-d1.-f0.d3.r0.-f3.-d1.d3.-f1.-d1.f0.-d3.-d0.-f2.-d2.r3.d3.-f0.r1.f0.-f2.d2.f1.-d1.f3.f2.r0.f1.f0.-r2.-d2.-f1.d2.r1.-f0,45,019fe7ed-7557-72b1-8ef1-5f0f21ddbe8e,results/v1/cayley-py-444-cube/cayleypy-96-24-b1f3fc405bc56fff/626/2026-08-09/019fe7ed-7557-72b1-8ef1-5f0f21ddbe8e.json,2026-08-09T19:08:46.520Z,233,bf3f68e5906e25ac7b8bfabef6c0d81bdfd1d309
627,r1.f2.d2.d3.-r3.-r2.-f2.-r3.-d2.f0.-f3.-d0.f0.-f3.r3.-r0.-f0.d0.f0.d0.d0.r1.r1.-d0.f2.-r3.r0.d0.-r0.d3.r3.-d1.r0.f1.d1.-r3.-d3.f1.d1.d1.-f1.-d1.d3.-f1.d1.d1.f1.-d1,48,019fe7ee-2102-7e8b-b845-31a6e3d84a09,results/v1/cayley-py-444-cube/cayleypy-96-24-b1f3fc405bc56fff/627/2026-08-09/019fe7ee-2102-7e8b-b845-31a6e3d84a09.json,2026-08-09T19:09:30.309Z,234,bf3f68e5906e25ac7b8bfabef6c0d81bdfd1d309
628,d1.-f2.d3.r0.-d0.f2.-r2.-f1.r0.d2.r1.-f0.-d1.-f0.d2.-f1.f0.r1.d0.d2.-r0.-d1.r2.d1.-d0.-f0.r0.f0.d2.-r1.-f3.-f2.-r1.f2.r1.-f0.-d2.f0.f3.f0.-d3.r1.-d1.-r1.d3,45,019fd309-2a2c-7246-b17f-b2e59a7c8d56,results/v1/cayley-py-444-cube/cayleypy-96-24-b1f3fc405bc56fff/628/2026-08-05/019fd309-2a2c-7246-b17f-b2e59a7c8d56.json,2026-08-05T17:47:00.154Z,235,bf3f68e5906e25ac7b8bfabef6c0d81bdfd1d309
628,d1.-f2.d3.r0.-d0.f2.-r2.-f1.r0.d2.r1.-f0.-d1.-f0.d2.-f1.f0.r1.d0.d2.-r0.-d1.r2.d1.-d0.-f0.r0.f0.d2.-r1.-f3.-f2.-r1.f2.r1.-f0.-d2.-f0.f3.-f0.-d3.r1.-d1.-r1.d3,45,019fdab5-52f5-707f-b42e-c9f2597d708a,results/v1/cayley-py-444-cube/cayleypy-96-24-b1f3fc405bc56fff/628/2026-08-07/019fdab5-52f5-707f-b42e-c9f2597d708a.json,2026-08-07T05:32:23.468Z,236,bf3f68e5906e25ac7b8bfabef6c0d81bdfd1d309
628,d1.-f2.d3.r0.-d0.f2.-r2.-f1.r0.d2.r1.-f0.-d1.-f0.d2.-f1.f0.r1.d0.d2.-r0.-d1.r2.d1.-d0.-f0.r0.f0.d2.-r1.-f3.-f2.-r1.f2.r1.-f0.-d2.-f0.f3.-f0.-d3.r1.-d1.-r1.d3,45,019fe7ed-9522-7451-819f-bfb98f6d296b,results/v1/cayley-py-444-cube/cayleypy-96-24-b1f3fc405bc56fff/628/2026-08-09/019fe7ed-9522-7451-819f-bfb98f6d296b.json,2026-08-09T19:08:54.691Z,237,bf3f68e5906e25ac7b8bfabef6c0d81bdfd1d309
629,-d3.r2.-d0.-d0.-r0.-f1.r1.-d3.-d1.d0.-r2.-r2.-f0.d1.d3.f0.-d1.-r1.-d3.-f1.-r0.d0.d0.f3.-r3.d0.f1.r3.r1.-f1.-r1.d1.-f1.-d1.r3.r0.r0.-d2.-r0.f1.-r2.d1.r2.-d1.-f1.r0,46,019fe7f9-4660-70d8-a00a-74036924a51b,results/v1/cayley-py-444-cube/cayleypy-96-24-b1f3fc405bc56fff/629/2026-08-09/019fe7f9-4660-70d8-a00a-74036924a51b.json,2026-08-09T19:21:40.381Z,238,bf3f68e5906e25ac7b8bfabef6c0d81bdfd1d309
630,-d3.r2.r0.d0.f2.r3.-d2.-f2.-f3.-d2.-d3.-d1.-f0.-f2.-r3.-r2.f0.r2.-r3.-r1.f2.r3.-f1.r3.f1.-d0.-f1.d3.f1.-d3.r3.-f1.-r2.-d0.-d3.-r2.-d2.-d2.d3.f1.-d2.r2.-f1.d0.f1.r2.f1,47,019fe7cc-e6e6-75a7-ab3e-d9263b752c9d,results/v1/cayley-py-444-cube/cayleypy-96-24-b1f3fc405bc56fff/630/2026-08-09/019fe7cc-e6e6-75a7-ab3e-d9263b752c9d.json,2026-08-09T18:33:12.266Z,239,bf3f68e5906e25ac7b8bfabef6c0d81bdfd1d309
631,d1.-r1.-f0.r1.-f1.r3.-f3.-r2.-r2.-d0.r1.d2.r0.-d3.f0.f3.d0.f3.f2.d0.-d3.r3.f2.-r3.d3.-r0.-f2.r0.f3.f2.r3.-d0.-r0.-d0.-d3.r3.r0.f2.r3.-f2.r3.r3.-r0.-f1.-r3.f1.r3.-f1,48,019fe833-c84b-7e1d-b1d4-655e5e51860f,results/v1/cayley-py-444-cube/cayleypy-96-24-b1f3fc405bc56fff/631/2026-08-09/019fe833-c84b-7e1d-b1d4-655e5e51860f.json,2026-08-09T20:25:34.744Z,240,bf3f68e5906e25ac7b8bfabef6c0d81bdfd1d309
632,d2.r3.-f0.d0.-r3.-f0.-f1.r2.r0.r2.-r3.d3.f1.-r1.f3.-d0.-d3.-f3.d0.-r1.-f1.-f3.r1.-f0.-r1.-f0.d1.-r2.-d1.r2.d1.f1.-d1.f0.-d2.r0.-f1.-d2.f1.-r0.f3.d0.f0.-r1.-f0,45,019fe7cd-90f1-750a-8e44-86b0cb9c0ef8,results/v1/cayley-py-444-cube/cayleypy-96-24-b1f3fc405bc56fff/632/2026-08-09/019fe7cd-90f1-750a-8e44-86b0cb9c0ef8.json,2026-08-09T18:33:56.130Z,241,bf3f68e5906e25ac7b8bfabef6c0d81bdfd1d309
632,d2.r3.-f0.d0.-r3.-f0.-f1.r2.r0.r2.-r3.d3.f1.-r1.f3.-d3.-d0.-f3.d0.-r1.-f1.-f3.r1.-f0.-r1.d1.-r2.f1.-d1.-r2.-d2.r2.r2.r0.-f1.-d2.f1.-r0.f3.d0.f0.-d2.-f2.d2.f2.-r1.-f0,47,019fc39a-9a32-721a-84f8-77de01430b89,results/v1/cayley-py-444-cube/cayleypy-96-24-b1f3fc405bc56fff/632/2026-08-02/019fc39a-9a32-721a-84f8-77de01430b89.json,2026-08-02T17:51:56.070Z,242,bf3f68e5906e25ac7b8bfabef6c0d81bdfd1d309
633,f0.-d2.-f1.-d3.-r2.r3.-d1.-f2.d3.-r3.f0.-d1.-d2.-r0.-f2.r0.-f3.-r1.d1.-r0.-d0.-d1.-r0.d0.r0.-f0.r3.d0.r1.-d2.-r1.-f0.r2.f2.-r2.f0.d1.f2.-d0.r2.f2.-d1.-f2.r1.-d1.-r2,46,019fe7cd-ead6-7be3-8b06-d41b7e00b786,results/v1/cayley-py-444-cube/cayleypy-96-24-b1f3fc405bc56fff/633/2026-08-09/019fe7cd-ead6-7be3-8b06-d41b7e00b786.json,2026-08-09T18:34:16.224Z,243,bf3f68e5906e25ac7b8bfabef6c0d81bdfd1d309
633,f0.-d2.-f1.-d3.r3.-d1.-f2.-r2.d3.-r3.f0.-d1.-d2.-f3.-r1.d1.-r0.-d1.-d0.-r0.d0.r0.-f0.r3.-d3.-d1.f2.f1.-r1.f0.r2.f3.r1.-f3.-r1.-r2.d2.d1.-f2.-d2.r1.-f0.-d2.-f1.d2.-r1.d3.r1,48,019fc39a-9a31-72fa-8526-f319ee0ec4ba,results/v1/cayley-py-444-cube/cayleypy-96-24-b1f3fc405bc56fff/633/2026-08-02/019fc39a-9a31-72fa-8526-f319ee0ec4ba.json,2026-08-02T17:51:56.140Z,244,bf3f68e5906e25ac7b8bfabef6c0d81bdfd1d309
634,-f2.-d1.r0.-f3.r3.f3.r0.-d0.-r1.f0.-d3.d0.r1.f3.d0.r2.f3.-r2.-d0.-r1.-f0.-r3.f1.d1.f1.r3.-d0.-f1.d0.-f1.f2.-d2.r2.-d2.r3.-d0.r2.d2.f2.d2.-f2.-r2.d0.-r3.-r2,45,019fe81a-558a-7380-8aee-f568e9c06e45,results/v1/cayley-py-444-cube/cayleypy-96-24-b1f3fc405bc56fff/634/2026-08-09/019fe81a-558a-7380-8aee-f568e9c06e45.json,2026-08-09T19:57:46.939Z,245,bf3f68e5906e25ac7b8bfabef6c0d81bdfd1d309
634,-f3.-d0.f3.r3.-r0.-f0.r2.-f0.r0.-d1.r1.-f3.f1.r1.r1.-f1.r3.-f0.d0.r0.d0.d1.-f3.d1.f3.r1.d0.-d1.d0.r2.d0.-f3.r2.f3.r2.f2.r2.-f2.f1.-d2.r2.-d2.r2.d0.-r2.d2.r2.-f1.r2,49,019fc39a-9a6b-73aa-b46f-cf299fafdd88,results/v1/cayley-py-444-cube/cayleypy-96-24-b1f3fc405bc56fff/634/2026-08-02/019fc39a-9a6b-73aa-b46f-cf299fafdd88.json,2026-08-02T17:51:56.163Z,246,bf3f68e5906e25ac7b8bfabef6c0d81bdfd1d309
635,d1.f0.-r1.-f0.-d0.f2.r0.f2.-r3.-f1.-d0.f2.-d3.r3.d2.r3.-f2.d0.f2.-r3.d1.d0.r3.-d3.-r3.d0.r1.-d0.r3.r1.f3.-r3.d0.-f3.d1.-d3.f2.-d1.f3.d1.-f2.-d1.-d0.f0,44,019fe7c9-f5d7-7ab5-a5dc-8fb0a46c828a,results/v1/cayley-py-444-cube/cayleypy-96-24-b1f3fc405bc56fff/635/2026-08-09/019fe7c9-f5d7-7ab5-a5dc-8fb0a46c828a.json,2026-08-09T18:29:59.480Z,247,bf3f68e5906e25ac7b8bfabef6c0d81bdfd1d309
635,-r2.-f0.d1.r1.-d3.r3.f2.r3.-f2.r1.-d0.r3.f0.-d0.-f0.d3.r3.r3.-d0.-r3.d2.d1.-d0.-f3.-d3.r1.-f0.r2.f0.f2.d3.-f1.d0.-r2.-d0.f3.r2.d1.-r2.d3.r2.-d3.f1.d3.-r2.-d3.d0.-r1,48,019fc39a-9a30-709c-bd77-1bf092a86b2c,results/v1/cayley-py-444-cube/cayleypy-96-24-b1f3fc405bc56fff/635/2026-08-02/019fc39a-9a30-709c-bd77-1bf092a86b2c.json,2026-08-02T17:51:56.185Z,248,bf3f68e5906e25ac7b8bfabef6c0d81bdfd1d309
636,r2.-d3.r2.-f3.-r0.-d2.d3.f0.d2.r2.-d0.r1.-f2.-d1.f1.r1.r3.d3.r3.-r2.-r0.-f3.r1.-d2.r1.f1.-d2.-d2.r2.-f1.r0.f1.-r0.f1.r0.-f1.r1.d2.r1.-d2.-r1,41,019fc3be-4e26-7cac-8637-25bd2f25bd6f,results/v1/cayley-py-444-cube/cayleypy-96-24-b1f3fc405bc56fff/636/2026-08-02/019fc3be-4e26-7cac-8637-25bd2f25bd6f.json,2026-08-02T18:30:55.854Z,249,bf3f68e5906e25ac7b8bfabef6c0d81bdfd1d309
636,r2.-d3.r2.-f3.-r0.d3.-d2.f0.d2.r2.-d0.r1.-f2.-d1.f1.r1.r3.d3.r3.-r0.-r2.-f3.r1.-d2.r1.f1.-d2.-d2.r2.-f1.r0.f1.-r0.f1.r0.-f1.r1.d2.r1.-d2.-r1,41,019fe7a2-c6fc-75f6-b131-3ce96ded9341,results/v1/cayley-py-444-cube/cayleypy-96-24-b1f3fc405bc56fff/636/2026-08-09/019fe7a2-c6fc-75f6-b131-3ce96ded9341.json,2026-08-09T17:47:10.275Z,250,bf3f68e5906e25ac7b8bfabef6c0d81bdfd1d309
637,-d0.-r1.-f3.d0.d1.-f2.-d0.-f2.d2.r3.r1.d2.f3.-r3.f0.d3.-f3.f0.-d0.f0.d3.-f0.-r0.-f0.-r1.-f0.d0.d3.-r0.-d3.-d0.r3.-f3.-r3.f0.-r0.-f1.r1.f1.d1.-r1.-d1.r2.d2.f1.-d2,46,019fe7fe-b195-7fb7-90d3-8d6d9688c87c,results/v1/cayley-py-444-cube/cayleypy-96-24-b1f3fc405bc56fff/637/2026-08-09/019fe7fe-b195-7fb7-90d3-8d6d9688c87c.json,2026-08-09T19:27:35.636Z,251,bf3f68e5906e25ac7b8bfabef6c0d81bdfd1d309
637,-f0.-d3.f0.-r3.f0.r1.-d3.d0.r1.r0.-f0.-d0.-r1.-r0.-f0.-r2.-f3.r2.f0.-d1.-r0.-f3.-r0.d1.-r0.d1.f2.-d1.f2.r0.d1.r0.r0.-f0.-r1.r3.f2.r2.f1.-d1.-r2.d1.r1.-f2.d1.-r3.f0.r3,48,019fc3be-4e26-7f3d-bf53-4d79fb34b139,results/v1/cayley-py-444-cube/cayleypy-96-24-b1f3fc405bc56fff/637/2026-08-02/019fc3be-4e26-7f3d-bf53-4d79fb34b139.json,2026-08-02T18:30:55.921Z,252,bf3f68e5906e25ac7b8bfabef6c0d81bdfd1d309
638,f2.d3.f2.-f3.-r2.-r2.d3.-r1.-d2.-f2.d3.r0.r0.d0.-f0.r3.-f3.f0.-d3.d1.-r1.-f3.r0.-d1.-r0.-r3.-f2.d3.r3.r1.-d1.-r3.-d3.-f0.-d1.f2.-d1.-r2.-d1.-d1.r2.f0.-r2.d3.d0,45,019fc3be-4e20-70f4-b2f1-613ef7cac246,results/v1/cayley-py-444-cube/cayleypy-96-24-b1f3fc405bc56fff/638/2026-08-02/019fc3be-4e20-70f4-b2f1-613ef7cac246.json,2026-08-02T18:30:55.943Z,253,bf3f68e5906e25ac7b8bfabef6c0d81bdfd1d309
638,f2.d3.f2.-f3.-r2.-r2.d3.-r1.-d2.-f2.d3.r0.r0.d0.-f0.r3.-f3.f0.-d3.d1.-r1.-f3.r0.-d1.-r0.-r3.-f2.d3.r3.r1.-d1.-r3.-d3.-f0.-d1.f2.-d1.-r2.-d1.-d1.r2.f0.-r2.d3.d0,45,019fe7ac-449c-7fe7-9bbc-6ed6afb2843f,results/v1/cayley-py-444-cube/cayleypy-96-24-b1f3fc405bc56fff/638/2026-08-09/019fe7ac-449c-7fe7-9bbc-6ed6afb2843f.json,2026-08-09T17:57:33.522Z,254,bf3f68e5906e25ac7b8bfabef6c0d81bdfd1d309
639,-d3.r2.-f0.-d1.f3.-r2.-f2.d3.-d0.f0.-r1.d3.-r1.f3.r3.r1.-f2.-d0.f3.-r1.-r2.-d1.r2.-r0.f2.r3.-r1.-d3.r1.d3.d0.f1.-r3.-f1.r2.r0.f1.r3.f1.f1.r1.f1.-r1.d1.-r2.r1,46,019fe82a-ab94-7a60-985e-dc2d3206cb1f,results/v1/cayley-py-444-cube/cayleypy-96-24-b1f3fc405bc56fff/639/2026-08-09/019fe82a-ab94-7a60-985e-dc2d3206cb1f.json,2026-08-09T20:15:37.323Z,255,bf3f68e5906e25ac7b8bfabef6c0d81bdfd1d309
639,f1.d2.-r0.-f1.-d3.-r3.-d1.r1.d1.-f1.d1.-d3.-r0.-f3.r0.-f3.-d1.-f1.-r1.f1.-d2.-d3.f0.d3.-f1.f0.-r1.f2.f0.r1.-f3.-f3.-d1.-d1.-f2.-d1.f0.r0.-f0.-r0.f2.r0.f0.r0.r0.-f2.r0.f3,48,019fc3be-4e23-70ef-bded-f7413fdb2442,results/v1/cayley-py-444-cube/cayleypy-96-24-b1f3fc405bc56fff/639/2026-08-02/019fc3be-4e23-70ef-bded-f7413fdb2442.json,2026-08-02T18:30:55.966Z,256,bf3f68e5906e25ac7b8bfabef6c0d81bdfd1d309
640,d3.f0.-f3.r0.-r1.-d1.f3.d3.-f1.-r3.-r3.-f0.-d0.-d1.f0.d0.r3.-d3.r2.-f2.-r2.-r3.-d1.-f2.d2.d3.-r3.f0.r3.-d3.f2.d3.d1.-r3.-d1.d0.-f3.r2.d1.-f1.-r2.f1.-d1.f3.f2.-d0.f2,47,019fe845-00a3-7cb0-883a-be0ad0c04ae8,results/v1/cayley-py-444-cube/cayleypy-96-24-b1f3fc405bc56fff/640/2026-08-09/019fe845-00a3-7cb0-883a-be0ad0c04ae8.json,2026-08-09T20:44:23.287Z,257,bf3f68e5906e25ac7b8bfabef6c0d81bdfd1d309
641,-r1.d2.f3.-f1.-d3.-f2.r1.-d1.f1.-r2.-f0.-d0.-f0.-r3.-f3.-f1.r1.-f3.r3.f3.-r0.d2.-f3.-r2.f1.-d2.f1.-d2.d1.f1.f1.-d1.-r0.-d2.f3.r0.-f3.r2.f3.d2.-r0.f1.r1.d2.d2.-r1.d2.-f1,48,019fe804-e2bf-7b95-aef1-7c05d6862f21,results/v1/cayley-py-444-cube/cayleypy-96-24-b1f3fc405bc56fff/641/2026-08-09/019fe804-e2bf-7b95-aef1-7c05d6862f21.json,2026-08-09T19:34:21.572Z,258,bf3f68e5906e25ac7b8bfabef6c0d81bdfd1d309
642,d3.d3.r1.f3.-r0.d2.d2.-f0.-r2.d1.f2.-d2.-d3.-r3.-d1.-f2.-r2.f3.-d3.-r1.-d0.-f2.-d3.r2.d0.-r3.-f1.-r1.f1.-d0.r3.-d1.r1.-d0.-r1.f2.-d3.r2.d1.d1.f1.-r2.-f1.d3.f3.d1.f0,47,019fe803-fd6e-7ecd-b238-984b42c8db13,results/v1/cayley-py-444-cube/cayleypy-96-24-b1f3fc405bc56fff/642/2026-08-09/019fe803-fd6e-7ecd-b238-984b42c8db13.json,2026-08-09T19:33:22.572Z,259,bf3f68e5906e25ac7b8bfabef6c0d81bdfd1d309
643,f0.r3.r3.-d1.-d0.f2.-r0.-f3.r1.r1.d0.-f0.-r3.-d1.d2.r2.-d3.f1.d0.d3.-f3.d1.r0.d3.-r2.f3.r1.-d2.-r1.-d1.-d3.-r2.-d0.-r3.d1.f1.r1.f1.-d1.f1.f1.d2.-r1.-f1,44,019fe7c2-e339-74cc-8693-49910de71b3d,results/v1/cayley-py-444-cube/cayleypy-96-24-b1f3fc405bc56fff/643/2026-08-09/019fe7c2-e339-74cc-8693-49910de71b3d.json,2026-08-09T18:22:16.016Z,260,bf3f68e5906e25ac7b8bfabef6c0d81bdfd1d309
644,f0.d3.-r3.-f3.-d3.-r2.-f3.d3.f2.-r0.d2.-f0.-d0.r1.-r3.-f3.-r0.d3.-f0.d0.-f3.-r1.f3.d2.-f3.-d0.d2.r2.-d2.r3.d1.-r3.-d1.f1.-r2.d1.f3.-d1.r2.-r1.f1.d1.f1.r1.-f3,45,019fcb2c-f7ed-7538-8607-9883b67c2779,results/v1/cayley-py-444-cube/cayleypy-96-24-b1f3fc405bc56fff/644/2026-08-04/019fcb2c-f7ed-7538-8607-9883b67c2779.json,2026-08-04T05:09:09.108Z,261,bf3f68e5906e25ac7b8bfabef6c0d81bdfd1d309
644,f0.d3.-r3.-f3.-d3.-r2.-f3.d3.f2.-r0.d2.-f0.-d0.r1.-r3.-f3.-r0.d3.-f0.d0.-f3.-r1.f3.d2.-f3.-d0.d2.r2.-d2.r3.d1.-r3.-d1.f1.-r2.d1.f3.-d1.r2.-r1.f1.d1.f1.r1.-f3,45,019fe54d-64ed-75d6-bd62-879374adc633,results/v1/cayley-py-444-cube/cayleypy-96-24-b1f3fc405bc56fff/644/2026-08-09/019fe54d-64ed-75d6-bd62-879374adc633.json,2026-08-09T06:54:41.751Z,262,bf3f68e5906e25ac7b8bfabef6c0d81bdfd1d309
644,-f2.-r0.f0.r3.-f0.f1.d3.-r1.-d1.r0.-d3.d1.r0.f1.-r1.f3.-d0.r2.d2.d0.f2.d0.-r3.-d3.-d1.f3.r1.r1.f3.d0.-f2.-r2.f3.r2.f2.-f3.-d0.r1.f2.-r1.f3.-d1.f2.d1.-f3,45,019fe7fe-62e8-74b1-ac15-89207f1a2639,results/v1/cayley-py-444-cube/cayleypy-96-24-b1f3fc405bc56fff/644/2026-08-09/019fe7fe-62e8-74b1-ac15-89207f1a2639.json,2026-08-09T19:27:15.436Z,263,bf3f68e5906e25ac7b8bfabef6c0d81bdfd1d309
645,d1.f2.r3.-f0.-d3.-r0.-d1.-f2.d3.-r3.-d1.f2.-r2.-r0.-f0.d0.-r3.-f2.-d3.f2.-r1.-f2.d3.-f3.f0.-d0.f3.r3.-d2.d3.-f0.-d1.f1.d1.f0.f2.-r0.-r3.d2.r3.f1.r2.-f1.r0.-f2.-d3,46,019fe5a0-329e-7c59-92e4-4bdf297863b2,results/v1/cayley-py-444-cube/cayleypy-96-24-b1f3fc405bc56fff/645/2026-08-09/019fe5a0-329e-7c59-92e4-4bdf297863b2.json,2026-08-09T08:25:07.965Z,264,bf3f68e5906e25ac7b8bfabef6c0d81bdfd1d309
645,d1.f2.r3.-f0.-d3.-r0.-d1.-f2.d3.-r3.-d1.f2.-r2.-r0.-f0.d0.-r3.-f2.-d3.f2.-r1.-f2.d3.-f3.f0.-d0.f3.r3.d3.-d2.-f0.-d1.f1.d1.f0.f2.-r0.-r3.d2.r3.f1.r2.-f1.r0.-f2.-d3,46,019fe7d8-b0db-75e5-ba09-0d190a93a712,results/v1/cayley-py-444-cube/cayleypy-96-24-b1f3fc405bc56fff/645/2026-08-09/019fe7d8-b0db-75e5-ba09-0d190a93a712.json,2026-08-09T18:46:05.175Z,265,bf3f68e5906e25ac7b8bfabef6c0d81bdfd1d309
646,r1.-f1.-d3.-f2.r1.r3.-d2.f1.-r2.d3.d3.r0.f3.d2.f1.-r3.f1.r3.-f1.r0.-f3.-r3.d3.d0.-f0.r3.-d0.f0.r0.-f0.r3.f0.-r2.-d1.-r3.-r1.-d2.r3.-d2.-d2.-f2.r1.f2.d1.r2,45,019fe55a-639a-7fd9-9cac-bdfd0475363d,results/v1/cayley-py-444-cube/cayleypy-96-24-b1f3fc405bc56fff/646/2026-08-09/019fe55a-639a-7fd9-9cac-bdfd0475363d.json,2026-08-09T07:08:53.208Z,266,bf3f68e5906e25ac7b8bfabef6c0d81bdfd1d309
646,r1.-f1.-d3.-f2.r1.r3.-d2.f1.-r2.d3.d3.r0.f3.d2.f1.-r3.f1.r3.-f1.r0.-f3.-r3.d3.d0.-f0.r3.-d0.f0.r0.-f0.r3.f0.-r2.-d1.-r3.-r1.-d2.r3.-d2.-d2.-f2.r1.f2.d1.r2,45,019fe7cb-b861-7b05-8bf8-39eddb2ec13f,results/v1/cayley-py-444-cube/cayleypy-96-24-b1f3fc405bc56fff/646/2026-08-09/019fe7cb-b861-7b05-8bf8-39eddb2ec13f.json,2026-08-09T18:31:55.201Z,267,bf3f68e5906e25ac7b8bfabef6c0d81bdfd1d309
647,-r2.-f0.-d3.f2.d0.-f0.r3.-f2.-f0.d3.d1.-d0.r1.d0.-d2.-f3.d2.-f1.-f2.d0.-r0.-d3.-f3.-r0.f3.-r2.f3.f0.-r2.-f3.r2.f3.f0.f0.-d1.f0.d1.-f3.r0.-f3.r2.f3.-r0.-d1.r0.-d0,46,019fe521-fdf7-7652-8ed1-b0c9a721d598,results/v1/cayley-py-444-cube/cayleypy-96-24-b1f3fc405bc56fff/647/2026-08-09/019fe521-fdf7-7652-8ed1-b0c9a721d598.json,2026-08-09T06:07:16.679Z,268,bf3f68e5906e25ac7b8bfabef6c0d81bdfd1d309
647,r0.f3.r1.f1.d3.-f3.-f1.d1.d3.-f3.r3.d3.-d1.-f0.r3.f2.-r3.-d3.d0.r0.-f2.d1.-f0.-r0.f0.d3.f2.d1.-d2.f2.r2.f2.-r1.-d1.-r2.-d3.-r1.-f1.r1.f2.r3.-f2.-r3.f1.d3.r1,46,019fe829-253b-7508-b213-57716c5d6aec,results/v1/cayley-py-444-cube/cayleypy-96-24-b1f3fc405bc56fff/647/2026-08-09/019fe829-253b-7508-b213-57716c5d6aec.json,2026-08-09T20:13:57.606Z,269,bf3f68e5906e25ac7b8bfabef6c0d81bdfd1d309
648,d3.r3.-r2.-f1.-d1.-f1.r3.f1.-f3.-r2.-d2.r2.f2.-f3.r0.f3.-d0.-r3.-f0.r3.f0.-d3.-f3.d3.d0.f3.d0.-r1.-d0.-r1.-f0.-d0.f2.-d2.-f2.d0.f0.-r2.f0.f1.r1.d2.r1.-d2.-r1,45,019fe555-b1d7-7491-a4d6-bccbe5a97a81,results/v1/cayley-py-444-cube/cayleypy-96-24-b1f3fc405bc56fff/648/2026-08-09/019fe555-b1d7-7491-a4d6-bccbe5a97a81.json,2026-08-09T07:03:45.567Z,270,bf3f68e5906e25ac7b8bfabef6c0d81bdfd1d309
648,d3.r3.-r2.-f1.-d1.-f1.r3.f1.-f3.-r2.-d2.r2.f2.-f3.r0.f3.-d0.-r3.-f0.r3.f0.-d3.-f3.d3.d0.f3.d0.-r1.-d0.-r1.-f0.-d0.f2.-d2.-f2.d0.f0.-r2.f1.f0.r1.d2.r1.-d2.-r1,45,019fe802-09b0-7234-a021-ca3539b922a0,results/v1/cayley-py-444-cube/cayleypy-96-24-b1f3fc405bc56fff/648/2026-08-09/019fe802-09b0-7234-a021-ca3539b922a0.json,2026-08-09T19:31:14.694Z,271,bf3f68e5906e25ac7b8bfabef6c0d81bdfd1d309
649,d2.r3.-f0.-d3.-f2.r3.-d0.f2.-r3.-f0.-r1.-f1.d3.-r3.d1.f3.-d1.-f2.d3.-r3.d2.r3.-f2.-d3.-f2.-r1.f2.r1.-f2.-d0.-r1.-r1.-d3.-d2.-f1.-d0.r2.f1.r2.f1.r2.d3.-r2.d2,44,019fe546-93f2-7978-af6d-b0d1bd17c63e,results/v1/cayley-py-444-cube/cayleypy-96-24-b1f3fc405bc56fff/649/2026-08-09/019fe546-93f2-7978-af6d-b0d1bd17c63e.json,2026-08-09T06:47:14.974Z,272,bf3f68e5906e25ac7b8bfabef6c0d81bdfd1d309
649,d2.r3.-f0.-d3.-f2.r3.-d0.f2.-r3.-f0.-r1.-f1.d3.-r3.d1.f3.-d1.-f2.d3.-r3.d2.r3.-f2.-d3.-f2.-r1.f2.r1.-f2.-d0.-r1.-r1.-d3.-d2.-f1.-d0.r2.f1.r2.f1.r2.d3.-r2.d2,44,019fe816-f65e-75e4-8aee-2fedc533793d,results/v1/cayley-py-444-cube/cayleypy-96-24-b1f3fc405bc56fff/649/2026-08-09/019fe816-f65e-75e4-8aee-2fedc533793d.json,2026-08-09T19:54:05.910Z,273,bf3f68e5906e25ac7b8bfabef6c0d81bdfd1d309
650,f1.-d3.r2.r3.d3.-r1.f0.-f1.d2.r2.f0.d1.r3.d0.-f1.f0.-r3.-f0.-r2.-d2.-r2.-d1.-r0.-d1.-r1.d3.d2.-f1.r1.f1.-r1.-f0.-f3.r1.r1.-d0.r1.d0.f0.d1.-f0.r1.-f2.r1.-r0,45,019fe592-0076-7e87-985b-72c3e1e496c8,results/v1/cayley-py-444-cube/cayleypy-96-24-b1f3fc405bc56fff/650/2026-08-09/019fe592-0076-7e87-985b-72c3e1e496c8.json,2026-08-09T08:09:37.903Z,274,bf3f68e5906e25ac7b8bfabef6c0d81bdfd1d309
650,f1.-d3.r2.r3.d3.-r1.-f1.f0.d2.r2.f0.d1.r3.d0.-f1.f0.-r3.-f0.-r2.-d2.-r2.-d1.-r0.-d1.-r1.d3.d2.-f1.r1.f1.-r1.-f0.-f3.r1.r1.-d0.r1.d0.f0.d1.-f0.r1.-f2.r1.-r0,45,019fe7d2-8aa9-75ca-bf79-a6e553343178,results/v1/cayley-py-444-cube/cayleypy-96-24-b1f3fc405bc56fff/650/2026-08-09/019fe7d2-8aa9-75ca-bf79-a6e553343178.json,2026-08-09T18:39:22.073Z,275,bf3f68e5906e25ac7b8bfabef6c0d81bdfd1d309
651,-r2.d3.-r3.d1.f0.-d0.-r3.-d3.-r0.f3.d2.-f2.d0.-f1.-d0.-r2.d2.d0.-f0.-r0.d1.f0.r2.d0.r1.f2.-r1.-r1.d1.-f2.d3.-r2.-d3.r1.d3.-f1.-d1.-r1.f1.r1.-d3.-f1,42,019fe526-d925-7359-a753-7db6dbebd0a0,results/v1/cayley-py-444-cube/cayleypy-96-24-b1f3fc405bc56fff/651/2026-08-09/019fe526-d925-7359-a753-7db6dbebd0a0.json,2026-08-09T06:12:35.583Z,276,bf3f68e5906e25ac7b8bfabef6c0d81bdfd1d309
651,-r2.d3.-r3.d1.f0.-d0.-r3.-d3.-r0.f3.d2.-f2.d0.-f1.-d0.-r2.d2.d0.-f0.-r0.d1.f0.r2.d0.r1.f2.-r1.-r1.d1.-f2.d3.-r2.-d3.r1.d3.-f1.-d1.-r1.f1.r1.-d3.-f1,42,019fe7dc-776d-79df-bdd8-8c9c6dce2bfd,results/v1/cayley-py-444-cube/cayleypy-96-24-b1f3fc405bc56fff/651/2026-08-09/019fe7dc-776d-79df-bdd8-8c9c6dce2bfd.json,2026-08-09T18:50:12.101Z,277,bf3f68e5906e25ac7b8bfabef6c0d81bdfd1d309
652,-f0.-d0.r3.-d3.r2.-f1.f3.f3.-d3.r1.r2.-d1.f3.f1.-d1.f3.-r3.d3.-f2.r3.f3.r3.-d1.r2.d0.r1.d3.-r1.d0.-r1.d0.r1.d0.-f2.-d1.f2.d1.r2.d1.-r2.d0.-f2.-f1.r2.r1,45,019fe549-9ba4-72c3-b48e-42f6f5437794,results/v1/cayley-py-444-cube/cayleypy-96-24-b1f3fc405bc56fff/652/2026-08-09/019fe549-9ba4-72c3-b48e-42f6f5437794.json,2026-08-09T06:50:33.095Z,278,bf3f68e5906e25ac7b8bfabef6c0d81bdfd1d309
652,-f0.-d0.r3.-d3.r2.-f1.f3.f3.-d3.r1.r2.-d1.f1.f3.-d1.f3.-r3.d3.-f2.r3.f3.r3.-d1.r2.d0.r1.d3.-r1.d0.-r1.d0.r1.d0.-f2.-d1.f2.d1.r2.d1.-r2.d0.-f2.-f1.r2.r1,45,019fe81f-1388-7b5c-b157-4d6153e5684d,results/v1/cayley-py-444-cube/cayleypy-96-24-b1f3fc405bc56fff/652/2026-08-09/019fe81f-1388-7b5c-b157-4d6153e5684d.json,2026-08-09T20:02:57.970Z,279,bf3f68e5906e25ac7b8bfabef6c0d81bdfd1d309
653,r3.-d0.-r0.-d2.f3.d0.f2.-r0.-f0.r2.r2.d2.-f3.-r1.f1.f2.-f3.r2.-d2.-r1.-d2.-f2.-r1.d3.f0.-r0.d3.-r3.d2.r1.-d2.r3.-d3.-f0.-r3.d2.r1.-d2.r0.-f2.r0.f2.r3.-f2.-r1.-r0,46,019fe55e-f401-7628-907a-124f12919b64,results/v1/cayley-py-444-cube/cayleypy-96-24-b1f3fc405bc56fff/653/2026-08-09/019fe55e-f401-7628-907a-124f12919b64.json,2026-08-09T07:13:52.428Z,280,bf3f68e5906e25ac7b8bfabef6c0d81bdfd1d309
653,-f3.d1.r3.f2.-r0.f3.f3.-d1.-f1.d0.-r0.-f0.d1.f3.-d1.-f3.-f1.-d2.r1.d2.f3.d3.f1.f3.r0.-f1.-r0.f1.r1.-d2.-f1.-d0.-f2.-d1.f2.f1.d1.r2.-f0.r1.d1.-r1.-d1.-f1.d0.-r1,46,019fe7f2-48d2-789d-92c2-0c6814b82484,results/v1/cayley-py-444-cube/cayleypy-96-24-b1f3fc405bc56fff/653/2026-08-09/019fe7f2-48d2-789d-92c2-0c6814b82484.json,2026-08-09T19:14:02.585Z,281,bf3f68e5906e25ac7b8bfabef6c0d81bdfd1d309
653,-f3.d1.r3.f2.-r0.-f3.-f3.-d1.-f1.d0.-r0.-f0.d1.f3.-d1.-f3.-f1.-d2.r1.d2.f3.d3.f1.f3.r0.-f1.-r0.f1.r1.-d2.-f1.-d0.-f2.-d1.f2.f1.d1.r2.-f0.r1.d1.-r1.-d1.-f1.d0.-r1,46,019fea84-3911-7ad3-a7f1-a7de7f3cc866,results/v1/cayley-py-444-cube/cayleypy-96-24-b1f3fc405bc56fff/653/2026-08-10/019fea84-3911-7ad3-a7f1-a7de7f3cc866.json,2026-08-10T07:12:40.963Z,282,bf3f68e5906e25ac7b8bfabef6c0d81bdfd1d309
654,-d2.-r1.-r3.d3.-r2.-f3.d3.r0.-r2.d1.-f1.-f2.f3.-r1.f1.-r0.-d2.-r0.-d0.f3.-r2.-r2.-f3.-d1.r3.d3.d1.-f1.-r3.d1.r3.d2.d1.d1.f1.-r2.-d2.f3.r1.f2.-r1.r2.d2.-f1.-d2,45,019fe53f-8442-7f4c-ba47-efac819d064f,results/v1/cayley-py-444-cube/cayleypy-96-24-b1f3fc405bc56fff/654/2026-08-09/019fe53f-8442-7f4c-ba47-efac819d064f.json,2026-08-09T06:39:32.341Z,283,bf3f68e5906e25ac7b8bfabef6c0d81bdfd1d309
654,-d2.-r1.-r3.d3.-r2.-f3.d3.-r2.r0.d1.f3.-f1.-f2.-r1.f1.-r0.-d2.-r0.-d0.f3.-r2.-r2.-f3.-d1.r3.d3.d1.-f1.-r3.d1.r3.d2.d1.d1.f1.-r2.-d2.f3.r1.f2.-r1.r2.d2.-f1.-d2,45,019fe7d9-b7d1-7c82-9170-f9d96d82733e,results/v1/cayley-py-444-cube/cayleypy-96-24-b1f3fc405bc56fff/654/2026-08-09/019fe7d9-b7d1-7c82-9170-f9d96d82733e.json,2026-08-09T18:47:12.479Z,284,bf3f68e5906e25ac7b8bfabef6c0d81bdfd1d309
655,d0.r2.-d3.-f0.-r1.d3.f2.-d3.f1.f1.f3.-d0.r1.-d3.r3.-f0.d3.r0.-d1.f3.d3.r0.-f0.r1.f0.-r3.-r1.-f1.f2.d1.-d2.d1.r2.d1.f0.r2.-f0.-r2.d2.-d1.-r1.-f2.-r1.d1.-r1.d1,46,019fd397-8a21-75b5-bbfe-5ff61257929a,results/v1/cayley-py-444-cube/cayleypy-96-24-b1f3fc405bc56fff/655/2026-08-05/019fd397-8a21-75b5-bbfe-5ff61257929a.json,2026-08-05T20:22:30.773Z,285,bf3f68e5906e25ac7b8bfabef6c0d81bdfd1d309
655,d0.r2.-d3.-f0.-r1.d3.f2.-d3.f1.f1.f3.-d0.r1.-d3.r3.-f0.d3.r0.-d1.f3.d3.r0.-f0.r1.f0.-r3.-f1.d1.-r2.-d2.-f0.-f1.-f1.-d1.f0.-f1.d1.-f1.d2.r1.r2.-d1.r1.-d1.r1.r1,46,019fe531-e322-73a3-a5ee-6f4285bd6124,results/v1/cayley-py-444-cube/cayleypy-96-24-b1f3fc405bc56fff/655/2026-08-09/019fe531-e322-73a3-a5ee-6f4285bd6124.json,2026-08-09T06:24:38.935Z,286,bf3f68e5906e25ac7b8bfabef6c0d81bdfd1d309
655,d0.r2.-d3.-f0.-r1.d3.f2.-d3.f1.f1.f3.-d0.r1.-d3.r3.-f0.d3.r0.-d1.f3.d3.r0.-f0.r1.f0.-r3.-f1.d1.-r2.-d2.-f0.-f1.-f1.-d1.f0.-f1.d1.-f1.d2.r1.r2.-d1.r1.-d1.r1.r1,46,019fe801-4e4f-7460-bbb3-ade76d8fa7ac,results/v1/cayley-py-444-cube/cayleypy-96-24-b1f3fc405bc56fff/655/2026-08-09/019fe801-4e4f-7460-bbb3-ade76d8fa7ac.json,2026-08-09T19:30:26.739Z,287,bf3f68e5906e25ac7b8bfabef6c0d81bdfd1d309
656,f1.r2.f0.d3.-d0.r0.d3.f1.d0.d0.-r0.r2.-f1.-d3.-f2.-r2.r1.-r2.d2.r2.r0.-d1.r2.-f2.-d3.-f1.d3.f3.d1.-f0.f2.d2.f2.-d2.-f2.f0.d0.d1.f3.-d0.f2.d0.-f3.r1.-f0,45,019fe598-3af9-7bc3-8c6f-7e028184fa78,results/v1/cayley-py-444-cube/cayleypy-96-24-b1f3fc405bc56fff/656/2026-08-09/019fe598-3af9-7bc3-8c6f-7e028184fa78.json,2026-08-09T08:16:26.098Z,288,bf3f68e5906e25ac7b8bfabef6c0d81bdfd1d309
656,f1.r2.f0.d3.-d0.r0.d3.f1.d0.d0.-r0.r2.-f1.-d3.-f2.-r2.r1.-r2.d2.r2.r0.-d1.r2.-f2.-d3.-f1.d3.f3.d1.-f0.f2.d2.f2.-d2.-f2.f0.d1.d0.f3.-d0.f2.d0.-f3.r1.-f0,45,019fe7fd-fea7-789a-8bd4-5c3b55c378ba,results/v1/cayley-py-444-cube/cayleypy-96-24-b1f3fc405bc56fff/656/2026-08-09/019fe7fd-fea7-789a-8bd4-5c3b55c378ba.json,2026-08-09T19:26:49.725Z,289,bf3f68e5906e25ac7b8bfabef6c0d81bdfd1d309
657,f3.-d0.r1.f3.-r0.d2.f0.-d3.f3.-r2.f0.r0.-f1.-r1.-r3.-f2.-r2.-d1.-r2.-d0.f3.-r2.f3.-d1.-r0.d2.r0.d1.-f3.r2.-f1.f0.r1.f1.-r1.-f0.-r0.-f1.f0.f2.-d1.r2.d1.-r2,44,019fe576-4806-7243-8996-b9a7b8783781,results/v1/cayley-py-444-cube/cayleypy-96-24-b1f3fc405bc56fff/657/2026-08-09/019fe576-4806-7243-8996-b9a7b8783781.json,2026-08-09T07:39:21.309Z,290,bf3f68e5906e25ac7b8bfabef6c0d81bdfd1d309
657,f3.-d0.r1.f3.-r0.d2.f0.-d3.f3.-r2.f0.r0.-f1.-r3.-r1.-f2.-r2.-d1.-r2.-d0.f3.-r2.f3.-d1.-r0.d2.r0.d1.-f3.r2.-f1.f0.r1.f1.-r1.-f0.-r0.-f1.f0.f2.-d1.r2.d1.-r2,44,019fe7f9-3b92-7cbf-8f01-2b4a8b349231,results/v1/cayley-py-444-cube/cayleypy-96-24-b1f3fc405bc56fff/657/2026-08-09/019fe7f9-3b92-7cbf-8f01-2b4a8b349231.json,2026-08-09T19:21:37.569Z,291,bf3f68e5906e25ac7b8bfabef6c0d81bdfd1d309
658,r1.-d2.-r0.-r0.-f3.r0.d3.d3.-d1.-r2.-r1.-r1.-d1.-f1.-f0.d1.-f3.-d1.d2.-f3.-f3.d0.-f0.-d3.-f0.d3.-d1.-r1.-d2.-d3.r1.f1.-r1.-f1.d2.f0.d1.-f0.d2.f1.f1.-d2.d1.f3.f0,45,019fe56a-7879-788a-84b4-0d00a8ca63e1,results/v1/cayley-py-444-cube/cayleypy-96-24-b1f3fc405bc56fff/658/2026-08-09/019fe56a-7879-788a-84b4-0d00a8ca63e1.json,2026-08-09T07:26:27.299Z,292,bf3f68e5906e25ac7b8bfabef6c0d81bdfd1d309
658,r1.-d2.-r0.-r0.-f3.r0.d3.d3.-d1.-r2.-r1.-r1.-d1.-f1.-f0.d1.-f3.-d1.d2.-f3.-f3.d0.-f0.-d3.-f0.d3.-d1.-r1.-d2.-d3.r1.f1.-r1.-f1.d2.f0.d1.-f0.d2.f1.f1.-d2.d1.f3.f0,45,019fe7f7-bc04-7851-a08e-fcb1345c9d36,results/v1/cayley-py-444-cube/cayleypy-96-24-b1f3fc405bc56fff/658/2026-08-09/019fe7f7-bc04-7851-a08e-fcb1345c9d36.json,2026-08-09T19:19:59.648Z,293,bf3f68e5906e25ac7b8bfabef6c0d81bdfd1d309
659,-d2.-f0.r0.d3.f0.d0.f1.r1.-f3.d0.d3.d0.d1.-f3.d3.-f0.f3.-r2.-f3.d2.f2.f1.r2.-d2.-d1.-f2.d1.-f0.d3.-r1.f3.f3.-r2.-f1.-r2.f1.r2.r2.-f3.d1.r1.d1.-r1.-d1.d0.-f2,46,019fe56f-dad2-78b7-975e-47d4fcc32662,results/v1/cayley-py-444-cube/cayleypy-96-24-b1f3fc405bc56fff/659/2026-08-09/019fe56f-dad2-78b7-975e-47d4fcc32662.json,2026-08-09T07:32:19.904Z,294,bf3f68e5906e25ac7b8bfabef6c0d81bdfd1d309
659,-d2.-f0.r0.d3.f0.d0.f1.r1.-f3.d0.d0.d3.d1.-f3.d3.-f0.f3.-r2.-f3.d2.f2.f1.r2.-d2.-d1.-f2.d1.-f0.d3.-r1.f3.f3.-r2.-f1.-r2.f1.r2.r2.-f3.d1.r1.d1.-r1.-d1.d0.-f2,46,019fe80d-68bd-72f4-ae08-40074fa1619d,results/v1/cayley-py-444-cube/cayleypy-96-24-b1f3fc405bc56fff/659/2026-08-09/019fe80d-68bd-72f4-ae08-40074fa1619d.json,2026-08-09T19:43:40.130Z,295,bf3f68e5906e25ac7b8bfabef6c0d81bdfd1d309
660,-r3.d2.r2.-f2.-r2.d3.f0.r2.-d0.f3.-f2.-r3.f0.-r1.f2.-r0.d2.r3.d3.-f3.r3.-f0.r0.f3.r3.r0.d0.-f0.-r0.-r3.d0.-f3.-d3.r0.d0.d3.-f2.-d0.-f3.-r3.f3.r3.f3.-r3.-d0,45,019fe54d-988d-7056-8b80-7b882ac48a2f,results/v1/cayley-py-444-cube/cayleypy-96-24-b1f3fc405bc56fff/660/2026-08-09/019fe54d-988d-7056-8b80-7b882ac48a2f.json,2026-08-09T06:54:54.828Z,296,bf3f68e5906e25ac7b8bfabef6c0d81bdfd1d309
660,-r3.d2.r2.-f2.-r2.d3.f0.r2.-d0.f3.-f2.-r3.f0.-r1.f2.-r0.d2.r3.d3.-f3.r3.-f0.r0.f3.r3.r0.d0.-f0.-r0.-r3.d0.-f3.-d3.r0.d0.d3.-f2.-d0.-f3.-r3.f3.r3.f3.-r3.-d0,45,019fe800-97d9-765e-ae9f-77cddeb2b95d,results/v1/cayley-py-444-cube/cayleypy-96-24-b1f3fc405bc56fff/660/2026-08-09/019fe800-97d9-765e-ae9f-77cddeb2b95d.json,2026-08-09T19:29:39.991Z,297,bf3f68e5906e25ac7b8bfabef6c0d81bdfd1d309
661,r3.d3.-f1.-d2.r3.-d2.f3.r1.-r3.d1.-f0.-d2.r1.r0.f1.r0.f3.-r3.f2.f2.r3.-r0.f2.r3.f2.d3.-r2.-d3.r2.-f3.-r2.f2.r2.-d3.r2.f2.f2.-r2.-r2.d3.-d2.f2.-d3.-r3.r2.d3,46,019fe547-b01f-7dc8-b0aa-f66b0837feca,results/v1/cayley-py-444-cube/cayleypy-96-24-b1f3fc405bc56fff/661/2026-08-09/019fe547-b01f-7dc8-b0aa-f66b0837feca.json,2026-08-09T06:48:27.817Z,298,bf3f68e5906e25ac7b8bfabef6c0d81bdfd1d309
661,r3.d3.-f1.-d2.r3.-d2.f3.r1.-r3.d1.-f0.-d2.r1.r0.f1.r0.f3.-r3.-f2.-f2.r3.-r0.f2.r3.f2.d3.-r2.-d3.r2.-f3.-r2.f2.r2.-d3.r2.f2.f2.-r2.-r2.d3.-d2.f2.-d3.-r3.r2.d3,46,019fe7c7-0d4e-73bf-8b7f-4b5efe5b4d8b,results/v1/cayley-py-444-cube/cayleypy-96-24-b1f3fc405bc56fff/661/2026-08-09/019fe7c7-0d4e-73bf-8b7f-4b5efe5b4d8b.json,2026-08-09T18:26:48.852Z,299,bf3f68e5906e25ac7b8bfabef6c0d81bdfd1d309
662,-d2.f0.r1.-d2.-r2.-d3.r3.-r2.-f1.-d2.f1.-d3.-f1.r0.-f0.r3.r0.r3.-d0.-r0.f3.f3.d1.-f3.r3.f3.r3.d1.r1.r2.d0.-r2.-f3.-r1.-d1.-d2.r1.f2.d2.f2.-f0.r1.-f2,43,019fe511-7560-7146-9368-ec4d3227528b,results/v1/cayley-py-444-cube/cayleypy-96-24-b1f3fc405bc56fff/662/2026-08-09/019fe511-7560-7146-9368-ec4d3227528b.json,2026-08-09T05:49:13.442Z,300,bf3f68e5906e25ac7b8bfabef6c0d81bdfd1d309
662,-d2.f0.r1.-d2.-r2.-d3.r3.-r2.-f1.-d2.f1.-d3.-f1.r0.-f0.r3.r0.r3.-d0.-r0.-f3.-f3.d1.-f3.r3.f3.r3.d1.r1.r2.d0.-r2.-f3.-r1.-d1.-d2.r1.f2.d2.f2.-f0.r1.-f2,43,019fe7d8-8200-7a6f-913d-59f8cec2d8c4,results/v1/cayley-py-444-cube/cayleypy-96-24-b1f3fc405bc56fff/662/2026-08-09/019fe7d8-8200-7a6f-913d-59f8cec2d8c4.json,2026-08-09T18:45:53.056Z,301,bf3f68e5906e25ac7b8bfabef6c0d81bdfd1d309
663,-d0.-f2.-f2.-r0.-d2.d3.f0.d1.r0.-d0.-r0.f3.r0.-d2.f0.f3.d3.-r2.f1.r2.-f0.d0.-f1.-d2.r3.f1.-d0.-r2.-r3.f0.r2.-f0.-r1.r2.r3.-d0.r3.d0.d3.f2.d2.d1.f0.-d1.-f2.-r2,46,019fe576-f9dd-74c0-8259-40366f0f84d6,results/v1/cayley-py-444-cube/cayleypy-96-24-b1f3fc405bc56fff/663/2026-08-09/019fe576-f9dd-74c0-8259-40366f0f84d6.json,2026-08-09T07:40:06.762Z,302,bf3f68e5906e25ac7b8bfabef6c0d81bdfd1d309
663,-d0.-f2.-f2.-r0.d3.-d2.f0.d1.r0.-d0.-r0.f3.r0.-d2.f0.f3.d3.-r2.f1.r2.-f0.d0.-f1.-d2.r3.f1.-d0.r1.r0.-d3.r2.d3.r1.-r0.r1.-d0.r3.d3.d0.f2.d2.d1.f0.-d1.-f2.-r2,46,019fe821-903a-73a5-a2b5-f565fa5c1b22,results/v1/cayley-py-444-cube/cayleypy-96-24-b1f3fc405bc56fff/663/2026-08-09/019fe821-903a-73a5-a2b5-f565fa5c1b22.json,2026-08-09T20:05:40.976Z,303,bf3f68e5906e25ac7b8bfabef6c0d81bdfd1d309
664,-f2.d3.-r0.-d1.d3.-f3.r3.r3.-f3.r1.-d1.r3.-f1.d1.d3.-r2.-r0.-r2.-f0.-f0.r0.r0.-f2.-d3.-f1.r1.f1.-d2.-r1.-f2.d3.f0.-f3.f2.f1.-d1.-d1.r1.-d1.-f1.-r2.d1.-d3.f1.d1.-f1.d3,47,019fe544-c860-73e6-a834-87f72e5fb433,results/v1/cayley-py-444-cube/cayleypy-96-24-b1f3fc405bc56fff/664/2026-08-09/019fe544-c860-73e6-a834-87f72e5fb433.json,2026-08-09T06:45:17.394Z,304,bf3f68e5906e25ac7b8bfabef6c0d81bdfd1d309
665,f0.-f3.r3.d3.r1.-f3.-f0.r3.f3.-d3.f0.-f1.f0.d3.-f0.-d0.-f1.-d2.-f2.r3.f2.-r1.-d1.-r2.f2.-r0.-f2.-f0.-d2.-f2.d2.f2.f2.d3.f3.r2.-f3.d0.-f2.-f1.-d1.f2.d2.d1.f1.-d0,46,019fe576-fc6b-7a1f-a135-bf1b82b1bfe4,results/v1/cayley-py-444-cube/cayleypy-96-24-b1f3fc405bc56fff/665/2026-08-09/019fe576-fc6b-7a1f-a135-bf1b82b1bfe4.json,2026-08-09T07:40:07.449Z,305,bf3f68e5906e25ac7b8bfabef6c0d81bdfd1d309
666,d0.-f0.-f0.-r2.d0.-f2.d2.-d1.r2.f0.r3.-f2.-d3.-d2.-r0.f2.r0.-f0.-d1.-r1.r0.-d1.r1.d0.r3.d3.d1.-f1.r0.-d1.-r1.d1.-r0.-d3.-d1.f1.-r0.-f1.r1.-r0.-r0.f1.-r0.f3.r3,45,019fe538-bccc-7852-9290-65703e22b267,results/v1/cayley-py-444-cube/cayleypy-96-24-b1f3fc405bc56fff/666/2026-08-09/019fe538-bccc-7852-9290-65703e22b267.json,2026-08-09T06:32:07.661Z,306,bf3f68e5906e25ac7b8bfabef6c0d81bdfd1d309
667,f0.-r3.-d3.-f3.r3.-d0.f0.r1.-f3.-r3.f3.-r0.d0.r1.f2.f0.-d2.-f3.-d0.r2.-d2.-r2.-f2.d0.r2.f1.f3.r3.-f0.-r3.-f1.r3.-f1.-f2.-r2.d1.f2.r2.-d1.-r2.-f2.-r3.f1.r3,44,019fe325-c4e1-78bc-9666-f6559495c3ad,results/v1/cayley-py-444-cube/cayleypy-96-24-b1f3fc405bc56fff/667/2026-08-08/019fe325-c4e1-78bc-9666-f6559495c3ad.json,2026-08-08T20:52:10.307Z,307,bf3f68e5906e25ac7b8bfabef6c0d81bdfd1d309
667,f0.-r3.-d3.-f3.r3.-d0.f0.r1.-f3.-r3.f3.-r0.d0.r1.f2.f0.-d2.-f3.-d0.r2.-d2.-r2.-f2.d0.r2.f1.f3.r3.-f0.-r3.-f1.r3.-f1.-f2.-r2.d1.f2.r2.-d1.-r2.-f2.-r3.f1.r3,44,019fe53f-000a-707d-a1be-2a943a56d5a7,results/v1/cayley-py-444-cube/cayleypy-96-24-b1f3fc405bc56fff/667/2026-08-09/019fe53f-000a-707d-a1be-2a943a56d5a7.json,2026-08-09T06:38:58.244Z,308,bf3f68e5906e25ac7b8bfabef6c0d81bdfd1d309
669,r1.r1.r0.-d2.-f2.-r2.d0.r1.-d3.r2.r0.-r3.f0.-d1.-f3.-d3.f3.r2.-r0.d2.f0.r0.-f2.-f2.-r0.f3.f1.-d2.-r0.d2.f0.r1.-d2.-r1.-f0.r1.-d2.-r1.-d3.r0.r0.d2.f1.-d2.-f1.-r0.d3.-f2,48,019fe5a3-807d-724c-be92-f6c2facbb0a8,results/v1/cayley-py-444-cube/cayleypy-96-24-b1f3fc405bc56fff/669/2026-08-09/019fe5a3-807d-724c-be92-f6c2facbb0a8.json,2026-08-09T08:28:44.901Z,309,bf3f68e5906e25ac7b8bfabef6c0d81bdfd1d309
670,-d2.-r3.-f1.d3.f1.-f3.d1.f0.r3.-d1.-d0.-d2.f0.-d0.r0.f2.r0.d3.-f3.-r1.-f2.-r3.f0.f1.r1.-f1.-f3.-d1.r0.r3.-d0.-f2.d0.-r1.r3.-d1.-r3.-f2.-d1.f2.d1.r1.-d0.f2.d0.r2.-r1,47,019fe56e-1ae3-78ee-ae90-634be0925e51,results/v1/cayley-py-444-cube/cayleypy-96-24-b1f3fc405bc56fff/670/2026-08-09/019fe56e-1ae3-78ee-ae90-634be0925e51.json,2026-08-09T07:30:25.321Z,310,bf3f68e5906e25ac7b8bfabef6c0d81bdfd1d309
671,-d1.-f0.-f2.-r2.f1.-d3.-f2.-d0.f0.-r3.-r0.-r2.f0.r1.-d3.-r3.r0.f0.d3.r1.-f0.r1.r1.r2.-d1.r1.-d0.-r0.d1.-r2.d0.d3.-r1.d2.f2.r1.-d3.-f3.-d2.-d2.r3.d3.f1.-d3.-r3.d2,46,019fe559-97c7-7d9a-b950-a29cf5746881,results/v1/cayley-py-444-cube/cayleypy-96-24-b1f3fc405bc56fff/671/2026-08-09/019fe559-97c7-7d9a-b950-a29cf5746881.json,2026-08-09T07:08:01.025Z,311,bf3f68e5906e25ac7b8bfabef6c0d81bdfd1d309
672,r1.d3.f3.-d3.-d2.-f0.-d1.-r3.d0.f1.-r0.r1.-f1.-f0.-r2.-r1.-d2.-r0.-d2.-f1.d3.f1.-r0.d2.r0.-f0.d1.-r0.-d2.r0.-d1.-r3.d2.f3.f2.r1.-f2.d2.d1.-r1.f1.-d1.-f1,43,019fcddf-2284-7955-94bc-bbc598092b85,results/v1/cayley-py-444-cube/cayleypy-96-24-b1f3fc405bc56fff/672/2026-08-04/019fcddf-2284-7955-94bc-bbc598092b85.json,2026-08-04T17:42:59.745Z,312,bf3f68e5906e25ac7b8bfabef6c0d81bdfd1d309
672,r1.d3.f3.-d3.-d2.-f0.-d1.-r3.d0.f1.-r0.r1.-f0.-f1.-r2.-r1.-d2.-r0.-d2.-f1.d3.f1.-r0.d2.r0.-f0.d1.-r0.-d2.r0.-d1.-r3.d2.f3.f2.r1.-f2.d2.d1.-r1.f1.-d1.-f1,43,019fe55d-86fe-713f-946a-76ab5d3cd4bd,results/v1/cayley-py-444-cube/cayleypy-96-24-b1f3fc405bc56fff/672/2026-08-09/019fe55d-86fe-713f-946a-76ab5d3cd4bd.json,2026-08-09T07:12:19.083Z,313,bf3f68e5906e25ac7b8bfabef6c0d81bdfd1d309
673,-f3.-f3.-f1.r1.d0.r0.-f1.d3.f3.-f2.d0.-f0.-r1.-d2.-r0.f3.d2.-f3.r3.d0.f2.-r3.f0.-r0.-r1.-r2.-d1.-f1.d2.r2.-d2.f1.r3.-f1.-f0.d2.f0.-d2.-r3.r1.f2.r2.-f2.-r2.-d2.r3,46,019fe538-e2f9-7f41-81e4-f53bd8bca47d,results/v1/cayley-py-444-cube/cayleypy-96-24-b1f3fc405bc56fff/673/2026-08-09/019fe538-e2f9-7f41-81e4-f53bd8bca47d.json,2026-08-09T06:32:17.437Z,314,bf3f68e5906e25ac7b8bfabef6c0d81bdfd1d309
674,-d0.f3.r0.f0.r3.d2.-f0.f1.-r0.r3.d0.r0.-f1.r0.d1.-f0.-d2.-f2.-r2.-d3.r0.r2.d3.-r0.d2.d0.-r2.d1.d3.r1.r0.-d2.-r1.-d1.r3.f2.-r1.-d3.f1.r2.-f1.-r2.d1.d3.-r2.-d1.r1,47,019fe53e-93c6-7760-8221-41756a45d8bc,results/v1/cayley-py-444-cube/cayleypy-96-24-b1f3fc405bc56fff/674/2026-08-09/019fe53e-93c6-7760-8221-41756a45d8bc.json,2026-08-09T06:38:30.572Z,315,bf3f68e5906e25ac7b8bfabef6c0d81bdfd1d309
675,-r0.-d1.r3.f1.d0.-d3.-d3.-f2.f3.-f1.d0.-r0.d3.d2.-f2.f1.-d1.r2.f3.-r0.-r2.d0.d2.-f3.r2.-f1.r2.f1.r0.f2.-d3.f2.-r0.-d2.r0.d3.-f0.-d1.-r2.-d3.-r2.d1.r2.-f2.d3.r2,46,019fe524-f8c6-7d61-b560-4dd16033783d,results/v1/cayley-py-444-cube/cayleypy-96-24-b1f3fc405bc56fff/675/2026-08-09/019fe524-f8c6-7d61-b560-4dd16033783d.json,2026-08-09T06:10:32.592Z,316,bf3f68e5906e25ac7b8bfabef6c0d81bdfd1d309
682,d0.d0.r3.d1.-f3.f0.d1.-f1.r0.-d1.-f1.-d2.d0.f0.-r1.-d1.r3.f0.-r2.-d3.-d0.r2.r3.-d1.-r3.f0.r2.-f1.-f2.-r3.d2.r2.-d2.r3.r3.-f3.r2.f3.r3.d1.r2.-d1.-r2.r3.r3.f1.d1,47,019fcb7a-dd9c-7fbc-9a48-59a8a519c288,results/v1/cayley-py-444-cube/cayleypy-96-24-b1f3fc405bc56fff/682/2026-08-04/019fcb7a-dd9c-7fbc-9a48-59a8a519c288.json,2026-08-04T06:34:13.571Z,317,bf3f68e5906e25ac7b8bfabef6c0d81bdfd1d309
690,r1.-r0.d3.-r2.r1.-f3.d0.-r3.-f1.-r2.d2.r2.-f0.d2.-r3.-d0.-f3.d2.f0.f1.-d2.-f1.-r0.-r0.-f0.r3.-f0.d1.f0.-d1.-r3.-f2.d1.f2.r0.-d1.-f3.r2.f3.-d2.f2.d2.-f2.-r2.d1,45,019fda69-924c-7504-abc6-9379748505f1,results/v1/cayley-py-444-cube/cayleypy-96-24-b1f3fc405bc56fff/690/2026-08-07/019fda69-924c-7504-abc6-9379748505f1.json,2026-08-07T04:09:38.345Z,318,bf3f68e5906e25ac7b8bfabef6c0d81bdfd1d309
694,d2.-r2.-d2.r3.f2.r3.-f2.-d3.-f0.d2.-d1.f2.d1.-r0.-f0.-r1.-f0.f3.-r3.-f3.f1.r3.-d0.r3.d0.-f2.-r3.-f3.d0.f0.r3.-f3.-f2.r3.r3.f2.-r3.-r3.d3.-f3.-f3.-d3.f2.f1.d3,45,019fe536-9101-761b-964d-e766865ba4a9,results/v1/cayley-py-444-cube/cayleypy-96-24-b1f3fc405bc56fff/694/2026-08-09/019fe536-9101-761b-964d-e766865ba4a9.json,2026-08-09T06:29:45.556Z,319,bf3f68e5906e25ac7b8bfabef6c0d81bdfd1d309
695,-f1.-d3.d0.f0.r1.-d0.-f3.-d2.-f3.-d0.f2.-d1.-r2.-f0.r3.f3.d2.-f1.r1.-d2.-r3.-d0.-r3.f2.r3.-d0.r0.-r1.-d1.r3.r0.-f0.-d1.f1.f0.d1.r1.-r3.-d1.-f0.d1.f0.r0.-f1,44,019fe528-2ef0-7c1f-a02c-06f29534b0a5,results/v1/cayley-py-444-cube/cayleypy-96-24-b1f3fc405bc56fff/695/2026-08-09/019fe528-2ef0-7c1f-a02c-06f29534b0a5.json,2026-08-09T06:14:02.902Z,320,bf3f68e5906e25ac7b8bfabef6c0d81bdfd1d309
707,-r3.-d2.r2.-f3.-d0.-f1.r1.f0.d3.-f3.-f1.d0.f0.-r3.-r0.-d2.r0.r1.f1.r3.-f1.r2.-f2.-r0.f0.d0.-f0.f2.-d2.-r1.-r2.-d3.f3.d1.-f3.-d3.f2.d2.-f2.d3.-d0.r1.d0.f3.d2.-f3,46,019fe223-ca03-722c-adcf-2a4808e7e395,results/v1/cayley-py-444-cube/cayleypy-96-24-b1f3fc405bc56fff/707/2026-08-08/019fe223-ca03-722c-adcf-2a4808e7e395.json,2026-08-08T16:10:23.356Z,321,bf3f68e5906e25ac7b8bfabef6c0d81bdfd1d309
708,f0.d1.-d3.-r3.f0.-r1.r3.-d3.r0.-f0.-d1.-f0.f1.-r3.-f2.-r3.f2.-d2.f0.f2.-d3.-r2.-f1.-d2.-f1.-d0.r2.-f1.-r2.d0.-d2.r1.-f1.-r2.f0.r0.d2.-r0.-d2.-d2.-f0.d2.r2.d3.-f1.-d3.r2,47,019fe8f3-f6c2-70d4-8c47-b6ba6bed2911,results/v1/cayley-py-444-cube/cayleypy-96-24-b1f3fc405bc56fff/708/2026-08-09/019fe8f3-f6c2-70d4-8c47-b6ba6bed2911.json,2026-08-09T23:55:29.567Z,322,bf3f68e5906e25ac7b8bfabef6c0d81bdfd1d309
710,f0.r1.f3.d3.-r0.f2.-r0.-f0.d3.-d0.-f3.f2.-d0.-f0.-d3.-f0.-f3.-r1.d0.-r2.-d0.-r3.d0.-d3.-f0.-d0.-f3.r1.r1.-d0.r2.d0.-r2.d0.f3.-d0.-r1.f3.-d0.-d3.-r2.d0.d3.-f3.d0.f0.-d3,47,019fc984-689b-7788-a60d-068241ccc6b9,results/v1/cayley-py-444-cube/cayleypy-96-24-b1f3fc405bc56fff/710/2026-08-03/019fc984-689b-7788-a60d-068241ccc6b9.json,2026-08-03T21:25:24.671Z,323,bf3f68e5906e25ac7b8bfabef6c0d81bdfd1d309
710,f0.r1.f3.d3.-r0.f2.-r0.-f0.d3.-d0.-f3.f2.-d0.-f0.-d3.-f0.-f3.-r1.d0.-r2.-d0.-r3.d0.-d3.-f0.-d0.-f3.-r1.-r1.-d0.r2.d0.-r2.d0.f3.-d0.-r1.f3.-d0.-d3.-r2.d0.d3.-f3.d0.f0.-d3,47,019fd81b-2e26-7322-b32e-4f5b26be7090,results/v1/cayley-py-444-cube/cayleypy-96-24-b1f3fc405bc56fff/710/2026-08-06/019fd81b-2e26-7322-b32e-4f5b26be7090.json,2026-08-06T17:24:46.721Z,324,bf3f68e5906e25ac7b8bfabef6c0d81bdfd1d309
715,d1.f0.r1.f0.d3.f0.r3.-d1.-r0.-f3.-d3.-r3.-f2.r2.f0.f3.f2.r2.r0.-r3.-f3.r1.f3.f1.-r3.-f1.-r3.f1.d0.f0.f3.r1.-d0.-f1.d0.-r1.f3.-d0.f3.d0.-f0.-d0.f3.r3,44,019fd83f-f5c2-79a7-8aa0-9950cca24b0d,results/v1/cayley-py-444-cube/cayleypy-96-24-b1f3fc405bc56fff/715/2026-08-06/019fd83f-f5c2-79a7-8aa0-9950cca24b0d.json,2026-08-06T18:04:57.158Z,325,bf3f68e5906e25ac7b8bfabef6c0d81bdfd1d309
715,d1.f0.r1.f0.d3.f0.r3.-d1.-r0.-f3.-d3.-r3.-f2.r2.f2.f0.f3.r2.r0.-r3.-f3.r1.f3.f1.-r3.-f1.-r3.f1.d0.f3.f0.r1.-d0.-f1.d0.-r1.f3.-d0.f3.d0.-f0.-d0.f3.r3,44,019fe7c6-1187-7951-8555-fdf03ce435cf,results/v1/cayley-py-444-cube/cayleypy-96-24-b1f3fc405bc56fff/715/2026-08-09/019fe7c6-1187-7951-8555-fdf03ce435cf.json,2026-08-09T18:25:44.476Z,326,bf3f68e5906e25ac7b8bfabef6c0d81bdfd1d309
718,-d3.f0.r3.-d0.d3.-r2.-d3.-f1.-d3.-f1.f0.-r2.-d3.-d2.r3.d3.f0.d0.r0.r0.-d3.f0.-f3.d2.f1.-d2.-d3.r2.d3.f0.-d1.f3.f0.f0.-r1.f0.-d3.f2.d3.r1.-d0.-r1.-f0.r1.f0.d0.r3,47,019fd02b-706d-73ae-9d5c-ea85b08603db,results/v1/cayley-py-444-cube/cayleypy-96-24-b1f3fc405bc56fff/718/2026-08-05/019fd02b-706d-73ae-9d5c-ea85b08603db.json,2026-08-05T04:25:34.832Z,327,bf3f68e5906e25ac7b8bfabef6c0d81bdfd1d309
721,d3.-f3.d3.d3.-r0.d2.d1.f3.-r1.-r0.-f1.-d1.f0.r1.-f2.d1.d3.-r0.d3.f1.-d3.-r1.-f2.d3.f2.-d3.-d3.-r1.d3.f1.-d1.-f1.-d1.-f3.-d1.-r1.d1.-f1.f3.d1.-f3.r1.-f2.-f3.-r1.f3.r1.f2,48,019fd238-df2f-722b-9033-36bc889b56a5,results/v1/cayley-py-444-cube/cayleypy-96-24-b1f3fc405bc56fff/721/2026-08-05/019fd238-df2f-722b-9033-36bc889b56a5.json,2026-08-05T13:59:29.307Z,328,bf3f68e5906e25ac7b8bfabef6c0d81bdfd1d309
724,f0.-d2.-r0.-d0.-f3.-r2.f0.-d0.r1.-d3.f0.-f1.-r1.f1.-r3.-f3.d2.-f2.d3.-r3.-r3.f0.-f3.-d2.f0.d2.-f0.f3.-r2.-f0.d2.r2.-d2.-f0.d3.f1.d0.-f1.-r2.f1.d1.r2.-d1,43,019fd379-201d-7259-8ebd-b8f6c24b4530,results/v1/cayley-py-444-cube/cayleypy-96-24-b1f3fc405bc56fff/724/2026-08-05/019fd379-201d-7259-8ebd-b8f6c24b4530.json,2026-08-05T19:49:17.478Z,329,bf3f68e5906e25ac7b8bfabef6c0d81bdfd1d309
724,f0.-d2.-r0.-d0.-f3.-r2.f0.-d0.r1.-d3.f0.-f1.-r1.f1.-r3.-f3.d2.-f2.d3.-r3.-r3.-f3.f0.-d2.f0.d2.-f0.f3.-r2.-f0.d2.r2.-d2.-f0.d3.f1.d0.-f1.-r2.f1.d1.r2.-d1,43,019fda7b-262d-777d-9eb9-8c73dc994c34,results/v1/cayley-py-444-cube/cayleypy-96-24-b1f3fc405bc56fff/724/2026-08-07/019fda7b-262d-777d-9eb9-8c73dc994c34.json,2026-08-07T04:28:50.886Z,330,bf3f68e5906e25ac7b8bfabef6c0d81bdfd1d309
729,d2.-d3.f3.-r3.r0.-d0.-f2.-r0.-f0.-d1.f2.-f1.-d3.r2.f3.r0.-f3.d3.-r3.d3.-d1.-d2.-d0.r3.-d0.f2.d0.-r3.-f1.d2.-f3.-f0.-r3.f3.-r2.-d0.r2.f3.-r1.r3.-r1.f1.r1.-f1.-r3.r1,46,019fdb8d-8811-7517-b51b-0b63322bda9c,results/v1/cayley-py-444-cube/cayleypy-96-24-b1f3fc405bc56fff/729/2026-08-07/019fdb8d-8811-7517-b51b-0b63322bda9c.json,2026-08-07T09:28:32.961Z,331,bf3f68e5906e25ac7b8bfabef6c0d81bdfd1d309
737,-f2.d3.-f0.-f0.d0.-f3.r3.-d2.-f0.d0.d2.f2.d2.r2.-r0.-f1.-f1.-r2.d1.r1.r2.d0.f1.-d1.f0.r3.f3.f0.-d1.-d1.f0.f0.-r1.-r0.-f0.-r3.d0.f2.-d0.-r0.-f2.-r2.f2.d0.r0.-d0,46,019fd7d7-a08c-7131-81ac-d9b3bd19c6f7,results/v1/cayley-py-444-cube/cayleypy-96-24-b1f3fc405bc56fff/737/2026-08-06/019fd7d7-a08c-7131-81ac-d9b3bd19c6f7.json,2026-08-06T16:10:59.867Z,332,bf3f68e5906e25ac7b8bfabef6c0d81bdfd1d309
738,-f2.d2.-f0.-r3.f3.-d3.-f1.d0.r1.-r3.-r3.d1.f1.f0.d0.-f2.-f1.-r3.f1.f1.d1.f1.-d1.f2.r0.r0.f1.r0.-f1.r0.-f2.-r0.-d2.f2.r2.-r3.-f2.-r2.-f2.r3.d2.-r3.f2.-d3.f1,45,019fcea6-390c-767f-95a2-98beedc52147,results/v1/cayley-py-444-cube/cayleypy-96-24-b1f3fc405bc56fff/738/2026-08-04/019fcea6-390c-767f-95a2-98beedc52147.json,2026-08-04T21:20:27.200Z,333,bf3f68e5906e25ac7b8bfabef6c0d81bdfd1d309
741,-f3.-r1.r3.f1.-d0.-r2.-d2.r3.d2.d0.-d3.f2.f1.-r3.d3.f3.-d1.f2.-r1.d1.-r2.-f0.d0.r1.r0.f3.f1.-r1.f1.-r1.f1.f1.-d2.-f3.d3.-f2.-f0.-d2.-f1.-f2.r2.-f0.-r2.f2.f2.f0,46,019fd8c9-f574-731b-a800-6bd12162653a,results/v1/cayley-py-444-cube/cayleypy-96-24-b1f3fc405bc56fff/741/2026-08-06/019fd8c9-f574-731b-a800-6bd12162653a.json,2026-08-06T20:35:41.447Z,334,bf3f68e5906e25ac7b8bfabef6c0d81bdfd1d309
757,-r1.f0.-r3.-f0.d3.r2.r0.-f0.-d0.-f0.d3.r0.d2.d0.f2.-r2.-f2.-f2.-r0.-f3.-f3.-r3.-f0.-f2.d1.-f1.d0.-f3.r3.f3.-f1.-r1.f1.r0.r2.-d2.r1.-f3.-f2.-r2.-d2.r2.d2.f3.r1.r1,46,019fce40-94c5-7bd6-aaab-0cb73122639c,results/v1/cayley-py-444-cube/cayleypy-96-24-b1f3fc405bc56fff/757/2026-08-04/019fce40-94c5-7bd6-aaab-0cb73122639c.json,2026-08-04T19:29:25.522Z,335,bf3f68e5906e25ac7b8bfabef6c0d81bdfd1d309
760,d2.f3.-d1.-d2.-f0.d3.-f0.-d2.r3.-f2.-f1.d3.-r0.r1.f3.r1.-f3.f0.-r2.d3.-f3.f1.-f3.d2.f2.-r0.d1.r0.-f2.-f1.-d0.-r2.-d0.r1.-d0.r2.-d2.-r2.-f1.r1.d1.-r1.d0.-r1.-d1.r1.d0,47,019fe366-a131-75e1-b353-c836b12b1024,results/v1/cayley-py-444-cube/cayleypy-96-24-b1f3fc405bc56fff/760/2026-08-08/019fe366-a131-75e1-b353-c836b12b1024.json,2026-08-08T22:03:01.094Z,336,bf3f68e5906e25ac7b8bfabef6c0d81bdfd1d309
774,r0.f0.r3.-r2.f1.f1.-r0.-d2.r2.-r3.f3.d3.-r1.d2.-f3.-r1.f0.-f1.-d3.-r3.d3.d2.d2.r3.f2.-r3.-d2.d1.f2.d2.-r3.-r0.-r0.-f0.r2.f0.r0.-f0.-r2.-d2.f2.d2.d2.f0.r0,45,019fe472-197c-7579-b66f-6b37897801f3,results/v1/cayley-py-444-cube/cayleypy-96-24-b1f3fc405bc56fff/774/2026-08-09/019fe472-197c-7579-b66f-6b37897801f3.json,2026-08-09T02:55:09.674Z,337,bf3f68e5906e25ac7b8bfabef6c0d81bdfd1d309
788,d0.f2.-d1.f0.r3.f2.-d3.r1.d3.-f2.-d0.d1.r3.r0.-f0.-d1.d0.f1.d0.r0.-d0.-r0.-f1.d0.r2.-d1.-r2.d0.-r1.r2.-d1.-d2.r2.-f2.r2.d0.f1.-d0.f2.-r2.f1.d0.-r0.-f1.r0.f1.-d0,47,019fe0d3-f7a8-78cd-9779-ac79b5862420,results/v1/cayley-py-444-cube/cayleypy-96-24-b1f3fc405bc56fff/788/2026-08-08/019fe0d3-f7a8-78cd-9779-ac79b5862420.json,2026-08-08T10:03:34.692Z,338,bf3f68e5906e25ac7b8bfabef6c0d81bdfd1d309
790,f3.r0.d3.-f2.-r2.f3.-d2.d3.-r3.f1.-d3.-f0.-r2.-f3.d3.-d0.-f1.-r2.d1.-f3.-d1.-f1.-r2.-r3.-f1.-r0.-r2.-d2.-f1.-d2.r3.-f1.d1.-r3.d1.f2.-d2.-f1.-f2.-f1.-d1.-d2.-r2.f1.r3,45,019fe093-fb9e-7efc-be4d-dbacc947e88d,results/v1/cayley-py-444-cube/cayleypy-96-24-b1f3fc405bc56fff/790/2026-08-08/019fe093-fb9e-7efc-be4d-dbacc947e88d.json,2026-08-08T08:53:41.530Z,339,bf3f68e5906e25ac7b8bfabef6c0d81bdfd1d309
791,-f3.-d2.f0.r3.f3.r1.f2.d3.-f3.-d3.-d1.f0.-d2.-f0.-r0.d1.d2.-f0.-d0.-d0.f3.d0.-r3.d0.f0.f0.r2.-r1.d3.-f0.r3.-f1.-r3.f0.-r3.d0.-f3.d3.-f3.-d3.f2.d3.f3.-d3.f3.-d0.r3.-r0,48,019fe108-d8f9-7e1d-8e10-797bcf6be6e0,results/v1/cayley-py-444-cube/cayleypy-96-24-b1f3fc405bc56fff/791/2026-08-08/019fe108-d8f9-7e1d-8e10-797bcf6be6e0.json,2026-08-08T11:01:20.574Z,340,bf3f68e5906e25ac7b8bfabef6c0d81bdfd1d309
792,-r1.-f3.d1.-d3.f3.-r1.-d3.-d2.f0.d0.f2.r0.-d3.-d3.-f3.-d3.-r1.-d3.-f0.d1.-f3.-d0.-d1.r3.f0.f1.r0.-f0.r1.d1.f0.-r0.-f0.-r1.-f1.-f1.-r1.-d3.r2.d3.r1.-d3.-r2.d3.-r0,45,019fe0b8-c9bc-7eef-9cd7-7250a7bc8eca,results/v1/cayley-py-444-cube/cayleypy-96-24-b1f3fc405bc56fff/792/2026-08-08/019fe0b8-c9bc-7eef-9cd7-7250a7bc8eca.json,2026-08-08T09:33:53.842Z,341,bf3f68e5906e25ac7b8bfabef6c0d81bdfd1d309
792,-r1.-f3.d1.-d3.f3.-r1.-d3.-d2.f0.d0.f2.r0.-d3.-d3.-f3.-d3.-r1.-d3.-f0.d1.-f3.-d0.-d1.r3.f0.f1.r0.-f0.r1.d1.f0.-r0.-f0.-r1.-f1.-f1.-r1.-d3.r2.d3.r1.-d3.-r2.d3.-r0,45,019fe413-71b6-761f-9f61-ab33df7f904a,results/v1/cayley-py-444-cube/cayleypy-96-24-b1f3fc405bc56fff/792/2026-08-09/019fe413-71b6-761f-9f61-ab33df7f904a.json,2026-08-09T01:11:46.292Z,342,bf3f68e5906e25ac7b8bfabef6c0d81bdfd1d309
793,-f2.-d1.r0.-f0.-r0.-d2.-r1.-f3.-r3.f0.f0.r3.-f0.-d0.-r1.f3.f1.d1.-f0.r1.-f2.r2.d1.-d3.-r0.d1.-r3.f1.-r1.-r0.-d3.f1.d2.-f1.d3.-f1.d1.-d2.r2.-f2.-r2.f1.f2.f2.r0.-f1,46,019fe0f2-c399-7c1c-b4dc-6272e422f3cf,results/v1/cayley-py-444-cube/cayleypy-96-24-b1f3fc405bc56fff/793/2026-08-08/019fe0f2-c399-7c1c-b4dc-6272e422f3cf.json,2026-08-08T10:37:13.420Z,343,bf3f68e5906e25ac7b8bfabef6c0d81bdfd1d309
794,-f0.r0.-d3.f0.d3.-d1.d3.-f2.-r1.r3.-d0.-r1.-r3.f1.-d0.-r1.f0.-d2.f0.r2.-f0.-d0.r2.r3.d0.d1.-f1.d3.-r2.-d3.f1.d2.f0.d3.r2.-f1.-r2.r1.-d2.-r1.-d3.r2.r1.d2.-f1,45,019fe09b-e128-7fe1-b72e-bd4f11c55ef0,results/v1/cayley-py-444-cube/cayleypy-96-24-b1f3fc405bc56fff/794/2026-08-08/019fe09b-e128-7fe1-b72e-bd4f11c55ef0.json,2026-08-08T09:02:19.168Z,344,bf3f68e5906e25ac7b8bfabef6c0d81bdfd1d309
795,-r0.f2.f1.-d0.-f1.r3.f1.-r0.-r2.f1.-d3.f3.-r2.-d0.-d2.-f3.-r1.-f3.d2.f2.d0.-d2.-r1.r3.f2.r1.f0.r3.d2.d2.d1.f2.-d2.-r2.-r0.-d2.r1.-f2.-f3.r3.f2.-r3.f3.-r1.d2.r0,46,019fe0ce-e45a-70d5-8e43-6c479899531d,results/v1/cayley-py-444-cube/cayleypy-96-24-b1f3fc405bc56fff/795/2026-08-08/019fe0ce-e45a-70d5-8e43-6c479899531d.json,2026-08-08T09:58:02.264Z,345,bf3f68e5906e25ac7b8bfabef6c0d81bdfd1d309
797,d3.-f2.r2.f1.d0.f0.d0.-d2.f3.-d1.r0.r2.f3.f0.-r1.-f2.-r3.-f2.-r3.f2.d1.r3.-d1.r1.r0.f1.-r0.d0.-f2.d1.r0.f1.-r0.d1.-r3.r0.-d1.r1.d1.r3.d1.-r1.-d1.-d0,44,019fe0ce-6375-7ae7-b6ad-fdebe66176ef,results/v1/cayley-py-444-cube/cayleypy-96-24-b1f3fc405bc56fff/797/2026-08-08/019fe0ce-6375-7ae7-b6ad-fdebe66176ef.json,2026-08-08T09:57:29.629Z,346,bf3f68e5906e25ac7b8bfabef6c0d81bdfd1d309
798,-d3.d0.r2.-r3.f1.r0.r0.f3.-d1.d2.f2.-r2.f2.-d3.-d0.f3.-d2.-f3.r3.-f3.-r0.-d1.-r3.d3.f3.-d3.f3.-d2.f0.-r3.-f0.d2.-f3.r0.f0.r3.d3.r0.r3.-f3.-r0.-f0.d0.d3.f3.-r3.-d3,47,019fce61-02ad-77d0-998c-6b84c85b22a1,results/v1/cayley-py-444-cube/cayleypy-96-24-b1f3fc405bc56fff/798/2026-08-04/019fce61-02ad-77d0-998c-6b84c85b22a1.json,2026-08-04T20:04:51.415Z,347,bf3f68e5906e25ac7b8bfabef6c0d81bdfd1d309
798,-d3.d0.r2.-r3.f1.-r0.-r0.f3.-d1.d2.f2.-r2.f2.-d3.-d0.f3.-d2.-f3.r3.-f3.-r0.-d1.-r3.d3.f3.-d3.f3.-d2.f0.-r3.-f0.d2.-f3.r0.f0.r3.d3.r0.r3.-f3.-r0.-f0.d0.d3.f3.-r3.-d3,47,019fd531-98c7-7fba-a17e-5cb7cb719418,results/v1/cayley-py-444-cube/cayleypy-96-24-b1f3fc405bc56fff/798/2026-08-06/019fd531-98c7-7fba-a17e-5cb7cb719418.json,2026-08-06T03:50:24.364Z,348,bf3f68e5906e25ac7b8bfabef6c0d81bdfd1d309
798,-d3.d0.r2.-r3.f1.-r0.-r0.f3.-d1.d2.f2.-r2.f2.-d3.-d0.f3.-d2.-f3.r3.-f3.-r0.-d1.-r3.d3.f3.-d3.f3.-d2.f0.-r3.-f0.d2.-f3.r0.f0.r3.d3.r3.r0.-f3.-r0.-f0.d0.d3.f3.-r3.-d3,47,019fe0e5-403e-7781-ac8e-b0033cfc4799,results/v1/cayley-py-444-cube/cayleypy-96-24-b1f3fc405bc56fff/798/2026-08-08/019fe0e5-403e-7781-ac8e-b0033cfc4799.json,2026-08-08T10:22:27.622Z,349,bf3f68e5906e25ac7b8bfabef6c0d81bdfd1d309
799,d3.r1.f0.-d0.-r3.-d2.-f2.-r0.f1.d0.-f0.d0.-d2.-r1.f2.r3.-f2.-f2.d3.-r2.f2.r3.-d3.-r2.-d3.r1.f1.-r1.-f1.-r2.-d3.f1.-r3.-d1.-d2.-r2.f2.d3.-r2.-f2.r2.r1.d2.-r1.-d3.r2,46,019fe091-bccb-7ca1-98cf-100b703195dd,results/v1/cayley-py-444-cube/cayleypy-96-24-b1f3fc405bc56fff/799/2026-08-08/019fe091-bccb-7ca1-98cf-100b703195dd.json,2026-08-08T08:51:14.463Z,350,bf3f68e5906e25ac7b8bfabef6c0d81bdfd1d309
800,-r1.-f1.f2.f0.-d3.-r0.-d3.r2.f0.-r0.f3.d3.f3.-d2.f3.-r0.-f2.-r1.-d1.-d3.-f1.-d0.-r1.-r2.-d1.r2.f3.d0.f2.-r3.f3.-d1.-r1.d1.-f3.-r1.-d2.r1.r3.-d0.-r1.f1.r1.-f2.r1.f2.-r1,47,019fce11-a7f6-7db3-9889-abe4f43ffb7d,results/v1/cayley-py-444-cube/cayleypy-96-24-b1f3fc405bc56fff/800/2026-08-04/019fce11-a7f6-7db3-9889-abe4f43ffb7d.json,2026-08-04T18:38:10.679Z,351,bf3f68e5906e25ac7b8bfabef6c0d81bdfd1d309
800,-r1.-f1.f2.f0.-d3.-r0.-d3.r2.f0.-r0.f3.d3.f3.-d2.f3.-r0.-f2.-r1.-d1.-d3.-f1.-d0.-r2.-r1.-d1.r2.f3.d0.f2.-r3.f3.-d1.-r1.d1.-f3.-r1.-d2.r1.r3.-d0.-r1.f1.r1.-f2.r1.f2.-r1,47,019fe0ec-a42d-7b6e-a831-302de2d36a6a,results/v1/cayley-py-444-cube/cayleypy-96-24-b1f3fc405bc56fff/800/2026-08-08/019fe0ec-a42d-7b6e-a831-302de2d36a6a.json,2026-08-08T10:30:31.849Z,352,bf3f68e5906e25ac7b8bfabef6c0d81bdfd1d309
801,d3.-d2.-r3.-d1.-r0.-d0.-r0.d3.d3.r1.-f2.r2.f3.-r3.-r2.d3.f3.-r2.-f3.r1.-d3.r0.-f2.-d3.-r2.f2.f2.r2.-d2.-f2.-f0.-f2.d2.-d0.d3.r2.d0.f3.-d1.d0.-r1.d1.r1.d0.d0.-r2.d0.r2,48,019fd52a-730c-7f17-a41f-5e2d662334ed,results/v1/cayley-py-444-cube/cayleypy-96-24-b1f3fc405bc56fff/801/2026-08-06/019fd52a-730c-7f17-a41f-5e2d662334ed.json,2026-08-06T03:42:35.948Z,353,bf3f68e5906e25ac7b8bfabef6c0d81bdfd1d309
801,d3.-d2.-r3.-d1.-r0.-d0.-r0.d3.d3.r1.-f2.r2.f3.-r3.-r2.d3.f3.-r2.-f3.r1.-d3.r0.-f2.-d3.-r2.-f2.-f2.r2.-d2.-f2.-f0.-f2.d2.-d0.d3.r2.d0.f3.-d1.d0.-r1.d1.r1.d0.d0.-r2.d0.r2,48,019fe0f4-bdf9-7a9a-a410-5beaf283e944,results/v1/cayley-py-444-cube/cayleypy-96-24-b1f3fc405bc56fff/801/2026-08-08/019fe0f4-bdf9-7a9a-a410-5beaf283e944.json,2026-08-08T10:39:22.742Z,354,bf3f68e5906e25ac7b8bfabef6c0d81bdfd1d309
802,f0.r2.d0.-r0.-f1.-d0.f3.-d1.f2.r1.f2.f0.d0.-r0.-r3.-f0.f2.-d0.f3.d0.-r3.f2.r0.r0.d0.-r3.f1.-f3.-r0.-f0.d3.r0.f3.r3.-r0.-d0.-r3.r0.-f3.-d0.f3.-r0.-d0.r0.f3,45,019fe070-5e0b-74d2-9116-a0ee772a37ac,results/v1/cayley-py-444-cube/cayleypy-96-24-b1f3fc405bc56fff/802/2026-08-08/019fe070-5e0b-74d2-9116-a0ee772a37ac.json,2026-08-08T08:14:47.623Z,355,bf3f68e5906e25ac7b8bfabef6c0d81bdfd1d309
803,-r3.d2.r0.d3.r2.-f3.r2.d1.-r0.-f3.-d0.-f0.-r0.-d3.-f2.-d3.f0.f2.r2.d0.-r2.f1.-r1.d0.r1.-f0.-f0.r2.-f0.-r2.d0.-f1.d1.r2.-f1.-r2.-f0.f1.-d3.-r2.-f0.-d1.f0.r2.d3.-d0,46,019fe0ad-e21c-795d-88bf-1ed4167690f4,results/v1/cayley-py-444-cube/cayleypy-96-24-b1f3fc405bc56fff/803/2026-08-08/019fe0ad-e21c-795d-88bf-1ed4167690f4.json,2026-08-08T09:21:58.873Z,356,bf3f68e5906e25ac7b8bfabef6c0d81bdfd1d309
804,-f2.-d1.r3.-f1.r3.d0.-f3.-r2.f1.d2.f2.d1.-r3.d1.-f2.f3.-f0.-d1.r0.-r3.d1.f3.-d2.f0.d0.d3.-r3.f2.-r3.-r1.-f2.r0.r1.d1.-r0.r2.-f2.r0.-d1.-r2.r3.d1.-f2.d1.d1,45,019fe083-c9ac-7e0b-91fb-804317e20477,results/v1/cayley-py-444-cube/cayleypy-96-24-b1f3fc405bc56fff/804/2026-08-08/019fe083-c9ac-7e0b-91fb-804317e20477.json,2026-08-08T08:36:00.468Z,357,bf3f68e5906e25ac7b8bfabef6c0d81bdfd1d309
805,r2.r1.f3.-r2.d1.-r3.d0.-f1.r1.-f0.r1.-d2.-r0.-d2.f3.-r3.-f3.f0.-d2.-d2.-f1.-r0.f1.r2.d2.f0.d2.-d1.f1.d1.f3.f1.-r2.-d3.-d0.r2.d0.-f1.d3.r0.d2.r1.f2.-r1.-f2.-d2.-r0.-f1,48,019fe0da-ed1b-7f1d-86dd-65f1b5bb3059,results/v1/cayley-py-444-cube/cayleypy-96-24-b1f3fc405bc56fff/805/2026-08-08/019fe0da-ed1b-7f1d-86dd-65f1b5bb3059.json,2026-08-08T10:11:10.987Z,358,bf3f68e5906e25ac7b8bfabef6c0d81bdfd1d309
806,r3.-r0.f0.r3.f3.-d1.-r2.d3.-d0.-r1.-d0.d2.r0.-f1.-r3.-f0.-r1.r3.d3.f3.d3.r1.-r0.-f3.r3.f3.-d3.-f3.r0.-f3.r0.f0.r0.f3.-r2.r3.-f0.d0.f3.f0.r3.-f3.-r3.r2.-f3,45,019fe081-c11c-72aa-8a84-ec3b1c8d0e7b,results/v1/cayley-py-444-cube/cayleypy-96-24-b1f3fc405bc56fff/806/2026-08-08/019fe081-c11c-72aa-8a84-ec3b1c8d0e7b.json,2026-08-08T08:33:47.117Z,359,bf3f68e5906e25ac7b8bfabef6c0d81bdfd1d309
806,r3.-r0.f0.r3.f3.-d1.-r2.d3.-d0.-r1.-d0.d2.r0.-f1.-r3.-f0.-r1.r3.d3.f3.d3.-r0.r1.-f3.r3.f3.-d3.-f3.r0.-f3.r0.f0.r0.f3.-r2.r3.-f0.d0.f3.f0.r3.-f3.-r3.r2.-f3,45,019fe3a0-031a-7e91-9857-b77b09b5ced1,results/v1/cayley-py-444-cube/cayleypy-96-24-b1f3fc405bc56fff/806/2026-08-08/019fe3a0-031a-7e91-9857-b77b09b5ced1.json,2026-08-08T23:05:41.866Z,360,bf3f68e5906e25ac7b8bfabef6c0d81bdfd1d309
807,-d2.f2.f0.r3.-f3.-d2.-r2.r3.r0.-d2.r3.-f0.-d0.-r2.d0.d3.r3.-f3.-r0.r1.d2.-r1.f3.-f1.-r0.f1.r1.d1.d0.d1.-r0.r1.-f2.-d1.f2.-r0.r1.-r0.-f2.r1.-f3.-d2.r1.d2.f3.f2,46,019fd2e1-6962-76f6-95a2-d442380c91ed,results/v1/cayley-py-444-cube/cayleypy-96-24-b1f3fc405bc56fff/807/2026-08-05/019fd2e1-6962-76f6-95a2-d442380c91ed.json,2026-08-05T17:03:34.830Z,361,bf3f68e5906e25ac7b8bfabef6c0d81bdfd1d309
807,-d2.f2.f0.r3.-f3.-d2.-r2.r3.r0.-d2.r3.-f0.-d0.-r2.d0.d3.r3.-f3.-r0.r1.d2.-r1.-f1.f3.-r0.f1.r1.d1.d1.d0.-r0.r1.-f2.-d1.f2.r1.r0.r0.-f2.r1.-f3.-d2.r1.d2.f3.f2,46,019fdb2b-7f77-7f58-815c-c3745533c110,results/v1/cayley-py-444-cube/cayleypy-96-24-b1f3fc405bc56fff/807/2026-08-07/019fdb2b-7f77-7f58-815c-c3745533c110.json,2026-08-07T07:41:27.900Z,362,bf3f68e5906e25ac7b8bfabef6c0d81bdfd1d309
807,-d2.f2.f0.r3.-f3.-d2.-r2.r3.r0.-d2.r3.-f0.-d0.-r2.d0.d3.r3.-f3.-r0.r1.d2.-r1.-f1.f3.-r0.f1.r1.-d1.-d1.d0.-r0.r1.-f2.-d1.f2.-r0.r1.-r0.-f2.r1.-f3.-d2.r1.d2.f3.f2,46,019fe0a3-7b71-74e9-93d4-58c496769a89,results/v1/cayley-py-444-cube/cayleypy-96-24-b1f3fc405bc56fff/807/2026-08-08/019fe0a3-7b71-74e9-93d4-58c496769a89.json,2026-08-08T09:10:37.356Z,363,bf3f68e5906e25ac7b8bfabef6c0d81bdfd1d309
808,f1.d2.-r2.-f2.r1.-f1.-d0.-f3.-d2.f3.-r0.-d2.-r0.-d1.-d3.r0.-f0.d1.f0.-d3.f2.-r0.-f0.r0.-f2.r2.d3.-r0.-d2.-d0.-r0.f2.r0.f2.f2.r2.-d2.r2.-d2.-r2.f2.d1.d0.f2.-d2.-f2.f1,47,019fd8b5-bf4a-7bd4-9ee3-128833e89fbb,results/v1/cayley-py-444-cube/cayleypy-96-24-b1f3fc405bc56fff/808/2026-08-06/019fd8b5-bf4a-7bd4-9ee3-128833e89fbb.json,2026-08-06T20:13:36.471Z,364,bf3f68e5906e25ac7b8bfabef6c0d81bdfd1d309
808,f1.d2.-r2.-f2.r1.-f1.-d0.-f3.-d2.f3.-r0.-d2.-r0.-d3.-d1.r0.-f0.d1.f0.-d3.f2.-r0.-f0.r0.-f2.r2.d3.-r0.-d2.-d0.-r0.f2.r0.f2.f2.r2.-d2.r2.-d2.-r2.f2.d1.d0.f2.-d2.-f2.f1,47,019fe0cb-9db2-7e2c-880e-4d7233ac9641,results/v1/cayley-py-444-cube/cayleypy-96-24-b1f3fc405bc56fff/808/2026-08-08/019fe0cb-9db2-7e2c-880e-4d7233ac9641.json,2026-08-08T09:54:27.550Z,365,bf3f68e5906e25ac7b8bfabef6c0d81bdfd1d309
809,r3.f0.r3.-r1.f3.-d2.f3.-r0.-d2.-r2.-r0.d2.-d1.f0.-f3.f0.d0.r3.d2.-r0.-r1.f2.d0.r1.-d3.f0.-d0.d1.-f2.d2.-r2.-d2.f2.d0.-d1.-f0.-d0.r2.d0.-d2.r1.d3.-r1.d2,44,019fe067-8194-7877-bc5b-90b3327d1316,results/v1/cayley-py-444-cube/cayleypy-96-24-b1f3fc405bc56fff/809/2026-08-08/019fe067-8194-7877-bc5b-90b3327d1316.json,2026-08-08T08:05:06.717Z,366,bf3f68e5906e25ac7b8bfabef6c0d81bdfd1d309
810,-f1.d0.d2.-r1.-r3.-f3.d2.-r0.d3.-f2.r0.f1.-d0.f2.f2.d2.d1.-d0.f3.-d0.d2.-f2.-f0.-r0.-d3.r0.-f1.f0.r2.-f0.-r0.-f2.-f2.f1.r2.r2.-f2.-f2.-r2.-f1.-d2.-f2.r3.d1.-r3.d2.-r2,47,019fe0d6-365b-7d5a-a8aa-7bee48d535da,results/v1/cayley-py-444-cube/cayleypy-96-24-b1f3fc405bc56fff/810/2026-08-08/019fe0d6-365b-7d5a-a8aa-7bee48d535da.json,2026-08-08T10:06:02.134Z,367,bf3f68e5906e25ac7b8bfabef6c0d81bdfd1d309
811,-r3.f0.-f2.d3.-d0.-r1.-d3.-r3.-f0.r2.f2.-f0.-d0.r1.-d2.-f1.f3.-r0.-r1.d3.-f2.-d3.d0.r1.f2.f2.d1.f3.-d1.-r1.-f3.d2.f2.f2.r1.-f2.d3.-r1.-d2.r1.-d3.f2.f2.-f1,44,019fe04f-5311-774f-b6ed-ded2ad90875a,results/v1/cayley-py-444-cube/cayleypy-96-24-b1f3fc405bc56fff/811/2026-08-08/019fe04f-5311-774f-b6ed-ded2ad90875a.json,2026-08-08T07:38:42.063Z,368,bf3f68e5906e25ac7b8bfabef6c0d81bdfd1d309
812,-r1.-d0.f0.-d0.d2.d1.f2.-r1.-f1.f3.-d3.f3.-d0.f0.d3.d0.-f3.-f2.d3.f2.-d3.-r3.-d1.-r3.f1.r3.r2.-f1.-r3.d1.-r1.-r0.-d1.r3.f2.r2.-r3.d1.r3.-r2.-f1.-f2.r3.r3.f0,45,019fe0bc-a7a9-79c8-be81-d1decd60e698,results/v1/cayley-py-444-cube/cayleypy-96-24-b1f3fc405bc56fff/812/2026-08-08/019fe0bc-a7a9-79c8-be81-d1decd60e698.json,2026-08-08T09:38:07.235Z,369,bf3f68e5906e25ac7b8bfabef6c0d81bdfd1d309
813,-f3.d0.f0.r1.d3.r2.f2.r0.f0.f3.r3.-d0.r1.r1.-d0.-f1.f2.-f3.d1.-f0.r2.r3.d3.f0.-d3.f1.-r1.-f2.-f1.-r1.f2.-r0.-r1.d1.-r3.-d2.d1.-r3.d2.r3.-d1.-r0.-r1.-f2.r3.r0,46,019fe098-43b0-7f93-a975-096a67498f4f,results/v1/cayley-py-444-cube/cayleypy-96-24-b1f3fc405bc56fff/813/2026-08-08/019fe098-43b0-7f93-a975-096a67498f4f.json,2026-08-08T08:58:22.207Z,370,bf3f68e5906e25ac7b8bfabef6c0d81bdfd1d309
814,f2.-r0.d0.-r0.-d0.-d1.r2.-d0.-f2.-r1.-f3.r2.d0.-d3.-r0.-d0.f0.d2.-f0.-r1.-d2.-r3.r1.-d0.-r3.-f2.-r2.f2.-r3.-r3.-f2.d0.f2.-r1.-d3.r1.-r2.-d2.f1.-d1.d2.-f1.d1.-r1.d2.r2.-d0,47,019fe0e2-2469-79c8-b44c-214dcf1a15f8,results/v1/cayley-py-444-cube/cayleypy-96-24-b1f3fc405bc56fff/814/2026-08-08/019fe0e2-2469-79c8-b44c-214dcf1a15f8.json,2026-08-08T10:19:03.966Z,371,bf3f68e5906e25ac7b8bfabef6c0d81bdfd1d309
815,f2.r0.-f2.d2.-f3.-d2.-r3.-d0.-f3.d1.-r3.d3.-f3.-d3.-d3.r2.r2.d0.-r2.-d0.-f2.d0.d2.f2.d1.f0.-r0.-d0.-f2.r1.r3.r0.f2.d2.-f3.r2.-f1.-f2.-d1.-d1.r2.-d1.r2.f3,44,019fe0b0-3312-77fb-8074-f63f9cb691ec,results/v1/cayley-py-444-cube/cayleypy-96-24-b1f3fc405bc56fff/815/2026-08-08/019fe0b0-3312-77fb-8074-f63f9cb691ec.json,2026-08-08T09:24:30.735Z,372,bf3f68e5906e25ac7b8bfabef6c0d81bdfd1d309
816,-r2.-f0.r3.-d0.-r0.-d1.r1.d0.-d1.r1.f0.-r1.-f1.r1.d2.-r0.r3.-d0.r0.d0.-r3.d2.-r2.f1.r2.d3.d1.-f2.-f3.d1.r3.-d1.-r3.f2.f3.d3.f1.-r1.-f1.-f3.d2.-f1.-d2.-f0.-d3,45,019fe0b0-b249-73f2-97a5-d9b10864330c,results/v1/cayley-py-444-cube/cayleypy-96-24-b1f3fc405bc56fff/816/2026-08-08/019fe0b0-b249-73f2-97a5-d9b10864330c.json,2026-08-08T09:25:03.558Z,373,bf3f68e5906e25ac7b8bfabef6c0d81bdfd1d309
817,d0.-r3.r1.-f0.-d0.f3.-d2.-f0.-d1.-f1.-r3.d1.-r3.-r1.-d0.-f2.d0.f2.d0.r2.-r3.d3.-r0.r2.d2.r3.-f0.-d1.-d1.f0.-r3.-d1.-f1.-r1.f1.d1.-r1.d1.-r1.-d2.r0.d2.-r1.d2.d2.r1,46,019fe0a9-c4ca-78ee-8035-f6b6679db543,results/v1/cayley-py-444-cube/cayleypy-96-24-b1f3fc405bc56fff/817/2026-08-08/019fe0a9-c4ca-78ee-8035-f6b6679db543.json,2026-08-08T09:17:29.301Z,374,bf3f68e5906e25ac7b8bfabef6c0d81bdfd1d309
818,d3.f0.-r3.-r0.f0.-d0.-r1.f0.-r0.d2.f1.f1.d3.r1.f3.d2.d0.-r0.-d0.r1.d0.d1.-r1.f2.-f1.d1.-f2.-r2.f1.-f3.f1.r1.f3.r1.-f1.-d1.-f1.-r1.-d0.f3.r1.f1.r1.d1.-r1,45,019fe0b0-52e6-7eed-a6c0-25baf7c7e616,results/v1/cayley-py-444-cube/cayleypy-96-24-b1f3fc405bc56fff/818/2026-08-08/019fe0b0-52e6-7eed-a6c0-25baf7c7e616.json,2026-08-08T09:24:39.120Z,375,bf3f68e5906e25ac7b8bfabef6c0d81bdfd1d309
819,-d3.f3.d3.r0.f0.d3.-f0.-r1.d1.-r1.-r3.d1.-d0.r3.-f2.-r2.-d1.-r1.-f3.r3.f1.r1.-d3.r0.-r1.d2.r1.-r2.-r2.-f3.d1.f1.d2.f2.-d1.f2.f2.-d1.-r2.f2.-r2.-f1,42,019fe06f-9aa0-7b41-9c2e-8b6f64decc44,results/v1/cayley-py-444-cube/cayleypy-96-24-b1f3fc405bc56fff/819/2026-08-08/019fe06f-9aa0-7b41-9c2e-8b6f64decc44.json,2026-08-08T08:13:57.477Z,376,bf3f68e5906e25ac7b8bfabef6c0d81bdfd1d309
820,-f0.r0.f3.-r0.f0.f0.r3.-d1.r3.-f0.r0.-d3.-r2.-d2.-d1.f2.r0.-r3.f1.-r3.-r3.f2.d1.-f2.r3.d0.-r0.-f1.-d0.-r2.r3.-d0.f1.-d3.-d2.-f1.d0.r2.-d0.-r2.-d0.f1.d3.-f1.d2.d0.r2,47,019fe0b5-688c-7ce1-9ae6-fcf3bbe2338c,results/v1/cayley-py-444-cube/cayleypy-96-24-b1f3fc405bc56fff/820/2026-08-08/019fe0b5-688c-7ce1-9ae6-fcf3bbe2338c.json,2026-08-08T09:30:11.944Z,377,bf3f68e5906e25ac7b8bfabef6c0d81bdfd1d309
821,d3.r1.-r0.-d2.f1.-r2.-d3.f3.d0.r3.d1.-r2.d0.-r0.f0.-r0.d0.-d3.d0.-f0.d3.r0.-d2.-r0.d1.r0.-d1.r0.-d3.-r0.d3.f2.f3.-r1.-f3.-f3.-r1.-f2.f3.-r0.-f1.-d2.f1.d2.f0.-r1,46,019fe08d-4eb4-76fe-9dad-7932c0f020ea,results/v1/cayley-py-444-cube/cayleypy-96-24-b1f3fc405bc56fff/821/2026-08-08/019fe08d-4eb4-76fe-9dad-7932c0f020ea.json,2026-08-08T08:46:24.035Z,378,bf3f68e5906e25ac7b8bfabef6c0d81bdfd1d309
823,-f1.-d2.d0.-r1.-d2.-f0.-r0.-d0.r3.f0.-d0.r2.-d3.-d2.f0.f1.d3.-f0.-f0.r2.f1.f0.-r3.f3.d3.r3.-d2.-d1.-r3.r0.r0.d1.r0.-d1.-f1.-f2.d1.-r3.d3.-r1.-f1.r1.f1.f2.f2.-d1.f2.f2,48,019fe0ce-ca1e-7839-8608-daeb9bda646a,results/v1/cayley-py-444-cube/cayleypy-96-24-b1f3fc405bc56fff/823/2026-08-08/019fe0ce-ca1e-7839-8608-daeb9bda646a.json,2026-08-08T09:57:55.716Z,379,bf3f68e5906e25ac7b8bfabef6c0d81bdfd1d309
824,f2.-r1.-r2.d3.-d2.-f3.d0.d0.-f3.-r3.f3.d1.-f0.-r3.d0.d1.r1.d3.-r1.d2.f0.-d2.-r0.f0.f3.r2.-f2.-d2.r2.r2.d2.f2.-d1.-r1.d3.r2.f1.-r2.-d3.r1.-r2.r3.-r2.-d0.-r2.d0.-r3,47,019fcd15-b18e-769c-9934-59ffd89bac3a,results/v1/cayley-py-444-cube/cayleypy-96-24-b1f3fc405bc56fff/824/2026-08-04/019fcd15-b18e-769c-9934-59ffd89bac3a.json,2026-08-04T14:02:57.971Z,380,bf3f68e5906e25ac7b8bfabef6c0d81bdfd1d309
824,f2.-r1.-r2.d3.-d2.-f3.d0.d0.-f3.-r3.f3.d1.-f0.-r3.d0.d1.r1.d3.-r1.d2.f0.-d2.-r0.f0.f3.r2.-f2.-d2.-r2.-r2.d2.f2.-d1.-r1.d3.r2.f1.-r2.-d3.r1.-r2.r3.-r2.-d0.-r2.d0.-r3,47,019fe0de-3042-71c4-abee-75a7da0e89f2,results/v1/cayley-py-444-cube/cayleypy-96-24-b1f3fc405bc56fff/824/2026-08-08/019fe0de-3042-71c4-abee-75a7da0e89f2.json,2026-08-08T10:14:44.825Z,381,bf3f68e5906e25ac7b8bfabef6c0d81bdfd1d309
825,r0.-f2.-d0.-f3.f2.r0.f3.-d0.r1.-r2.-f2.-r2.-f2.r3.f2.-r3.f3.r1.r0.r0.-d0.-r0.-d0.r2.f0.-r2.-d0.f3.r2.-f0.r3.f1.-r2.f0.-r2.f2.r2.-f2.d1.d3.d0.-r1.d0.-f1.r1.f1,46,019fd2d6-429f-7608-8483-fac127b517ae,results/v1/cayley-py-444-cube/cayleypy-96-24-b1f3fc405bc56fff/825/2026-08-05/019fd2d6-429f-7608-8483-fac127b517ae.json,2026-08-05T16:51:23.740Z,382,bf3f68e5906e25ac7b8bfabef6c0d81bdfd1d309
825,r0.-f2.-d0.-f3.f2.r0.f3.-d0.r1.-r2.-f2.-r2.-f2.r3.f2.-r3.f3.r1.r0.r0.-d0.-r0.-d0.r2.f0.-r2.-d0.f3.r2.-f0.r3.f1.-r2.f0.-r2.f2.r2.-f2.d1.d3.d0.-r1.d0.-f1.r1.f1,46,019fe09d-c285-729f-9ca2-ceacd1764c02,results/v1/cayley-py-444-cube/cayleypy-96-24-b1f3fc405bc56fff/825/2026-08-08/019fe09d-c285-729f-9ca2-ceacd1764c02.json,2026-08-08T09:04:22.338Z,383,bf3f68e5906e25ac7b8bfabef6c0d81bdfd1d309
826,-r0.f0.d0.r1.-d0.-f1.-d3.-f2.-d3.-f1.-r0.r2.d2.d2.-f0.d2.r2.-f0.r0.f2.f0.-r3.d1.r3.-d2.f2.r3.-f2.-r3.d2.-r0.d2.-r3.-d1.-d2.r0.-r2.-r1.-d0.f0.r1.-f0.r3.f0.-r1.-f0.r1,47,019fe06e-ed62-7d4b-9070-d345c931aa38,results/v1/cayley-py-444-cube/cayleypy-96-24-b1f3fc405bc56fff/826/2026-08-08/019fe06e-ed62-7d4b-9070-d345c931aa38.json,2026-08-08T08:13:12.859Z,384,bf3f68e5906e25ac7b8bfabef6c0d81bdfd1d309
827,-r3.f3.-r2.f3.-r3.f1.-d0.-r3.f3.r1.-f2.-f3.-d2.r0.-f3.f1.r2.-f1.-f0.-r3.-d1.-r1.d0.-r2.-f2.d0.d2.r2.-d2.r3.f2.-r2.f0.-r3.d0.-f0.r2.-d1.-r2.f0.r3.-f2.-r3.f2,44,019fe09d-c770-77e9-af74-62a23102c6e1,results/v1/cayley-py-444-cube/cayleypy-96-24-b1f3fc405bc56fff/827/2026-08-08/019fe09d-c770-77e9-af74-62a23102c6e1.json,2026-08-08T09:04:23.607Z,385,bf3f68e5906e25ac7b8bfabef6c0d81bdfd1d309
829,-f1.-f0.-f0.-r1.-f3.d3.r0.d3.f0.d1.f1.d0.f0.d3.-r1.-f0.r0.-d3.-r3.-f0.-f3.r0.-f0.f1.d2.f0.d3.-r1.-d3.r1.d1.f0.-d2.r2.d2.-d1.-f1.-r1.-d2.f1.-r0.d1.r1.r0.-f3.-f1,46,019fe095-5467-742e-a9f6-c1030e2322e3,results/v1/cayley-py-444-cube/cayleypy-96-24-b1f3fc405bc56fff/829/2026-08-08/019fe095-5467-742e-a9f6-c1030e2322e3.json,2026-08-08T08:55:09.820Z,386,bf3f68e5906e25ac7b8bfabef6c0d81bdfd1d309
830,r2.f0.-d1.-f1.r3.d0.-d2.-f3.r0.-r3.-f1.d0.-r3.d0.r1.r0.-r3.-d2.-d3.-r2.-d2.-d2.-r2.d3.r3.-f3.r3.-r2.f0.r2.r3.r3.d0.-f3.f0.-d3.r1.d3.f3.-f0.-d0.-d3.-f2.d3.-r3,45,019fe0c0-7b72-7c30-94fe-991690947aeb,results/v1/cayley-py-444-cube/cayleypy-96-24-b1f3fc405bc56fff/830/2026-08-08/019fe0c0-7b72-7c30-94fe-991690947aeb.json,2026-08-08T09:42:17.980Z,387,bf3f68e5906e25ac7b8bfabef6c0d81bdfd1d309
831,d0.f2.-r0.f0.d2.r3.-r0.d1.f0.d2.r3.f0.-r3.f3.f3.r3.-d0.-f3.-d1.-r2.-f0.-d1.f0.d1.f3.r3.-d2.-f2.r0.f2.d2.f2.-d1.-r0.-r3.-d0.r0.r3.f0.d0.d1.-r3.d2.r3.-d0.f0,46,019fe075-b83a-7ef4-981a-1ee7cd5ff9cb,results/v1/cayley-py-444-cube/cayleypy-96-24-b1f3fc405bc56fff/831/2026-08-08/019fe075-b83a-7ef4-981a-1ee7cd5ff9cb.json,2026-08-08T08:20:38.154Z,388,bf3f68e5906e25ac7b8bfabef6c0d81bdfd1d309
832,d3.r0.-d3.-r1.-f0.-r3.d0.-r2.-f3.-d0.-f1.f3.-r1.d3.r0.-r2.-d3.-f2.-d1.-r1.f0.r2.f2.f1.r3.f3.-d2.-f3.d1.r3.-d1.f2.d1.-r3.-f1.d3.d2.d1.r1.-d2.r1.r1.d1.d1.-r0,45,019fe067-984c-73dd-b59a-e8f13f6248ff,results/v1/cayley-py-444-cube/cayleypy-96-24-b1f3fc405bc56fff/832/2026-08-08/019fe067-984c-73dd-b59a-e8f13f6248ff.json,2026-08-08T08:05:12.670Z,389,bf3f68e5906e25ac7b8bfabef6c0d81bdfd1d309
833,-r2.-f3.-r2.-f2.-r0.f3.-d0.f1.-d0.-r2.f1.-f2.f0.r0.-f3.-d3.r1.-d3.-d0.f3.f0.-r3.-r0.-d3.-r2.d3.r2.d3.-f3.-f3.d0.-f3.d0.d0.r1.d0.-f0.-d0.f0.-r1.f1.-f0.d3.f2.-d2.-f2.-d3.-f1,48,019fe091-588c-796e-8aae-465b296289fe,results/v1/cayley-py-444-cube/cayleypy-96-24-b1f3fc405bc56fff/833/2026-08-08/019fe091-588c-796e-8aae-465b296289fe.json,2026-08-08T08:50:48.845Z,390,bf3f68e5906e25ac7b8bfabef6c0d81bdfd1d309
834,-d3.f3.d3.-f2.d2.-r3.f1.r0.-f3.-d3.f3.-r0.d3.-r1.-d3.f3.r3.-d0.-r0.f1.-d3.r1.r2.d0.-r2.d3.f2.-r1.-f3.-r3.-r0.d0.d3.-f3.r3.r0.d3.r2.-d2.-d1.-r2.-d3.-r2.-d1.-r2.d1.-r2,47,019fe0ce-1b4e-7f3d-944a-6eb2f351db9d,results/v1/cayley-py-444-cube/cayleypy-96-24-b1f3fc405bc56fff/834/2026-08-08/019fe0ce-1b4e-7f3d-944a-6eb2f351db9d.json,2026-08-08T09:57:10.955Z,391,bf3f68e5906e25ac7b8bfabef6c0d81bdfd1d309
835,-f3.d1.-f3.-d0.-f0.d0.r1.f1.d0.-d2.r1.-r3.r0.d0.f1.r3.f3.f2.-r3.-r3.-f3.d1.r0.f0.r1.f2.-r1.-f2.-r0.f3.-r0.r3.-f0.d2.r1.-f2.d2.f2.-r1.-d2.-d2.d3.f1.-r1.-f1.-r3,46,019fe0a0-da76-717a-aaf8-bf2ed5af7fae,results/v1/cayley-py-444-cube/cayleypy-96-24-b1f3fc405bc56fff/835/2026-08-08/019fe0a0-da76-717a-aaf8-bf2ed5af7fae.json,2026-08-08T09:07:45.181Z,392,bf3f68e5906e25ac7b8bfabef6c0d81bdfd1d309
836,-d3.r1.-r0.d3.r3.d3.-r2.f0.d3.-r1.-f3.r3.d0.-f1.-f1.d0.r3.-f3.f0.-r2.-d1.-r1.f1.f0.-r2.-f0.-r1.-f0.-r1.-f3.d1.-f2.f0.d1.f0.-d1.-f0.f3.-r1.f2.-d1.-r1.-f2.r1.r1.f2.-r1,47,019fd2d8-38b1-776d-a8f1-0232de2a45bc,results/v1/cayley-py-444-cube/cayleypy-96-24-b1f3fc405bc56fff/836/2026-08-05/019fd2d8-38b1-776d-a8f1-0232de2a45bc.json,2026-08-05T16:53:32.686Z,393,bf3f68e5906e25ac7b8bfabef6c0d81bdfd1d309
836,r0.-f0.-d3.d2.r3.-f0.f3.-r1.-f0.d1.f1.-r1.-r0.-d1.-d2.f3.r0.-f1.r3.f1.d0.-r1.d3.r1.-d3.f0.-r3.-f0.-r3.-d2.-f0.-r3.-r0.f1.-r2.-r1.d0.-r3.r2.r1.f3.d2.d1.f0.-d1.-f0.-d2,47,019fe0ad-4bb5-7807-86b8-5bf4853c46ba,results/v1/cayley-py-444-cube/cayleypy-96-24-b1f3fc405bc56fff/836/2026-08-08/019fe0ad-4bb5-7807-86b8-5bf4853c46ba.json,2026-08-08T09:21:20.373Z,394,bf3f68e5906e25ac7b8bfabef6c0d81bdfd1d309
837,d2.f0.f3.-r3.-d1.d2.r0.r3.-d0.-r3.f0.d3.f0.-d3.-d3.r1.f3.-r0.r2.-f1.-d0.r0.-d1.r2.-d2.-r0.-r2.-d3.-f2.f1.r1.f0.d2.-f0.-f2.-d2.f2.-r2.-r1.-f0.-d2.-f1.d2.r2.d3.d2,46,019fce7d-128b-788c-812f-bb18c39d02c5,results/v1/cayley-py-444-cube/cayleypy-96-24-b1f3fc405bc56fff/837/2026-08-04/019fce7d-128b-788c-812f-bb18c39d02c5.json,2026-08-04T20:35:30.500Z,395,bf3f68e5906e25ac7b8bfabef6c0d81bdfd1d309
838,-d0.-r0.d2.-r1.-d1.-r0.f0.f1.d2.f0.f1.-d0.-d2.f3.d3.-r1.-d2.f0.-r1.d3.r1.-d2.-d1.-d1.-f3.-d1.f3.-r0.-f2.r0.f2.d2.-d3.-r1.-f2.-d2.-r1.-r0.f0.d2.f3.d1.-f3.-d2.-f0,45,019fe086-9ef1-732d-80f1-8ecddc218837,results/v1/cayley-py-444-cube/cayleypy-96-24-b1f3fc405bc56fff/838/2026-08-08/019fe086-9ef1-732d-80f1-8ecddc218837.json,2026-08-08T08:39:06.056Z,396,bf3f68e5906e25ac7b8bfabef6c0d81bdfd1d309
840,-r0.f2.d2.-f3.d0.-f3.-f3.d0.-f1.d0.-f0.d0.-r3.-d3.-d0.-f2.-d1.-d0.-r2.-d0.-f3.-d1.f3.-f2.r1.d1.f2.-d0.r2.f0.d0.-d2.-f3.r1.f3.r1.d1.f1.-d0.r1.-d1.d2.-f1.-r1.f1.d0.-r1,47,019fd38f-3768-7781-9a3e-2862580833a3,results/v1/cayley-py-444-cube/cayleypy-96-24-b1f3fc405bc56fff/840/2026-08-05/019fd38f-3768-7781-9a3e-2862580833a3.json,2026-08-05T20:13:25.098Z,397,bf3f68e5906e25ac7b8bfabef6c0d81bdfd1d309
840,-r0.f2.d2.-f3.d0.-f3.-f3.d0.-f1.d0.-f0.d0.-r3.-d3.-d0.-f2.-d1.-d0.-r2.-d0.-f3.-d1.f3.-f2.r1.d1.f2.-d0.r2.f0.d0.-d2.-f3.r1.f3.r1.d1.f1.-d0.r1.-d1.d2.-f1.-r1.f1.d0.-r1,47,019fe0d8-dba8-7317-ba01-7b94d1350d48,results/v1/cayley-py-444-cube/cayleypy-96-24-b1f3fc405bc56fff/840/2026-08-08/019fe0d8-dba8-7317-ba01-7b94d1350d48.json,2026-08-08T10:08:55.375Z,398,bf3f68e5906e25ac7b8bfabef6c0d81bdfd1d309
841,r3.-f0.d2.-r3.-r3.f2.d1.-f1.-d3.-f2.-r1.r3.f0.d0.r3.-r2.f2.-r3.-r1.-f3.d0.f0.r0.-f0.f3.-d0.-d2.f2.r1.-d3.f1.d3.d2.-r2.f3.-r2.f2.r1.d2.f2.r1.f2.-r1.-d2.r2.d1,46,019fe090-2b94-79eb-986f-934d5103f5a8,results/v1/cayley-py-444-cube/cayleypy-96-24-b1f3fc405bc56fff/841/2026-08-08/019fe090-2b94-79eb-986f-934d5103f5a8.json,2026-08-08T08:49:31.683Z,399,bf3f68e5906e25ac7b8bfabef6c0d81bdfd1d309
842,d2.-f3.d0.-d2.-r2.-d3.-f3.-r0.d1.f1.-f3.f0.-d1.r0.d3.-d1.f3.-r0.-d3.d1.r3.d3.-f1.-r0.-r3.-d2.f3.d2.-r2.-d2.-f2.-r2.-f0.-f3.d2.d3.-r2.-d3.-d2.-f2.-r2.-f2.f0.d2.-f2,45,019fe08c-bc4f-7c8a-bfc0-d1f67aa583c9,results/v1/cayley-py-444-cube/cayleypy-96-24-b1f3fc405bc56fff/842/2026-08-08/019fe08c-bc4f-7c8a-bfc0-d1f67aa583c9.json,2026-08-08T08:45:46.577Z,400,bf3f68e5906e25ac7b8bfabef6c0d81bdfd1d309
843,-d0.-f3.-r3.-d1.-f2.d3.-f1.f2.d3.-f2.-r1.f3.r3.f0.f2.d3.-f1.f3.-d1.-f1.f0.d1.r2.-f0.-r0.-d1.f1.f0.r2.-f0.d2.d1.f0.d1.-f0.-d2.-r1.-r2.-d1.r1.d1.d1.-f2.d3,44,019fe070-7287-7bbe-8cfa-4e62cc545483,results/v1/cayley-py-444-cube/cayleypy-96-24-b1f3fc405bc56fff/843/2026-08-08/019fe070-7287-7bbe-8cfa-4e62cc545483.json,2026-08-08T08:14:51.587Z,401,bf3f68e5906e25ac7b8bfabef6c0d81bdfd1d309
844,d3.r0.-r1.f0.-r3.-f0.r0.f0.r1.-r2.-d2.-d3.f3.d2.-d1.r2.-f2.r1.d0.d2.-r1.f2.-f0.-r0.d1.-f2.r0.d1.-f2.-r1.f2.d1.-f2.r3.f2.d1.-f2.-r3.-d2.d1.d1.-r0.-d1.-r2.d1,45,019fc962-4ac8-7c95-919d-61145d6a75d2,results/v1/cayley-py-444-cube/cayleypy-96-24-b1f3fc405bc56fff/844/2026-08-03/019fc962-4ac8-7c95-919d-61145d6a75d2.json,2026-08-03T20:48:08.648Z,402,bf3f68e5906e25ac7b8bfabef6c0d81bdfd1d309
844,d3.r0.-r1.f0.-r3.-f0.r0.f0.r1.-r2.-d2.-d3.f3.d2.-d1.r2.-f2.r1.d0.d2.-r1.f2.-f0.-r0.d1.-f2.r0.d1.-f2.-r1.f2.d1.-f2.r3.f2.d1.-f2.-r3.-d2.d1.d1.-r0.-d1.-r2.d1,45,019fdb5b-b5b8-735c-8238-39bd65aa7ee4,results/v1/cayley-py-444-cube/cayleypy-96-24-b1f3fc405bc56fff/844/2026-08-07/019fdb5b-b5b8-735c-8238-39bd65aa7ee4.json,2026-08-07T08:34:07.757Z,403,bf3f68e5906e25ac7b8bfabef6c0d81bdfd1d309
845,-d2.-r0.-f3.-d2.-r1.-f3.-r3.-f3.-r1.-r0.-d3.-f1.r3.-r1.f0.-r1.d2.f0.-r1.-r3.-d0.r3.-r2.-f0.f3.-d2.f3.r1.f3.f0.d1.f3.r2.f0.-d1.-f0.d0.-d1.f0.r3.-d0.r2.d0.-r3.-f0.d1,46,019fdb5b-9c27-7362-b5d5-0cb564e09c11,results/v1/cayley-py-444-cube/cayleypy-96-24-b1f3fc405bc56fff/845/2026-08-07/019fdb5b-9c27-7362-b5d5-0cb564e09c11.json,2026-08-07T08:34:01.411Z,404,bf3f68e5906e25ac7b8bfabef6c0d81bdfd1d309
846,-d2.-f0.f3.-d3.f0.-d0.r0.-d0.r0.-f2.-f3.d2.-r3.f2.r0.f2.f2.-d2.-r0.f2.d2.-f2.f3.-d0.-d3.r0.-d2.-d1.-r0.f3.-r1.-f3.-r1.d3.r0.-f1.d2.-r1.f1.d1.-d2.-f1.-r1.f1.f0,45,019fd41d-a049-7a12-a297-98db26d24e31,results/v1/cayley-py-444-cube/cayleypy-96-24-b1f3fc405bc56fff/846/2026-08-05/019fd41d-a049-7a12-a297-98db26d24e31.json,2026-08-05T22:48:58.016Z,405,bf3f68e5906e25ac7b8bfabef6c0d81bdfd1d309
846,-d2.-f0.f3.-d3.f0.-d0.r0.-d0.r0.-f2.-f3.d2.-r3.f2.r0.f2.f2.-d2.-r0.f2.d2.-f2.f3.-d0.-d3.r0.-d2.-d1.-r0.f3.-r1.-f3.-r1.d3.r0.-r1.-d2.f1.r2.d2.-f1.-r2.-r1.d1.f0,45,019fdb79-f5c6-7c1a-9309-c5034aafe8b7,results/v1/cayley-py-444-cube/cayleypy-96-24-b1f3fc405bc56fff/846/2026-08-07/019fdb79-f5c6-7c1a-9309-c5034aafe8b7.json,2026-08-07T09:07:10.185Z,406,bf3f68e5906e25ac7b8bfabef6c0d81bdfd1d309
847,-f0.d0.d3.-r0.-d2.r0.-r2.-f0.-d0.r0.-d2.-r0.f3.-r0.-r2.r3.f0.d3.r2.-d0.-d3.f2.d3.d0.r3.-f1.-d3.r0.r0.f1.-d3.f2.d3.r0.-d3.r2.d1.r2.-d1.-r2.-r0.-f1.-f2.r0.r0.f1,46,019fdb87-b16f-77bf-a98b-9fb88b8c485b,results/v1/cayley-py-444-cube/cayleypy-96-24-b1f3fc405bc56fff/847/2026-08-07/019fdb87-b16f-77bf-a98b-9fb88b8c485b.json,2026-08-07T09:22:10.133Z,407,bf3f68e5906e25ac7b8bfabef6c0d81bdfd1d309
848,-d3.-d0.f1.-r1.f3.r1.-d3.-r1.-d3.f2.d1.-f0.r3.-f1.r2.f1.-d1.d3.f0.-d3.f3.r3.r3.r0.-d1.f3.d3.r1.-d3.-f3.-r3.f1.d1.-r0.d1.-f1.-d1.f0.r3.d1.f1.-d1.-r3.-f0.r3,45,019fdb4e-c1de-7b2f-8c30-a65981483681,results/v1/cayley-py-444-cube/cayleypy-96-24-b1f3fc405bc56fff/848/2026-08-07/019fdb4e-c1de-7b2f-8c30-a65981483681.json,2026-08-07T08:19:58.891Z,408,bf3f68e5906e25ac7b8bfabef6c0d81bdfd1d309
849,-d1.d2.r0.-d0.f2.d1.r1.-d1.f2.-r0.d0.r1.d3.-r0.-d0.-f0.-f1.-r0.-f0.d0.-r0.-d0.-r0.-d0.r0.d0.f1.f2.-d3.-r3.-d3.-r3.-d2.f3.f0.r3.d3.-f1.-r1.-d1.r1.d1.-f2.-d3,44,019fdb54-7f68-77e7-b9d8-d98062e02a6f,results/v1/cayley-py-444-cube/cayleypy-96-24-b1f3fc405bc56fff/849/2026-08-07/019fdb54-7f68-77e7-b9d8-d98062e02a6f.json,2026-08-07T08:26:14.849Z,409,bf3f68e5906e25ac7b8bfabef6c0d81bdfd1d309
850,d0.f3.d1.r2.-d2.r0.-f1.-d2.f3.r3.d2.-f0.d1.r3.-d0.-f1.-d1.r3.-d1.r3.-f1.-d2.-f1.f0.f0.r1.d0.-d2.r1.-d1.r0.d3.-r1.-d2.-d1.-r1.-r1.-d0.-d3.-d3.-f0.-f1.d1.d3.f1.-d2.-f1,47,019fd7fb-558d-763a-a685-f8b263dc98c7,results/v1/cayley-py-444-cube/cayleypy-96-24-b1f3fc405bc56fff/850/2026-08-06/019fd7fb-558d-763a-a685-f8b263dc98c7.json,2026-08-06T16:49:59.495Z,410,bf3f68e5906e25ac7b8bfabef6c0d81bdfd1d309
850,d0.f3.d1.r2.-d2.r0.-f1.-d2.f3.r3.d2.-f0.d1.r3.-d0.-f1.-d1.r3.-d1.r3.-f1.-d2.-f1.f0.f0.r1.d0.-d2.r1.-d1.r0.d3.-r1.-d2.-d1.-r1.-r1.-d0.-d3.-d3.-f0.-f1.d1.d3.f1.-d2.-f1,47,019fdb7c-42d3-76ec-b206-52df9a2c5b4e,results/v1/cayley-py-444-cube/cayleypy-96-24-b1f3fc405bc56fff/850/2026-08-07/019fdb7c-42d3-76ec-b206-52df9a2c5b4e.json,2026-08-07T09:09:41.007Z,411,bf3f68e5906e25ac7b8bfabef6c0d81bdfd1d309
851,r2.f1.r3.d0.-r0.-f0.d3.-f3.r3.f0.-f3.d3.f2.r3.f2.r2.-r0.-f1.r0.-r3.-f3.-r2.-d2.-f3.d2.-f1.-r3.f1.r3.f3.-d2.r1.d2.d1.-d3.-f2.-r2.-d1.r2.-f3.r1.-d1.f2.-d1.-f2.d1.-r1.f0,48,019fdbac-1adf-797b-874b-b4ddf34ba4dd,results/v1/cayley-py-444-cube/cayleypy-96-24-b1f3fc405bc56fff/851/2026-08-07/019fdbac-1adf-797b-874b-b4ddf34ba4dd.json,2026-08-07T10:01:56.465Z,412,bf3f68e5906e25ac7b8bfabef6c0d81bdfd1d309
852,r2.f3.-r1.d3.-f3.-d2.r3.d0.-f2.-r3.-f3.-d0.r2.f0.-r3.-r3.-f3.-d3.r0.f0.d0.r2.-f0.d1.d2.f0.-r2.r1.d2.-r1.-r1.-d2.d1.f3.-d1.f3.r2.r2.d1.-f0.-f3.-d1.-f3.f0.d2,45,019fdb86-8407-77a3-8745-fbdb04793aa0,results/v1/cayley-py-444-cube/cayleypy-96-24-b1f3fc405bc56fff/852/2026-08-07/019fdb86-8407-77a3-8745-fbdb04793aa0.json,2026-08-07T09:20:53.196Z,413,bf3f68e5906e25ac7b8bfabef6c0d81bdfd1d309
853,-r0.-d3.r2.f2.d2.f3.r3.-f2.d3.f0.-r2.r3.-d1.d0.-f1.r2.d0.-r1.f1.-r3.-r2.-f2.r2.d0.-f3.-d0.r2.-f3.d0.-r2.-d0.f3.r2.-d1.f2.r3.d1.f1.d2.-r2.-d1.f1.-d2.-f1,44,019fdb4d-55bb-793e-8333-8cc11675f470,results/v1/cayley-py-444-cube/cayleypy-96-24-b1f3fc405bc56fff/853/2026-08-07/019fdb4d-55bb-793e-8333-8cc11675f470.json,2026-08-07T08:18:25.388Z,414,bf3f68e5906e25ac7b8bfabef6c0d81bdfd1d309
854,r2.f0.-d3.d1.-d2.f1.-r3.r0.-d0.f2.r0.f3.-d0.r2.-f3.-r1.-d3.r3.f3.r2.f1.d3.-f3.-d3.r1.f1.-d1.-f1.-d0.d2.-r2.-d1.-r2.d1.-d3.d1.-r2.d3.-r2.-d3.f2.-r2.-f1.-r2.-d1.r2.d1.-r2.f1,49,019fdb8c-d1ac-7555-9e1c-acd4c7637c7e,results/v1/cayley-py-444-cube/cayleypy-96-24-b1f3fc405bc56fff/854/2026-08-07/019fdb8c-d1ac-7555-9e1c-acd4c7637c7e.json,2026-08-07T09:27:45.907Z,415,bf3f68e5906e25ac7b8bfabef6c0d81bdfd1d309
855,-f2.-r3.d3.-r3.-f3.f1.f2.-r3.d3.f2.-r0.-f0.-d1.-f1.r1.r3.-f2.-r0.d1.-f0.-r1.f1.-r1.f0.f0.r2.d3.f2.-r3.d1.r3.-f2.-d1.-r3.d2.r3.-d1.-d1.-d0.r2.-f1.r2.d1.r2.d1.r2.d0.-f1,48,019fdb78-a2a4-7de6-92e5-7f247f8a69f6,results/v1/cayley-py-444-cube/cayleypy-96-24-b1f3fc405bc56fff/855/2026-08-07/019fdb78-a2a4-7de6-92e5-7f247f8a69f6.json,2026-08-07T09:05:43.472Z,416,bf3f68e5906e25ac7b8bfabef6c0d81bdfd1d309
856,-r2.-f2.-d3.-f0.d1.-r1.-f0.r3.d1.-d2.f0.-r0.r1.f1.-d1.-r0.f1.f2.-r1.-d1.-f2.f0.r0.d1.r0.d1.f1.d2.-f1.-d2.-r3.-r2.-f1.-r0.-f2.f1.-d1.f2.-d1.f2.-f3.r2.-f2.-r2.f2,45,019fdb81-10cb-7617-a797-5ae3fbe406a6,results/v1/cayley-py-444-cube/cayleypy-96-24-b1f3fc405bc56fff/856/2026-08-07/019fdb81-10cb-7617-a797-5ae3fbe406a6.json,2026-08-07T09:14:55.738Z,417,bf3f68e5906e25ac7b8bfabef6c0d81bdfd1d309
857,r3.f3.d3.-r0.f0.-d2.f0.d2.-r3.-d2.f3.d1.-d3.-r2.d2.r0.f2.-f3.-r3.d2.-r1.d3.-d2.r1.d2.-f2.d3.-f1.d2.f2.f3.-f1.r0.d3.-r1.f0.f2.-r1.-f2.-f0.r1.-d3.r3.r2,44,019fdb11-ef5e-7f3f-8d4d-9dc13894c057,results/v1/cayley-py-444-cube/cayleypy-96-24-b1f3fc405bc56fff/857/2026-08-07/019fdb11-ef5e-7f3f-8d4d-9dc13894c057.json,2026-08-07T07:13:32.750Z,418,bf3f68e5906e25ac7b8bfabef6c0d81bdfd1d309
858,r2.d2.r3.f0.d0.f3.-d0.-d1.-f0.d2.-r2.-r3.-d1.-f3.-d1.-f3.r2.-f3.-r3.f3.-d0.-r0.-d3.-r2.d3.r2.-d2.r2.d2.-d3.-d1.-f1.-f3.d1.f3.-d1.f1.d3.-f1.d1.-f1.-r2.f1.r1.d1.f1.-r1,47,019fdb64-0d09-7c55-985f-7ce1c924db60,results/v1/cayley-py-444-cube/cayleypy-96-24-b1f3fc405bc56fff/858/2026-08-07/019fdb64-0d09-7c55-985f-7ce1c924db60.json,2026-08-07T08:43:14.411Z,419,bf3f68e5906e25ac7b8bfabef6c0d81bdfd1d309
859,f0.-d3.d2.r0.d1.f2.-r3.r1.-f3.d0.-f3.-d1.-f0.-d2.-f3.d1.r3.-d0.-r3.f1.-d1.-r3.f0.-d1.-d1.f2.-d1.-r0.-f1.-f2.d3.d0.r2.-d3.d1.r1.d3.-d1.r1.d2.-f3.-d2.-r2.d2,44,019fdb1e-099a-7e19-8ce6-2e46f37b7b30,results/v1/cayley-py-444-cube/cayleypy-96-24-b1f3fc405bc56fff/859/2026-08-07/019fdb1e-099a-7e19-8ce6-2e46f37b7b30.json,2026-08-07T07:26:46.158Z,420,bf3f68e5906e25ac7b8bfabef6c0d81bdfd1d309
860,d0.f0.-d2.f1.r0.d2.-r2.d0.-d3.-r0.r2.d0.-r2.-f3.-d2.f0.d3.f1.r1.-r2.-r0.-d0.-r2.-r2.d0.-r1.f3.-d0.-f3.r2.-d0.-d3.f1.d3.r2.d0.f1.r0.-f1.-r2.-d2.-r2.d2.f1.-r2,45,019fdb32-64f8-7628-9cef-b12136c42146,results/v1/cayley-py-444-cube/cayleypy-96-24-b1f3fc405bc56fff/860/2026-08-07/019fdb32-64f8-7628-9cef-b12136c42146.json,2026-08-07T07:48:59.967Z,421,bf3f68e5906e25ac7b8bfabef6c0d81bdfd1d309
861,d3.-f3.d0.f1.-d2.-f0.r3.-f1.d3.-r3.f3.-r1.d0.r1.-d0.r3.d1.d3.-r0.d0.-f2.r3.-d2.-d0.r2.d0.f2.-r0.-r2.-d2.-d2.-r2.r0.f1.-f2.r2.d2.r3.d3.-r2.-d3.-r3,42,019fcdca-ce30-76a4-add6-fdbc9e258f36,results/v1/cayley-py-444-cube/cayleypy-96-24-b1f3fc405bc56fff/861/2026-08-04/019fcdca-ce30-76a4-add6-fdbc9e258f36.json,2026-08-04T17:20:46.907Z,422,bf3f68e5906e25ac7b8bfabef6c0d81bdfd1d309
861,d3.-f3.d0.f1.-d2.-f0.r3.-f1.d3.-r3.f3.-r1.d0.r1.-d0.r3.d3.d1.-r0.d0.-f2.r3.-d2.-d0.r2.d0.f2.-r0.-r2.-d2.-d2.-r2.r0.f1.-f2.r2.d2.r3.d3.-r2.-d3.-r3,42,019fdaf3-2ea7-7949-8bbd-cef56e35d4a7,results/v1/cayley-py-444-cube/cayleypy-96-24-b1f3fc405bc56fff/861/2026-08-07/019fdaf3-2ea7-7949-8bbd-cef56e35d4a7.json,2026-08-07T06:39:57.447Z,423,bf3f68e5906e25ac7b8bfabef6c0d81bdfd1d309
862,r2.-f3.-d3.f3.r3.-f0.-d2.f1.r0.-d2.r1.-f2.d3.r1.f2.-f3.-d1.f0.f0.-d2.-f0.r0.-f3.d2.d1.-f1.-d1.r3.d1.-r3.d0.-r0.f1.-d1.-f1.d1.d1.-f1.-r2.f1.f1.r2.-f1.r0.-f1.-d0.-f2,47,019fdb6e-cfa5-7a85-8388-01b9344cb842,results/v1/cayley-py-444-cube/cayleypy-96-24-b1f3fc405bc56fff/862/2026-08-07/019fdb6e-cfa5-7a85-8388-01b9344cb842.json,2026-08-07T08:54:59.670Z,424,bf3f68e5906e25ac7b8bfabef6c0d81bdfd1d309
863,-r2.f0.-r2.-f0.d2.-f1.-r1.f0.r2.r0.f2.-d0.-f1.r0.-f1.d3.r0.-f1.-d3.f3.-r0.d3.-f3.-f0.r0.-f2.d0.f2.f1.-r0.r3.-d0.f0.-f3.r3.-f0.-d0.-f3.-d3.f3.-r3.-f3.d3.d3,44,019fdb3f-777f-7841-962f-34eee9124bee,results/v1/cayley-py-444-cube/cayleypy-96-24-b1f3fc405bc56fff/863/2026-08-07/019fdb3f-777f-7841-962f-34eee9124bee.json,2026-08-07T08:03:16.663Z,425,bf3f68e5906e25ac7b8bfabef6c0d81bdfd1d309
864,-f3.-d0.-f3.d0.f2.f3.r2.-r3.-d0.f0.d3.f2.-r2.-f2.f1.d0.-r3.d3.-d1.r0.-f3.r1.f3.r0.f1.-r0.-f1.-f1.d1.r1.-f3.-d1.-r1.f0.d1.-f0.-d1.r2.-d1.r1.-r2.f1.-r1.-d1.-r2,45,019fdb6a-df02-706f-8cce-ca71967e490e,results/v1/cayley-py-444-cube/cayleypy-96-24-b1f3fc405bc56fff/864/2026-08-07/019fdb6a-df02-706f-8cce-ca71967e490e.json,2026-08-07T08:50:41.314Z,426,bf3f68e5906e25ac7b8bfabef6c0d81bdfd1d309
865,d0.f2.-r0.-d2.-r3.d1.-d2.-f2.f0.-r0.r3.-d1.-d3.f2.-d2.f3.-r3.-f3.d0.r0.f1.r0.r0.-d1.r0.d2.-f1.-f2.r0.r1.-d2.-r0.d2.-f1.r1.f2.-f1.-r1.-d2.f1.r1.r1.-f0.-d1,44,019fc9f2-56f0-7808-b6e1-d87096c01067,results/v1/cayley-py-444-cube/cayleypy-96-24-b1f3fc405bc56fff/865/2026-08-03/019fc9f2-56f0-7808-b6e1-d87096c01067.json,2026-08-03T23:25:29.336Z,427,bf3f68e5906e25ac7b8bfabef6c0d81bdfd1d309
865,d0.f2.-r0.-d2.-r3.d1.-d2.-f2.f0.-r0.r3.-d1.-d3.f2.-d2.f3.-r3.-f3.d0.r0.f1.-r0.-r0.-d1.r0.d2.-f1.-f2.r0.r1.-d2.-r0.d2.-f1.r1.-f1.f2.-r1.-d2.f1.r1.r1.-f0.-d1,44,019fcde1-0e39-7a53-9419-736e48af8db8,results/v1/cayley-py-444-cube/cayleypy-96-24-b1f3fc405bc56fff/865/2026-08-04/019fcde1-0e39-7a53-9419-736e48af8db8.json,2026-08-04T17:45:05.381Z,428,bf3f68e5906e25ac7b8bfabef6c0d81bdfd1d309
865,d0.f2.-r0.-d2.-r3.d1.-d2.-f2.f0.-r0.r3.-d3.-d1.f2.-d2.f3.-r3.-f3.d0.r0.f1.-r0.-r0.-d1.r0.d2.-f1.-f2.r0.r1.-d2.-r0.d2.-f1.r1.f2.-f1.-r1.-d2.f1.r1.r1.-f0.-d1,44,019fdb46-200a-7e13-ac2d-8ba92c6669a1,results/v1/cayley-py-444-cube/cayleypy-96-24-b1f3fc405bc56fff/865/2026-08-07/019fdb46-200a-7e13-ac2d-8ba92c6669a1.json,2026-08-07T08:10:33.089Z,429,bf3f68e5906e25ac7b8bfabef6c0d81bdfd1d309
866,d3.r1.-r3.f1.-r3.-r1.-f2.-d0.-d0.r0.-f2.-r3.-d2.-r3.f0.f3.r2.r0.f1.f0.r0.-f0.-d0.-f0.r0.-f3.r2.f0.f3.d2.-f2.f0.r2.-f0.-d2.f2.d1.-d2.-r2.-d2.-r2.-d1.r2.r0.-f3,45,019fdb68-1ebc-7b07-b5a7-4918eb2d5748,results/v1/cayley-py-444-cube/cayleypy-96-24-b1f3fc405bc56fff/866/2026-08-07/019fdb68-1ebc-7b07-b5a7-4918eb2d5748.json,2026-08-07T08:47:41.168Z,430,bf3f68e5906e25ac7b8bfabef6c0d81bdfd1d309
867,r2.r2.f0.d0.d0.f2.r3.-d3.d2.-f0.d0.-f3.-f2.d1.-f1.-d2.-f0.r0.f1.f0.r1.-d0.-f1.r1.d3.-d0.r2.d0.-d3.-f3.d2.r2.f3.d0.-f1.d1.-d2.f1.-d1.-r2.-d1.r2.d1.-d0.-r1.d2,46,019fdb46-820f-7918-8378-884dc9716db4,results/v1/cayley-py-444-cube/cayleypy-96-24-b1f3fc405bc56fff/867/2026-08-07/019fdb46-820f-7918-8378-884dc9716db4.json,2026-08-07T08:10:58.147Z,431,bf3f68e5906e25ac7b8bfabef6c0d81bdfd1d309
868,f1.d0.-r1.-f2.d2.r0.f3.-d2.r0.-f1.-d0.-r1.-f0.r0.f0.r1.f1.d1.-f1.r1.d2.d0.-r1.-d0.r3.-d3.-r3.r1.-f1.-d1.r1.r1.-d1.f0.d1.d0.f0.d0.-f0.-d0.r3.f1.r0.-f1.-r3.-r0.-f0,47,019fdb65-5914-7e56-a620-2ebdc5ef9cc8,results/v1/cayley-py-444-cube/cayleypy-96-24-b1f3fc405bc56fff/868/2026-08-07/019fdb65-5914-7e56-a620-2ebdc5ef9cc8.json,2026-08-07T08:44:39.474Z,432,bf3f68e5906e25ac7b8bfabef6c0d81bdfd1d309
869,d0.-r0.r1.-d0.r2.-d3.-f1.-d0.-f3.r0.-f2.-r2.f3.r2.f3.-f1.r0.r0.-f0.-r0.f2.d3.-d2.f1.-f2.-f3.r2.f2.r0.f2.-r0.d3.-r2.-d2.r2.f0.d2.-f0.-r2.d2.r2.-d3.r2.f2,44,019fdb2c-e7ff-71d2-a0ff-92e40cd9b3da,results/v1/cayley-py-444-cube/cayleypy-96-24-b1f3fc405bc56fff/869/2026-08-07/019fdb2c-e7ff-71d2-a0ff-92e40cd9b3da.json,2026-08-07T07:43:00.095Z,433,bf3f68e5906e25ac7b8bfabef6c0d81bdfd1d309
870,d2.-r1.f1.-d0.-r1.-r3.-f1.d0.-f0.-d3.-r3.r0.-d2.-f3.d0.r3.d1.r3.f3.f1.d2.f2.f0.r2.-f2.d3.-f0.d3.-r0.-r3.d3.-r0.-d2.r0.f2.d3.-r2.-d3.r2.f1.-d3.-f2.d3.-f1.-d3.r3.r0,47,019fdb76-960e-71a2-8bcc-289ccd5fa932,results/v1/cayley-py-444-cube/cayleypy-96-24-b1f3fc405bc56fff/870/2026-08-07/019fdb76-960e-71a2-8bcc-289ccd5fa932.json,2026-08-07T09:03:28.987Z,434,bf3f68e5906e25ac7b8bfabef6c0d81bdfd1d309
870,-r1.-d0.d2.r2.-f1.r0.f0.d3.-f3.-r1.-r3.-f2.r0.d0.f0.f3.-r0.-d1.r0.-d1.f0.-d0.-d3.r1.d0.f1.-r0.-r2.-d0.f2.-r3.d2.r3.-d2.f1.-r2.r1.-d1.-f2.-r1.f0.d2.f2.-d2.-f0.r2.-f1,47,019fe8d4-0869-7783-9ce8-2c1ce5d82f0c,results/v1/cayley-py-444-cube/cayleypy-96-24-b1f3fc405bc56fff/870/2026-08-09/019fe8d4-0869-7783-9ce8-2c1ce5d82f0c.json,2026-08-09T23:20:37.307Z,435,bf3f68e5906e25ac7b8bfabef6c0d81bdfd1d309
871,d3.r3.-r0.-f3.d1.-r0.f2.d0.-d3.d1.f1.-r2.-d0.-f0.r2.r1.d2.f0.-d2.-f2.-r1.f2.-r3.d2.r3.d0.d3.-f0.-d0.f0.-f2.-r2.f2.-d2.r2.f2.d2.f0.-d2.f0.-d1.-r1,42,019fdb35-42d6-769e-be8a-63eeab1777e6,results/v1/cayley-py-444-cube/cayleypy-96-24-b1f3fc405bc56fff/871/2026-08-07/019fdb35-42d6-769e-be8a-63eeab1777e6.json,2026-08-07T07:52:07.835Z,436,bf3f68e5906e25ac7b8bfabef6c0d81bdfd1d309
872,-d3.f2.r0.-d0.-f0.-d1.f3.r2.-f0.-f2.d0.-f1.-d3.d2.f3.r2.-r0.-d1.r0.-f1.-d3.-f3.r0.-d3.r0.-r3.d0.f0.r0.-f2.-r1.f2.-r0.-d2.r2.d2.-r2.-f0.-r1.-f1.f0.d2.f1.-f0.r1,45,019fdb27-903b-7a98-938f-2d708e6aa09f,results/v1/cayley-py-444-cube/cayleypy-96-24-b1f3fc405bc56fff/872/2026-08-07/019fdb27-903b-7a98-938f-2d708e6aa09f.json,2026-08-07T07:37:10.358Z,437,bf3f68e5906e25ac7b8bfabef6c0d81bdfd1d309
873,d0.r3.d1.f2.-r2.d2.f3.-r0.-d3.-d1.r2.d1.-r0.-f2.f0.-r2.f3.d1.f1.-d0.-f0.d0.-f2.-f2.-d0.-d1.-r3.-r3.-d3.-r1.d0.r1.r1.-d0.r3.d3.f1.-d2.-d2.-f1.d0.f2.f2.-d2.r2.f2.-r2.-f2,48,019fdb4c-ea10-756e-9b7c-8345b40e0fe7,results/v1/cayley-py-444-cube/cayleypy-96-24-b1f3fc405bc56fff/873/2026-08-07/019fdb4c-ea10-756e-9b7c-8345b40e0fe7.json,2026-08-07T08:17:57.882Z,438,bf3f68e5906e25ac7b8bfabef6c0d81bdfd1d309
874,d2.-d1.-r3.d1.-f1.-r3.-d0.-f2.-r1.r3.-f0.d3.-r2.-f1.d0.f2.r3.-d0.-f1.-r3.f1.-d3.f1.r0.d2.r2.-f1.d0.r2.-f3.r2.-f1.f3.-r2.f1.d0.f1.-d2.-r2.-f1.r2.d2.-d0.-r3.-r2,45,019fdb05-2771-7a07-9d40-50efbd4fc8e2,results/v1/cayley-py-444-cube/cayleypy-96-24-b1f3fc405bc56fff/874/2026-08-07/019fdb05-2771-7a07-9d40-50efbd4fc8e2.json,2026-08-07T06:59:34.902Z,439,bf3f68e5906e25ac7b8bfabef6c0d81bdfd1d309
875,d1.-f0.d3.f3.-d1.-d1.-f1.r3.-f1.r3.-f3.-r2.r3.-r1.-f2.d3.d3.-r3.-d0.r3.f1.f2.r2.-d2.-f3.d2.-d3.-f1.d3.f2.-d2.f3.f2.-d2.f1.-f3.-r3.f3.d2.-f3.r3.f3.d2.d2.f2.-f1,46,019fdb6d-80c4-7007-80a9-ee83c1f486f0,results/v1/cayley-py-444-cube/cayleypy-96-24-b1f3fc405bc56fff/875/2026-08-07/019fdb6d-80c4-7007-80a9-ee83c1f486f0.json,2026-08-07T08:53:33.697Z,440,bf3f68e5906e25ac7b8bfabef6c0d81bdfd1d309
876,f3.-f1.-r0.-f2.r3.r3.d2.-d0.-r3.-f2.-f3.-d1.r3.-d0.-f2.f0.-r3.d2.r2.-f1.-d2.-r2.f1.-r3.f2.r3.-f0.-d0.-f1.r3.d0.r0.d1.f1.f1.-r3.-r0.-d0.r2.d1.-r1.d1.-f0.-r2.f2.r2.f0,47,019fdb36-52b6-7c35-93f0-6b156977aebc,results/v1/cayley-py-444-cube/cayleypy-96-24-b1f3fc405bc56fff/876/2026-08-07/019fdb36-52b6-7c35-93f0-6b156977aebc.json,2026-08-07T07:53:17.463Z,441,bf3f68e5906e25ac7b8bfabef6c0d81bdfd1d309
877,d1.f3.-r3.-d0.-r1.r0.f3.f0.-d0.f3.-d0.d3.r0.-r3.d0.-r2.-f3.r0.r2.f1.-r0.-f1.-r1.-r1.-d1.-d0.-r0.d1.-r1.-f3.-r1.f3.r2.-f1.d3.-r2.d1.r2.-d3.f1.d2.r1.-d2.-r2.-f0.d2,46,019fdb28-bbb1-76c1-8024-02a3188aa3db,results/v1/cayley-py-444-cube/cayleypy-96-24-b1f3fc405bc56fff/877/2026-08-07/019fdb28-bbb1-76c1-8024-02a3188aa3db.json,2026-08-07T07:38:26.569Z,442,bf3f68e5906e25ac7b8bfabef6c0d81bdfd1d309
878,d0.-r1.r2.-d1.-d3.f0.r2.-d1.-f3.-r0.d3.f3.-d3.r3.-f0.-d3.d1.d2.-r3.f3.r3.d3.f3.-r0.r2.-d3.r1.r2.d1.-r2.d3.r1.d2.-r3.-r2.-f1.-f1.-d3.-d0.-f2.-d2.f2.r2.d0.-r1,45,019fdb6a-42aa-7cc0-89c5-a91df39e70fa,results/v1/cayley-py-444-cube/cayleypy-96-24-b1f3fc405bc56fff/878/2026-08-07/019fdb6a-42aa-7cc0-89c5-a91df39e70fa.json,2026-08-07T08:50:01.329Z,443,bf3f68e5906e25ac7b8bfabef6c0d81bdfd1d309
879,-d0.-f3.d3.-f3.r1.-d3.-r2.f1.-d3.f1.-f2.r0.-r2.-d0.r0.r0.-d2.-f0.d2.-f0.-f1.-d1.-f2.-r2.f0.r2.-f0.d1.r1.-r0.-d1.-r1.-f3.-f3.f0.-d0.-d1.r1.d0.-r1.d1.-f0.f3.f3.d1.-f3,46,019fdb24-dedf-7cae-878b-96790d6d7d91,results/v1/cayley-py-444-cube/cayleypy-96-24-b1f3fc405bc56fff/879/2026-08-07/019fdb24-dedf-7cae-878b-96790d6d7d91.json,2026-08-07T07:34:13.941Z,444,bf3f68e5906e25ac7b8bfabef6c0d81bdfd1d309
880,-f0.-r0.r3.-r2.f3.-r2.-f1.r0.d3.f3.d2.d3.-f0.-r0.d3.r1.f0.-d3.-r1.-d3.f1.-d1.-r3.d2.-r2.-r1.d1.r2.-f2.-d1.r0.-d1.-r0.-f2.r1.f2.-d1.r3.r0.f1.-r0.d1.-r1,43,019fdb08-ce86-78cf-8561-31305f6bbf1c,results/v1/cayley-py-444-cube/cayleypy-96-24-b1f3fc405bc56fff/880/2026-08-07/019fdb08-ce86-78cf-8561-31305f6bbf1c.json,2026-08-07T07:03:34.491Z,445,bf3f68e5906e25ac7b8bfabef6c0d81bdfd1d309
881,-d0.r2.r2.-d1.f0.-r0.-d0.f3.r0.-f0.-f0.-d2.-r1.-f0.-f3.-f3.-r3.d3.-r0.d3.r2.f1.-r2.-f1.r0.r2.d1.-r2.-r0.d3.f3.r0.-f3.r2.d2.-r1.d2.r1.d2.d2.-r3.-d1.r0.d0,44,019fdb5e-1cbe-7274-827e-45d21adabfb6,results/v1/cayley-py-444-cube/cayleypy-96-24-b1f3fc405bc56fff/881/2026-08-07/019fdb5e-1cbe-7274-827e-45d21adabfb6.json,2026-08-07T08:36:45.029Z,446,bf3f68e5906e25ac7b8bfabef6c0d81bdfd1d309
882,-d2.r1.d2.d0.-r0.-f1.d1.-r2.-d0.-f1.-r3.-d1.-r3.f0.-f3.-d3.-r3.-f3.-r0.-f0.-d0.-d3.f0.f3.-r3.-f0.-r3.-f2.r3.-d0.-r3.-d3.f2.d0.-f2.-d0.f2.d0.-r0.f2.r0.-d3.-r0.-f2.r0.-f2.-d0,47,019fcf30-2f1e-7183-a114-82d919c68849,results/v1/cayley-py-444-cube/cayleypy-96-24-b1f3fc405bc56fff/882/2026-08-04/019fcf30-2f1e-7183-a114-82d919c68849.json,2026-08-04T23:51:08.181Z,447,bf3f68e5906e25ac7b8bfabef6c0d81bdfd1d309
882,r1.f3.-d2.-f0.d0.-r2.d3.-r0.-f2.-d3.d1.-f0.-r3.-f0.r0.-d3.r3.f1.f3.r0.-f3.-r3.-f0.-d0.-f0.r0.-f0.-d3.f3.-d3.r0.f3.d3.d0.f1.r3.-d0.f0.d0.-r3.-d0.-d3.-f0.d0.f3.-d0.-f3,47,019fdb78-7a88-7bd7-898b-1da9e189873d,results/v1/cayley-py-444-cube/cayleypy-96-24-b1f3fc405bc56fff/882/2026-08-07/019fdb78-7a88-7bd7-898b-1da9e189873d.json,2026-08-07T09:05:33.015Z,448,bf3f68e5906e25ac7b8bfabef6c0d81bdfd1d309
884,r2.f0.-r0.f0.f0.r2.f1.-r0.f2.-d0.r2.-d0.f2.-d0.f2.-d3.f2.-d2.d3.f1.d0.f0.r3.-d2.-f0.-f3.d2.d3.f0.f3.-r3.d2.f2.r2.-f2.-d2.-d1.r1.r3.-f2.-r2.-d2.f2.d2.-f3,45,019fd679-44fa-75e1-9cdc-e7d274705d0f,results/v1/cayley-py-444-cube/cayleypy-96-24-b1f3fc405bc56fff/884/2026-08-06/019fd679-44fa-75e1-9cdc-e7d274705d0f.json,2026-08-06T09:48:18.611Z,449,bf3f68e5906e25ac7b8bfabef6c0d81bdfd1d309
885,-r1.d2.f1.r3.-f0.-r2.r3.-f3.-d0.r1.-r2.f0.d1.-f0.-d1.-d1.f0.f3.-d0.r2.-f0.-f1.-r3.d3.-r3.-d2.-f0.r2.-f3.-r2.f3.d0.f2.r1.-f2.-r1.-r2.-d0.-f0.d0.-d1.r2.-d0.-r2,44,019fd642-7188-7e1c-901f-f2fab3e484dd,results/v1/cayley-py-444-cube/cayleypy-96-24-b1f3fc405bc56fff/885/2026-08-06/019fd642-7188-7e1c-901f-f2fab3e484dd.json,2026-08-06T08:48:25.817Z,450,bf3f68e5906e25ac7b8bfabef6c0d81bdfd1d309
886,-r0.r3.f1.-f2.-r2.-d0.-f0.-d2.r2.d3.-f1.-f0.-r3.f3.-d2.r0.d3.f3.r1.-d1.-d0.r0.d0.r1.-d0.d2.r1.-r0.f1.r1.r1.-d0.-r3.-f1.r3.d0.-r1.-r1.-f1.-d2.f1.-d2.r1.d2.r1,45,019fd56b-831b-7cc0-8767-b09284b1d752,results/v1/cayley-py-444-cube/cayleypy-96-24-b1f3fc405bc56fff/886/2026-08-06/019fd56b-831b-7cc0-8767-b09284b1d752.json,2026-08-06T04:53:39.958Z,451,bf3f68e5906e25ac7b8bfabef6c0d81bdfd1d309
886,-r0.r3.f1.-f2.-r2.-d0.-f0.-d2.r2.d3.-f1.-f0.-r3.f3.-d2.r0.d3.f3.r1.-d1.-d0.r0.d0.r1.-d0.d2.r1.-r0.f1.r1.r1.-d0.-r3.-f1.r3.d0.-r1.-r1.-f1.-d2.f1.-d2.r1.d2.r1,45,019fd634-a284-7614-9310-d24f3ea289ea,results/v1/cayley-py-444-cube/cayleypy-96-24-b1f3fc405bc56fff/886/2026-08-06/019fd634-a284-7614-9310-d24f3ea289ea.json,2026-08-06T08:33:20.744Z,452,bf3f68e5906e25ac7b8bfabef6c0d81bdfd1d309
887,d3.-r2.f3.f1.-r3.-r3.r2.d0.d0.f3.r0.-f0.d3.-d2.f0.r2.-f2.f3.r0.f3.-r2.-r2.-f3.-f0.d0.f0.r2.-f0.-r0.-r1.-d1.r0.f1.r2.f1.-d1.-r1.f3.-r1.-f1.r1.-f3.-r3.r1,44,019fe7b1-02ef-7ce5-9f0a-cc1aad4685dc,results/v1/cayley-py-444-cube/cayleypy-96-24-b1f3fc405bc56fff/887/2026-08-09/019fe7b1-02ef-7ce5-9f0a-cc1aad4685dc.json,2026-08-09T18:02:44.459Z,453,bf3f68e5906e25ac7b8bfabef6c0d81bdfd1d309
887,-d1.r1.d0.d2.r3.f0.d3.d3.d1.r3.-d0.r0.d1.r0.d2.-f0.f1.-r0.d0.-f3.d3.f2.-d3.-f2.r1.f2.r1.r0.-d1.f1.f0.-d0.-d0.-f0.-r0.d1.-r2.r3.d2.r1.-d2.-r3.f1.r2.-f1.r0.-f1.d2,48,019fd694-bf7e-7f74-8663-e7f4bd24ebf2,results/v1/cayley-py-444-cube/cayleypy-96-24-b1f3fc405bc56fff/887/2026-08-06/019fd694-bf7e-7f74-8663-e7f4bd24ebf2.json,2026-08-06T10:18:19.484Z,454,bf3f68e5906e25ac7b8bfabef6c0d81bdfd1d309
888,-r0.-f1.-f0.r1.-f2.-d0.-f3.d2.r0.r1.f2.f2.r0.-f3.-r0.-f3.-d3.-f0.d1.r0.f0.r2.d3.d1.-r0.-f2.r0.-d3.-r2.-f0.-r1.-f0.-r2.f0.-d2.-r3.d2.-r0.d1.-d3.-f2.-d1.f2.d3.-d2.r3.d2,47,019fd695-3875-70d7-952e-8248be0148c0,results/v1/cayley-py-444-cube/cayleypy-96-24-b1f3fc405bc56fff/888/2026-08-06/019fd695-3875-70d7-952e-8248be0148c0.json,2026-08-06T10:18:50.704Z,455,bf3f68e5906e25ac7b8bfabef6c0d81bdfd1d309
889,-d3.-d2.-r3.-d1.-r3.-f0.-d0.f0.-d2.r2.-r3.d3.-f1.d2.-r2.-d0.r2.f1.-f3.-f3.-d0.-f3.d1.r0.d0.-r1.-d1.-f2.-d3.-f1.d3.-r1.f2.f1.-d2.-d1.-f3.-r1.f3.-d1.d2.r1.-d1.f3.-d1.-f3,46,019fd671-3f10-7fce-985b-4254dd36712c,results/v1/cayley-py-444-cube/cayleypy-96-24-b1f3fc405bc56fff/889/2026-08-06/019fd671-3f10-7fce-985b-4254dd36712c.json,2026-08-06T09:39:32.802Z,456,bf3f68e5906e25ac7b8bfabef6c0d81bdfd1d309
891,f1.-r0.-d3.f0.r3.f1.r1.-d1.f3.r1.-r3.d3.r3.-r0.-f2.-d1.r1.-f3.-f3.d3.r3.-d0.f1.r2.f1.-d1.-f1.-r2.-f2.f3.-f1.d1.-f3.r1.f2.f2.r3.-f2.-r3.-r1.f3.f0,42,019fd5ff-a40b-7e6c-8d50-bc0fdd7a64a8,results/v1/cayley-py-444-cube/cayleypy-96-24-b1f3fc405bc56fff/891/2026-08-06/019fd5ff-a40b-7e6c-8d50-bc0fdd7a64a8.json,2026-08-06T07:35:27.686Z,457,bf3f68e5906e25ac7b8bfabef6c0d81bdfd1d309
892,-r0.-d3.f3.-r1.r3.f3.-r2.d3.-d2.r2.d3.f3.-d3.r0.f2.-r3.-f2.-f2.f0.-r3.r1.-d2.-f2.-d3.-f1.-d1.f1.-f2.-f2.-d0.f2.d0.-r2.d2.-r2.-f0.-d0.-f2.d0.f0.-r2.-f0.-r2.-f2.r2.f0.-r2,47,019fd681-a696-721f-a3dc-feba4b2674e8,results/v1/cayley-py-444-cube/cayleypy-96-24-b1f3fc405bc56fff/892/2026-08-06/019fd681-a696-721f-a3dc-feba4b2674e8.json,2026-08-06T09:57:28.194Z,458,bf3f68e5906e25ac7b8bfabef6c0d81bdfd1d309
892,-r0.-d3.f3.-r1.r3.f3.-r2.d3.-d2.r2.d3.f3.-d3.r0.f2.-r3.-f2.-f2.f0.r1.-r3.-d2.-f2.-d3.-f1.-d1.f1.f2.f2.-d0.f2.d0.-r2.d2.-r2.-f0.-d0.-f2.d0.f0.-r2.-f0.-r2.-f2.r2.f0.-r2,47,019fd7c6-de80-791b-b78d-8f6a701fc096,results/v1/cayley-py-444-cube/cayleypy-96-24-b1f3fc405bc56fff/892/2026-08-06/019fd7c6-de80-791b-b78d-8f6a701fc096.json,2026-08-06T15:52:41.394Z,459,bf3f68e5906e25ac7b8bfabef6c0d81bdfd1d309
892,-r0.-d3.f3.-r1.r3.f3.-r2.d3.-d2.r2.d3.f3.-d3.r0.f2.-r3.-f2.f0.-f2.r1.-r3.-d2.-f2.-d3.-f1.-d1.f1.f2.f2.-d0.f2.d0.-r2.d2.-r2.-f0.-d0.-f2.d0.f0.-r2.-f0.-r2.-f2.r2.f0.-r2,47,019fe989-53da-7027-b02e-1ba59a77ae58,results/v1/cayley-py-444-cube/cayleypy-96-24-b1f3fc405bc56fff/892/2026-08-10/019fe989-53da-7027-b02e-1ba59a77ae58.json,2026-08-10T02:38:38.221Z,460,bf3f68e5906e25ac7b8bfabef6c0d81bdfd1d309
894,d3.r3.-d0.f3.d1.f3.-r0.-f2.-d0.-r3.f0.r1.r3.-d3.f3.-r3.-d1.-d3.-r1.-f1.-d3.d1.f2.r1.r3.f2.d2.-f2.-d2.-r3.d3.f0.-r1.-f2.r1.f2.-r3.-r1.-f2.r3.d3.-f2.-f0,43,019fc6cd-4c0f-7888-b03d-d2bc82d29f1c,results/v1/cayley-py-444-cube/cayleypy-96-24-b1f3fc405bc56fff/894/2026-08-03/019fc6cd-4c0f-7888-b03d-d2bc82d29f1c.json,2026-08-03T08:46:10.173Z,461,bf3f68e5906e25ac7b8bfabef6c0d81bdfd1d309
895,r0.d1.-r0.f3.-r1.f1.-f0.d3.f0.r3.d1.d2.-r0.f3.r2.r1.-d3.-r0.-d3.-f0.-r0.-f0.r3.-f0.-d1.f0.r0.d0.d2.-d1.f2.f3.-d1.f0.f3.-r2.-f3.-d1.f2.-r2.-f2.-r0.-f2.r0,44,019fc6cd-5d82-7e7c-ab05-d9e4c49ed659,results/v1/cayley-py-444-cube/cayleypy-96-24-b1f3fc405bc56fff/895/2026-08-03/019fc6cd-5d82-7e7c-ab05-d9e4c49ed659.json,2026-08-03T08:46:13.906Z,462,bf3f68e5906e25ac7b8bfabef6c0d81bdfd1d309
896,d3.-d1.d2.-f2.d3.r3.-d3.-r0.f3.f3.r2.-d3.-f0.-f3.d2.d1.r0.-f3.f0.r2.-d3.f1.-d3.-d0.-r1.f2.d3.d0.-f2.-f3.d3.-d1.-f2.d2.d1.f3.-d2.f2.f0.-d3.r0.-d2.-r0.d3.d2.-f3.-f0,47,019fc6fb-5065-735c-be7e-e54b1d539676,results/v1/cayley-py-444-cube/cayleypy-96-24-b1f3fc405bc56fff/896/2026-08-03/019fc6fb-5065-735c-be7e-e54b1d539676.json,2026-08-03T09:36:25.956Z,463,bf3f68e5906e25ac7b8bfabef6c0d81bdfd1d309
897,r2.-f0.r1.-d2.-f2.d0.-d3.-r1.-f1.-f3.r0.f1.d1.-f0.-d1.-d3.-f3.r0.f2.f3.r3.d3.f0.-f1.-f2.-r3.-f0.-f0.f3.-r3.f1.-d3.-f0.d3.f2.r3.-f2.f0.-r0.-r3.d3.r3.r0.f0,44,019fc6cc-d786-7990-a718-548527909f64,results/v1/cayley-py-444-cube/cayleypy-96-24-b1f3fc405bc56fff/897/2026-08-03/019fc6cc-d786-7990-a718-548527909f64.json,2026-08-03T08:45:40.251Z,464,bf3f68e5906e25ac7b8bfabef6c0d81bdfd1d309
898,-r3.r0.-d3.-d2.-f0.-d0.r3.-f1.-r1.f0.-r1.-d0.-r2.-d0.-f2.d0.r0.-d3.-r1.f0.d2.-f2.f0.-d2.r1.f0.-d1.-r1.d1.-f0.d3.-r2.-d0.r1.-d2.f0.r1.-f2.-r1.f0.r1.f2.f1.-r1.-f3.-f1.f0,47,019fc70c-ea67-70e8-bcfc-dc1cc6587654,results/v1/cayley-py-444-cube/cayleypy-96-24-b1f3fc405bc56fff/898/2026-08-03/019fc70c-ea67-70e8-bcfc-dc1cc6587654.json,2026-08-03T09:55:39.667Z,465,bf3f68e5906e25ac7b8bfabef6c0d81bdfd1d309
899,f3.r3.f2.-d3.f1.d0.-f3.-r2.f0.d3.-r2.-d0.-d2.r3.-d0.r0.d0.f0.r1.-d2.-r1.-f2.-f2.-r3.f1.-d2.-f1.r2.-r3.-d0.d1.-d2.-r2.d3.r2.d1.r2.d0.r2.d2.r2.d1.r2.d1.-f1.d1,46,019fc6d5-a016-77e9-8da9-a571748e9553,results/v1/cayley-py-444-cube/cayleypy-96-24-b1f3fc405bc56fff/899/2026-08-03/019fc6d5-a016-77e9-8da9-a571748e9553.json,2026-08-03T08:55:16.162Z,466,bf3f68e5906e25ac7b8bfabef6c0d81bdfd1d309
899,f3.r3.f2.-d3.f1.d0.-f3.-r2.f0.d3.-r2.-d0.-d2.r3.-d0.r0.d0.f0.r1.-d2.-r1.-f2.-f2.-r3.f1.-d2.-f1.r2.-r3.-d2.-d0.d1.-r2.d3.r2.d1.r2.d0.r2.d2.r2.d1.r2.d1.-f1.d1,46,019fd565-6c28-7bbe-aef6-e541775dc790,results/v1/cayley-py-444-cube/cayleypy-96-24-b1f3fc405bc56fff/899/2026-08-06/019fd565-6c28-7bbe-aef6-e541775dc790.json,2026-08-06T04:47:00.751Z,467,bf3f68e5906e25ac7b8bfabef6c0d81bdfd1d309
900,f0.r2.d3.-r0.-d2.d0.-r0.-d2.r2.-d0.f3.r0.d2.f2.-r3.d1.-f1.-d1.-d3.-r0.d3.-r1.-f3.-r1.-f0.f3.-d2.-d2.f2.r2.-d2.f0.-d3.-r1.-f2.r1.d1.f2.-d2.-d1.-f3.d2.f3.r1.d3,45,019fc6f4-4af9-7a74-b37c-841d9ca67336,results/v1/cayley-py-444-cube/cayleypy-96-24-b1f3fc405bc56fff/900/2026-08-03/019fc6f4-4af9-7a74-b37c-841d9ca67336.json,2026-08-03T09:28:45.934Z,468,bf3f68e5906e25ac7b8bfabef6c0d81bdfd1d309
901,f3.r0.f3.-f0.d3.-f3.d2.r3.-d2.r0.-r3.f0.r1.-d2.r3.r3.-d0.d3.-r2.d0.f0.-r3.r2.d1.-r2.r3.d1.-r2.f1.-r3.d1.r3.f1.-d3.r0.r2.d3.-r2.-f1.d1.r2.-d3.-r2.d3.-d1.r2,46,019fc6e9-488c-7809-a15b-8d0d0c935c23,results/v1/cayley-py-444-cube/cayleypy-96-24-b1f3fc405bc56fff/901/2026-08-03/019fc6e9-488c-7809-a15b-8d0d0c935c23.json,2026-08-03T09:16:44.279Z,469,bf3f68e5906e25ac7b8bfabef6c0d81bdfd1d309
903,-f0.r2.-d1.f0.-r0.-r0.-f2.d0.f3.-d1.-f2.-f1.r0.d3.d3.-r0.-d1.r3.r3.-f0.-r2.f0.-r0.d3.-r0.-f0.-d0.r3.d1.d2.d3.f0.f0.d0.f0.r0.-f3.f0.-d3.-f0.-f3.r3.-f0.-r1,44,019fce28-5343-7c83-8f82-a79a6c27573b,results/v1/cayley-py-444-cube/cayleypy-96-24-b1f3fc405bc56fff/903/2026-08-04/019fce28-5343-7c83-8f82-a79a6c27573b.json,2026-08-04T19:02:56.219Z,470,bf3f68e5906e25ac7b8bfabef6c0d81bdfd1d309
907,d0.r2.-f0.-r2.f3.-r0.-f2.d0.r2.-d2.f1.d3.f3.d0.f3.-f0.-d0.r3.-r0.-f2.f0.-d0.r0.-d0.-f3.-f0.-r0.f0.-d0.r3.f0.-r3.f0.r3.d0.d0.-d3.r3.f0.-d3.-d0.f1.r3.f0.-r3.-f1,46,019fe7df-d1f0-75cf-8507-a4b899f4befd,results/v1/cayley-py-444-cube/cayleypy-96-24-b1f3fc405bc56fff/907/2026-08-09/019fe7df-d1f0-75cf-8507-a4b899f4befd.json,2026-08-09T18:53:52.316Z,471,bf3f68e5906e25ac7b8bfabef6c0d81bdfd1d309
916,r0.f1.r1.f1.d3.r0.d0.-d3.f1.r0.-r3.-r3.-d0.f3.d2.f3.r3.f3.d0.-f3.r2.f3.-r3.d0.-f3.-f3.-d3.-d0.r0.-f1.d3.-f2.-r2.-d3.r0.r2.f2.f3.r3.r0.d1.-r0.-d1.-r3.-d2,45,019fcdd9-2a5c-7c95-8d0b-868b38416cec,results/v1/cayley-py-444-cube/cayleypy-96-24-b1f3fc405bc56fff/916/2026-08-04/019fcdd9-2a5c-7c95-8d0b-868b38416cec.json,2026-08-04T17:36:28.064Z,472,bf3f68e5906e25ac7b8bfabef6c0d81bdfd1d309
930,-f2.-d0.d1.f3.-d2.d3.r2.-d0.f0.r0.-r3.-d3.-r3.r0.-d1.-f3.-f0.-r1.f3.r2.r1.f2.r0.-d1.-r2.f3.-f1.-r2.-r2.-f3.-r0.f1.-r3.-f0.d1.f0.r3.f3.d1.d1.-f2.d0.-f2.d1.f2.d3.-d0,47,019fce52-064e-7eab-88f3-06276e0e03ff,results/v1/cayley-py-444-cube/cayleypy-96-24-b1f3fc405bc56fff/930/2026-08-04/019fce52-064e-7eab-88f3-06276e0e03ff.json,2026-08-04T19:48:28.908Z,473,bf3f68e5906e25ac7b8bfabef6c0d81bdfd1d309
937,d1.f0.-r3.f2.-f0.d3.-f3.r3.-d3.f3.-d3.d0.-f2.-d2.r3.f2.-r1.-d2.f1.r1.f3.-f2.d2.f2.d2.-r0.f3.-d1.d2.-f1.-f3.d2.-r2.d3.r2.-d2.f3.-d3.-f3.-f0.-r2.-f2.r3.f2,44,019fd81d-11ea-73eb-bc2d-012a998e6699,results/v1/cayley-py-444-cube/cayleypy-96-24-b1f3fc405bc56fff/937/2026-08-06/019fd81d-11ea-73eb-bc2d-012a998e6699.json,2026-08-06T17:26:50.649Z,474,bf3f68e5906e25ac7b8bfabef6c0d81bdfd1d309
939,-r2.d0.f0.r0.f3.-r2.d3.r1.-r3.-f3.f1.d2.-d1.-r1.-r2.f0.-d3.-r3.-d0.r1.d1.d0.-f0.-d2.f2.-d0.f0.d0.d2.-f2.-r3.-d2.-r3.-f3.-d2.f3.d2.r3.d1.f1.-r1.-f0.-f1.-d2.f0.d2,46,019fdaa3-ed2b-7dd1-9868-7ce14a736917,results/v1/cayley-py-444-cube/cayleypy-96-24-b1f3fc405bc56fff/939/2026-08-07/019fdaa3-ed2b-7dd1-9868-7ce14a736917.json,2026-08-07T05:13:23.212Z,475,bf3f68e5906e25ac7b8bfabef6c0d81bdfd1d309
945,-r3.d3.-r1.d3.-r1.d2.-r0.d2.-d3.-r2.f3.d1.-r1.-r3.-f1.d2.-f3.r0.d0.-r0.r1.d0.r3.f2.-r3.-f2.-d2.-d2.r2.d3.f1.d2.-d0.-r3.r1.d1.-r1.-d1.r3.f1.-f0.-d1.-f1.d1.f0.-r1,46,019fc951-194a-72cc-9c78-5f3422e5c038,results/v1/cayley-py-444-cube/cayleypy-96-24-b1f3fc405bc56fff/945/2026-08-03/019fc951-194a-72cc-9c78-5f3422e5c038.json,2026-08-03T20:29:22.089Z,476,bf3f68e5906e25ac7b8bfabef6c0d81bdfd1d309
947,f2.-r1.r2.-d2.-d2.r0.-d3.d2.-d3.r3.-r2.f1.f0.-d0.-f1.-r3.f1.-r1.-d0.-d0.r3.-d2.-f0.d0.d1.f2.-d2.r0.-f2.-r0.-f2.-r0.d2.r0.r2.-d2.-f2.-r2.-f2.d2.-f2.-f2.-d2.-d1.d0.r3,46,019fddeb-89fc-746d-9bf5-7a06c5a1609f,results/v1/cayley-py-444-cube/cayleypy-96-24-b1f3fc405bc56fff/947/2026-08-07/019fddeb-89fc-746d-9bf5-7a06c5a1609f.json,2026-08-07T20:30:27.806Z,477,bf3f68e5906e25ac7b8bfabef6c0d81bdfd1d309
954,d3.-d1.f0.d3.r1.-d0.f3.-r3.-r0.f3.-f0.d1.-f1.r0.-d2.-r1.r2.-f3.-d2.-r2.-f2.r1.r0.d2.f3.-r0.-f3.-f1.r2.f3.-d3.f1.f3.d2.f0.-r1.-f0.-f1.r2.d0.f2.-d2.-f2.-d2.-d0.-r2.f0,47,019fe7d8-66f2-7ff4-989f-56a7f829e0b2,results/v1/cayley-py-444-cube/cayleypy-96-24-b1f3fc405bc56fff/954/2026-08-09/019fe7d8-66f2-7ff4-989f-56a7f829e0b2.json,2026-08-09T18:45:46.078Z,478,bf3f68e5906e25ac7b8bfabef6c0d81bdfd1d309
962,f2.-d0.f2.r0.r2.d2.d2.-r3.-d2.-r1.f3.-f1.-d0.-r0.-r0.d3.-r0.-d0.r3.d2.r3.-d0.-d1.r3.-f3.-d2.-r3.d3.f1.-r1.-f1.r1.d0.-f0.d2.-f2.-d2.f2.-d2.f0.-d3.-f3.-r2.f1.d1.-f1.r2,47,019fcb9e-fb19-7c45-9d1f-1f3157ed0668,results/v1/cayley-py-444-cube/cayleypy-96-24-b1f3fc405bc56fff/962/2026-08-04/019fcb9e-fb19-7c45-9d1f-1f3157ed0668.json,2026-08-04T07:13:40.928Z,479,bf3f68e5906e25ac7b8bfabef6c0d81bdfd1d309
971,r2.-f0.d0.f1.d0.r3.d3.-f2.r0.d2.f3.r3.-f2.-d0.-d2.-r1.d0.-f3.-d2.f3.-d3.f2.r1.f0.-r1.-d1.-f2.r1.f1.-d2.-r1.-d3.-r0.-f1.-d3.f1.-r3.r1.-f1.-r0.f1.r0.r3.r3.r0.d1,46,019fe98f-5dfc-769d-bae5-08795db83a36,results/v1/cayley-py-444-cube/cayleypy-96-24-b1f3fc405bc56fff/971/2026-08-10/019fe98f-5dfc-769d-bae5-08795db83a36.json,2026-08-10T02:45:14.188Z,480,bf3f68e5906e25ac7b8bfabef6c0d81bdfd1d309
984,f3.-d0.-d0.f3.-r1.d2.-f2.r3.d0.-f2.r2.r3.r1.f3.-d3.-f0.-f2.-r0.-f3.r0.-f1.-d0.r1.-f2.d0.-d1.f2.-r0.-d1.r0.-d1.-d1.-r0.-d1.-f2.-d0.-r2.d1.r0.r3.d1.r2.-d1.-r3.f2.-r0.f1,47,019fcb68-65d0-7644-8855-be554e873d6c,results/v1/cayley-py-444-cube/cayleypy-96-24-b1f3fc405bc56fff/984/2026-08-04/019fcb68-65d0-7644-8855-be554e873d6c.json,2026-08-04T06:14:03.772Z,481,bf3f68e5906e25ac7b8bfabef6c0d81bdfd1d309
990,d3.r2.-d0.r0.-f0.d3.f2.-d2.-f1.f0.d0.-r1.d0.f1.-r0.f1.r1.f1.-f2.r3.-d2.r3.-d2.r3.f2.d2.r3.d1.-f3.r3.f2.-d2.-r3.d2.-r1.-r2.-d2.-r0.-f2.-f1.d1.r1.d0.-d1.r2.f2.-r2,47,019fce40-b750-7470-bdd6-3bde5d0b9297,results/v1/cayley-py-444-cube/cayleypy-96-24-b1f3fc405bc56fff/990/2026-08-04/019fce40-b750-7470-bdd6-3bde5d0b9297.json,2026-08-04T19:29:34.752Z,482,bf3f68e5906e25ac7b8bfabef6c0d81bdfd1d309
991,-f0.d0.f0.r0.d0.-f0.f2.-d1.r0.r0.d2.f0.-d2.d0.r1.-f1.f0.-r0.f3.d1.-r2.f3.-r1.-f3.-f0.-r1.-f3.r1.-d1.r0.-r1.-d1.r1.-f1.f0.-r2.f2.f2.f1.-r1.r2.f1.r2.-f2.-r2.f3,46,019fce46-d9f8-727c-bd46-7486e329ab0f,results/v1/cayley-py-444-cube/cayleypy-96-24-b1f3fc405bc56fff/991/2026-08-04/019fce46-d9f8-727c-bd46-7486e329ab0f.json,2026-08-04T19:36:17.156Z,483,bf3f68e5906e25ac7b8bfabef6c0d81bdfd1d309
991,-f0.d0.f0.r0.d0.-f0.f2.-d1.-r0.-r0.d2.f0.-d2.d0.r1.-f1.f0.-r0.f3.d1.-r2.f3.-r1.-f3.-f0.-r1.-f3.r1.-d1.r0.f2.-r1.-d1.r1.f0.r2.f2.-r2.r1.f2.f1.-r1.f2.-r1.f3.f2,46,019fce61-f83b-7356-b089-1a48db48e673,results/v1/cayley-py-444-cube/cayleypy-96-24-b1f3fc405bc56fff/991/2026-08-04/019fce61-f83b-7356-b089-1a48db48e673.json,2026-08-04T20:05:53.926Z,484,bf3f68e5906e25ac7b8bfabef6c0d81bdfd1d309
995,d2.r2.-f1.-d3.-f1.-r0.-f3.-f1.r3.-f3.d0.r3.f3.r1.-d3.-d2.-r1.d2.f3.r3.-r1.-f0.r1.-d2.d0.d0.-f0.d2.f0.-d3.r2.d0.r0.-d0.f0.-r2.-f0.-d0.-d2.r0.f1.-r0.d2.d2.r0.-f1.-r0.-d2,48,019fcf31-1ac6-7258-a97f-dd6abf6ad10d,results/v1/cayley-py-444-cube/cayleypy-96-24-b1f3fc405bc56fff/995/2026-08-04/019fcf31-1ac6-7258-a97f-dd6abf6ad10d.json,2026-08-04T23:52:08.953Z,485,bf3f68e5906e25ac7b8bfabef6c0d81bdfd1d309
999,r2.-f1.-f2.-d0.f0.-r3.d2.-f2.f3.-r1.-d0.-r3.-f2.f3.-r0.-r2.f2.r2.f0.-r1.-d2.r0.-r3.d1.r0.r0.d2.-r3.-r0.-r0.d1.r3.f1.d1.-r1.-r1.-d2.-f1.-f1.-r1.-d1.-r2.-f2.f1,44,019fe99b-d5b1-7a0d-93ba-9216e1130588,results/v1/cayley-py-444-cube/cayleypy-96-24-b1f3fc405bc56fff/999/2026-08-10/019fe99b-d5b1-7a0d-93ba-9216e1130588.json,2026-08-10T02:58:50.665Z,486,bf3f68e5906e25ac7b8bfabef6c0d81bdfd1d309
999,r2.-f1.-f2.-d0.f0.-r3.d2.-f2.f3.-r1.-d0.-r3.-f2.f3.-r0.-r2.f2.r2.f0.-r1.-d2.r0.-r3.d1.r0.r0.d2.-r0.-r3.-r0.d1.r3.f1.d1.-r1.-r1.-d2.-f1.-f1.-r1.-d1.-r2.-f2.f1,44,019fe9b7-7015-7978-b365-0cc69a69a96a,results/v1/cayley-py-444-cube/cayleypy-96-24-b1f3fc405bc56fff/999/2026-08-10/019fe9b7-7015-7978-b365-0cc69a69a96a.json,2026-08-10T03:29:00.115Z,487,bf3f68e5906e25ac7b8bfabef6c0d81bdfd1d309
1000,-d0.r0.-f0.-f0.-r2.d1.-f2.-r3.-f3.f0.-f3.r3.f0.-r3.-d2.d1.r0.-d1.r3.-d3.-d2.-f3.-d2.d3.-r3.-f3.-r3.-r3.-d3.-r3.d3.-r3.d2.r0.r3.d2.-r0.d2.-d0.-f0.d1.f0.d0.-d2.-f0.-d1.f2.-d0.-f2.-d2.f2.d0.-f2.f0,54,019fc36e-ffaf-744c-a12f-7cc01d2984d9,results/v1/cayley-py-444-cube/cayleypy-96-24-b1f3fc405bc56fff/1000/2026-08-02/019fc36e-ffaf-744c-a12f-7cc01d2984d9.json,2026-08-02T17:04:18.792Z,488,bf3f68e5906e25ac7b8bfabef6c0d81bdfd1d309
1000,-d0.r0.-f0.-f0.d1.-r2.-f2.-r3.-d2.f3.-d0.r3.-d2.-d0.-r3.-d1.-d3.f3.-d2.-f0.d0.-r3.f0.-r3.-f3.d0.-f0.d1.d2.-f3.-f3.-d1.f3.f0.r3.f3.d1.-f1.f2.d2.-f0.-f3.-d2.-f2.d2.d2.-r2.d2.-f1.d2.f0.d2.f1.f1,54,019fc372-3b98-76fe-8654-704fd1ac411b,results/v1/cayley-py-444-cube/cayleypy-96-24-b1f3fc405bc56fff/1000/2026-08-02/019fc372-3b98-76fe-8654-704fd1ac411b.json,2026-08-02T17:07:50.370Z,489,bf3f68e5906e25ac7b8bfabef6c0d81bdfd1d309
1001,d2.-f3.-d1.-f3.r2.d0.-r0.r3.r3.f1.-d3.f0.-d1.r3.-d2.d1.f0.r3.-f0.f3.-d1.-f1.-f3.d2.f1.r0.-f1.d3.d0.-f1.-d3.-f2.-d0.-d0.f2.r3.-d3.r3.-f3.-d3.r3.d3.-f0.-d0.f3.-r3.-f3.-d0.-r3.f0,50,019fbebc-fb54-705b-ab44-b61dc439d43d,results/v1/cayley-py-444-cube/cayleypy-96-24-b1f3fc405bc56fff/1001/2026-08-01/019fbebc-fb54-705b-ab44-b61dc439d43d.json,2026-08-01T19:11:23.165Z,490,bf3f68e5906e25ac7b8bfabef6c0d81bdfd1d309
1001,-f1.f0.-d0.-f1.d1.f3.r3.-d3.-f1.-d0.r0.f1.f2.d2.-r2.-f2.-d2.f3.r3.d0.-r3.f0.r3.-d3.f2.d1.r3.r1.d1.-f2.-r0.d2.-r0.-r2.-d2.-r0.-r0.f2.-d1.f2.-d1.-f2.d1.r0.f1.r2.-f1.-r2.d1.-r0,50,019fbed4-dae3-7605-88e9-ba28fb004a0e,results/v1/cayley-py-444-cube/cayleypy-96-24-b1f3fc405bc56fff/1001/2026-08-01/019fbed4-dae3-7605-88e9-ba28fb004a0e.json,2026-08-01T19:37:27.969Z,491,bf3f68e5906e25ac7b8bfabef6c0d81bdfd1d309
