initial_state_id,baseline_length,selected_length,gain,selected_source,selected_source_row,selected_path_sha256
0,1,1,0,work/submissions/best_46316.csv,2,3f524cdc07a11d7c6220bdb049fe8dd41b27483c96cc59b581e022d547290d69
1,2,2,0,work/submissions/best_46316.csv,3,0ce5818e2096363af804275f089dda8b188d101a6604c7b49b76dafc8b89525f
2,3,3,0,work/submissions/best_46316.csv,4,a2f32fd7cb6101cde4d38af527945b1903d050b06c9b96bba9bdb3c98ed200fe
3,4,4,0,work/submissions/best_46316.csv,5,f502a0528c1cff95fac2b7c290860a540a5ca944b40420ef0516f87ffac54a9a
4,5,5,0,work/submissions/best_46316.csv,6,d9f538db0d8167639626ea7a84b72fe57778d34cfc1246218bb0d64f8eab0192
5,6,6,0,work/submissions/best_46316.csv,7,bc1319b4bd5f07f59df58e8ee0cc61d09fe1f482c4a42da3bcc510b5443fe6f8
6,7,7,0,work/submissions/best_46316.csv,8,711486ab92cc3e9f37c7846192751991ff0d2ceb68c9bbf10a3d20daab2703c6
7,6,6,0,work/submissions/best_46316.csv,9,74990f782b0c2affa26730178bf6e8e9aa2633a8f64bc9a258762742fc46c60b
8,7,7,0,work/submissions/best_46316.csv,10,8de9649371b55fa87ca4850e540d3a374f2d5c85113941a470e17fa7d5c73cd9
9,10,10,0,work/submissions/best_46316.csv,11,b23be0ccc35554d8f74892ab7e094e87208ca14ff0e785d19c237f7a6ed1e32f
10,9,9,0,work/submissions/best_46316.csv,12,08f25c9314b4197d0f531d2bdc271ba6f76d4bbc7e7e0b6555a997b83632f845
11,12,12,0,work/submissions/best_46316.csv,13,e1e47b5f1a8037120b4b476f13bcb1d37d48d08ebb8035982d79d1227c503222
12,11,11,0,work/submissions/best_46316.csv,14,49ca77ac837491032c2d957918e7899893c8e57f25707c4f302d1a5aead2ee81
13,10,10,0,work/submissions/best_46316.csv,15,a16bae8b843e5302eea36d68ffdb77c382d44ca3d40e8832e3b8d994a2433ed4
14,15,15,0,work/submissions/best_46316.csv,16,e578b266c5c5b33918e1e3a4d5b7bd800611c78b1f19e6d0a74b85533cf6a0ac
15,12,12,0,work/submissions/best_46316.csv,17,ca00f062ef85a56ead46160de59864f33395fbc3785a8468e9198722c85cbab0
16,17,17,0,work/submissions/best_46316.csv,18,ac0f3b38ac34be75a9ee0537052fad0fb59cb03f9f850eb57243dc980cb0ed5a
17,16,16,0,work/submissions/best_46316.csv,19,04892bed9439a89c0696caa6462a37d2b6fe9d0f11edf7b921a6d1d7df9ca705
18,17,17,0,work/submissions/best_46316.csv,20,3e9a5c6552bf10a650cc79851c824ff97a579ee2be81b9c73f3ed10f91def233
19,14,14,0,work/submissions/best_46316.csv,21,b7119cb1abcd8b80bfef9952489fc5f693da7e5227d31d15d7690f87c0b36e9d
20,17,17,0,work/submissions/best_46316.csv,22,69f2243b80102a3ee2f84c8673fdc8c1dfc1522d74c0a9d7af2fc59447131da6
21,20,20,0,work/submissions/best_46316.csv,23,74295c91f40e1059af1767f1f88499f7fc9b9edc1d7bf1e20ae67fb38ebd0684
22,21,21,0,work/submissions/best_46316.csv,24,6a597245cba47855c75cc26f2d96a56e30c2bbba36b6e4aadf7fe5e70940c9fe
23,18,18,0,work/submissions/best_46316.csv,25,3d971c05ff10a401088f1b7a85fce49f2bc48ab116e0211b7fc07f816741b0b4
24,23,23,0,work/submissions/best_46316.csv,26,bf5e4acfbe4320ad4581bb15076a28b601a07228ddac031c39c583a36a945283
25,24,24,0,work/submissions/best_46316.csv,27,fa21570a36f54b1941903afb91fcaf4248b17fcc8af4b5ca0d00ce989065b84b
26,27,27,0,work/submissions/best_46316.csv,28,e0fa1dec69c92130e5ea54dd484a86dcdc6884378171b3515c719f91af96a0f8
27,26,26,0,work/submissions/best_46316.csv,29,977aaeb492ff185dad96170185788ab595e7f17bf002339306f2efb51a01e99e
28,27,27,0,work/submissions/best_46316.csv,30,8d841563cb3b7d73a2f4223ff3b62bc0b76dcbad5ebade86340deaec42848107
29,26,26,0,work/submissions/best_46316.csv,31,232deb94b33598349c35c26bf5a23ff6fdde7072f1c7f0a4a99cb286cb6a8935
30,27,27,0,work/submissions/best_46316.csv,32,8e36e4b78a62a82a4f9b7f69472dfaa858d717b254143a997095a3ee7cde2ac7
31,30,30,0,work/submissions/best_46316.csv,33,cb4a8273925fa7dac4c3119583d64b574e4e209f7164efad3ee9128476604111
32,27,27,0,work/submissions/best_46316.csv,34,6624e1f738c4d8009f0c9afbfa4ed5094e3c9ff51b70d9c30999f9486085f783
33,32,32,0,work/submissions/best_46316.csv,35,de0d6e91cb0bcca9b12a7fb023ca1a1fb02f47c04a6d3113e709509084cf15ad
34,25,25,0,work/submissions/best_46316.csv,36,d69f021cb593b5d13ac7d3c3c7567cb8337611060d3c5e933050ed7d686b36b3
35,34,34,0,work/submissions/best_46316.csv,37,f59eae46b27990015a1e87c342ca8124d1d86b3fcf91df42eb4b2d6f7f38a8b2
36,31,31,0,work/submissions/best_46316.csv,38,59dbf0d2cfe2d853202efc67c36737af2d467b08a4b5829476a95adacd190ec9
37,36,36,0,work/submissions/best_46316.csv,39,65c43d54e9b6d23dddb638d0b192cf6cd35621312baddd616184aee0aa29b13a
38,37,37,0,work/submissions/best_46316.csv,40,81aa208a87297b5254e7c692ec8d63ed661fdc97434b1e18b70134618a91a79b
39,30,30,0,work/submissions/best_46316.csv,41,68fccd8cf014940b3412cdffe65929849162d59f7826a9e47de10e425880994b
40,31,31,0,work/submissions/best_46316.csv,42,54fa5ce6a2cf0ea804416203248daf9c31d606fa0edb4087f69a06f5ed553817
41,38,38,0,work/submissions/best_46316.csv,43,13532e3bb8c15b54b7110b73ca5f83085f1fe17f4c3829399f1e21f21d1808de
42,37,37,0,work/submissions/best_46316.csv,44,b56ae4cb2fffa377cacc1860a51660787ab0c9ef0ab5ab7db7310fcb3d2c5130
43,28,28,0,work/submissions/best_46316.csv,45,4fb40f8f82c7b7aba21d5e0fbce7df35da78f4d1e43e03fc295be562d5ad39bf
44,37,37,0,work/submissions/best_46316.csv,46,6a30e7620a8eb25c00a1cbb5cfb07515b0afc3cba24e7092f7d1fabf92ee9c53
45,42,42,0,work/submissions/best_46316.csv,47,d0b272d26eaa60fab88fb20a9b10025fee5bd3ccb74d240c6263f575b560b702
46,39,39,0,work/submissions/best_46316.csv,48,4a98a424bff9ff6b45184e4e0bcbe73370088488c90e9a7516eabbc6685f8d50
47,44,44,0,work/submissions/best_46316.csv,49,ec1c2b211872865574304fc9ccf043f553d4686edc14b12ec3cbbf532e9e8440
48,45,45,0,work/submissions/best_46316.csv,50,aceafa1bd46c9444f7f36dac96e88aa2d620bff4a64e952212341e5951e5329b
49,46,46,0,work/submissions/best_46316.csv,51,0064d52ba2af26385390b14abfd18fe5fd1e13bc627ae48c9ee0c2a9f72e9a0c
50,45,45,0,work/submissions/best_46316.csv,52,1aa62167c89a318747c882c639b38a859ce0ccc79199f9223e74d642d004eec8
51,46,46,0,work/submissions/best_46316.csv,53,58ac90eb00d677fbeabc31123afede548cc23d06b16cb7a12253cd5ac844c744
52,43,43,0,work/submissions/best_46316.csv,54,c177f7b9d948318e066ebd4af76b61bf0285e96862ebe47fb296dd2ef2c0377a
53,46,46,0,work/submissions/best_46316.csv,55,71e0be138d43fbd0f1b3101551806fda20fb988f5b65b82dfe2dcc0b66204503
54,45,45,0,work/submissions/best_46316.csv,56,834ef5b5b3623a41f4020b3fac2124fb3f8bb2576d112a8e1c1e4112c15c4552
55,44,44,0,work/submissions/best_46316.csv,57,9067e63608c3fe48fd041d5f5bcb7a93ad218b84ef2717656c4ee98fe5abd700
56,47,47,0,work/submissions/best_46316.csv,58,3d9eaffb8e07028aa4b6da284688afa989bbd7426ef95e0fa141b0cea10c34f1
57,46,46,0,work/submissions/best_46316.csv,59,d29e23d469fe47c85b022af854c32305e5f0016d8cdb2a724cac44e972e010b6
58,43,43,0,work/submissions/best_46316.csv,60,8f962262a3139327aca99607193cf73b65456567ee4f8413009afd442641f04b
59,48,48,0,work/submissions/best_46316.csv,61,fca5ce64bae159f2c3db43c879b87d62ecd4a03023e53e2763a562e8f1f7cf68
60,49,49,0,work/submissions/best_46316.csv,62,549375318cf7a1e2f79c54c902c4768e960353dd40f707904c535163592db904
61,46,46,0,work/submissions/best_46316.csv,63,52434041c0a7c3a939f186af0a8d3268f199d4598577770465a271b2976f46a9
62,45,45,0,work/submissions/best_46316.csv,64,7774e690a1b9242b86da896df25e9041e60142b52a005b1630f03c44edaa9694
63,48,48,0,work/submissions/best_46316.csv,65,eb706190412d5b3cb1a2e541b86c2ac32c6b5727b3149896aaf7f5bafcaa5b0b
64,45,45,0,work/submissions/best_46316.csv,66,33003205b91edf382fa787c10d78f58510fd5736f191b20a48c9aad1785b2b23
65,44,44,0,work/submissions/best_46316.csv,67,f1e9fcdbacfa8953adc1797243f8ef6fb8c1c12ffd5cc1967e8e83494218769d
66,45,45,0,work/submissions/best_46316.csv,68,7efc31fa1bec6ed77bae71cf23758fcec4e9dfaa2ea79f075261792c6580456c
67,48,48,0,work/submissions/best_46316.csv,69,e46445a8641e7958710a6cc36b1e9575508195f3a923e3c4495db7cf71550de3
68,47,47,0,work/submissions/best_46316.csv,70,e2307be633d1324a89768ce692f9c45a51ca35bf6e17115e65e1ace0e0f2309e
69,46,46,0,work/submissions/best_46316.csv,71,d836bddbba3e457a8f72ddee33d19f3275895f408c1b68e211199db4473252eb
70,45,45,0,work/submissions/best_46316.csv,72,8d89bc0b791c5fbbd4d56b499f1a96febe1c92b62992fc8509a04a6cac6690ee
71,48,48,0,work/submissions/best_46316.csv,73,51e934a0f20515a882ac37f185139dfe537251792a2f3330301fc9f0929c1856
72,47,47,0,work/submissions/best_46316.csv,74,0d48d5c5b5ac198a46ff89f762aa12035f29e3ccc6b7acc87b68c151a2d36b4d
73,46,46,0,work/submissions/best_46316.csv,75,24aae263aae723e08020125058efbb031ef27b0902f13805a37591f7b31e504d
74,45,45,0,work/submissions/best_46316.csv,76,d400ccbd9c2a7896504d01c41bbfa90cddff2bd7fb80228fcb75215dc1a86a4f
75,48,48,0,work/submissions/best_46316.csv,77,2b888a9d151700a2e8685718ff688ac06d3fd7a52a5a0e3b941d08473059a4d4
76,45,45,0,work/submissions/best_46316.csv,78,08e56a7347e6c87a699f8458b68e6246b6442cd1400234733151fa7ca5c12875
77,44,44,0,work/submissions/best_46316.csv,79,9b8f99b1ce65e7253ba36ac87300999c1484d1fbfaa764470501084934c21cc6
78,45,45,0,work/submissions/best_46316.csv,80,32f3c06a87fe3a852627d0c776236ae0ca49cee3bdd3b85261f838fe2592ba51
79,44,44,0,work/submissions/best_46316.csv,81,157a2f7952e469e0fcd7e674892d6605debe12f3a00fdc86a494d484e1de8a2f
80,47,47,0,work/submissions/best_46316.csv,82,0f28e1a4cd4a6645f050fd020b93184c16b7b5becb8ba223fff4014269044db9
81,46,46,0,work/submissions/best_46316.csv,83,12b0a6e0a3ae1a7065e37605bfbfeb658496ccb9570d5d2b0e61563f36d268e9
82,43,43,0,work/submissions/best_46316.csv,84,666550affbe005b4d4ab12d9f5d7c667d84611d874a72fa935de678ca74abb3f
83,46,46,0,work/submissions/best_46316.csv,85,5d0804e8dc97c392f187b72831394e675088b3e92f46e52f5e9f2ff29c5650c4
84,47,47,0,work/submissions/best_46316.csv,86,8fd0dbd2c885c4570f4d6c5e87c0d9641436b2fbfc2263110878d16d76960d61
85,46,46,0,work/submissions/best_46316.csv,87,b8476f18dcbf373796bf7b905f94ea92767b82f9ed9c63919c8c7864f90b7cf4
86,45,45,0,work/submissions/best_46316.csv,88,261a27e6d8b53551053bcc93694e811d60654962f97227757888fbdbb1ae0b80
87,44,44,0,work/submissions/best_46316.csv,89,eb87838062fff47a318ea150e0d3f205394a676f0006564ca17716190f623df4
88,47,47,0,work/submissions/best_46316.csv,90,b19f12de38155d8eafea901e4be609a1946cdf3e2d6130fcba2cd6f3547bcd75
89,46,46,0,work/submissions/best_46316.csv,91,0a817f7599561b99555cc563cf59fea102c675dbf1d39910acaa5639f1b02a1e
90,47,47,0,work/submissions/best_46316.csv,92,03cfffeedb32f057858ef3b7f91fac7fd8331e065213e89b02a282c2dfb45ef2
91,46,46,0,work/submissions/best_46316.csv,93,ef845acb54334ccb72ed49391ce67110fec73d596842848c827351801db34860
92,45,45,0,work/submissions/best_46316.csv,94,2548ddd1340452eab8d49c07628701cf2d97ed10f871348df0c4ca91887c9506
93,46,46,0,work/submissions/best_46316.csv,95,ffcbe48184a591cc4aac3ba1973f65c85f49215600138feb6989964ff33f4fa9
94,47,47,0,work/submissions/best_46316.csv,96,71e6126f708dc2f533b002034ea97086372a85e92457efe75a3ce355db18f2ee
95,48,48,0,work/submissions/best_46316.csv,97,fdc1f94b26180aa871854fb0e00992ef4b831bb98beea902718523100ece8aa1
96,45,45,0,work/submissions/best_46316.csv,98,2f3bd0ebd3aeaee2aa957b6994841190cb353223cab04a4190613a3778d2a9c9
97,46,46,0,work/submissions/best_46316.csv,99,2a9499ffeba892d5213a45b2496dc49560b115607bb6299cc0d618657b846b98
98,47,47,0,work/submissions/best_46316.csv,100,9e0a6865201401259bbd69e93a8e6ea6e9e42e59ce29c22548a1d87370e98029
99,46,46,0,work/submissions/best_46316.csv,101,11a58846c6967341c2bbb63378e9e3a1638fe64e10e772684cb80a531b393020
100,45,45,0,work/submissions/best_46316.csv,102,647a3a1d86ef840d23e30433f313cd3d449def428b5295c745cb4bb96366faff
101,44,44,0,work/submissions/best_46316.csv,103,1981d4271acccfb5ec9da4bcc3f090ac2e464718ab2978b7c7c74f9d95d3cd43
102,49,49,0,work/submissions/best_46316.csv,104,80bc3277f49e0d6d3f06b4d56ef17975ad96fbe97c3d75ad313d8aa9f6ced22e
103,46,46,0,work/submissions/best_46316.csv,105,54dba0a138358284ae6043786ddbdf4d0b7b4d4d2b241207e4dd462c16a6cb5a
104,45,45,0,work/submissions/best_46316.csv,106,e2d5aba7fdc2131cfff5388348d94dad5c3e150b8df6f75da2f01c872895c35f
105,46,46,0,work/submissions/best_46316.csv,107,93cc336ef9a167b287ed3922a33930528a96aea7cc98fe89d5c2b1bc3fe4e193
106,45,45,0,work/submissions/best_46316.csv,108,389b2fcfab4ba5c83c8234041c433867b262ad0b94fd48e171041f30b8be5fed
107,44,44,0,work/submissions/best_46316.csv,109,def14f51b5dfa8a72c0796b0870fa91d4cb3f15caef17b23f68dec3e97fc1a2a
108,43,43,0,work/submissions/best_46316.csv,110,dea185b9234360aac81a1c2f3f026b7e796e414ebb5c8db64f81e6a949c7e1ba
109,48,48,0,work/submissions/best_46316.csv,111,cc1849eebd20ca23105f363feabd3930a5ed959ab4a92ccc1616588fd2fa1843
110,45,45,0,work/submissions/best_46316.csv,112,3837c27a0dc95092283e420cc26ec05a78fddc52a9d527547c4d6cccacf5782f
111,46,46,0,work/submissions/best_46316.csv,113,0a79baa7f50cf69ce1c1da62fc896680cd087ebbb3c064c693ae61402e32bd97
112,47,47,0,work/submissions/best_46316.csv,114,e630870bdc4ff62388046e708351ad50558d28ea476f4bf52a729252c6682889
113,46,46,0,work/submissions/best_46316.csv,115,b30412bc9fcbef3e09530261ff281f513aef0c93318731aedcecb55a09afb151
114,47,47,0,work/submissions/best_46316.csv,116,28618152a6cc0dc3c83f73e5a8698d81041131e06d1e7dbff519b592797bc164
115,48,48,0,work/submissions/best_46316.csv,117,d511916c1cca919bebd84655d5d4b34bf070e0081975eae27f40a77a7b314b2d
116,45,45,0,work/submissions/best_46316.csv,118,843d7863a35a0d54a58cd718fe78a3188ac2a3dfbd2a204788b454030ce7ae86
117,48,48,0,work/submissions/best_46316.csv,119,26cb7679465f0839a5f3fbd8c4d6b49d97c26b996eded17b20e4e1abca75d8d3
118,47,47,0,work/submissions/best_46316.csv,120,7094e2ea746b1c5f443850f392a72b9790ffbbf0ecfc2fbb8a36530c313cc9d8
119,46,46,0,work/submissions/best_46316.csv,121,09361420afd719c2274610c614655499c4f10ef9d0e283d8a6d496eba8c2d5e9
120,47,47,0,work/submissions/best_46316.csv,122,5ec50ec061bb7125352f4397be78e02642f5fa92147fd07da870f6ba8e975310
121,46,46,0,work/submissions/best_46316.csv,123,1205b42590456b802a67ffa6915925001cebc1db2fa20db0589e7aced6c255e1
122,45,45,0,work/submissions/best_46316.csv,124,96f78ce91ba9a7a742f883215034f52fc6872579f784e8ce65ca55ed38d77f0d
123,48,48,0,work/submissions/best_46316.csv,125,a57cb5d9bba8ccac61cf735de41a7242983c3ccf4b8c7b00a6203410764391ff
124,45,45,0,work/submissions/best_46316.csv,126,ba72420f17ba5d460916e6ec26a1be359b3d6bd277434e4b3a5f01e9f0a58352
125,46,46,0,work/submissions/best_46316.csv,127,e4a47a3cfe53006475f0e904e2f8bf4ffb89b44965260c05120fe03e6a3bc22d
126,47,47,0,work/submissions/best_46316.csv,128,8eaa6906d33f6036994fba2ca39fdd7c0e75a4c203045239fc010013bd2ed096
127,48,48,0,work/submissions/best_46316.csv,129,9e360151365c20635c0982cbbdc79d725660f37ec5f0c36ef879d02288d5c848
128,45,45,0,work/submissions/best_46316.csv,130,a0b76e0969b537b75d9f65dcaaf5839cfdee04154b95c76edcca6a5439fb6ad7
129,44,44,0,work/submissions/best_46316.csv,131,acef21eb1d034f1b542f04a5dfe89dbb68964ce2a23e964d9b451b7d90b5d652
130,47,47,0,work/submissions/best_46316.csv,132,601d7fef85f1a2979b3aa53ac2482ea367a419e1d007e9ae44a09e3fc897efd9
131,46,46,0,work/submissions/best_46316.csv,133,f908397b69ca06f17c794cc355bd88e62b2b06561e2f7b99eeb47aed0d09b131
132,47,47,0,work/submissions/best_46316.csv,134,839b0090e16ca5433073428fe920fe41aa6312db8dd44465efeddff1a438b499
133,40,40,0,work/submissions/best_46316.csv,135,2a373c00adf351459ebedf9102544ad66a2d81eef3a46bbbe63ef94954d208a7
134,49,49,0,work/submissions/best_46316.csv,136,d9483c26850776507623aaf5e4ced7c007522cae5e4523a8c7b05446d3feb8fa
135,46,46,0,work/submissions/best_46316.csv,137,64f2d867a1f6ceeba71b8c0e81535b8d0fa33a75a642c20327539874db98b4a1
136,47,47,0,work/submissions/best_46316.csv,138,f0295367778e84d0c994d5346cebf1a02b32b68b31dba6f4b7ca087238651934
137,46,46,0,work/submissions/best_46316.csv,139,d64ba42c98dbd0aebf7cf5779e3cb50e0042e1bc693588ec6f9e242aec749b40
138,45,45,0,work/submissions/best_46316.csv,140,793fca7c4eae6642c73c83be0bb17b3a3661e56b49910f3ba6bc82276bf1d4d1
139,44,44,0,work/submissions/best_46316.csv,141,1781d48d8d8b74ef69bdbf37ef6d9bd634c08f610d7b71c616a0cfa826b99bd0
140,47,47,0,work/submissions/best_46316.csv,142,97a766509f37822cefdc96a0136940e7802e583cf52ba6493e443a4267cdd0c8
141,46,46,0,work/submissions/best_46316.csv,143,e97ea592b6499d60100bd321c64153f5bcb000089795091ac11cb801b56fcfe4
142,45,45,0,work/submissions/best_46316.csv,144,0dbebf4f7707a86d62508c949d02ef7e840f053964830dc36364c65609c442f8
143,44,44,0,work/submissions/best_46316.csv,145,60724a2812e66392ddf57e5dea78f238e2fb4fe7710620856bbcc74c5382551a
144,45,45,0,work/submissions/best_46316.csv,146,19d99f6e8ede06fa9674f68d84b45ea2f803fc43bdb2da11f493caa773cbca3b
145,48,48,0,work/submissions/best_46316.csv,147,0917a084c54db1f563f60b1fe0c6ee6ea8c0f51f5cd91e187172f23fbf51e68d
146,45,45,0,work/submissions/best_46316.csv,148,aa7685ace23733aae651feb53f9098831d9336bfcc4ec6366f5c540f97b58729
147,46,46,0,work/submissions/best_46316.csv,149,e3471338d2c9a815e1ee574526b19a37d5707b9a7c0c6d1951424763bb4332e9
148,47,47,0,work/submissions/best_46316.csv,150,775f7c123ad94cd51baece1a0e07e014a661e7ed258b51949844b4d54c81744c
149,48,48,0,work/submissions/best_46316.csv,151,24595155cb7ddd4948e6483d591c67292dacdc7d9db85438e4ddf634fcd629bb
150,45,45,0,work/submissions/best_46316.csv,152,aa8b8d1da11752a44b6b8639188a10ccb8d65a59d6028a43e452e28565ec2bc1
151,46,46,0,work/submissions/best_46316.csv,153,cac09c21ec4c037576fb012ff36cdcecb69d6bed116b672e7803168b364a1b54
152,47,47,0,work/submissions/best_46316.csv,154,b548fff2901c95392898b7cdb6dd4a00aace2ffb365f1193592caefe05b9ae40
153,42,42,0,work/submissions/best_46316.csv,155,3e3439f34d11c94962764b67ae6afe0560b654228b4e2fb0123fecf02bdfa2ae
154,43,43,0,work/submissions/best_46316.csv,156,f86509b9820579f1b7bdfcbf3f03061a838ab64b3671b95a2ea256427211f84b
155,46,46,0,work/submissions/best_46316.csv,157,b88e854cca8b044b987751ebb5617001cd16bf63ea57236266efb51c7a85dab2
156,45,45,0,work/submissions/best_46316.csv,158,2f4e3a179345898f7d9f8b06f8786b59fad926edd6b314f17ca7d2eca89fcc92
157,46,46,0,work/submissions/best_46316.csv,159,ea3133fe9e2c6a14fd77bea3937b72aa7b71cffcbe9d6dfe018df10a1ec2400f
158,47,47,0,work/submissions/best_46316.csv,160,e2b3838f4608203f1faaaaa8059cf417ff1201961732b55abdddd9058d41c6dc
159,46,46,0,work/submissions/best_46316.csv,161,2e6814f45ea967d72620a7879a22c50fd23e17cf7c49f240f985cbe7f482ef9d
160,47,47,0,work/submissions/best_46316.csv,162,bf8e9496ef3b1f8caf9456fe38772ef3192d11f9ca2ab491e27e3ba4dbee6a56
161,44,44,0,work/submissions/best_46316.csv,163,68659e957999537ba0051734d06847ddd945eb3f00c25c5ed24605fe107ebe79
162,45,45,0,work/submissions/best_46316.csv,164,4c62e97aa039c5f58c439733aa1dbe4f04c094295b4446e4275a20d6b8c97156
163,48,48,0,work/submissions/best_46316.csv,165,790529676eb591d2a682eb8ecae92b7a1c6c015a5392ab51cb2197f5959fda8f
164,47,47,0,work/submissions/best_46316.csv,166,a295af389b9f178f2ec713b6171776079130c383c45729d74c524bb13a6bc2eb
165,46,46,0,work/submissions/best_46316.csv,167,bca8c8b21b474cc8f3c121f71485997ca23fdbca8c8f3b145d337d3398a28007
166,47,47,0,work/submissions/best_46316.csv,168,8919dd862c4b4fc12e8e777b27e67dc4f7c1103c0366812760ed56c6de8e4591
167,46,46,0,work/submissions/best_46316.csv,169,b83fa447b9863fc03f69f925cf6985c3860fa1e94c274f43b4d30eb5e42677dd
168,45,45,0,work/submissions/best_46316.csv,170,9ac9aa3b4165782983f9f68a1d95c970f05fb96dea38b41a18c22f343cac8e29
169,48,48,0,work/submissions/best_46316.csv,171,021e57d3e5906f1175443bf5b64e0e1ff2317f47ef3ee1ffffd0e9f490ade070
170,47,47,0,work/submissions/best_46316.csv,172,4be519c0fa67d47f06cf192c4e2491727cbe36e869c74b25b52a216cd5fae33f
171,46,46,0,work/submissions/best_46316.csv,173,cb1caf0a2b925c2ea9722ad256df622932b28de86f400bcaed5099818ecddba8
172,47,47,0,work/submissions/best_46316.csv,174,1ade482abee92e088a2f48d3a30f8c2bee1986953cf64b326eb98f547588b617
173,46,46,0,work/submissions/best_46316.csv,175,f5153135a28ce28f398867a6fd113e5c0bb3ab0e8e70d1bca9e9531c255000cc
174,41,41,0,work/submissions/best_46316.csv,176,c1165ac87e9961014ea818880bdcaa9047a69d10e30309b54bc645894ca25671
175,48,48,0,work/submissions/best_46316.csv,177,0780d280af7e0db2b0d0566d4c08c6fc80b0c2cc14d1d26397b6be52b3aeec25
176,47,47,0,work/submissions/best_46316.csv,178,6844e50ab9cb454ab114aaed3fb1c9da5a538ab21bacca14c9da7809e84135de
177,46,46,0,work/submissions/best_46316.csv,179,868b4b35788c2f7dd0755a06298fb0393fb265ae8de9792aaf333ea437e4303a
178,47,47,0,work/submissions/best_46316.csv,180,da17e553d23f22eef9fa4b710e6edbf26d5538cf54d20eb54b2d511541e6d508
179,46,46,0,work/submissions/best_46316.csv,181,fc1a5bc9f78eb4a8aef6703d49d1bd99f9c3335b2904491ddf5c751dcd460021
180,47,47,0,work/submissions/best_46316.csv,182,1d0093a5634e77b8b295edd0c916087da63be9e10f0df1a188ccb880274f5842
181,44,44,0,work/submissions/best_46316.csv,183,c6dcd4b51a9f7761fa56970c664a71a548f99fda75f40af220449bbc7dba08e4
182,47,47,0,work/submissions/best_46316.csv,184,de2412b392cbaadb772cf41afff6fe7fcf9e10e1613926a42cba1ed7d7651fa9
183,46,46,0,work/submissions/best_46316.csv,185,1da87dcf1b7c2663b40b7902b474d8a7a8d0683f81b8ad177709c94e458b6b3f
184,45,45,0,work/submissions/best_46316.csv,186,87f027bef9575e1a9fb10cf805f7903f5c8f77acb52e35bef69799779fc566a3
185,46,46,0,work/submissions/best_46316.csv,187,fcbbef1f49e87f833e8e9a41a1127e318b01d293f75c617d9f5d74ac3e7edc07
186,45,45,0,work/submissions/best_46316.csv,188,2462aa62903a4a53c8dfa0f5393c047459fd4abc0b0c9c57176a5f068a3c2712
187,46,46,0,work/submissions/best_46316.csv,189,940d6d9db77a4b9a020b32c99dbe455e2f1e2fcacfdf1801e2a0b1427bde61ff
188,45,45,0,work/submissions/best_46316.csv,190,73fba9277f7122121f99a279858741a28c2e64c810d9fdfd3b7d7796e0dabb35
189,48,48,0,work/submissions/best_46316.csv,191,53b051610bbaa565d70fa4e84e64caeac074300c764206f3dcda989da70c21ab
190,45,45,0,work/submissions/best_46316.csv,192,157f47f316cc30bc881b6a6b7adaadb4c91aa9397c672a28e773e26fdda6492a
191,44,44,0,work/submissions/best_46316.csv,193,109cd7507a81db1ada990526525d507fd02976ae6fe349ea35724fa668aa4cdb
192,47,47,0,work/submissions/best_46316.csv,194,f8c3817d5d1b2a12be8266c974f216bb0afbc129215728b2a1a8a107dc9955e3
193,44,44,0,work/submissions/best_46316.csv,195,00c95e86c56a3f09e88224fd2bf17a8be6fde658a3657b921f6dae7455f71acd
194,47,47,0,work/submissions/best_46316.csv,196,ea1c86862177dc334624b4513787a9013266916b9d132ef40ea4d94b8121a764
195,46,46,0,work/submissions/best_46316.csv,197,4eb07a1020f995d45dbf4227dd9c9117325e97235af19eaba13b6896f2af1b9a
196,47,47,0,work/submissions/best_46316.csv,198,c496559b52b3648be27a8c360a1fd58dbbfca81bf957ffbe7a074ad550db791d
197,46,46,0,work/submissions/best_46316.csv,199,9dba56a161e3da26358598dcce1728232f76f2bcdc9206ca0503b95dca0009cd
198,47,47,0,work/submissions/best_46316.csv,200,c064f415ec13095812b6f03a966fb75e5280e4ea6104cb6fa92cd7572df28b3b
199,46,46,0,work/submissions/best_46316.csv,201,98533cb0645793b707a72e7da8c8dc9d8f219397d2b801ceec2312d77e014f6b
200,43,43,0,work/submissions/best_46316.csv,202,ed7bc1517c81a1bc39cd9ff8212b152bbb5b3670d5ded13abb513bb4fed767f6
201,48,48,0,work/submissions/best_46316.csv,203,d6ca2511f53c113613212acf9ce60978b6cb860a6d7a3c6e1bcaf6bf335d1c4d
202,47,47,0,work/submissions/best_46316.csv,204,e54f34094ed16f8f109565da36d67dbd0c5e7d3e9322b0c9230b73e05d554fa0
203,46,46,0,work/submissions/best_46316.csv,205,ec2e74e2aff2f1ecd847533bb5e43247e0fb195fa249bba121651a6849b05a98
204,47,47,0,work/submissions/best_46316.csv,206,7ae318b0dae67a33e6ca2935578f8ffc25b2dc3e2aafe91c117693bbad52bfd3
205,46,46,0,work/submissions/best_46316.csv,207,fbd14c5d669e5ee0da9cb5deca888d474ac1259219b5f216995e4440c155e64d
206,47,47,0,work/submissions/best_46316.csv,208,eef4fb1a0e7ecba5505e586c8f52dd7c6d03c58ed948ae14f60c566e36d332d4
207,48,48,0,work/submissions/best_46316.csv,209,183973621aab7482cb954d3edbaf8f933d3b9bf67cd00f8b3b315492255846fe
208,45,45,0,work/submissions/best_46316.csv,210,1824ff04565a3c72fa1096d994411bd6109ec8185d234da14fb98f8f6e679354
209,46,46,0,work/submissions/best_46316.csv,211,f3f3dbce8561f27cfbe6a6356a9a5f393d4897f18ed5f67acdf738d95404fdd2
210,45,45,0,work/submissions/best_46316.csv,212,064414f36eddb8e46052e665297fbdc8efb0bcee217c3538798164e7b46c6674
211,48,48,0,work/submissions/best_46316.csv,213,1f12a32dd93ca9cdba37d5d6426bf1f86efaf9adedc52febdab581b0de765940
212,47,47,0,work/submissions/best_46316.csv,214,8de266e02e6362a819a507debd4ce21707b575d852abeac8cb89f06a9e9dc004
213,46,46,0,work/submissions/best_46316.csv,215,c916c7b02e0fb423f1ab57919dd1d84a59dd620ae0956a34cd04a3f2f95b84cf
214,43,43,0,work/submissions/best_46316.csv,216,e5be949753f0fe6e048fe4916c4ca92618151d68a5ca8e867400e99ef250d05c
215,44,44,0,work/submissions/best_46316.csv,217,c6f201a59b286fd0500814756acbbbb30bdcfd52390f6d00c3be6ba075242a19
216,45,45,0,work/submissions/best_46316.csv,218,1d00ef90900fd960fe2e51ead3a97c49fa2d53013d2eea2098f4fb4eb3c62e18
217,44,44,0,work/submissions/best_46316.csv,219,5b9e2129128790f13f07a18fcc39c330fec0043e9ade88b275a134fa6f7ef121
218,45,45,0,work/submissions/best_46316.csv,220,62cebb2ed45186f71027eacb247bc4dbb26e1a9e87c049271f25ac389b1d3330
219,46,46,0,work/submissions/best_46316.csv,221,b67d3f617c61c1f84524e93108b6cb384fdea7cfb673b69435b3fa70480da65c
220,47,47,0,work/submissions/best_46316.csv,222,1020a3af0707fedd0db047a446e5a37ca07e85e102d01851aa1c70ad7ee2e0c4
221,48,48,0,work/submissions/best_46316.csv,223,a348cfeef8f05cc80e50f1a18e576b6a601202c9be3b2ff5c71562c9a530048c
222,45,45,0,work/submissions/best_46316.csv,224,5bfc26ec2a3892c02133618019fb9882f203ce23ca9e1533f220867b793a6773
223,46,46,0,work/submissions/best_46316.csv,225,5c292c75990922db5ec9a93df5d6c5da6fe790f9318eb8193c4510129b45ffa6
224,45,45,0,work/submissions/best_46316.csv,226,54b45ac4f18da3a7253ec99e5ac45517b9f3d8943e445dc21f76271c25951476
225,46,46,0,work/submissions/best_46316.csv,227,38b4a8eb0d04fcd5c6f12a000e053440174ce505efd30d826b930d4194365881
226,45,45,0,work/submissions/best_46316.csv,228,315d71a81443394112e702c65273caa1de66cc1ea20c12c2df6daa663091a9cc
227,46,46,0,work/submissions/best_46316.csv,229,540e69c2aa5b99be13170a8191e4cb65a5657008ba2837f084eed454b6c400c5
228,47,47,0,work/submissions/best_46316.csv,230,410bc758daf09ad8cfd45d8813c55ac00d56cee927904878a28d646b2980343c
229,48,48,0,work/submissions/best_46316.csv,231,2ed99dd993d6285955918f497b111aa797b6cb00099d85753b67310a851ee55d
230,47,47,0,work/submissions/best_46316.csv,232,1a288c7dec72f0022e0add5e2512201e6563880949dd461e87bdfbb19343baef
231,44,44,0,work/submissions/best_46316.csv,233,08ee4d899779816f7ebf5bd363652a43af6c8e05d64381a19926e7c18467c427
232,45,45,0,work/submissions/best_46316.csv,234,109a4e91e5960ccbee76a9adba18f117567a43cc852f8cec26fdc2d7fdf0e2f8
233,48,48,0,work/submissions/best_46316.csv,235,6ebd467c319289746007d4b3db05f3ced85dc9c5ce979d23228adfded82c04f2
234,47,47,0,work/submissions/best_46316.csv,236,77ab73303fde3c948c3ea9759f957768dc8f707a45c12259edb1db7cb93bf2b1
235,46,46,0,work/submissions/best_46316.csv,237,757642b5277bfb2d95ff565bcd7fe3a4a40a0dfe3e0fea797b291d118c0aa975
236,45,45,0,work/submissions/best_46316.csv,238,9da252ce4b78a81a34942460f43e8ecd77e5a6242891d9606b5888b2b9945006
237,48,48,0,work/submissions/best_46316.csv,239,890ca5407c36ed047fbd8fcbd795e91b04a460e23c0607cf4f926ce0896952a4
238,47,47,0,work/submissions/best_46316.csv,240,b875ea6fccf7256bf23016caa256c48aab0e405c8b0ced79943746f45bf5a7ab
239,42,42,0,work/submissions/best_46316.csv,241,1376688ee4aa9e8cd62bb154a7f6cee0501bd25c5e2cd9142a815e842e74ddf3
240,47,47,0,work/submissions/best_46316.csv,242,ed5feb83db7fc987436ed9964e10d24321f46f4a0979883eb7a963a5cefdece8
241,46,46,0,work/submissions/best_46316.csv,243,d45dcc2117e696d7dfb729233edc32d13469451f0ccd437790727552fd648603
242,47,47,0,work/submissions/best_46316.csv,244,5abe51380f441443f945d66fb59de38c1b1756571b912ab44eb420328263297f
243,46,46,0,work/submissions/best_46316.csv,245,ec60541f77cf61424b10c52b5557340cbde4ab237400be5cf7e4049b76330e36
244,43,43,0,work/submissions/best_46316.csv,246,cc5ea0e83ce4cb9b92f2fc9f4098de331678a5029b069b7ed8dbeeffed138a87
245,46,46,0,work/submissions/best_46316.csv,247,597bdf67724f2b724f86c59e0863955e4ac1447c4614ed33ba5f03ced020eb98
246,45,45,0,work/submissions/best_46316.csv,248,51f399c1d21e037815c5e0bc89052ba488d6f3d248c12e50127f3a58989412d5
247,46,46,0,work/submissions/best_46316.csv,249,30ab661ca92aea26224755f6ba6e6d94acea81fc34b55db61731af17a4cadc90
248,49,49,0,work/submissions/best_46316.csv,250,d1e74d9f429f74e313aa7c4d97bf609a29e61ecf19bb4347ee0d642a7764eae7
249,44,44,0,work/submissions/best_46316.csv,251,27293f3ea348efe405708f3eb8ea9aa06022e681822d4181783122ca77dc38ca
250,49,49,0,work/submissions/best_46316.csv,252,c71ab6e0b0700c797cfdbebd8496066c33cedbf507033c6fb09cafacf3ff0b0f
251,46,46,0,work/submissions/best_46316.csv,253,0ec990cf0f0aac1067d1b5518498eaaa29869a5cc31ce54ab3a74b23a8c113a7
252,47,47,0,work/submissions/best_46316.csv,254,b67e544ffb6c5d20471a044df77195e8f0b085ee07f35fea2c5cb12bf27271e6
253,44,44,0,work/submissions/best_46316.csv,255,bec9ff08935e44d13a00ff7f9b825d793ae0cadbf73ee42f3c03a8d964afea46
254,45,45,0,work/submissions/best_46316.csv,256,cb5a3622a480f2aabec307e0f69d42150595ea28195d90dbe7b911aab3af1548
255,46,46,0,work/submissions/best_46316.csv,257,23f2ec64fb82f1e1e492859dda1e60bd44d3e38744e697d2c707a65ea3886b41
256,45,45,0,work/submissions/best_46316.csv,258,34a75e69bdeb41cc4fda6f8c7a75f878fa31098f46dbcd4723927fe83a4d7f46
257,46,46,0,work/submissions/best_46316.csv,259,5c0aea2c1281943cad7de8d12c0171293f261183640dd26be758b4a2e8e80323
258,45,45,0,work/submissions/best_46316.csv,260,8d71b13a0c02f15a93024281163079035a29c17f42342c659607f19740f6a537
259,44,44,0,work/submissions/best_46316.csv,261,5ff4dd5fc6521edd62951f743adb5046f40cf52c73829dea16f6e4b20e58115c
260,45,45,0,work/submissions/best_46316.csv,262,628db875fb7ec395805a1530fbdc9ee9b4375a532e24a0ff5aaecac71e26bbcd
261,46,46,0,work/submissions/best_46316.csv,263,5fe4eefd0e2e44aa9bc7c549ae259b0d38558fbc6f3f6fb2eaefd7f4a2b2d156
262,43,43,0,work/submissions/best_46316.csv,264,59829dfc19b8149b1042d58dd8f4c6105ffa9cb8eef81dfcc782029ff1e2f447
263,44,44,0,work/submissions/best_46316.csv,265,47a1df789e0b141af44dcf533673f6459ff4931d352295b34e251f43e989ccc7
264,47,47,0,work/submissions/best_46316.csv,266,cd0be6b3f19ba7bc4419043ce540a63644b1e79842ff8f461c57731e782c2328
265,46,46,0,work/submissions/best_46316.csv,267,986c407bd44224b964d04688bda70c745038d8fcb37a87212536e5deb1439694
266,47,47,0,work/submissions/best_46316.csv,268,8899354554168a80ea3c437a207570d90160b8186a0fed39ddb373c4a054cae2
267,48,48,0,work/submissions/best_46316.csv,269,c6f61de503f24c8ad1ba1387ff15737e3a2e606bb8c1e4ee3318b5df5a13b245
268,45,45,0,work/submissions/best_46316.csv,270,a62ec7ec3660a29f627dc0f84c055651f9f3b54f25957cf92ad41e9e28d63df1
269,46,46,0,work/submissions/best_46316.csv,271,c15ede6309231c0c5ed15a216a4d6b7dd00322cfef44a6f338972e7550518129
270,45,45,0,work/submissions/best_46316.csv,272,e193d1cbe4c3e320376e5b5528b0bea659943a664288248dc472916669ac71dd
271,46,46,0,work/submissions/best_46316.csv,273,2163390aea95ce6be412542cab810836c8b070a175c4be14e90274a38d0533cc
272,47,47,0,work/submissions/best_46316.csv,274,d106e34cdbbaa703d96007f7c739789834e32a4c572a01a278446884936c4042
273,46,46,0,work/submissions/best_46316.csv,275,2b72790f5fd1a5646b34153d6b7921ab2660099bb719667b409e84d8dbb12ce4
274,45,45,0,work/submissions/best_46316.csv,276,9bb0e65207df881084eb0826067de81c826207fd8a3092012664fc98234d6eea
275,46,46,0,work/submissions/best_46316.csv,277,1a7b20fd80a491160a9e9188ed846115a0cb48ebfebead129abfe87615dd43f5
276,45,45,0,work/submissions/best_46316.csv,278,cdc2a8e1f043bd3a32947f1b763a3ba13b89f86a8baceb07e46a5d7189ccc0d5
277,44,44,0,work/submissions/best_46316.csv,279,eba11255e5997411d7c63d3671bc806214e337cf53c8d515acaa53881c59133f
278,49,49,0,work/submissions/best_46316.csv,280,d549afd7f6a1cdb62b03ad0299ff59a26cee1f16849cc953c731b44ffac83639
279,46,46,0,work/submissions/best_46316.csv,281,108354e3f54b26b5a09c958a8a6a669c30da9329a1506c75f2022cee85d59622
280,43,43,0,work/submissions/best_46316.csv,282,3bd2d21bc47503c62f9b4e2ae2eadf2540443f5924ed57de2a21669be801ccfa
281,46,46,0,work/submissions/best_46316.csv,283,2699350399eb66d01f13cff14e3592e0cd798830c372e3a4e14df0a49c0cde85
282,47,47,0,work/submissions/best_46316.csv,284,85cbdf9e1040b377e9fb233802b9bc1df6b140a52ebc48bb3ecc30d288f73c3b
283,44,44,0,work/submissions/best_46316.csv,285,7c8c43731794ee2697eebeab9f58dccd0e2f0cfca701cba06f15371cece92a5c
284,47,47,0,work/submissions/best_46316.csv,286,68fe98824db73d04ab23e38c14bca97676e655b0cf18ed34d4f2f8822e6814fa
285,48,48,0,work/submissions/best_46316.csv,287,17d4b7ceb4cebb3645073ab19cfef0367c24e73bf8a358b54c767842056448b9
286,47,47,0,work/submissions/best_46316.csv,288,a2ba1f3e495b436da7f651a7b7415bc277273d16fbc4c13aadd5a790d0821d5d
287,48,48,0,work/submissions/best_46316.csv,289,d5c920e5dd27b52a872ce2ecc290f50a5e78de7f49ac5b91be659243fe1cab4a
288,45,45,0,work/submissions/best_46316.csv,290,2e91cfec34429c0d3787c304e5aeae2a7bf544e306fc35214260f646abb9fe8d
289,48,48,0,work/submissions/best_46316.csv,291,d26b7bbbb2aa4015c8d4d0ac3d154d4359c7827a2f2ae58256f3859d6e12da1e
290,47,47,0,work/submissions/best_46316.csv,292,9e421c8b189b96d050edb82796bda047ac57121f57bba7b9f5a1844793fc9d5c
291,46,46,0,work/submissions/best_46316.csv,293,431a3363f416a7b9f8d659ebcd819b510843aa40d2a3a2b68c86c535af530737
292,45,45,0,work/submissions/best_46316.csv,294,ac41598b2e8f95449525ef79f96a364f10b0f3d42551373c9533da6d9e689114
293,46,46,0,work/submissions/best_46316.csv,295,477931a4687ce1c4c3d53c3f14c6e703ec2d9e422d8527ccab66dba3f7f9936f
294,45,45,0,work/submissions/best_46316.csv,296,23be7689659c946e661bc0ceb38e05b04d855cb8f293b2e9353bbaed6ec5be74
295,48,48,0,work/submissions/best_46316.csv,297,dbbc2c280151cc2106024ac8e9b2821c10925e63f92a05df17476bd7a3339312
296,47,47,0,work/submissions/best_46316.csv,298,4945c7d0824aef29fde90761389a24942e54444ff9d8ff0abeaab527cc4beaf9
297,50,50,0,work/submissions/best_46316.csv,299,af0594c0666deff81455c5189c2276d82e7aca192e1c03cfe1107452ebef18d8
298,45,45,0,work/submissions/best_46316.csv,300,d141888eac1d51ccf823c90c00ab2dfce6d6d1f9d58edd3d399e4e9b2f7d7923
299,46,46,0,work/submissions/best_46316.csv,301,e2b66c1fed119dc1e720a025f896349b1ce340b79c01774be279f67b4fdbddcd
300,43,43,0,work/submissions/best_46316.csv,302,0bff8ac16f4cad4b2d6eb0e6b1fc7764ff40996c9606cbde36a74260d4a14a5f
301,46,46,0,work/submissions/best_46316.csv,303,ed4b65db2634361f3553a6defad9abeedb62c80642d08a4e7a9cb0530d44df87
302,43,43,0,work/submissions/best_46316.csv,304,bc5ac9d5fec65911d6d5f5f35db5a25465b59541921071d138137cf61fad0032
303,46,46,0,work/submissions/best_46316.csv,305,901ae27d989bcd26defb663e1e3069059679486dfb745930f9783db3ef0d2ac1
304,47,47,0,work/submissions/best_46316.csv,306,bee6407248f7863d88f3330e58bb4321132d8b28b6299586f3abf97a1e5f2a59
305,48,48,0,work/submissions/best_46316.csv,307,08f21492e3f8cd0d4b95c0e73a78360c51e0d084ad64aecc787717dcc8fc5e53
306,43,43,0,work/submissions/best_46316.csv,308,3a482cb6fdf877c0ddc2d451659fcde1cae52ed2f506677d0bf7ea5422c9f149
307,46,46,0,work/submissions/best_46316.csv,309,ca16ee131ca2f8164abc311fb63552a347dc7be05908dbbc637f03b638d78d37
308,45,45,0,work/submissions/best_46316.csv,310,63735c0535ff5eee56b492650bc4f10554799991592670d7f11cfc14fac817c3
309,46,46,0,work/submissions/best_46316.csv,311,8ffd8ca9ba8e997663c4f89f5cd088b12f594c554791ea2ab70f52c317a18ba4
310,45,45,0,work/submissions/best_46316.csv,312,77e7be09c5472693de033504824f5360be6b5187202fd55c953d8ae8cb30a47e
311,46,46,0,work/submissions/best_46316.csv,313,c05c8c932c8063cc8e3f98abb8e4a988ffe5c86604e2cf183d814f1db880216d
312,49,49,0,work/submissions/best_46316.csv,314,187c514ca7bac4a8bacbd0868f2de6df3a11402abb8b0bfe5f503dd5ddb97b78
313,46,46,0,work/submissions/best_46316.csv,315,c5be5ea05d72bade1f7f25b7bf1ab16912c9e8be07cf8a4e6a517e7472708f50
314,47,47,0,work/submissions/best_46316.csv,316,a57422ea445c6bf3d824c18d4f52972aed9ee5e1c65ee63d3f13a4f9eca55ea4
315,44,44,0,work/submissions/best_46316.csv,317,1914adc8d7ca422d910a27d7702339f06ad2021099e8814e5ba7c47bcf47fd31
316,45,45,0,work/submissions/best_46316.csv,318,835616697b66ddca871c9bba69ba173ed36810e345617bc8aa0593ef45b33d47
317,46,46,0,work/submissions/best_46316.csv,319,0de03ac482e4d6d49f0619545418fc4cf16d5f59384cf750ef3a7f6a9b090bca
318,43,43,0,work/submissions/best_46316.csv,320,4293b656e60845fe72e5800481f2e0e41952a3a34d9cc10d3f56d0da73b5caab
319,46,46,0,work/submissions/best_46316.csv,321,718c7c265a44885d668b0145e0ec9af7d1e5a7b561c87026ba7987cb4241ee70
320,45,45,0,work/submissions/best_46316.csv,322,bc4273c4fd5de7417dab05dfb46181228f9cc33ed90bc8cd391904a5fe650859
321,46,46,0,work/submissions/best_46316.csv,323,27acae5c15bbdbc4e850580ea919a17e956e7e9235fe8727e1faed9df7981a6c
322,47,47,0,work/submissions/best_46316.csv,324,e282a06a13562d36390a1ad06b2dfd8f72df433b27e2e9ef7c7999147969c7bf
323,46,46,0,work/submissions/best_46316.csv,325,696e8cc7c4d7b47b5f88bc22170fab7ef8b028c9ba434792cf24fe29def23317
324,47,47,0,work/submissions/best_46316.csv,326,eb903ff8b613558ce6fdc51867af4e3304c89b92becf0b2e9d933e41a6973b6e
325,46,46,0,work/submissions/best_46316.csv,327,224f3529d6a43a9a846977a6a990cb28e13f760d3d03b2f4860f9900a9c9c787
326,47,47,0,work/submissions/best_46316.csv,328,350ac749bf40340c01eecfa39aa2c6bfb0e42c2b313bfa558d8d2b3bb1e0615e
327,48,48,0,work/submissions/best_46316.csv,329,d3be8ba83ee15372df50e01819cb372720f1ab03be9cd253a566b0287ae96cfb
328,47,47,0,work/submissions/best_46316.csv,330,cf97bfb0833f1996fd4b8c3c9dbf4f602f4ae89bf835512d86546593db2aa2e5
329,46,46,0,work/submissions/best_46316.csv,331,960e2599af8647f0c3dce43c0dc5a208ff713809f9c6437124cd53e3bc76a474
330,47,47,0,work/submissions/best_46316.csv,332,f1970a6e5189de67871be5446d5982d11f16fa177af027e5bdf1cfe3fba7a1d4
331,46,46,0,work/submissions/best_46316.csv,333,1b042d871ad9e59eaa7195cf5c209d55e15571d7f5dcaece53521d6cab1e7af4
332,45,45,0,work/submissions/best_46316.csv,334,fdd65d1f14ec88a8096e99cfa07d617e106680439057b85dd0a1ec8a6ade90f0
333,46,46,0,work/submissions/best_46316.csv,335,5f04aece8cbab081fffdeeb68b9a0f355d08a45b41d027e284e8ac2163c5e54a
334,43,43,0,work/submissions/best_46316.csv,336,23106b536ac4a146759a47d9ca5f566dffa5cd7f3e9570f0837632ac9af457f7
335,44,44,0,work/submissions/best_46316.csv,337,240a63f9e3f7adc3e1139b61fa44ac520c2f3c384efd46107fe257bada15023f
336,47,47,0,work/submissions/best_46316.csv,338,866342bcb3f24227bb9563cd7884edec5c21fd438a84e85d11fb789e4a64cad0
337,46,46,0,work/submissions/best_46316.csv,339,629a60e964bd7edf15cebc29cc74e997a74cc93412b572f1015ff903344a7897
338,43,43,0,work/submissions/best_46316.csv,340,5d3a7bf25786484f9b566721597273661e787a1997ced4eb0f2fe7cd16f56e11
339,42,42,0,work/submissions/best_46316.csv,341,9227fd689f6e99c42b69706c3fc41d59981d24c25012cbfceb39fc6b53342773
340,45,45,0,work/submissions/best_46316.csv,342,c1ca5cc17821271b5466729a8563399271ba14d172416b094f93b56b173d7ba4
341,46,46,0,work/submissions/best_46316.csv,343,b745a647e3aa094cea8d6ddd10ea6dc5256ddb733cc741b69dea4490f4e7bdcf
342,49,49,0,work/submissions/best_46316.csv,344,f5797dc231e8f16ccbaeaf96bebc1e1efe1a5f9c28b4ad9e334d9749e87dd35a
343,46,46,0,work/submissions/best_46316.csv,345,424cf38288b28a3965d7b3f0529bb6c0f0023eea43bf8a3a2dfa243f771b415a
344,47,47,0,work/submissions/best_46316.csv,346,f81265bd8c046f2a7a39eb1471506a52d6ad21e013c7e05b3a2365c6029db511
345,48,48,0,work/submissions/best_46316.csv,347,05fc1be8319dfdf655fc74ae5709a74e5855f47e9c21b79043b38018002e4490
346,47,47,0,work/submissions/best_46316.csv,348,fd7bfb9dac5b2dcf15d98ff5dc4e9bcfe99a7f243df85b9207a9edfed0b945f9
347,48,48,0,work/submissions/best_46316.csv,349,8196c21a2efa2179db1a95a224b04aeaf11129cca3e63b6b61567602ef8266eb
348,45,45,0,work/submissions/best_46316.csv,350,c06573edffbedd486faa4dbb374a97bbb444d4f492e41803d7c49abe1b8baf07
349,44,44,0,work/submissions/best_46316.csv,351,fe1f23d02e989d8274187ed4eb28a990e9c8980724d949957444e5caabd1b8d4
350,45,45,0,work/submissions/best_46316.csv,352,0eabaee220defb0e50e4e622641fac1125ee05e6d1e800a6c8b5f7c373972746
351,46,46,0,work/submissions/best_46316.csv,353,0ef531cb332ff268f3f28d63ec27c433d691107c23a115b98c22e28a3baa71e0
352,45,45,0,work/submissions/best_46316.csv,354,df636c9bd03b11bc1725df823530c53d2071619f125826aa195836754da26ef3
353,46,46,0,work/submissions/best_46316.csv,355,e14fef5ef6943fb58b96bd2cc3dfca2b3717dc1355869f0f499a7b159116c1e7
354,45,45,0,work/submissions/best_46316.csv,356,14169eee68ee91ab7569c3cd7d1deb16fb8c9acabdceb9da1d013bb1ad73e31c
355,48,48,0,work/submissions/best_46316.csv,357,66806b4ee45ad9c6e49d2b55b4826e583b080efd27f647126e4d86b5d408601f
356,47,47,0,work/submissions/best_46316.csv,358,8d019076738c66e33cf616fd715fc7e352ecace80ef8678b9c36a28412baac8e
357,44,44,0,work/submissions/best_46316.csv,359,70db6b2d477c666ed7e415d27d0b8e7dac280a58bf50d04d3c0a068a3f4f6664
358,47,47,0,work/submissions/best_46316.csv,360,645fb496e84c1fe65ff7ec93c14517c9500780516ee798b5988f46da68f6843e
359,48,48,0,work/submissions/best_46316.csv,361,e6f7cafb70a2d7052d82cb36537e5cd62bc4076af0c045fad0ac1a7616ee5f67
360,45,45,0,work/submissions/best_46316.csv,362,27b600fb51a4ed4ec52bb015b2a5c638035b2f2145cbbe6d8f9e992d8ac44743
361,46,46,0,work/submissions/best_46316.csv,363,63b267f5eb148b0f35c3c2ecf86ff125b5a9b99346c43af09116998e77f326f5
362,47,47,0,work/submissions/best_46316.csv,364,95821582891521dba47152eb8a553d02b51bb8291851a87a64c8829ea9683c96
363,44,44,0,work/submissions/best_46316.csv,365,c2a4d318ff209a7e2fea382fa70f591772eae33d0ae9920fc3b30885a40bb42b
364,49,49,0,work/submissions/best_46316.csv,366,d5fa1cb02b47ff74495a7ed7b1ca97e9fa823f1300b45031bdaa234946c42fc0
365,46,46,0,work/submissions/best_46316.csv,367,5150c37a92a83e8e0bdcd29b008460c716e13fd6843f143e883403a65776ee9c
366,47,47,0,work/submissions/best_46316.csv,368,cdadb53edeb9304dcee607e594e8c0087cca1c42ac2cd8fb3bb1bd035df51d93
367,46,46,0,work/submissions/best_46316.csv,369,5fc761f4bf56c62ac6958782a570376aa3b2656b67683ad15b32c21870e56750
368,47,47,0,work/submissions/best_46316.csv,370,25e0299ba326bd378ac1811f8e1b73cf6ab14dd8812ab040d5633b4ffbed5171
369,44,44,0,work/submissions/best_46316.csv,371,49c81bd8cab98ae0500d233a98d78d91f30a5ba83a889fd187777258bb2eee31
370,45,45,0,work/submissions/best_46316.csv,372,345dbe9e83f3861a6ce1d9248e49f855a610b2ad335214736899112af1f154bb
371,46,46,0,work/submissions/best_46316.csv,373,cc8976afb9969ff984ca022cdc81b6c77f8d06a92b8768e61a1b2de64ece9b16
372,47,47,0,work/submissions/best_46316.csv,374,0adb03acc33f6c899e95fa4cdb5181f37e94c56be8b7a7e3a8d4739e9254bf72
373,48,48,0,work/submissions/best_46316.csv,375,134ff18f27b0aa9d6af3049b3f8611d14ee1f206d0b05cc089f816d5d3be1e27
374,47,47,0,work/submissions/best_46316.csv,376,12898c169a955ec7fcae26fa32925229d9fcf6da77621662cf031146a0aa6c8b
375,46,46,0,work/submissions/best_46316.csv,377,1cfbe2adff536f316253b9e9a575c6df6ee76e3a8fff614e448dba94e90cf732
376,45,45,0,work/submissions/best_46316.csv,378,8659db0a4f03a6013de9e562fedf292ec18b49377f761415a32e77b629271ff3
377,44,44,0,work/submissions/best_46316.csv,379,0b2aab6c78a571b0d4766110238ef4b9553aa7788b5d4f00a258583e491bbe54
378,47,47,0,work/submissions/best_46316.csv,380,dfde8cbc939fb2f6e8dc84e9d39fa19732731bc8600641d7ae33fdcd66056fc9
379,44,44,0,work/submissions/best_46316.csv,381,542b8aa88d6754e6d00d77666f9ea4045cd908626fc5ce3470711a879306114f
380,49,49,0,work/submissions/best_46316.csv,382,452c4b0187e84ffc03c5d9747da4e9a7d8d45eb3af4e9bd31f30acb51db6460d
381,46,46,0,work/submissions/best_46316.csv,383,484e499f7c905f2b7e3c7aa52ade64175aae477d5304f2b41cf7ae55bd32e5e6
382,47,47,0,work/submissions/best_46316.csv,384,3a8349a6738a69647ef269f780a494a8d612efaf7496be5e8611e224a9564c15
383,44,44,0,work/submissions/best_46316.csv,385,966f8203c23daf47c33e7b0a822b2ce2470e06433b512a859ffe3cdbd164ed5b
384,47,47,0,work/submissions/best_46316.csv,386,509a5f868ab6dde09ffacc28512b15fdf0f1d820810ead438f47b69b6cc5a7b3
385,48,48,0,work/submissions/best_46316.csv,387,4c7b7247fa48358e61c3aa24e78750b8c239ac9a583765b822fd19941605974f
386,47,47,0,work/submissions/best_46316.csv,388,cf3709f6553caad422b79689e5951f1cda2eefd54a77faca0a945013ddd0e1bc
387,44,44,0,work/submissions/best_46316.csv,389,2acd147606d27afcabd31073674e490ba5cb6ad861942f687f4d1e6eb0e22189
388,45,45,0,work/submissions/best_46316.csv,390,461c2b7451d7596aa090dbb45c77f0fe7acd2b7923555bfff86a04f0774e42ae
389,46,46,0,work/submissions/best_46316.csv,391,cce5299725c05fd87f8c268c8f9c51e1f0260277a5982fc8a22c82470fec1ce0
390,47,47,0,work/submissions/best_46316.csv,392,5507021fce1376783b04a08f6ded77f36a9fcc6bb28ea23bf5b2ed54822b3d4c
391,44,44,0,work/submissions/best_46316.csv,393,08258f6f1d78dbe68dd0597ac222e7b1c9eae97fe8ef0b80ca16a5f1131c3a6a
392,45,45,0,work/submissions/best_46316.csv,394,ef9f0b4630aa6d318b5873b2fd2c3bd84b00149ada702510ddc2022c824bf534
393,46,46,0,work/submissions/best_46316.csv,395,86a691a63f9721d0d4a19a3cc548a4959a087bd66265fec83058f3e7a6c1ee35
394,43,43,0,work/submissions/best_46316.csv,396,932832c20fb498f5dba8b5eee2e3cffe44bf911672e0ea23de973aa46c2aaa03
395,46,46,0,work/submissions/best_46316.csv,397,e05874204633916e713c44c5312c63ea0fb61dc56f41932a5631a3d69aff6341
396,43,43,0,work/submissions/best_46316.csv,398,35c5985eacd735a57684c28c0180745bbaa354d045bd09fa1072293db4d92198
397,46,46,0,work/submissions/best_46316.csv,399,ec3af0724657dfa33f401582081a0e93bd6a596d51c46e4f325b76287c974710
398,43,43,0,work/submissions/best_46316.csv,400,daf26819217890bded9db7db810b01fbc3212afbfc67dd333fc7108fe292b09b
399,46,46,0,work/submissions/best_46316.csv,401,2b510534bf32194df4be0d201d534f15ec47f42b1f5c799a8ddc68195c94ee90
400,45,45,0,work/submissions/best_46316.csv,402,bf50a26d78dd11b6037c594ccd0fb3315088bcaa17a68b0220fcd27bd4d3c3f8
401,44,44,0,work/submissions/best_46316.csv,403,bc5dfded87b2baefe552d7bd7e320d654510f067b251e125c02eb0a54db1c316
402,47,47,0,work/submissions/best_46316.csv,404,3d2c287e523709ae1639af07526ff01421336163c9f5ee15828e84bf6cfff0be
403,46,46,0,work/submissions/best_46316.csv,405,b11f0558c9afd9be5cc786470ebd4d7ae7e5da2bdec16a2fdf9345150e5253a7
404,47,47,0,work/submissions/best_46316.csv,406,9cd13b12ae003a1419d63c7da8cc015ea8626d9dc3170028b4958d11b202fc0e
405,46,46,0,work/submissions/best_46316.csv,407,acf6e55103a38085e052e2f8bc0ff12aab4dc8c4ba9fbd6d52343d30bb47816e
406,45,45,0,work/submissions/best_46316.csv,408,9f595397abb1d15958fdd30a84693b5b0e41fcf948a0ce26cf622dfab0c48ef6
407,46,46,0,work/submissions/best_46316.csv,409,20c20baac93859ba674a1070e7bd699edb94740b63b6976dcfd226eb58147bf1
408,47,47,0,work/submissions/best_46316.csv,410,3fd4ac7c8bc777877fb1065be57aaad5ba6d5f4035a50d8c42909bfa876231f0
409,46,46,0,work/submissions/best_46316.csv,411,0ed4a01adf175670cb75862b90e2aa2589b49099c0098bf9317b453b5872e1c4
410,47,47,0,work/submissions/best_46316.csv,412,e900656e72b9d0e6d667e58578776721cddc4eff21cded8e871290318536231e
411,44,44,0,work/submissions/best_46316.csv,413,e66f11481f4edb99f4408b0827b66d557d4b48ab839a0cafeabc6906352f555e
412,43,43,0,work/submissions/best_46316.csv,414,d6a4b6ee53e66d8cd6b64777f55d89be59fc71ccfed09b10e150dbd93d63d848
413,46,46,0,work/submissions/best_46316.csv,415,882460dc0c4114136ab9dad9f159984348bad7fbd5979136f341dbdb0e174b47
414,47,47,0,work/submissions/best_46316.csv,416,3edee2dbcd2d05aad9604289548deb09f2dc539341a2804618f2e64ecb590433
415,44,44,0,work/submissions/best_46316.csv,417,7275f48180ca46d3db52540a96d75feb12faceba1b5fd7eb0e66707d28f69b33
416,45,45,0,work/submissions/best_46316.csv,418,bed4fd30140d821b80649912e5b3cf1c2c745ecc6ee52445eb6ead84db11d69c
417,46,46,0,work/submissions/best_46316.csv,419,74e515c40435c5d4e1cd15f9f53accd158ec607d93e19e301e18a46e7410471a
418,47,47,0,work/submissions/best_46316.csv,420,2ba11bf8ca62c79b6528fcb268f7540bf2fe33d45ec8d84e49e114287f2010ea
419,48,48,0,work/submissions/best_46316.csv,421,26230e6cc1f9024f514614ba3824249c668105b569886aac45f956354eab2bb9
420,49,49,0,work/submissions/best_46316.csv,422,2ff4e9276679d5a27ee3e22261b549dd5c4edbed0059b9ada5cf80926b88cbc9
421,46,46,0,work/submissions/best_46316.csv,423,9886a38ff15bc5894dafad742ef85652aa836d4366bc80a2ff6698bd57bc9bea
422,49,49,0,work/submissions/best_46316.csv,424,079f18e1bbc29fc9d5e1ff5dcee08a18a4399fa8559c1de8a9155fc31f0737d2
423,44,44,0,work/submissions/best_46316.csv,425,b81d3b3a35ecf962f35bb5f39440a95f786db280b95b104a95f59aa75ddd42a1
424,47,47,0,work/submissions/best_46316.csv,426,26486426e2f00cd4b234c927e53877f50bd62874218a4bee54c0b4af4ad95413
425,44,44,0,work/submissions/best_46316.csv,427,2199acda9e8cd19f8890eafbccb3c22e2ecb98761c05c5ff044a1c837ed52fbf
426,45,45,0,work/submissions/best_46316.csv,428,c5dc7c007d7349401ef831900ae0d44283b5e287e61dd413d1ab456be110734b
427,44,44,0,work/submissions/best_46316.csv,429,777da2dda22cc5811af27e239b49ed219d079b59713d1f6b874461820ea0f950
428,47,47,0,work/submissions/best_46316.csv,430,a58aa7b34bf46cfcfb2009173ead46145c9edbe04156496d9b75d622f066ffc9
429,46,46,0,work/submissions/best_46316.csv,431,9b0e5cf7e493ee6b87383499689c9046d7c8655648c470fd8bb8c8c2a35aee81
430,45,45,0,work/submissions/best_46316.csv,432,b4801ca4fbfbb50d6f918299291272eec41a81176fccd595c38bd35519298858
431,46,46,0,work/submissions/best_46316.csv,433,ae5a4a2889a502b9c565f7c5344518395826380cfbeaba24ddaead987fcca2ad
432,47,47,0,work/submissions/best_46316.csv,434,50ca16879f6090cdee475375b5c39edc8869b2fd8f0d0daf49bb30ccf0e7ba60
433,44,44,0,work/submissions/best_46316.csv,435,ae8fb1cd0f2dcfd2661ba8a0bca91ff8b9c815c8662bb9ebec296297bddcd461
434,45,45,0,work/submissions/best_46316.csv,436,db0d118c70b0c6c4ed04461b97ec5da2b35c7b5d0c9a939dee8b77cec72b4852
435,46,46,0,work/submissions/best_46316.csv,437,d88e7b41962de0c090d1780fb88eb9d7c25d742c9f8293da73b75dc13a27c99e
436,45,45,0,work/submissions/best_46316.csv,438,2c789ef5146ba69d4f2db443063a42f992e111b0ddfeb31e141a9204c491c3bb
437,46,46,0,work/submissions/best_46316.csv,439,ea22ab3361bdc41a7022f1e7e1089f0f443d12cc84127d2449bf067131d6efa4
438,47,47,0,work/submissions/best_46316.csv,440,49b20e1a263e5cc4b17095e932b0219762ffcaf882c0b7243d8e28916c02ad84
439,46,46,0,work/submissions/best_46316.csv,441,4232a9a3c09c1f3aee69a872232ed00d45d4774b07ddd6ae7672126e7a36e052
440,43,43,0,work/submissions/best_46316.csv,442,2ef3e194310a5ffb44ab38e6762fc82bbf62af4c654e9325cfda2b9f50352d55
441,46,46,0,work/submissions/best_46316.csv,443,99512e27e4c46e3e8dede303735a79b9594262dd883c566b6eeeca1a640274ab
442,45,45,0,work/submissions/best_46316.csv,444,ba1fd671d3115bc3a1a7b54c6808720b5cb05e117c51dc9210fffa77d6e8dec4
443,48,48,0,work/submissions/best_46316.csv,445,2a6ef6f722c6d71272b93b605c4e74e29630c180483f8be4b654058c0b5d703d
444,47,47,0,work/submissions/best_46316.csv,446,1512b425c6b74153ca484009ee40387dde8734db42632e057b8bf664bf28a0db
445,44,44,0,work/submissions/best_46316.csv,447,e12277518298fc0a361fa353bf3073c0cd81fb64482867c76a0b3238d8fe6125
446,45,45,0,work/submissions/best_46316.csv,448,331897740dde15b48f594dc47b6f641cd499acb8a8ff51830dfb61e534ea2601
447,46,46,0,work/submissions/best_46316.csv,449,230cb6d01f804ee1eef7d3ff1eb0f581309e8823e8ec3dc449e0de808be3d07f
448,45,45,0,work/submissions/best_46316.csv,450,6ab5a847040443a5ac8df9f46d658423f96166f3f4603c0cc77abdeba795656a
449,44,44,0,work/submissions/best_46316.csv,451,9ceaa7ff0c88760fc2f524883124866748279cd228b8f39f2ec8d3aad29abb37
450,47,47,0,work/submissions/best_46316.csv,452,dc27253d1d5e9a275680ae384244f4e3285989c3ee9d97c17b7f640b27c67898
451,44,44,0,work/submissions/best_46316.csv,453,c41ec3862b61a02174237f4b1646b3dd2cac4bdb4ffd7719acf95d7ae75b6c1b
452,47,47,0,work/submissions/best_46316.csv,454,243f21cf16e7c62acd9c535344285ca3d58e2836a1fda0da9f6c21dd6fb4ddbe
453,46,46,0,work/submissions/best_46316.csv,455,a2ea1adb0ae2bd5275d7f921b8cd8a1dac944f2288eecfa08a82425cedc2aed2
454,47,47,0,work/submissions/best_46316.csv,456,0ef701fa3c75cc5c68b9e2b91d94804033561fd7f9d3c327e641a508a1beb798
455,46,46,0,work/submissions/best_46316.csv,457,3e4e093eed62824b4b5b304b25cbcf19ed408f0aa567af345105a964988990d5
456,43,43,0,work/submissions/best_46316.csv,458,a654dcfd9825c49d6bdde0afea4cf40333e7bba27bb9dbf1b9dd53abe407aec0
457,46,46,0,work/submissions/best_46316.csv,459,65c5fd9a990e6e1bad8eba94657c5520b49ddcd69b2784948f92d91f894ccc9a
458,45,45,0,work/submissions/best_46316.csv,460,812473f167f396de5f6f4cfdda22803ec8a2665656814693abe958ac0f46f0c9
459,44,44,0,work/submissions/best_46316.csv,461,a2d77a4404780c74323e65666834f7d353a4faa93cafef1751b28aec0401adf4
460,47,47,0,work/submissions/best_46316.csv,462,85e45525095d94456b26c4929224b4ae1e67a2577a388095013a8ea7a08eeb9c
461,48,48,0,work/submissions/best_46316.csv,463,8207133f12d54681bdac9dbc4cb7f4dd7df22204feb707b349921ab448d27ea9
462,49,49,0,work/submissions/best_46316.csv,464,8de4d1e738b408ba63601412161cc93d74a0696800e1314c22c990c650280f47
463,46,46,0,work/submissions/best_46316.csv,465,02fd35338677312b138413a842dc9c470bf77c102799f6b74bb44445383eaa2b
464,45,45,0,work/submissions/best_46316.csv,466,e4f31f958c8d60ea80452dd59fd756a2a4376e6bd868670b67628a306ee0f9b2
465,46,46,0,work/submissions/best_46316.csv,467,c811dab661739c90f33195b82bfd6962bb7f3938b75d51fc58b3e4285f051831
466,47,47,0,work/submissions/best_46316.csv,468,fbd3916afa46f673ae380430a5c404e1ea112ba26e13d6ff20e15c514f514ae1
467,44,44,0,work/submissions/best_46316.csv,469,3cd496ba28bd38481bb5b6751879100fd2b6e80eb1f1c4bf2c21006113b9ea06
468,43,43,0,work/submissions/best_46316.csv,470,77d6ed2b9841e782a9d7cbd1e3f56ca8d7b6ab4a35898310a9dda54f7574905c
469,46,46,0,work/submissions/best_46316.csv,471,d12335fdb86fff04ea6f339e7ae7258bbcfa6148e50f56c766a87c7e746df3b1
470,45,45,0,work/submissions/best_46316.csv,472,3bcd0357175673ef4448ec39e25b16ea4778514fdb2bbb02463b8cf6022638e2
471,48,48,0,work/submissions/best_46316.csv,473,483f05f8201ef9ff96befcaaeb25925178be0f973158476b92cc6274a5f70f5d
472,45,45,0,work/submissions/best_46316.csv,474,93fda0b6de203669b3898c75c7e2d085e47f7ff968de65bfe1a10aaf30d63dbb
473,46,46,0,work/submissions/best_46316.csv,475,02113962d5313d42c57fc544058f81d48c492739f72381342fae7599d57fb065
474,43,43,0,work/submissions/best_46316.csv,476,ed6fd91ff0684eee6fc4c0eeb5e914e012227ad01f0537f6b4994c66ae59903b
475,44,44,0,work/submissions/best_46316.csv,477,ca5f941176cfaa4462c801480f24f0dd4b321d04c96c702cfb6b44cabc7ec8ab
476,45,45,0,work/submissions/best_46316.csv,478,e7da8d93f91fd8fde91cac946192704b8ad277ac830b7eac74cd926ad5f01899
477,48,48,0,work/submissions/best_46316.csv,479,a5ee74329f9ed24e908b70daa5b0205158cc486ebf5d13c825e3a3e86ce416c8
478,45,45,0,work/submissions/best_46316.csv,480,3c6883834eea907762d8c108365e219cb43582c5c741ea7bbb278094dee23388
479,46,46,0,work/submissions/best_46316.csv,481,fe20d3e73d8a1b882ef18ed99dad590a929dba73069bc5ab5481281113198aea
480,45,45,0,work/submissions/best_46316.csv,482,7eb091dde23b59f53209ea50a4dce5e0ab231be117643edcdc02e697cac3d776
481,48,48,0,work/submissions/best_46316.csv,483,1511ae417825724b524f4fcacbe95e69545563676e6bd4a0fc5c2e2b5ca4a21e
482,45,45,0,work/submissions/best_46316.csv,484,626fed37b6c4f998dd7d2f290d93025a0b079548370e97864672a09faddabddf
483,44,44,0,work/submissions/best_46316.csv,485,675a3169246af5c85e17e29bb5d2ea58474e645fdca536684d67ca57f0d9ad73
484,47,47,0,work/submissions/best_46316.csv,486,07ac3e29056613d543c43f75c4634f22ccc222b51d41660be890b2c961cdd3c5
485,46,46,0,work/submissions/best_46316.csv,487,7fdf4acc878f6bea2394ae1ded28f6b4d7b05b35f724a8d7b587700185425ace
486,41,41,0,work/submissions/best_46316.csv,488,9e3a48b1486554666d4d93ab011027bcc7efef8e49dd79d39c1fe579710f5d2e
487,44,44,0,work/submissions/best_46316.csv,489,c27f191ed5e10dbe9263c53b1db0b99e4e276c521425ca7eb159f6be0bc3c406
488,47,47,0,work/submissions/best_46316.csv,490,ee73f6dc1160f6d7ae767dbe6ab167a8707d5fe5486b0f5ce3dd293ad279d174
489,46,46,0,work/submissions/best_46316.csv,491,1c4b3e47daa90f4acf3107cc8e0475d3a1f2f9fbaf38a40b9c5f1e4c4a7b1f3e
490,45,45,0,work/submissions/best_46316.csv,492,b58c76ff8135066e265fc8a97d3baddbd2384a196805e0b2f57678aa53723b23
491,46,46,0,work/submissions/best_46316.csv,493,d108a37560dfb4f0451db0caf616abb575ab6d9009cc26344d609dc1d69f0530
492,45,45,0,work/submissions/best_46316.csv,494,150ed4daa377d9d2fb62a089528883e8aab1b2a63b4309c0b82625d2d7a363e5
493,46,46,0,work/submissions/best_46316.csv,495,370371d7ade95c823f84e523a382273b3e84368e99da7a1dc7a60108f722a84a
494,45,45,0,work/submissions/best_46316.csv,496,c2054affff92d850059aa81d2834372ba5b77c969ade39e532b024c0ad8e5f7f
495,40,40,0,work/submissions/best_46316.csv,497,99e9fcc9d42086f9b7489d5ce2ebc0868becf1a9716703076b2b61faaad4ab2e
496,47,47,0,work/submissions/best_46316.csv,498,7332c9ea5abb0dfea958d642bf2d77cc14e922a413fbc51858714fed66f1feae
497,46,46,0,work/submissions/best_46316.csv,499,eef5bd30ea3fb20cdde21bfa520b3477edd559cae71e6210f83793b3637add2d
498,47,47,0,work/submissions/best_46316.csv,500,c8bac3b23f3fb1492fb4f3644cfc3b017b0c2333ff540d701f3a387f41624231
499,46,46,0,work/submissions/best_46316.csv,501,29fcfb51fb3e14146c08fee89ac702bea3f15232862e6c6e01cc142a5a42a790
500,45,45,0,work/submissions/best_46316.csv,502,a37f2207d7e59fd8b9bc8c07ac746f225b175c7fe0ed78f8ae7de8c00f5451aa
501,46,46,0,work/submissions/best_46316.csv,503,e6cbbcf73927a3759e5080ff5542d9cf1717aaa4ca89e8cd3e968b7cc437bb47
502,45,45,0,work/submissions/best_46316.csv,504,a4edada5c54e31824680bca1b89d8eed50943b5375a8a184fc4488043a06b32a
503,46,46,0,work/submissions/best_46316.csv,505,3ddf523cbeebce8a25ef0dba5ac2f229fbb634cb825c615640d48ac6a870d0a7
504,45,45,0,work/submissions/best_46316.csv,506,831351133476b510e33ffbf97f148454a580245f21cdf8c379fe62840c71844e
505,46,46,0,work/submissions/best_46316.csv,507,fd26c253d08ff4892913d3b4d91da0605ba0a87e242ffa367e18987e70ac9228
506,45,45,0,work/submissions/best_46316.csv,508,62d9fd7cb0c6db1785f079a43f7a20adf858951b33a4e1d6b02be21b4d8c46fc
507,46,46,0,work/submissions/best_46316.csv,509,713d256418bd98a4e9f0c8c5f2df59a5f770f579323a8519a5467666e265aa61
508,43,43,0,work/submissions/best_46316.csv,510,bd7e09bd7acf74734bafda03778cd6c47b3d7fcaff2a1c2a190d8f4a70bd74fc
509,46,46,0,work/submissions/best_46316.csv,511,d20e1fccb4ac8d5c4fc332d698a47e11861440f4551139360411dd035a080d28
510,45,45,0,work/submissions/best_46316.csv,512,f7b6f10fcf10f1b36cafd90599b1e483c37fff627435e187dce85dccc86bf72b
511,46,46,0,work/submissions/best_46316.csv,513,d4369c9d68eca5d4ca93945cb2b0a1944521ddeafb813c1d38d7f34497288ef4
512,45,45,0,work/submissions/best_46316.csv,514,378a4ceccca3f7d553d9caf1721f490aaf17f8bf6abd9a452d7fc64e97e0bb5b
513,48,48,0,work/submissions/best_46316.csv,515,d4048943da241ab82c821d0f866074e8f9970c7b53f16fab789b71cbdf94b4bc
514,45,45,0,work/submissions/best_46316.csv,516,e5f690390fab3c17b0482d595de2065c28f29e20434186fb356eba6487b95f5d
515,46,46,0,work/submissions/best_46316.csv,517,77dd13817bb2d78404fdaba23c8ef1e1b46fa94b73cd22b90107b8cc42f877bb
516,43,43,0,work/submissions/best_46316.csv,518,6b08b074a17a74c243154a7494e467deca27489e2389491d6cd83bc391220e37
517,44,44,0,work/submissions/best_46316.csv,519,b35a6eac8b88a33fcd4967e933301225c3ebe1de6b74614f5e6131a9569611f0
518,45,45,0,work/submissions/best_46316.csv,520,0418be44168699e1395793b39ec98690acb531d301c9314932adc6d0b05b91ca
519,46,46,0,work/submissions/best_46316.csv,521,ac88e9c230d3cb63293102a6671c6b8af8ff5aafe956320ea66582e3d1e0d0cf
520,45,45,0,work/submissions/best_46316.csv,522,e703bfc49d8d1349cafe28261dc466d04ee4b8680d942eca57a9067ed0266cf7
521,46,46,0,work/submissions/best_46316.csv,523,f7bab2a9f9115de4c6fac554ae7984085e12d4cb36934f90f4ed95f460803959
522,45,45,0,work/submissions/best_46316.csv,524,734f6c95f38d5658d5c564cb175c2246793dbce0eb3d5ec130a51401f9e60d08
523,46,46,0,work/submissions/best_46316.csv,525,aae05a7c4fc65f0dadb926cd9b2949e055581bba8368cfbc67a4ebc639ac174a
524,45,45,0,work/submissions/best_46316.csv,526,23fe357b69fe06d26f1d1a4c0bc011643268362131ee219c22dba82b250c2a16
525,42,42,0,work/submissions/best_46316.csv,527,6ea6d04b2d8c872922ecb8f6622eed03381ab9cd461a602813ce28d6a687ac41
526,47,47,0,work/submissions/best_46316.csv,528,4ce277fc5734f7cdd069d377a9110a8280403b82ac510012dc7d4a52fa215674
527,46,46,0,work/submissions/best_46316.csv,529,d1ceb9affd02e95b115ed511fadffd57ee7702a794f9012ba1ef9e2f4db75e44
528,45,45,0,work/submissions/best_46316.csv,530,2fc5e3d289cd4d863af74e5ce9283bf1d38453b98f70c9110ab945da19cda7af
529,48,48,0,work/submissions/best_46316.csv,531,3054d4ad123abfb620b5378259b67d007b7dbc1513f7041dfde84b4a408b1224
530,45,45,0,work/submissions/best_46316.csv,532,69f819e34af0732e8fcc364ddacc3a36d8d738798d55391cf131b252894f5f64
531,46,46,0,work/submissions/best_46316.csv,533,51d46da0cf978ef53223cdfeaa4d3ca27d3cc7085092d5849f0305a44a710360
532,45,45,0,work/submissions/best_46316.csv,534,135c7eb8c1e071ac2dfc3068bdd2d0a6790b9344e3328a71a00f51da5532e090
533,46,46,0,work/submissions/best_46316.csv,535,18ad0f1367b5cca07ca606649e29e486490e1a5bae7d02a7a91197b73995e035
534,47,47,0,work/submissions/best_46316.csv,536,8711070c669a4c09ac62b6514b56cae0c866c24a92ae9cb4faa13cee07958677
535,44,44,0,work/submissions/best_46316.csv,537,1d48b5fa7690eb045339e298646979a6710b562d91e5f1751c15e4d0e0bcc830
536,45,45,0,work/submissions/best_46316.csv,538,be77742dbb447c65bfd72006d1484598db22a4478ecf9e8bb883a006ea3e1dab
537,44,44,0,work/submissions/best_46316.csv,539,a9ad1a157ed9d5117cb629664b67f5c1eb164b1e474cb91dd248a74eb6740d09
538,45,45,0,work/submissions/best_46316.csv,540,bf75a1d3ab77db0733b1745d2740412e2d67d769a64d90c306b448e8d1e5f159
539,48,48,0,work/submissions/best_46316.csv,541,3f6c3938a793043b8789ec2caea6eeb2f4765c0d4bbad5484ce4d2b5168fd747
540,43,43,0,work/submissions/best_46316.csv,542,1c9733f8a64c85e60476a788efc266eb17d157d08b722d0f2cfac12dd8008ed2
541,46,46,0,work/submissions/best_46316.csv,543,9fbe3122c5fe6cc09ee656062e9ba235138b50d5c4c85fa321e25112ae65f970
542,45,45,0,work/submissions/best_46316.csv,544,58caafd153fe75bcedb0246b39893f3aa418ae76a6ee5423344616f549f57deb
543,48,48,0,work/submissions/best_46316.csv,545,901274ee8e1d23685062c5da6987cac265ddec97a7d10ed8d43858109e5f25f2
544,45,45,0,work/submissions/best_46316.csv,546,35195340377470b6af09485cca4d34bd3767a871339ef684dac3b508f357bfcc
545,42,42,0,work/submissions/best_46316.csv,547,9b05f3f179484c1da720297eccd206436dd39b9fbb5c8f7cf34a9c39ee99f21c
546,45,45,0,work/submissions/best_46316.csv,548,f0400f136cb84636e9ed48f49a483a53b17f73caa23adff46044c0f6d39311db
547,46,46,0,work/submissions/best_46316.csv,549,85d7b1e45838b584cf8d99b56e69338c51ec3e725703a6df4e681b40d3f21e05
548,45,45,0,work/submissions/best_46316.csv,550,9ff6651718e10fc3b7b2b0a736ec254f36bf36b4a50b30a2daa3ed7b5d44fd19
549,46,46,0,work/submissions/best_46316.csv,551,e76589745faac149f3436c1bb3e636f696f22f27a598fc421288a731d5186b9d
550,45,45,0,work/submissions/best_46316.csv,552,e26f2cb1eecdd9c86c8cd386f00b5ad0a90c7659ede1d873cbd0077442449b66
551,46,46,0,work/submissions/best_46316.csv,553,ca9805b0544e540e3f8ae12cd3b32086014d6953518af93e54071ed76a8d96ca
552,45,45,0,work/submissions/best_46316.csv,554,258df5d956ff6b4041eadf332aaef008b6a0c101c8a79136ddd11b503e997b80
553,44,44,0,work/submissions/best_46316.csv,555,c62d121c098efd81e8445b263420a6c7f8c60e760662d9c66a6035259edc9d75
554,45,45,0,work/submissions/best_46316.csv,556,83a6a47ebbe0fb37dc5ec5c12beb15ec6d8c6d39683f7eb492cc9cfb471af191
555,44,44,0,work/submissions/best_46316.csv,557,c3b0d6cff6dfb5f9007854b497254fc4695b58a79591485d0d59e0d54666df67
556,45,45,0,work/submissions/best_46316.csv,558,7669161bd152092dcdd100d527173d6529b93361ebff3c7f73f72225914fa0ad
557,48,48,0,work/submissions/best_46316.csv,559,10ef08a1d4dd7a01fef0786d06765c9156df529a51cee844b70f680f0f08c14f
558,47,47,0,work/submissions/best_46316.csv,560,f049063fc99cf85314f4278220690aacb64959cda30e94b418dcd91e795fbc36
559,46,46,0,work/submissions/best_46316.csv,561,7194ad3a4f184a689455257770537aadd2d853ed330f613e109d0383441f440c
560,43,43,0,work/submissions/best_46316.csv,562,c48ef04c22ac7adfd3184c59bc10e69df4d95e56943b6d2417e1e64fe0f78d03
561,46,46,0,work/submissions/best_46316.csv,563,51a8eca8ff1f6291c64c96479f2b0667f12da6af53052fa853a3f4b5b49413e9
562,47,47,0,work/submissions/best_46316.csv,564,1ba8b39bb7e0ee0ab93954628aa5f1b604e54fabb611eec1da2468a14f96e1f6
563,46,46,0,work/submissions/best_46316.csv,565,e9692e63793efd522d627e762ed13a45a5a3d28f12de66218796581a4d1fcd5c
564,47,47,0,work/submissions/best_46316.csv,566,8627bf21ec4efc5715e2fda771db49ae42e8bd36e5914ef02e909947a3f54b56
565,44,44,0,work/submissions/best_46316.csv,567,7d7762ebbbda33c9fc95f9931d10591803809de643e9c2e18e8fc1c4e7a27491
566,45,45,0,work/submissions/best_46316.csv,568,2c85adb550ac87d2e7448a909738fed1f836b25844ddc3c5b6d887b69d31230a
567,44,44,0,work/submissions/best_46316.csv,569,666723f0499e9bc9797ddd6f8727f79f5b2de9cee0ffe749f45df1d1042b79e0
568,45,45,0,work/submissions/best_46316.csv,570,20d632ead9e2e95ef53604e22fd00d4f6e33455b7e92bf818f98966e30230d5e
569,42,42,0,work/submissions/best_46316.csv,571,e534148b32cbe168224793e65de5b2ef10acfd807f50d1e990a82a2c6015b375
570,43,43,0,work/submissions/best_46316.csv,572,3c865b542b8151186afc6919566305775ff05663adc30915da67d4c09f6e205f
571,46,46,0,work/submissions/best_46316.csv,573,1265ed5f52dc0ce528ac2372d76080cb87e472a74d1f2786d5d6a28af9a9c3ee
572,47,47,0,work/submissions/best_46316.csv,574,af065c0859fd7f86bb8ad63ffe21cbecb3550add66c10f69d9d92cc3a4a83e33
573,44,44,0,work/submissions/best_46316.csv,575,4611d0f64870e9fb8b4871807064da291dd15ba4d9e1f0dddcfb4a4cfe3d95a5
574,43,43,0,work/submissions/best_46316.csv,576,ff0d972357254840546525fc820f7f70db4ef8a00969e59d0a82083a76c260ae
575,46,46,0,work/submissions/best_46316.csv,577,961a54d35a8fcc9d6a3c315e9c4f7eef84765988d4efb4e76ce5614dcae086de
576,49,49,0,work/submissions/best_46316.csv,578,598fc2501c9c2946eece2db262b392d11f08147ebbe44f2ff08cb87c5edb6319
577,48,48,0,work/submissions/best_46316.csv,579,7fe49b6131e5ebf0a70be71cbd5d70f377a37ec254fee81bbc877fecf2b362ba
578,47,47,0,work/submissions/best_46316.csv,580,536b8122d76ea16c5025fd32eae26833fc57391307d0077ad83d04c49bd88f3a
579,44,44,0,work/submissions/best_46316.csv,581,39fd83a79ac657503257b85b6cd0d02617d722de7cce080dee07f1dd10fe55e5
580,45,45,0,work/submissions/best_46316.csv,582,a103b6444918c5c3bb98f5399a1b3e062461ddb8ca91b5bacacb02b77f1b4eda
581,46,46,0,work/submissions/best_46316.csv,583,1bc04685f7250616f0e751288a4c123a64a5bcd31e51db2103727470f764d77b
582,45,45,0,work/submissions/best_46316.csv,584,f19d95b475543c05ed0928e8e249d0caedc013f5ba8edba329d63348220e02e4
583,46,46,0,work/submissions/best_46316.csv,585,091aea22d7ad6d6b77c1aea825a900b07e296cfa364062ebd8aed01e0485eb8a
584,45,45,0,work/submissions/best_46316.csv,586,cee37adb062808bdf9543ce87ec20ce7b245c5fdd5b1a4cc4c21bc87b84dfa39
585,48,48,0,work/submissions/best_46316.csv,587,5ff2bda34d14b79337f4a2ab1f7373fe61cfb3972e2c5da018f82e490c02d494
586,45,45,0,work/submissions/best_46316.csv,588,facd93256d8f6e01c8cafd057403efbfba48483c53b08cb6ed6a8beaa215616d
587,44,44,0,work/submissions/best_46316.csv,589,5ef16e0174011066725de5d53cbdc4a496defe861ba64df737f0d147cb617e1e
588,45,45,0,work/submissions/best_46316.csv,590,feeefa96533e854cdc909020fc682f82dc368880d05863eb763e698c5235bed6
589,44,44,0,work/submissions/best_46316.csv,591,05b8915e629e563442616774fc7bf422f9ea68b5729d9a03845e880ce2a1df99
590,47,47,0,work/submissions/best_46316.csv,592,fd24a6a274fac4d4ae483f1ffcbf926f2b746c6e9d0e1b30450dcce4447a02a9
591,44,44,0,work/submissions/best_46316.csv,593,46ed75c59712c00fc17338d0bb7a89011aa6ef177701e4970230dd32b2a95d04
592,45,45,0,work/submissions/best_46316.csv,594,39cf7d13ea12d6303a99f6d60689e39f06177841a2a801651792fcd3378591f9
593,44,44,0,work/submissions/best_46316.csv,595,619587469434f9c23b22357bcc1be5875ba36233ef86aaabc31abf912b00f43f
594,47,47,0,work/submissions/best_46316.csv,596,89818e845802591db305b44bac97342e92e59ecd054d038a6787ef64222f90bb
595,44,44,0,work/submissions/best_46316.csv,597,8fee959cfaf70ba0563fcc90fd80b37c203d372aafe8f11853e6a66652cf0c65
596,47,47,0,work/submissions/best_46316.csv,598,dafee59d10cf9c06a149d89e1bb13fa7fa9ff159de8a3cd1da61919c0f626739
597,44,44,0,work/submissions/best_46316.csv,599,ff115e1cf4eb6e6b0ef58ff60cba9029e78505135b51b581d56e0f7c2350a51c
598,45,45,0,work/submissions/best_46316.csv,600,2965a5031b5990829effff7a799a1a9fc43f7f700c85df70a4470a28a1a16caf
599,48,48,0,work/submissions/best_46316.csv,601,d932c7c1da32ec9ece556197545b18ea6b550e373b0620b70604492a9f423f50
600,45,45,0,work/submissions/best_46316.csv,602,df8bcf41a35e221a7257a3c73f623ab3efcfab4eb7cc5216627a588b12de0531
601,42,42,0,work/submissions/best_46316.csv,603,d78f31f664b03f9c7a5bb0f560768b4a447463d2d0a2d06e0d7737ea587a6d62
602,47,47,0,work/submissions/best_46316.csv,604,9fbd780651048babec85a1dcd3da851ac02aeaf9d60abe3b9243b931a976dae9
603,46,46,0,work/submissions/best_46316.csv,605,8d37e79d60ee39418b3918aaf05f85e3852034d551a13bf6ef45f44633afb1b9
604,45,45,0,work/submissions/best_46316.csv,606,f9439c7f59b1e89bda165d5d501fe86510835e8fee48016216b988c50636b18d
605,44,44,0,work/submissions/best_46316.csv,607,37b5a5c795af87414052695d8133aabca113085b2eb910fe1901e861b96f4e93
606,47,47,0,work/submissions/best_46316.csv,608,615c1b5050cd68800ed896c0635a0a5a01cf6ba4adbeaea9e554c460b6fe05bc
607,46,46,0,work/submissions/best_46316.csv,609,1b7b569b97af91db0fd9ee9a2af28495e4486d033b3e6f5bbf8c2b4bed8f49a0
608,43,43,0,work/submissions/best_46316.csv,610,6c33bb49bb2aa7957185e621b57f14a611a80b896113e91e794f986591543006
609,46,46,0,work/submissions/best_46316.csv,611,7ce329da3b158ed7716f2c4d8d3e8777f686eca98c9f16157e659756b0de7438
610,45,45,0,work/submissions/best_46316.csv,612,954f1f05a6bb0ac392b5b05e43090c1ecdb00cfde2feefa0e4122e2405cc063d
611,40,40,0,work/submissions/best_46316.csv,613,5ff6b585a482974555afa26ed6c612601d1dd902dfa0eed2b04339a81f5fb1ff
612,43,43,0,work/submissions/best_46316.csv,614,566475df059a89dd25a5581e1be65ed5ee9305210e7f67c1f7c61c303399e451
613,46,46,0,work/submissions/best_46316.csv,615,2eef63de0c51a5a0425b4bbe095edd374603d470654759aa1a3984d308afbe4c
614,45,45,0,work/submissions/best_46316.csv,616,ac2f6e5f723818a0f7ed0dd191f370b6c2ef1b1018b5c954a1377db943bbc1d2
615,46,46,0,work/submissions/best_46316.csv,617,b4129bd35cf5d3b13208fcf4d15c9032beb9c7b37ddeeb4d2240f5e616f9a044
616,49,49,0,work/submissions/best_46316.csv,618,3390a5ddc2f9e115cf90950c3d08417e7a1312bbab926197965f107ae45e47d9
617,44,44,0,work/submissions/best_46316.csv,619,5c800c9cbed47f0f0d96271b25d039cf7dea430b076b50fd61b0f7f205aaf67a
618,45,45,0,work/submissions/best_46316.csv,620,e903d8279abc6d23cefa9c905ad7312aa6afa1f560c16d4c17d8e786f2fd5640
619,48,48,0,work/submissions/best_46316.csv,621,d42f3d0f0994d0cdd532ede52564b0801d08f43e2e3165ad4d3c864fadf0dfbb
620,47,47,0,work/submissions/best_46316.csv,622,dd6196a57e20d210ba8c6db4c717593983f8d49bd5446229256ef94481d039f2
621,46,46,0,work/submissions/best_46316.csv,623,61e386c07f10ce7810bf7e1e02eeadae5a67f02c168bf90f4e24fd3765d8b085
622,45,45,0,work/submissions/best_46316.csv,624,b9a678adc028d17190455fbb80c1922ac86b5c083cc9cb957123a691ddb77431
623,44,44,0,work/submissions/best_46316.csv,625,550a8154fbb6f4bac44dabad9fee95624c27823f8e3b03122bd3e63e2fe0c2b7
624,47,47,0,work/submissions/best_46316.csv,626,1dba1230b00e4164712b568d31fdb30f465e6a09d1adb68ce772007cdc8a0ae1
625,46,46,0,work/submissions/best_46316.csv,627,24130386f254462b829afa7de0759b9260d5fb72f357e00e68c061d202f8b6f4
626,45,45,0,work/submissions/best_46316.csv,628,e7a2b0d85867333b100cc89fc5fb5aa581fdbaade65fea9924c763ff6125c4b7
627,46,46,0,work/submissions/best_46316.csv,629,e1f0b1165482c99b53f26a14e6af270ceb5fd0c2079d4f3e512132824793cd50
628,45,45,0,work/submissions/best_46316.csv,630,9ffee2dec703bc399f3df170c8e7214283af45f74bb1ed7fa67e6a073d7a1171
629,46,46,0,work/submissions/best_46316.csv,631,c5fbd63dafad9a1ac388f804a3d4a413da0fd15dbf73b9213d39c1fcde052045
630,47,47,0,work/submissions/best_46316.csv,632,9542626a4ffc281a85c529cd7096ed91adb1fce944fb19c9dd65d496c21c6a4f
631,48,48,0,work/submissions/best_46316.csv,633,5453b97ab3e9369c3c7d9bfcfb4a74fa7c413e09564ff0d5f8ba8412f44e8aa0
632,45,45,0,work/submissions/best_46316.csv,634,ee9102113b7114efdcb352c2e003968ebeab5cb240f6e484d0a9b4bcd77ee982
633,46,46,0,work/submissions/best_46316.csv,635,2ec4e448ab729e800cdfaa1d92004dc92c363041391df055b7f5f5c0a33ddcae
634,45,45,0,work/submissions/best_46316.csv,636,e3986058f2a90ca0bbe12cbebde56e88db4e8ad00625b3a06c7efe596b96e030
635,44,44,0,work/submissions/best_46316.csv,637,1d7c9d70e6929cdb49e82f25628a840e4d55b4654c2676ae0b041e3548ae8d90
636,41,41,0,work/submissions/best_46316.csv,638,52983b1be593ec3512566ab3a54d555bbb41d2517f46f53043e7def281385da4
637,46,46,0,work/submissions/best_46316.csv,639,67aa654eda9314eb2ba93213caec906557a4607b3653249c118224410544ff23
638,45,45,0,work/submissions/best_46316.csv,640,d2c975fa9e907f160e9df5936b92c7ca9f4efda46d8041bb540ecd71a11fc309
639,46,46,0,work/submissions/best_46316.csv,641,519cff654a94f1842dc826af9a6d20bfc054a1b5aaf89eb803b3f487e3a866aa
640,47,47,0,work/submissions/best_46316.csv,642,a50e22128a34e9a2add1dd0a381da6b183e6b33ba864c5312a8104ffcc98dc8b
641,46,46,0,work/submissions/best_46316.csv,643,202646a16323ad3354d32c2ed444e2a78e5a97b9188f53690de5a341cbc13ae7
642,47,47,0,work/submissions/best_46316.csv,644,35cc3d3cdd1ff73ae0df728e4d6fb74780c953f245fc77c4bfc13637d9b8e8ef
643,44,44,0,work/submissions/best_46316.csv,645,1a4e8af8032c60d9a5a4fc8956617c45e1bdeb50f3b56b6a76ce60ded78cbe64
644,45,45,0,work/submissions/best_46316.csv,646,d01e7d9f912878cab05602800c962951b79da7ddec20749aa03e2373bc4e5de6
645,46,46,0,work/submissions/best_46316.csv,647,338ecfd966e16c94132ac552a2e85484268f81f50dc1b996b25b08ea677e8797
646,45,45,0,work/submissions/best_46316.csv,648,dad21a3ec43bcf8527f3575e26008c0ee44a68dc5e6bf8bc7c2e0dce037ebbec
647,46,46,0,work/submissions/best_46316.csv,649,ea993c249b8329734e44b823b19b6df91733adb804e72a8a22cfca30c1add137
648,45,45,0,work/submissions/best_46316.csv,650,b8658bd3815f31563eae1da6737a3ad1397935c47e59341811940b9bcca1d864
649,44,44,0,work/submissions/best_46316.csv,651,4189e27c624d45b0437dab06fe2c2fa44932de879698e710e6940d971b19c9d2
650,45,45,0,work/submissions/best_46316.csv,652,a7c603a30ddbb91d83d3f6bd54008a0c20c910698356e268da7f460e6508b527
651,42,42,0,work/submissions/best_46316.csv,653,ac890a6457e0f7b51d81fb1f517127d77b27c08b1ce95da208851843f71941e3
652,45,45,0,work/submissions/best_46316.csv,654,95e782838b0038caa7dd76f7add2ecbd0bfba66ce5569122905191d2ba2fedee
653,46,46,0,work/submissions/best_46316.csv,655,e30b6873f61ee46c138fe08f298f7e45eaa7b151fd7e24f56b6e05976f0e2dc4
654,45,45,0,work/submissions/best_46316.csv,656,0e54afb6b44799da0f048e8dc3031ea3c15e56764e62b7a1b02c9c5fabd52e17
655,46,46,0,work/submissions/best_46316.csv,657,9a19ba234e52cbb34613957c3db313b2a792ac35f37cccfc8f59f1add175a11e
656,45,45,0,work/submissions/best_46316.csv,658,de3a117a5eaba53042b0d13f8653a1cc498e56ecc4162046522136f580115e2a
657,44,44,0,work/submissions/best_46316.csv,659,e001f053298211db613bdc3371d3f8f5e3338740c4d5cd7a1b7b7fb79d579788
658,45,45,0,work/submissions/best_46316.csv,660,70d13c451205618095cdb4d043a0e13ad6ad0e04844c106237939f58be64d31c
659,46,46,0,work/submissions/best_46316.csv,661,ea9fb706c76b77316eb7ec33a2c96e0a1a00e1140504f92b9b874e4daa86e070
660,45,45,0,work/submissions/best_46316.csv,662,fd8c070e5072e35cd89cf110037e1493d209455feac8f7360e2f002b492b90dc
661,46,46,0,work/submissions/best_46316.csv,663,c09e95791b9507d5decf278c4f298bf25917c78b4d171e041b1e69f72d055d34
662,43,43,0,work/submissions/best_46316.csv,664,f62741f03517b2a481509a39dc2ff26eeee4fd484e38e87cfe716e3d0ababb82
663,46,46,0,work/submissions/best_46316.csv,665,1ca6d02771a1ccea8cee586c29f92d4cd449b28e7bd7f05d9e2c74078a94ab27
664,47,47,0,work/submissions/best_46316.csv,666,cb9cf576672874e187d36590dc54cab572d703ff9edde4eafd7b73baa87d39ca
665,46,46,0,work/submissions/best_46316.csv,667,e8c6751d1d1a26a7b04b6a63d23211c4ba026f5a8361687a1806eabc1df801d0
666,45,45,0,work/submissions/best_46316.csv,668,10dac24ef52a1b3cf22d758bdacadb6edcc2f95ad50b6b5d2e23b21b2bd250c4
667,44,44,0,work/submissions/best_46316.csv,669,0d587bf1ff267697c025a7a5e019123ff30599960a37239232c35808dba6eac4
668,49,49,0,work/submissions/best_46316.csv,670,80e079744fc8c8defe4ffe5d350658e22431deac614fa1c7ed4fe4c1c9d05d1d
669,46,46,0,work/submissions/best_46316.csv,671,f8a188f8a52a8aeeab5814fedbab5bd3a5d9b532185af4293807c20ae0926fcc
670,45,45,0,work/submissions/best_46316.csv,672,70909524bc7996386f6b5b1a10d16866bdd92296a12ddeb11c9b8f07447ba90b
671,44,44,0,work/submissions/best_46316.csv,673,955b70f75bdf51d5316f50a5ec7660eb0dd185d9a4876d8432d5b91b569a9092
672,43,43,0,work/submissions/best_46316.csv,674,eca1fe4cdd295f059e7b5a6b117c7a182cb7f6e22ef4e30a8bf6128bfa55c35f
673,46,46,0,work/submissions/best_46316.csv,675,5c285c5399bace704e568d67f780901165c464211caf07e1d46debf89546808c
674,45,45,0,work/submissions/best_46316.csv,676,e8dfcd9a931adcc2178f3d5c603661642962f936e2fa24ff883f25eb2c7fe5e1
675,46,46,0,work/submissions/best_46316.csv,677,62afb72858e1f322fc446dd1ccfa1aaa353843f1a4c1620b2d837405a146cd64
676,45,45,0,work/submissions/best_46316.csv,678,6b3071bbc128f05482828a460c6dda831805a6540c9e5b4bc6cd3c6f673656b8
677,46,46,0,work/submissions/best_46316.csv,679,3bab4499ad230c5807626c756627ab380eb17c892357c7a608265f92dab93288
678,45,45,0,work/submissions/best_46316.csv,680,f16f46fbffd0a29e005760f6105d4b4b94d6b37ba6f162ede9237f3eb02a581f
679,46,46,0,work/submissions/best_46316.csv,681,ef7c1d229fe2673a9d8eaac083a5e260a0ab96c7676619975df8c1e70a2f67c4
680,47,47,0,work/submissions/best_46316.csv,682,82b2044e135a7cc626cf12db9ef4cd2c4800ade177cdbf162cea9349ac32a45e
681,44,44,0,work/submissions/best_46316.csv,683,e4234d37a7f1931c2bed80e899b9ec4b13f08f7f7dbd85778dd1fa913cc6905a
682,45,45,0,work/submissions/best_46316.csv,684,bd1975e6a3a28c86aa9859c5e3084bbaf5ae9d6301572f4d532e8666f57d9a65
683,48,48,0,work/submissions/best_46316.csv,685,235956f1a7db51e6e262a5069e87d0c6765a82c3f756429150c7ef972b9c2cbd
684,45,45,0,work/submissions/best_46316.csv,686,698f8c7b37afec228bed995ea43fe0abc2f609906adefc8ae5074050df0086be
685,46,46,0,work/submissions/best_46316.csv,687,43981073a170231874d42561a8e4485e242dd1c9c2f17879c36eed9dfae76a64
686,47,47,0,work/submissions/best_46316.csv,688,a2052008d0555ecc365ea67b1ff5d9c9b95d435ae72294dc610107ffa2e912c9
687,46,46,0,work/submissions/best_46316.csv,689,be7b01f76fb28714d9e20256a384242ba1bd0d1aa4b5aaa9b81cb3f940240c1d
688,45,45,0,work/submissions/best_46316.csv,690,6386f5721110a34b3d0813bce89d6f23c4cee65982456253504754a668a7304c
689,46,46,0,work/submissions/best_46316.csv,691,ceb59e6baaf5392e8fb554dd3022f7fc6969c8f3fad7dce89377ab4fb17fc9a2
690,45,45,0,work/submissions/best_46316.csv,692,885e1586a0c1188dc40fc43d4c7be794bef654acd1c13ad6080b79b1718fd337
691,46,46,0,work/submissions/best_46316.csv,693,63c8f4523db5ac05adfd06495929a73465f54fdc67654877dfb88f2a0fad6b2f
692,47,47,0,work/submissions/best_46316.csv,694,5d6a766bc38a116185a1e528dfbcec32d45c719d490915132d681beda49a2573
693,46,46,0,work/submissions/best_46316.csv,695,494e7866bd99f3554a8eedab59e978f1202c8087eaa843b3c5092c7fea1ab217
694,45,45,0,work/submissions/best_46316.csv,696,a7f7d07576ae8fe15c1cc7d78d0ca2c60a4ed7afccd5587078be2a89b1332cf5
695,44,44,0,work/submissions/best_46316.csv,697,451861864c0570f9fedd570339452d170ecab5b22c7fd6fb9e5a7ede1977c820
696,47,47,0,work/submissions/best_46316.csv,698,8edbedd083e9fb3fc8edc80b950b533e9b68fc397165f6a092d32cbe8fa079eb
697,46,46,0,work/submissions/best_46316.csv,699,81f1e9c96e1893de094a96a726dae6950c949cc6f41ee22ac5eebeeab72abe65
698,47,47,0,work/submissions/best_46316.csv,700,60d6315867f92535249bfa8268e138365e6318baf263af8c51c5bd9c3df80b9e
699,46,46,0,work/submissions/best_46316.csv,701,d96771cbb4cbd3b4d8177fc7426b049bc01cb29330419eb000a8c15d870e64b8
700,45,45,0,work/submissions/best_46316.csv,702,2b07005bc4a12897b804621e9774dc771ff43fc3140f4ecba101fc8bc989a0f8
701,44,44,0,work/submissions/best_46316.csv,703,e8e36be27dc7128efa153a7ca89182a3fc3b32f19e9e069997fba729844de957
702,47,47,0,work/submissions/best_46316.csv,704,ec35085136a037419b60d656ddac35f4f82da061d8e79f443f3d177887eec152
703,44,44,0,work/submissions/best_46316.csv,705,d107288c524cf06b9915701057cfe535a0af3af857811a25e321b747e8992d0a
704,45,45,0,work/submissions/best_46316.csv,706,738ad0b2b581d027879c5682e3edb5234256486d5c7bf17d8b7ba8bb05db4a21
705,44,44,0,work/submissions/best_46316.csv,707,e795564e0b2b2d9c01ad8c98122492a7b25cc234f0b35b44bdccd03c779ee357
706,41,41,0,work/submissions/best_46316.csv,708,3948093ecaf72005d9fb18d3648d485a49d9b1e4f58fb8e88e30dc34fb8dbbf8
707,46,46,0,work/submissions/best_46316.csv,709,2696467c1820a78920169e1b6ee7283f1f507eefa5e49256477ce1692893ccdf
708,47,47,0,work/submissions/best_46316.csv,710,98a56bbfe42aeb3d5df63aaae2c83157900c76a385779a2b03b6e2a8a1fad27f
709,46,46,0,work/submissions/best_46316.csv,711,ef5bbf43e26dc007249d1374db05425c341be0d98ad37d11b0f12536be55b9cf
710,47,47,0,work/submissions/best_46316.csv,712,e36d697219b2adf022fd25669c51d708aa89debccc2541c5d95be52f7a78ae17
711,46,46,0,work/submissions/best_46316.csv,713,7cfcb2c3ed228ecc54e4661d8b39aae0731ea41ed6206a868d1a537d1b4e4645
712,45,45,0,work/submissions/best_46316.csv,714,b9749e4f7d02c9a7bd3bb6d11f7afe6e0234c4d8b85ac7e810d835db1906575a
713,46,46,0,work/submissions/best_46316.csv,715,5a294db5e82648fdacbdd3b393afd5ec101496d05c47a29edd69dd4136eca859
714,45,45,0,work/submissions/best_46316.csv,716,6a7935d32e847d4f74332c2717b7532112c6db82925a03af232decfb1ade6284
715,44,44,0,work/submissions/best_46316.csv,717,4315881276172ec4be09f5a2ab71ede9a26046636669104c15756a916a333a85
716,45,45,0,work/submissions/best_46316.csv,718,49756a353858ba87190adc24237fabfc56b76cc1d581b131ad7ad0af1f78e979
717,46,46,0,work/submissions/best_46316.csv,719,afcccfa2fe3f264eb362376239fb2b4f484c8f11708ffcf1c04b5ea9b328db81
718,47,47,0,work/submissions/best_46316.csv,720,ee9fbb32f8e27f3b5e72e4cc7d88f200e6a4168003c206458e8206550b948af6
719,46,46,0,work/submissions/best_46316.csv,721,b8b5639970c00bbe0b3892a1fe3d7c7d39cec0059059c548040c958b7144c69f
720,47,47,0,work/submissions/best_46316.csv,722,f10cc776b1296bce4e7c6068464222178695ab8a64134486a4613f3d6dc613fd
721,46,46,0,work/submissions/best_46316.csv,723,de9f028a9759fd3cd42b7e05250653d0a3c439f34e26e752296a84ba239b81bc
722,45,45,0,work/submissions/best_46316.csv,724,3b16b51ff9a0b651f11973e5fd5b20d1b3f3358a1aae6a041662885124a1b87c
723,46,46,0,work/submissions/best_46316.csv,725,3af52929858758195e07d05d2c37cffe605d693bdbc794ac77c0964af6884cdb
724,43,43,0,work/submissions/best_46316.csv,726,20fd291928383442543c652536fc8f67ae6e69b2d8d7b326c7acc394b644d6e0
725,46,46,0,work/submissions/best_46316.csv,727,18fbf73c1f1e1049c0eef7e6b86a2e33d5d0fa4f26476ab6c95de00203cd5820
726,45,45,0,work/submissions/best_46316.csv,728,a7553e847038b8c7e79fda862882a9b51984db61549cc1d5ba2fa8d445d249da
727,46,46,0,work/submissions/best_46316.csv,729,5de5180e6fe59ba623fbf2594d3e11af80c9bb9b3e235152f92ccf72c909ab1f
728,45,45,0,work/submissions/best_46316.csv,730,9e27ad0458f44178deba6f98cf47b2e4b165a3abe0b13b4ff1c89d061f0eeeef
729,46,46,0,work/submissions/best_46316.csv,731,414882af09f66d32c58c2c31140da8e1b25feea9b30eca55e3b5d84708db41f5
730,45,45,0,work/submissions/best_46316.csv,732,01b710e8f4379e574e436622ddbe1c857f11ca585566c1137a83c8b078869d4d
731,44,44,0,work/submissions/best_46316.csv,733,7d84662e2f4136cc95500d9c4327333a6c12b66be3469dc3a283c9b536f996f1
732,45,45,0,work/submissions/best_46316.csv,734,0d65ff2e126fbdbec9d312ee8ef3362d2c4139c56d58ca40b0fa2b32d827f974
733,46,46,0,work/submissions/best_46316.csv,735,c81aec9f5e5cc61ecd5b5a5af402514b228762643f748c91861f9d3b8ca59e7f
734,49,49,0,work/submissions/best_46316.csv,736,4fbac7e9a8a2d8921f3ff2470b3f104a0e7b54e9fce62a07b81ff2e601e29d50
735,46,46,0,work/submissions/best_46316.csv,737,aa699fee4ca66fcad1bb50b43c3daa6fec32411ea5bd1020c114a8cfaa75b497
736,45,45,0,work/submissions/best_46316.csv,738,ac4ab868b9666c2d67a82d6e6b00756a61cb7c874e444a9fb82b177201be0491
737,46,46,0,work/submissions/best_46316.csv,739,5abcc58f49f31be2a749a25a20afaf32cdd6464f8869b70801f70542fd4d73b9
738,45,45,0,work/submissions/best_46316.csv,740,e4d1081a8a15e157447a47f9d6a81e5601dac31db19111194f9fc3858686bc9a
739,44,44,0,work/submissions/best_46316.csv,741,3df19968a50d4f09e2a0adb505137fbd6d3aad34937353b5095ea43846079e5c
740,45,45,0,work/submissions/best_46316.csv,742,22cb7b4c8c042aa6896ca86841d038e83ea767b0e4f50ddf785ca3c512007cb9
741,46,46,0,work/submissions/best_46316.csv,743,bd7c58c8b2ec10c25397775cba567c3772c23e552ad0db87b44a4063d5c3ed55
742,47,47,0,work/submissions/best_46316.csv,744,fd39c0e8d57cfa69862fa09ffb37a5036c4da7c24cee6e33f4f7b9d112f525a9
743,44,44,0,work/submissions/best_46316.csv,745,15cfe3fe482e45f4a012cf5a41ccae0d8ad48021f739980a5964cf1e3506466f
744,43,43,0,work/submissions/best_46316.csv,746,5862cb3ecc82731b53bc187e2b89229b40c47b0dcba1941d2d351a8458de180f
745,46,46,0,work/submissions/best_46316.csv,747,b20f18f1eb42b23334535e2287f8e21d5eb7ae0b73b053bea8977bfe3a274af7
746,45,45,0,work/submissions/best_46316.csv,748,496f428835ce694b8f4f8687cc070a34372f76a56e2a686df1b8fa693d8be891
747,46,46,0,work/submissions/best_46316.csv,749,4b2540129be0407980521e6ce40e7ad57cea1d7ece30e56b1ae830b1646b0029
748,45,45,0,work/submissions/best_46316.csv,750,57a94c3cf1917d4d961fc7a4a5cec8c808c404f750f496df8796e454627f7480
749,40,40,0,work/submissions/best_46316.csv,751,a2e2b0756c0017689f64deeb1536c0e5d036e46824379d720a05271368094799
750,47,47,0,work/submissions/best_46316.csv,752,8af2a9c5958a80dad6c980be4ea5e47070a3eb171c0c26a7c99fd920fff843b6
751,46,46,0,work/submissions/best_46316.csv,753,bfeddb8d549d57ebb2f1a7e4bc8b55480264af152c3e767d27076ae796cac81e
752,47,47,0,work/submissions/best_46316.csv,754,b81b34585b9317989a8317f7a19bdf06e8888e67b1e2010fabbc9e0662748935
753,46,46,0,work/submissions/best_46316.csv,755,74287f504eb7f9127278d38c7dfdb0b2251de169b8ca25c66fc7318d212452e3
754,45,45,0,work/submissions/best_46316.csv,756,5f28c48beffe5525fd05dd33bec38779c02148602e3627202bf04827df5f8d30
755,46,46,0,work/submissions/best_46316.csv,757,26071b25e731869d5851498d773cf4a74e55e8bcb5bf2bebef0698fb655784de
756,47,47,0,work/submissions/best_46316.csv,758,a2d044cfb35700e2c90ef2c35572b1abe25db4efea5f15b148803b3ea101e660
757,46,46,0,work/submissions/best_46316.csv,759,d0a8e79afdefce8e18346438e76a9bb87914839d357d7713104ca8eaf94c95b4
758,45,45,0,work/submissions/best_46316.csv,760,ba1f555e7ec788fa81830b2ed52e3caef251677c340734c9fa2ecb9bb921458a
759,44,44,0,work/submissions/best_46316.csv,761,a6198595a1decbfb66c1f1b38109d81940329413ae9e5171e3230904a115a2bf
760,45,45,0,work/submissions/best_46316.csv,762,ed7cff14b9d96a6a5d79f557ad71ccea54c4ab27610ad6c0cad45bd9377000f8
761,46,46,0,work/submissions/best_46316.csv,763,151652bd4e8e4c4f577c22c2b02f4b957e4578701c45da6165746a3f2df92244
762,45,45,0,work/submissions/best_46316.csv,764,404900f722cba936ca78680927a70a0ae3e58a5291b76ac2e864449c09288ded
763,46,46,0,work/submissions/best_46316.csv,765,a9cba59b0b9023eee1d91cf08ff054b9260b2845eb7490c264c412f3340a2ae2
764,47,47,0,work/submissions/best_46316.csv,766,d68f812094739aa2052ea088cda81adb18ed51668a5ee8e376dd6265e3081b65
765,44,44,0,work/submissions/best_46316.csv,767,d421d5b8b579827229f8d7d23299e2eb0a548f402ffaef7bdaa57b717bb97264
766,47,47,0,work/submissions/best_46316.csv,768,ff1a294d1dd83e3e89660895a45559d87f35b2589b394ec6baa9106c783a915b
767,46,46,0,work/submissions/best_46316.csv,769,c98f4f14b6f865935cb6aeb495ef54b3039ef534bdbd11ffe3298e115560388a
768,45,45,0,work/submissions/best_46316.csv,770,0ae3a2926488f86d0d9e9bde0d31783c741cb8abfafba5a5a045493784cc6018
769,44,44,0,work/submissions/best_46316.csv,771,23d7e7a7c3664b600ac356f47e57537027f6e7e88fe41446470a43f69234d976
770,45,45,0,work/submissions/best_46316.csv,772,0ff016376bbd6b64808c4b784c4e60a802bde103cf8e077971a88f93d15dc231
771,42,42,0,work/submissions/best_46316.csv,773,f7306c1655c0ffd6e30a1ae4b18f00c67cb43415b7267bbe136cf1147e39905e
772,47,47,0,work/submissions/best_46316.csv,774,c544fd6edbf670bbf08b6bcea30f18f43b09c25a899eb71c59295974c88a2bc8
773,46,46,0,work/submissions/best_46316.csv,775,fc54aef59c3d95414a98dabaf437f837532a27a4d3cf0b9bada07a10cd7bd7cb
774,45,45,0,work/submissions/best_46316.csv,776,32b5955a05e78d522a935b7ed08a65da02c6f6e0b0354d06cd317dd55ffe4b96
775,46,46,0,work/submissions/best_46316.csv,777,b7f43bcf9184cac26e643d3825bdd05c3ed8ebc89deba597e350ae2f329e21af
776,47,47,0,work/submissions/best_46316.csv,778,37f1ed61e5b28b1d2e48cb531f407665109f57ca91b3c6a9c2d905c897c5ca1e
777,46,46,0,work/submissions/best_46316.csv,779,880b26dfe427e300a7a996f6338d918ac9ab9ad9f06f7dadf2e201a342337eb3
778,47,47,0,work/submissions/best_46316.csv,780,9020a3cfec32c0c7107f18019b5119271092dabb3920a5e58c29a253e0726b82
779,44,44,0,work/submissions/best_46316.csv,781,845bc2219de6ce91c068b2ecbeb303af5e47cf532d2e6911f0aa644076964154
780,45,45,0,work/submissions/best_46316.csv,782,97802afdd93781f672dbb7fec5590072304726ed9243cbcda38e07a4733991e8
781,44,44,0,work/submissions/best_46316.csv,783,ed2e41b32b17d8b75db48dc1bcd87fec12aa5d4225a629e21291a7d51b7b12b1
782,47,47,0,work/submissions/best_46316.csv,784,ecfbf2c3a9d0fba7bb0aee93500804154ed171f4b57bf6613b60b6fb16c9d6f5
783,46,46,0,work/submissions/best_46316.csv,785,eaa7bf85e8058d155d5895ca83a50364068f082991dd815c8f19a9b4ace38b4c
784,47,47,0,work/submissions/best_46316.csv,786,c1dda1b4337d1b042a46e858c7940bfb191def495eaf0d4e2bad48b7a06b2ae2
785,44,44,0,work/submissions/best_46316.csv,787,c866d366c452217f01f830f3613a4e64e1cf2ea86428581310a15e1397d3249e
786,45,45,0,work/submissions/best_46316.csv,788,1ef61f1302ca711365b42ffb3edb1e29c4d2a14a5e9494ba83645c563a96f362
787,44,44,0,work/submissions/best_46316.csv,789,2669a1404eefd30b6aa45bd7276020fc4c9abf3ddc9f43dcba32b4d48f502979
788,47,47,0,work/submissions/best_46316.csv,790,212b7b8ef15462a9f0f5391a827b8433b0d5f994a8e3be3bf992d742a04d40a1
789,46,46,0,work/submissions/best_46316.csv,791,e2cfd99c3e81c96b2e03881c5bdd49c38df13939a6ee4e83cb999f4ea16824a5
790,45,45,0,work/submissions/best_46316.csv,792,51c2ee12d7f2a89044f6953cacc945b0b8347fe97af47a946b5e025ff8d4a705
791,44,44,0,work/submissions/best_46316.csv,793,25b58f19620c5d8f0637eee1dba837c84f593b19a74e6d59232f13be324ef3ef
792,45,45,0,work/submissions/best_46316.csv,794,0c1f5b95b86f7365096d6e51aec89e140af4c4e1a027e2d5fb0081f8b4c2e356
793,44,44,0,work/submissions/best_46316.csv,795,7361afe8e8a58204a19e51184df54b42cb4cb96ecc5d04768f8e75b08d38a47e
794,45,45,0,work/submissions/best_46316.csv,796,633962d79a6f3a9d3eee43422678f7e3f8af4fa4716819fb3c5d36fb2e50ea56
795,44,44,0,work/submissions/best_46316.csv,797,adf24167d00bdc3243dcbd1b9b4b5d9acc3d4f6abfd3d98298a16dced79d9d82
796,45,45,0,work/submissions/best_46316.csv,798,4813ba94a34d50a5c57385a2d5b57d30e03e35585a9015f9e39bc0d4d985f244
797,44,44,0,work/submissions/best_46316.csv,799,cce1aa3a5981fc85ff8b2759b665b94eddee946a656240ff426c9b6f83125315
798,47,47,0,work/submissions/best_46316.csv,800,d7d2831921be7b77488e48aa14ecf928a204b25b2531c3fecfcc257cb81ff8f9
799,46,46,0,work/submissions/best_46316.csv,801,ad6b2777a996db040362818669658ca7e310ae942dccbaaa86f4ad9badb89601
800,43,43,0,work/submissions/best_46316.csv,802,8e71a05148f108851218fdeb081287520e70829b4c7250b15fc1244f6dce35eb
801,46,46,0,work/submissions/best_46316.csv,803,a30e4fd6cbfdd24ecafb5620a5dc013f959cd2d3f26bb0f6831aed8b7f42d0a4
802,45,45,0,work/submissions/best_46316.csv,804,34e7ce8cae86e8a683762be4ee73fc96f35f039eee0ebaefe3697b4b49b965bf
803,46,46,0,work/submissions/best_46316.csv,805,1db8525fe49cca1b85926d8c283048f08adcfd9fd7c6b90df649e02fba40c9f0
804,45,45,0,work/submissions/best_46316.csv,806,ed5249027663c1da9ed483471d0589d3c51f4d25a4755d93cd9579b7ce47442a
805,48,48,0,work/submissions/best_46316.csv,807,ca42c44955ffebea3319e3522b7867e970848fbacb0c5c5d44b74e82e40cce6b
806,45,45,0,work/submissions/best_46316.csv,808,79bec0b257524c8787e8534072e10acc0dd0a5f4c6248398a206e27af47b24c1
807,46,46,0,work/submissions/best_46316.csv,809,e35a9f3132cbce46c5a0309e955faafd3680c4be6bc77bc3e72a78f35f1cdf03
808,47,47,0,work/submissions/best_46316.csv,810,d8d76992de02d65413ecc4a4d85ffa18e7f07fbec8f4d03b5c1414da66f36619
809,44,44,0,work/submissions/best_46316.csv,811,f3de143c92e9a0684798775bc3fc7d9e3d15a02e993cb6912fcf61d876c581d0
810,45,45,0,work/submissions/best_46316.csv,812,70ce2ec54aabe0d04f8f4ff09a553e90a2e49fc8839e5d5cd15675167a0921da
811,44,44,0,work/submissions/best_46316.csv,813,00ba752fe28cbd90f5e0d10f834dc162b227fc49fc04136487440ad19c111880
812,45,45,0,work/submissions/best_46316.csv,814,fafc217b5ba479ea05f8e9636b2f3e1b8fa74bdb6ad1b47114bf5a9c1ff9ea7b
813,46,46,0,work/submissions/best_46316.csv,815,a78df45899366cfc961f44a4444cbae13d77a0b742ba1e57cf61f678d0fbba0f
814,43,43,0,work/submissions/best_46316.csv,816,e933b70d16de63f2abf01f5ef97fccd5cd31002fbbf477714ab5023108693fc8
815,44,44,0,work/submissions/best_46316.csv,817,9bda9199714645e7df17b10590ad901f9e9bfd4078ab09cdd58845868bb0603b
816,45,45,0,work/submissions/best_46316.csv,818,2a32c83b16bff72632531c0293f02e651d28d4646489ab6b541255afb7c737e9
817,46,46,0,work/submissions/best_46316.csv,819,0ecf0475179691a9a511ff16830d7e4dea3f6d9c3480ecf225f23fef653d7096
818,45,45,0,work/submissions/best_46316.csv,820,83e0bd6f51a6e43d72ffcb5e25a06b7205f6e65ba43d8adef1c8580d69bd62df
819,42,42,0,work/submissions/best_46316.csv,821,19b0307c1ef4c3fe009cb253659a248da28807c60a7d4e2bdf2f449e87b2b544
820,45,45,0,work/submissions/best_46316.csv,822,ae4836d2750fee515a6178c98e8a2953e82741185e77d9460b61f908ffb887be
821,44,44,0,work/submissions/best_46316.csv,823,fe14f29349a2d92f73aa45711ccb8879eeac36286b4e82330a5363dbbb28292e
822,43,43,0,work/submissions/best_46316.csv,824,bef908f2d090952e1b7c7843214fd5319b28bb2344f0ee8b7ac505b979c278ad
823,48,48,0,work/submissions/best_46316.csv,825,c76e924c17d48c209c7da6649c29c37b3225203b1987195553d0e94a87f00a77
824,45,45,0,work/submissions/best_46316.csv,826,33661e953a5fd31479694c6bc8b0b096b4d32558ef53b8c6abf3437039dd6d64
825,46,46,0,work/submissions/best_46316.csv,827,583aead6629f1e834713479d091964c5653b239ea03a4ec1f2b8541cb05114f1
826,47,47,0,work/submissions/best_46316.csv,828,7208df91bd5abf8907674cd007520a112c73ce126a413817e78f1f991c054141
827,44,44,0,work/submissions/best_46316.csv,829,91e7b5ce36792a61b188a58bc2f6208adbadf4d763e475dd0c77b935e59050e0
828,47,47,0,work/submissions/best_46316.csv,830,ec2d8a31b8de4f6c78ada48abda9fd32031f9c5f9e02b28fde72c3d92cab78b3
829,46,46,0,work/submissions/best_46316.csv,831,470a033eacefd06da35295d9d6d16e0954d1e5c8c40acad6a7231fbf43e5a1e7
830,45,45,0,work/submissions/best_46316.csv,832,85c1a2f52a79f6df1533cb60eef64fdbb0e7b671489b220158c69aa45c16063d
831,46,46,0,work/submissions/best_46316.csv,833,e69ac79fab625736198a8407afb87f2dc13a1f9e7c09468b129981ff88c0143d
832,45,45,0,work/submissions/best_46316.csv,834,e2889df505d5fb7a11103d9937632243d4270ba73051e0f437506138804c9a0f
833,46,46,0,work/submissions/best_46316.csv,835,ae93a8855d41873a4bf2d460d0101206b933d37cdefd514b54639ab215b56826
834,47,47,0,work/submissions/best_46316.csv,836,ffd236bcb19f553093f26f88eac85cb8a6d3d3735a14f76cdd1702865f9daffd
835,46,46,0,work/submissions/best_46316.csv,837,cb9528029afe89feb6f87d09b269e1341202ab6ad06f9088d3caf71d42905d66
836,47,47,0,work/submissions/best_46316.csv,838,dc7d686cf912fe6d16e976111f8ca7a1716a64c97d576fbe529ef8663db4fff8
837,46,46,0,work/submissions/best_46316.csv,839,66d6e5edb24276bf06ce1de31fe97eb0c0e37e4a4f94c66f6fe347445aeb11e9
838,45,45,0,work/submissions/best_46316.csv,840,617fff5f1b3300d1b2b1651d8b3d9f17157d465f6428177917cabaef93e39c1d
839,48,48,0,work/submissions/best_46316.csv,841,20dfdcb6f9a3edf492c7fd67b7c8021832e287b41dca7319d55e07d7da71e94d
840,45,45,0,work/submissions/best_46316.csv,842,221b725bf7b67069a8be3823a537ed5416974bc2e90e534f6fe1f361a53294c2
841,44,44,0,work/submissions/best_46316.csv,843,d359e33e7c5f9617347f0bf9665d49bfff6a9ae9d2f8529f5d8ba1bda42034c6
842,45,45,0,work/submissions/best_46316.csv,844,8769c09ac0f8f0a65c83cbc8862890faffd692a2e63319fe0c53a43c1d214430
843,44,44,0,work/submissions/best_46316.csv,845,523f3deecf0a2ec416ba148161305d739bf1f46d7ed8bf387ba24edd28f83274
844,45,45,0,work/submissions/best_46316.csv,846,ade1dabcb4da5cf31d4f492a2802f41db9d1909de4d6a3745dca23f170cc8177
845,46,46,0,work/submissions/best_46316.csv,847,b40d870b67f408e6243f7c8095c38a2084a6fa2dd9f25e7ee833424be6e72744
846,45,45,0,work/submissions/best_46316.csv,848,958d3bb3064c83e029811661afd72abcdf270f257f4330d600f0f3dffc935a04
847,46,46,0,work/submissions/best_46316.csv,849,c7b64d61bcf81d112be022cf62898ab960ee9cbed4bdca2b3f8da05a36c95370
848,45,45,0,work/submissions/best_46316.csv,850,baf6706f0950328e305bc1c2f6aab9bf1d1ae95d0692722cccd00346c22fed51
849,44,44,0,work/submissions/best_46316.csv,851,ae6a43da8dca59acea5b4617d2389e3e3de4155fab4ba1672349a1da08221afe
850,47,45,2,work/candidates_tw_d10_history_full.csv,1036,13f33ad94f24217938adb95fcbdc3d815a5dd68175994eb4cc8f54891c4c0b28
851,42,42,0,work/submissions/best_46316.csv,853,a3ecdc21e67f1a9c6324463c2bb555dfeb29118d886d06873fb95c64aabf07f2
852,45,45,0,work/submissions/best_46316.csv,854,07a08da5ee10cf81b996d2dfee11411ef9d947fd768a5e140cb292dbbefd93a3
853,44,44,0,work/submissions/best_46316.csv,855,48ca4100a86846a47951c87e642b1cf7ec16f2222d97f6f8f2ac0255814f292e
854,47,47,0,work/submissions/best_46316.csv,856,f11a3714a59b69e08eabbb2da4dfec7b8dd3654286687d0b971991aa8f32c707
855,48,48,0,work/submissions/best_46316.csv,857,236ef4d23aaa3b3164254cab9f4c195b2e2bb39529ade1d9299c9f783ecd4687
856,45,45,0,work/submissions/best_46316.csv,858,fdebd99a30db083ae2a83d53d94fbad51224b5cfae79b02c425ec1bb4ab009ae
857,44,44,0,work/submissions/best_46316.csv,859,007cdd4bae3f1a28efad16dbf2fe376587001e2b5eb0a7fe0fc21936cd42aeb0
858,47,47,0,work/submissions/best_46316.csv,860,867cecb0236df50c81afd5b0afa9c97547651aa5cebeb847c6a180e7283c38d3
859,44,44,0,work/submissions/best_46316.csv,861,275fff4b4f9afc3e80913dc9248bfe8664a610b925d1229a2a2ea3aa4f7d4b48
860,45,45,0,work/submissions/best_46316.csv,862,bbd38f34d141e42feb191740ceb7830a3bb297dfd410b4ea5bdde9dad7a76df0
861,42,42,0,work/submissions/best_46316.csv,863,e3821275da035e9804deb83911bd0bf52a77c9df26a03282cea260ed9d17857e
862,45,45,0,work/submissions/best_46316.csv,864,495afedc293940801413443b8b2291ef61dd45a916d4bb101247624137711a4b
863,44,44,0,work/submissions/best_46316.csv,865,b8b320937d765eecb1735f4ab360acd0e23012f3f0f23e1a830e548044eac5c3
864,45,45,0,work/submissions/best_46316.csv,866,83450e00b1c2b001fc2a57fc1bb809989d623ed611d3ec1b6cc7c38c5e44e818
865,44,44,0,work/submissions/best_46316.csv,867,23d5c3e59b92708d18a51619c5f0a3c79b64e4b9666b5dcb19341d635daf1aca
866,45,45,0,work/submissions/best_46316.csv,868,2fac2251c27163d87b8b1138db08b749efe4e1f395aad728a33d97bca72e15e9
867,46,46,0,work/submissions/best_46316.csv,869,b0650446a1388c587142708f6989b80cf4782e8909306d82a761713fdb69c88c
868,47,47,0,work/submissions/best_46316.csv,870,25ac502aae75330022ce48b280fa7a26651d34d9c30d9b564ad60a6db277eac5
869,44,44,0,work/submissions/best_46316.csv,871,9e954fbd3348ce75eeb00013a02dadedd75ef3023a0f186ad5f7c05e1a05cea1
870,45,45,0,work/submissions/best_46316.csv,872,5d24d666849b4528240fa503b0424e87ee005694d4fd6366d1ba6d9fa79f162b
871,42,42,0,work/submissions/best_46316.csv,873,f13cad167fffe139d91162f5ae5e0fa86bf1684ec44a3c94a853ac520c8a60af
872,45,45,0,work/submissions/best_46316.csv,874,1d4724406ad97e808bf3e98953dff284a2b81fa2f381db84848e10a08ef877c2
873,46,46,0,work/submissions/best_46316.csv,875,ce3488e851ff99449e549bc59fef522d466da269e30fbd6b975896b099cebb99
874,45,45,0,work/submissions/best_46316.csv,876,b8758fd9b3a81601019fb5290cc13341232427c9198159ef29646481ce48a9ad
875,46,46,0,work/submissions/best_46316.csv,877,337eddddb933b6ea93453d728f17332470ad18e4b69f2e02fbe99ff7a7994714
876,47,47,0,work/submissions/best_46316.csv,878,fd30371fa3fae61ad680d8a6aa1a628562a753ad85862d81e6e37a7346b56956
877,46,46,0,work/submissions/best_46316.csv,879,fa167d65fe5a8954568d1ed2974b6ac13d45374ff3c5673c2b44687820f10d3d
878,43,43,0,work/submissions/best_46316.csv,880,c38cdf597f11f7d1844c4f65991ebde2c1e617abf1e8477e9e54c3c2f2970994
879,44,44,0,work/submissions/best_46316.csv,881,e7bbf3f3921d7a659667655fc2da36bba3cb20ccd6b35b0da92016dc9ffe1141
880,43,43,0,work/submissions/best_46316.csv,882,a7fc998af130035df5cd990202f78a19a26604ca862ad8ec4c8e3fcdbe3b0e57
881,44,44,0,work/submissions/best_46316.csv,883,75a5e46e821473a4603473cb8f6052e48c3619303ab38b063c8398b65f3fb55c
882,45,45,0,work/submissions/best_46316.csv,884,3bee703628853262bb74d39d61a77cda18946c14a36b993c2c20e719667ef4b2
883,46,46,0,work/submissions/best_46316.csv,885,5564d50a98c766d34c04e770e8a5dffd48afe52c1abc5e47a8d61362bd66cc55
884,45,45,0,work/submissions/best_46316.csv,886,ceb279a6dba1bef5631a0dee9db56a88b76e64c8c328490c2dad82873fadc6cf
885,44,44,0,work/submissions/best_46316.csv,887,63b4840d2951e4f2632c6729f0d12d3c6ab310de90f26f0b10252ed1af338825
886,45,45,0,work/submissions/best_46316.csv,888,0c88b4f6c3e6470bd58f84e088bf4365a044ea15b37a66f6750264f479c91d86
887,44,44,0,work/submissions/best_46316.csv,889,ddba1011a0e0d76302bcd311e63651a27d9109e940bc99395dc9591bc8634c8b
888,47,47,0,work/submissions/best_46316.csv,890,36d6d8bec622b8277f596e59d521ae234cc714d75b1ce7962f7a5755200835a1
889,42,42,0,work/submissions/best_46316.csv,891,50977b879df893097d7a642d3d31056a265142b52cd5e8c572940dc4df69c015
890,45,45,0,work/submissions/best_46316.csv,892,8efb3b7ae546f18461c3a4e0edda770b833cbc14400a9bcf5e9721c80cb47c86
891,42,42,0,work/submissions/best_46316.csv,893,80e20f78f8712164db792ddef3d7a9b833ce6bb838ebe9ec613199340f5ef448
892,47,47,0,work/submissions/best_46316.csv,894,94069fca1ba118d1115eb09d959e4e2a3e0ca6b3b2441a07c5715dfd4a82ef98
893,44,44,0,work/submissions/best_46316.csv,895,3fb4494ea2ef3e04cad687c24d81357ed4a1161f60c3d1ce585feffeec12d5eb
894,43,43,0,work/submissions/best_46316.csv,896,fdf27523da9a449a54627506bbabde22334d4a8255769f45feb8159f4345bad8
895,44,44,0,work/submissions/best_46316.csv,897,b12325d1cc8ebb814a9c4a76e7dce76a0d2d3f86c8156fa1e689b1c1cb90bad8
896,47,47,0,work/submissions/best_46316.csv,898,c7ca0811d595e2cbc8c32788b60b8b7cf356bed2682fb95c1fc4933b0c33dcdf
897,44,44,0,work/submissions/best_46316.csv,899,905c445defe10ffd302990aa1059a8422750c827775fc44b75476e27f33f8b78
898,45,45,0,work/submissions/best_46316.csv,900,4c252527fbe2852cb36a389a416a20aa302b7e93e2adb9a903f0c6335933537f
899,46,46,0,work/submissions/best_46316.csv,901,dcc1a8a2bfcac9a78981c1f642cc919ff04dee312b6ef714d55c32e3170eb44f
900,45,45,0,work/submissions/best_46316.csv,902,88d50d48b4bf027dfa253a615420776ae11ddf4ce72f7a0cc9b57d1a82e936e3
901,46,46,0,work/submissions/best_46316.csv,903,1a1425d73fe59b2863f92e3a0bcefd7990d9851e5b25dd43e072d09e8bcf28cd
902,47,47,0,work/submissions/best_46316.csv,904,662084daea933857118d8b9cc4e56eecd7e2f82ecc2ab900ce6a3e8c9fef63ec
903,44,44,0,work/submissions/best_46316.csv,905,89ba48738a5bc3c0dd1e21fd7c556ec3d1ca7827a1b8d8421fc16c4039d88518
904,47,47,0,work/submissions/best_46316.csv,906,7c7fd4344876fe2f5aa9929eb5c0ad9aea0b7d47722cbd73c7a26342077c2a5d
905,46,46,0,work/submissions/best_46316.csv,907,69fac3a4bbbeb3bbfd42f39e3e8892938cb58b1e426f46109bd095f98b2575f3
906,47,47,0,work/submissions/best_46316.csv,908,b256122a235aa3903044e123bba32e5306f1d3a025fd8062e90df5153a1e02db
907,46,46,0,work/submissions/best_46316.csv,909,9da122abc5f3e9c401c0f7bc493c410a39a90c88062264e5e81d9bcff982eabc
908,45,45,0,work/submissions/best_46316.csv,910,a2e9280c657f9e604a8986da255137c583daeb4fe466245d5927e945c9632348
909,48,48,0,work/submissions/best_46316.csv,911,d844b1b48c27cf5a5c0a09a134b92db6953fb6a7bb730dd88bfe12cd0ba0dc8e
910,47,47,0,work/submissions/best_46316.csv,912,bb1def5c07f8db302aa13651fbaac36d5f8ac0677419a317797088f78cd8645a
911,46,46,0,work/submissions/best_46316.csv,913,babc4b5ac4a4f5ad7541b491726c8a7350cb76e9ac5e3e77cc1a9f70e33e8027
912,43,43,0,work/submissions/best_46316.csv,914,b1b374542d9b4736539950668804e895b469a8e005e8594e2b2ec619a234f837
913,44,44,0,work/submissions/best_46316.csv,915,cf59a8e81f0baa029a84c056b04281f5faf87d165d22e6998fe076789c33406a
914,45,45,0,work/submissions/best_46316.csv,916,a6e467c4b3e0feb52c942ebef700cb04ea82dc74e7f09b958a88cb21bfefdcbe
915,46,46,0,work/submissions/best_46316.csv,917,e8486dc52048a1c15ac6a93c13919b89c719010609a9071a3089a4dd582920f0
916,45,45,0,work/submissions/best_46316.csv,918,b1d388ea856d6e573f4e4daafa9a47a3d29a48b8f96511b5dcdba660e8e3814a
917,44,44,0,work/submissions/best_46316.csv,919,3cbd199916ce56949875fa0b14ef12eb56ed7e61ae732c4162ea3649f841918a
918,45,45,0,work/submissions/best_46316.csv,920,e020d9408c4f46d5b03f943cf039c079b0ed1fad0679b5ed25b212b3b56b5884
919,46,46,0,work/submissions/best_46316.csv,921,78c14364bb6dca7f199ac2717da716771af8ec687a1c7d877c709f4ec52cecbd
920,47,47,0,work/submissions/best_46316.csv,922,8abcc55782c4d2357f36f0fb83a1465a109f90dc7788c749e3040a0f49a9d5b5
921,46,46,0,work/submissions/best_46316.csv,923,23b6ccab71b47ba80cf5e2366f63b4b53ec5dcf2cdd9b50297bc67111c161a08
922,47,47,0,work/submissions/best_46316.csv,924,1712e87496a5272f8c44da2443f803392eb15affc2e0eaced280795827360360
923,44,44,0,work/submissions/best_46316.csv,925,7c864671935cf9fbd5feb5c79dcb7ed9ddc79bb1bed9bb6772d512778ef44a9a
924,47,47,0,work/submissions/best_46316.csv,926,dc7fa11e3b73244b4b26f3e1796f6d20b369bceb382d64877c35e3f992a96504
925,46,46,0,work/submissions/best_46316.csv,927,59446c850cd70667a821cd58f9793e78441164b0320eed72e3ec775b3168902f
926,45,45,0,work/submissions/best_46316.csv,928,7fd479e53e0ed9403747f73b44fa9a9006d96c8b062d2a7b4a31c8d5e2b6ca2b
927,46,46,0,work/submissions/best_46316.csv,929,be94eea1c337e1ba134413250a1c84416df95c3c54cbfc5aebc7e4492f27e519
928,45,45,0,work/submissions/best_46316.csv,930,1a1fdd45c42e025ce3a479b4819020f2991beeb3bf40a43facdb48bf87ecce18
929,44,44,0,work/submissions/best_46316.csv,931,869a238966ada7cfdf95e76ce969eb27526081b66150d903c8cbc676ef2791c1
930,47,47,0,work/submissions/best_46316.csv,932,7c1cded9a4a4fbf97de0c6412dfacbf1f71c60dcddd22abc99e6d3282436dd0f
931,42,42,0,work/submissions/best_46316.csv,933,6e1172874211a84b71246e27cab8d1b815f9bcaec6b2e094bdb5e715dfb103f4
932,45,45,0,work/submissions/best_46316.csv,934,9d2cccb8d92bdf7ad23e6f43a5a76317c33c2994741135ac64dc3730715ce416
933,46,46,0,work/submissions/best_46316.csv,935,20c8745e7400ef50d96ade2348c2d9bf778b8c84858f2cab5549c10403663365
934,47,47,0,work/submissions/best_46316.csv,936,d715d1d17b3174c750254882f36977db64dcec39e895ef82a7d05373a7b7b249
935,46,46,0,work/submissions/best_46316.csv,937,7ebd20e54c19a611d32167ef1a48c35350de8b605f631f07384724b794e93de4
936,43,43,0,work/submissions/best_46316.csv,938,548678197c24d740bea9a856090ba2331bc838711fa8f91c8ab502513c45ecd1
937,44,44,0,work/submissions/best_46316.csv,939,b4cd1b32a8fa293ad50610b9a3a12802fbf649b042426faec281382f23db833c
938,47,47,0,work/submissions/best_46316.csv,940,699f7a290cab3f2d9e38f805b9f11cbf90737b8c26ece00b6bc9e69852c6cc34
939,46,46,0,work/submissions/best_46316.csv,941,59261eb76233a3c7ad66ad93c2989af618e5355dcc5d97494351dc268aeb59ad
940,45,45,0,work/submissions/best_46316.csv,942,a73b7276d228e1260606725e257af5f66a53feea0b945e021038159ca20a293f
941,44,44,0,work/submissions/best_46316.csv,943,dc78788f770fe49646f326317c5e56f04e70f7174704dc8dc30a2cec34adc69b
942,45,45,0,work/submissions/best_46316.csv,944,54ae5cb3d6840acf8a5073d35f831b293e601a31f6ab15b55d3567475927b50d
943,42,42,0,work/submissions/best_46316.csv,945,6bac314bcdf5dadb2f69820f88ce87c435e494a6d64f2bc962f90e7c233adcc0
944,45,45,0,work/submissions/best_46316.csv,946,35e3d1a9d8549bc2b8930fd674c2a1bad7ab106a4270c7d2cf4016cddff4f539
945,46,46,0,work/submissions/best_46316.csv,947,e8bf1a3d8ea409b059b384b9a8fea0a91dcc181c817049de5226ab760f8646dc
946,43,43,0,work/submissions/best_46316.csv,948,93a020282e65d0682a66e159fe7a8a1b0edf1fb8870adcb61c619b2c8f7f2323
947,46,46,0,work/submissions/best_46316.csv,949,d1c71992f012a34b992d1d9c25f349adca285c6377e78185f090443ce94403b4
948,47,47,0,work/submissions/best_46316.csv,950,814c1caa885376b4b08d3cccecc6a0e94a3a8513339ea717c95be4101f2f9b7c
949,42,42,0,work/submissions/best_46316.csv,951,f960fcc7e63465fd1c224c664fa895a28815ab262c6de3958fdadcf03b8d536f
950,43,43,0,work/submissions/best_46316.csv,952,6dc679c9ae269b615ada47c820846fc05712cdea6ab1ef896d61b59aa66ca81c
951,44,44,0,work/submissions/best_46316.csv,953,3c52f9def1a42df6304deff9322501cdc1777471932a44b088d3742b1ba98f23
952,45,45,0,work/submissions/best_46316.csv,954,4c12a3d7ce2c1169f016276693a033e849bc40d5c019d3dac585f87e1b0d2d64
953,46,46,0,work/submissions/best_46316.csv,955,d0015894f2a6a6722e1920defb7a690073d62a99e1bd11dbba640b4600c4836b
954,45,45,0,work/submissions/best_46316.csv,956,379f815d7c2fca6c8ff3e2762ae37953ce4c1f08eb415b3d8f4ddb7e4a4c0133
955,42,42,0,work/submissions/best_46316.csv,957,6f5220f59ed34eee478a248839bfcb28ce5c38f6878febc63285c265c8bf5a6c
956,45,45,0,work/submissions/best_46316.csv,958,0dde1263eaa23da562ba83d4b4380ee4e7c33dcdad5d346529a2f06aaf957222
957,44,44,0,work/submissions/best_46316.csv,959,9b88964de92f19ed7401573e2642d5f6dcfea023b78d2531735d2fb29ff8e756
958,45,45,0,work/submissions/best_46316.csv,960,8f0b2613615815c2486643e2451256e98f6e598c819521ef08eb7067be12cd94
959,46,46,0,work/submissions/best_46316.csv,961,f841153ce61719e68354ca210d144d23e316cac61b2091afa86eb88c9170b372
960,43,43,0,work/submissions/best_46316.csv,962,d5f5a576c6d805d859d600ecd668a306158427804363c9d5b57d057404c38c0c
961,46,46,0,work/submissions/best_46316.csv,963,33655a12f5c6a95a8306219d61382b477a1831c29ed0d9fa4210b98fff899164
962,45,45,0,work/submissions/best_46316.csv,964,ac51cc97c83157ced64fa266f3da691fd10db71eddd10de692be05603834bafc
963,46,46,0,work/submissions/best_46316.csv,965,8ec994e079842c7018c5950a70bce1a32067e4057d6b9a3bfc9b658e33f9713e
964,47,47,0,work/submissions/best_46316.csv,966,7bcbf6c1449451057bdbf19d4c3d02a4c0e70b49c046b1d0be253cde3b37e661
965,44,44,0,work/submissions/best_46316.csv,967,0780c39f86a80ba8d6ae2341191c1785b17065a9d026f2170b9cdfdbe9a688c0
966,45,45,0,work/submissions/best_46316.csv,968,5d7ab50f670528d004cb4ed1492f79ef2f87b8e7159d30bd3fd2cadf7f244778
967,46,46,0,work/submissions/best_46316.csv,969,fa436120170d72b7cf8783619b71606a206a39fcf2cacad8fc0ac667624add6d
968,45,45,0,work/submissions/best_46316.csv,970,c9e34891c17a8d42caa2390da1af2c7d4a413c40802b084c78e251db58dd55c7
969,44,44,0,work/submissions/best_46316.csv,971,ccff51de9b8b4741b8f8a9cb2627a899994cdc2ef2ed6770eaf805ccd541728d
970,43,43,0,work/submissions/best_46316.csv,972,e8989edbd700d8ebdd841d04ea7e34bbc92b76493d1f7382bf150e5d06b30970
971,46,46,0,work/submissions/best_46316.csv,973,d7bfa1fce79758eb601001d8714894cbbeed66ac1e66cfee0e7d79934dcaaa5b
972,47,47,0,work/submissions/best_46316.csv,974,b6887455a351a105797d9ec488f893dd1def2a55925e9fc818494bb3cfdb8fc3
973,48,48,0,work/submissions/best_46316.csv,975,56a62829fa75a888516ead18e02d71155ac56616ca90a8908a417cdb6eccf485
974,45,45,0,work/submissions/best_46316.csv,976,3be8ec034556dc32dd6ff0e03f9194e691f40d840d3ad5350ce54dbf4b9d6ae2
975,44,44,0,work/submissions/best_46316.csv,977,26ccf510fd2a49147cda4093d5c70a74593bcd7db7e4422e78404466ccd1cbc6
976,43,43,0,work/submissions/best_46316.csv,978,a4fe7d0af53753f15a4f1db34648401b82101c31ccfef82d142ed641d2435eec
977,44,44,0,work/submissions/best_46316.csv,979,47e89f02a7ce0a664bad17c7c67e225cef5418b9bd8cb5a5b509732fac5f6bc6
978,45,45,0,work/submissions/best_46316.csv,980,488117b858c7cdd693ff2d4601bcad5efd83ff53d49f4bb2c409d9e12e409951
979,46,46,0,work/submissions/best_46316.csv,981,104144de0407e5f94e309fe440079f6936b361f2c356b2ab7f68682f0584e28a
980,45,45,0,work/submissions/best_46316.csv,982,f7b077d1f496fa30123bc4cd5b45598cb53944ff1ff1fff4d607f727f39d22f7
981,44,44,0,work/submissions/best_46316.csv,983,8bce8a20eafb3df53843f4f593d75c91eb5b0bf3155ab805ff0f3cdcf2fc712c
982,41,41,0,work/submissions/best_46316.csv,984,6a7f62a66aa27895d722d1e3948d9b7a2ac302534c80866140328f0c3094d4bc
983,46,46,0,work/submissions/best_46316.csv,985,dcdde5b9a4d80a3918890f60d05af324829ff5e0cab45792a07f802fccd12bb7
984,45,45,0,work/submissions/best_46316.csv,986,9fc3ffd40d2a7fa52d9432af4d7ea69c63dc6b814731643a29143e0377069090
985,44,44,0,work/submissions/best_46316.csv,987,dca2d571183f097e9b7a82bfd7ff74f15d48731c9adb42ca05ee3a16159c5e09
986,47,47,0,work/submissions/best_46316.csv,988,a1e8307f64e0c764b8224f1e29101fd8cd389b33626aa59b0a1156bade772d60
987,42,42,0,work/submissions/best_46316.csv,989,4a73123a5cd38d7bee9e613c2f5517c5c0ad124d404241c700638856b4c78b97
988,45,45,0,work/submissions/best_46316.csv,990,32423c1f30bf0a39d1ab520466282ac603c6dc2d04397481f184650085fcec3d
989,46,46,0,work/submissions/best_46316.csv,991,bbe03837301f0a83c970871c1d90a9ff5323bb7918da6fc770f2a037f7d73277
990,45,45,0,work/submissions/best_46316.csv,992,980a9782c0727e5eabccfab9e45b82940c6d86ffd63a4229c3a9b3222a9b537b
991,46,46,0,work/submissions/best_46316.csv,993,83d8d0104d8c781056edb246f2f172ab20ea08951df51d71c516a610b0680e7a
992,45,45,0,work/submissions/best_46316.csv,994,d4a2926670a3a72551094b48aa41c17159febb693bb1a779e4a268a048338b57
993,46,46,0,work/submissions/best_46316.csv,995,6df470aa70f6b56a8217f7a34efdd4ef8972c1bcae01a212a058546ed0c73db8
994,47,47,0,work/submissions/best_46316.csv,996,310563460eff3f2a8a75cb80d1afce4cc2d22a2da07b67f3e19154c0ab422caa
995,46,46,0,work/submissions/best_46316.csv,997,eba3ce1f87732ca27abaf00a2bc520ff9643692ab808b8f6920ab40cc8d751ed
996,49,49,0,work/submissions/best_46316.csv,998,0586b3e7a2f4d58298c614d974e12a46dcf2c37353b3718ec4a0594d0c4ddb53
997,44,44,0,work/submissions/best_46316.csv,999,455f9c658dfcf423ce4d158b11747ad9893757d8c560ae8ba0f5303d08a406f1
998,45,45,0,work/submissions/best_46316.csv,1000,1b2081322e615d950420685c137baf69a18134f57b73aa12d58b8fde8a64a6e2
999,44,44,0,work/submissions/best_46316.csv,1001,70777da80de6c944dc75bb5bf953e0a4fd89da86421627f742c8238d1a326b4c
1000,44,44,0,work/submissions/best_46316.csv,1002,60ba7d9dbec4e8ddbe91af86bf48930d7d6e2144315cca13906775e18fc5fdcf
1001,46,46,0,work/submissions/best_46316.csv,1003,6c85bea41ee7cae2e6853ef3e30e08bc9430f1ff93dc3ff28062af1a2ceaf289
1002,44,44,0,work/submissions/best_46316.csv,1004,0a72b863a6371cd6b646bba5a750bba34694b725f11485be6b2a916989b1ba81
1003,47,47,0,work/submissions/best_46316.csv,1005,814401666353c8a2c8175324cb42d67208671914a66f5025cdf0ad95720dfc51
1004,45,45,0,work/submissions/best_46316.csv,1006,9c3b1aff2a4a4adea7964293a0e3c089533c2819eea5b57399b44bb61daf0853
1005,46,46,0,work/submissions/best_46316.csv,1007,2192073ac7ca27fd444ec307cab4d310181c128d8ce31f6822013091a1eb7f42
1006,47,47,0,work/submissions/best_46316.csv,1008,2dda9f8f4ed078ca8cef8df5babb98165779abba6282e5dfd0f4ad3b214fad08
1007,43,43,0,work/submissions/best_46316.csv,1009,431c4b4ce7c374fa350d92c19334320f96daac1a81bc59c8af9440879ce75b2b
1008,45,45,0,work/submissions/best_46316.csv,1010,6e9061d8b2b0cf1aa7d22a1bf91b7852e265a0d050ef699dd132c970a33691df
1009,42,42,0,work/submissions/best_46316.csv,1011,ffce97fc94f73b12714c886c8a34925510b0b62f69a838964bffa8e64a5ef7a4
1010,45,45,0,work/submissions/best_46316.csv,1012,aaa302366e9b739f4cc09f87275c0f48fc725b5c4f7f9ff59054a3c593548cd7
1011,45,45,0,work/submissions/best_46316.csv,1013,205a6bbb6231cdebdf26be355af47f795556bbc436f4fcc645eec60a167651da
1012,47,47,0,work/submissions/best_46316.csv,1014,03c47c2655610d8b9037e8967cd63bcdae1204edaa4c0f48e00a0aa7677fbf52
1013,48,48,0,work/submissions/best_46316.csv,1015,f909b4b544106ed6a63a4f425167fdace8ad46795e068bdbcc9c323bad460e89
1014,46,46,0,work/submissions/best_46316.csv,1016,d74ca1e84b93c440525c6c224dea251f90ce66f6fd1c28b64a18ef5391518b21
1015,44,44,0,work/submissions/best_46316.csv,1017,745a9b2e4ab85d29c1f1232f5a4c47cbcfbb8f1e9c1515fbe2e352e984968f7e
1016,45,45,0,work/submissions/best_46316.csv,1018,93b10a661961d04d3c896a03f2155e76759ba173a4aac71c2747e5bc54785822
1017,44,44,0,work/submissions/best_46316.csv,1019,80cde7c257d3002c0a07a55442eecbb2fd8942895cc733ee55aa06167aafb250
1018,46,46,0,work/submissions/best_46316.csv,1020,e2f13f03a9291a17a566eabc801034ed80afd095a8c8959a58c723e1ce2e2f52
1019,47,47,0,work/submissions/best_46316.csv,1021,b4aa8f3748d2ad1afcc1ad62aa35e9f193f18b8dcb9155581bc215d8f3deb5df
1020,46,46,0,work/submissions/best_46316.csv,1022,afb27097093078e66079bc69cf09ac546eb85c2b76913f1dfbeff8b0ae2a276c
1021,43,43,0,work/submissions/best_46316.csv,1023,4134a35a84a7730123eef67daf23864e176d057e1220befbee495a24386e4f33
1022,45,45,0,work/submissions/best_46316.csv,1024,362143112133ede376cd39cf40e91eea4dbb69c92f56149a3fa17fd833607043
1023,40,40,0,work/submissions/best_46316.csv,1025,cf8d30c1b34ce56798621dcb92e94703a48ba7858c17ab532cb5f0c508a4d867
1024,46,46,0,work/submissions/best_46316.csv,1026,272d32184168546e07118172f1d62197bfea7b77db0da107a558468132ce9273
1025,46,46,0,work/submissions/best_46316.csv,1027,c299bb8c5ea5f4c39e5c626976e68adb5ee7612517c2d8e6a83f9cd011f11c54
1026,46,46,0,work/submissions/best_46316.csv,1028,0c703b3c894eda49dc249d9a2f151b9ee560173eb61c4ff547eea485e011fec0
1027,43,43,0,work/submissions/best_46316.csv,1029,d0e25714b46d43ff23178e1760f63cf5e41d6c4cb7334bd81b5b30c3d094c986
1028,45,45,0,work/submissions/best_46316.csv,1030,a517f19d250580b6faf79f5381fba617634b46979899f4654bfe8573cd69e50b
1029,47,47,0,work/submissions/best_46316.csv,1031,5d3ae87db63c28b214568d438f356e8cb3b53f2bd773e057da487c3d59b37693
1030,46,46,0,work/submissions/best_46316.csv,1032,cbd81758e7965973c9cf04538892001be7217f3d0b7bbdfed6692815a5f53aeb
1031,48,48,0,work/submissions/best_46316.csv,1033,f50a53688fbd893140ca8c7a7e32b500e37bcc811e6ddee32cfc50dbc0b19a82
1032,47,47,0,work/submissions/best_46316.csv,1034,344f171e65f21ebdca8f83f378bbd61088bcc8c7a0bba34491c1ec0ad28034b7
1033,41,41,0,work/submissions/best_46316.csv,1035,62fb9993c53bb32349225004380170d93c9c0e6e9e31c29d173c39f0add7d509
1034,44,44,0,work/submissions/best_46316.csv,1036,8173ce44f62eed75ef00ffe692529ad2fbea8ac2890e92ba3ec7e1ab01fc699e
1035,47,47,0,work/submissions/best_46316.csv,1037,c7a8122e5c5e1e3153724d333789c07bb587730dab95c6b22aa15f304b1b0ef0
1036,43,43,0,work/submissions/best_46316.csv,1038,e747858dc4b8602b38d4e29ff24a422ef8951e92789f55f253030b5df0bb5100
1037,43,43,0,work/submissions/best_46316.csv,1039,e6b8131db5735d1192740c44e59f81fc8e420ff2055ceb68f2f5b56bb23fde7e
1038,45,45,0,work/submissions/best_46316.csv,1040,279c96d79483a6ea30d771f49007e79379d5944c6f9af8b928a80c8ff9a84fa9
1039,44,44,0,work/submissions/best_46316.csv,1041,12a15c527f81f2db2815c1096bbd9b61a29d7b078a5526af7c4e3cc6c96f7640
1040,46,46,0,work/submissions/best_46316.csv,1042,0d057402197426f79ac9c794b079eee1ecad552a82ebd69f4258ff8e2d5815a5
1041,46,46,0,work/submissions/best_46316.csv,1043,adb5500a476014bcba23a56e42fdc570015424bf1cc5e3871c836244430d8cb3
1042,47,47,0,work/submissions/best_46316.csv,1044,1dc48a80be6c044ba8d8527bcf8ce834efd186796f2d006e64b1240baaf58102
