initial_state_id,path
0,f1
1,-d3.-r3
2,-f0.d0.-f0
3,-r1.r3.d2.d2
4,r1.-d1.f1.f3.r0
5,d0.r1.-r0.d3.d1.-f3
6,f2.d1.-f2.d0.f3.-r3.-f1
7,-d1.-d1.-f2.-d0.d1.d3
8,-d1.-f0.-d1.f3.-r3.f1.-r1
9,-f1.r1.-d1.-d1.-r2.-d2.r3.f0.-r3.-d0
10,-f0.r1.f2.-r1.f3.-r0.r2.-f2.-f2
11,f0.r2.f3.-d0.d1.-r0.f3.-r2.-f1.f3.-r2.f1
12,f1.-r2.d3.f3.-r2.-d2.-d2.r2.f2.d1.r0
13,-f0.d3.-f2.d0.d3.-r3.d1.r1.f3.-d1
14,f3.-d2.-f3.f0.d1.f1.-r2.-d3.r0.-d0.r2.d1.f1.-f0.-r1
15,r1.-d0.d1.d2.-f3.-d0.-d0.r0.-d1.d0.d3.f0
16,-r3.r0.-d3.-f0.-f0.-r2.f1.-d0.-f3.-r0.-r2.f2.f0.-d1.-f2.-r1.-r0
17,r2.f1.r1.d3.r0.-f3.-f3.-d1.-f0.-d0.d2.-f0.-d2.-d3.r2.f1
18,f3.d1.d3.-f0.-f2.-r2.-r3.-f3.-d0.-r1.f0.-d1.-r2.d1.-r0.-d1.-d1
19,-f3.r0.-d0.-d3.d1.r2.f1.f2.-r1.-f1.-r2.-r3.d1.-r2
20,d2.r0.d0.d1.-r0.-r0.-r2.r3.-d2.-r3.d2.-r3.-d1.d2.-r0.-f0.-d0
21,f1.d1.f3.d2.d3.-f1.-f2.-f2.-r3.r1.-d2.-d2.f3.r3.-f0.-r3.r2.-f2.-f3.f0
22,d2.-f3.r1.d1.-f1.-r0.-r3.-r3.f3.-d0.-d3.f2.d3.f2.r1.-f0.-d0.r3.-d1.r2.-f0
23,-d3.-r2.f0.-r2.-f2.-r1.d2.-f1.-f1.-r2.-f2.-f2.-f3.-f3.-r2.-r2.f2.-d3
24,f2.r0.-f2.d3.-r0.-d3.d1.-f0.f3.d3.r1.-f2.f3.-d3.r1.-d1.-r0.-r3.-f3.f1.d1.f1.r1
25,-r3.-r3.d1.-f3.f1.d1.d2.r0.d1.-f0.-f0.-d0.d3.-f0.f3.d0.-r2.-d0.-r0.-d0.-f1.f3.-r1.f2
26,-d1.-f3.d2.f0.-d3.-d3.-r3.f0.f2.r2.-d2.-d2.-f3.f2.d1.f1.-d2.-r0.d2.-f2.-d0.-d0.d1.-f2.f1.d1.r1
27,-r1.-r2.f1.-r3.f3.r0.f2.-d0.f3.-d3.r0.d0.r2.-d0.-d0.f1.f3.d0.d3.-r0.-r1.d3.-f2.d1.d3.f3
28,r0.f2.-r0.-r3.-d1.-f1.f0.-d3.-r2.-d2.-r0.-r2.f2.-d2.d1.f0.r3.d3.-r0.-r2.f2.-r2.-r2.r0.-f1.f3.d1
29,-d1.-r0.-d0.-r3.d1.f3.-r1.-r1.-d0.-d3.d2.f2.-r0.-d0.-r0.d1.-f1.-d0.-d3.r1.-f3.-r3.-f1.f0.-d0.-d2
30,-d3.-r0.-r1.r2.-f0.-r3.-d3.-f1.d2.r2.-f2.-f3.r2.-d0.d1.r1.d1.-r1.-f3.-d2.d3.-f3.-f3.r0.-f0.r1.-f2
31,-r2.r1.d2.-r0.f2.f3.r0.d1.r2.f0.d0.d3.-r0.-r3.f1.d0.-r0.-f1.d1.-f3.d2.-f2.-r1.r3.d0.f0.-d0.f2.d3.r3
32,-r3.-f0.-r1.f0.r0.d2.f2.r1.r2.-f0.r3.f3.r0.r2.-d1.f0.d3.-r1.-f0.-f3.f2.d1.r0.-f0.-d3.d1.r0
33,-f1.f0.f2.r1.-f1.r0.-d0.d3.-r1.-r1.-d0.d1.-f3.f0.-d1.f1.d2.-f1.r1.-d2.r0.d0.d2.d3.r1.-f2.f0.f3.-r0.-r1.f1.-d0
34,f3.-d2.-f1.-f2.r1.-f2.-f2.f3.r1.-d3.-f1.r2.-f3.-r3.-d1.-r2.r1.-d0.r1.-f1.-f1.-f3.-d0.-d2.-f3
35,-f1.f3.-d2.-f0.-f3.r2.-d2.-f3.-r0.f1.-d1.r3.-d0.d2.f0.f1.-r0.-r0.r2.d3.-f0.-r2.-f0.-d1.r1.r2.r3.-d1.f1.r0.-d0.f2.d3.-r0
36,-d3.-r3.-d1.-f0.-f1.-d3.f1.-d0.f1.-r0.-f1.-f1.d1.-r2.r3.f2.-d0.d3.-r1.-f0.-f0.-f2.-d2.f0.-r2.f1.-r0.-f0.d0.r3.-d3
37,-r3.-f0.-d1.d2.f1.-r1.f1.-r2.-r3.f1.-r3.d0.-r2.-f3.d1.d2.r1.d0.-f1.-f2.f0.f3.-r2.r1.-d3.r1.-d3.-f1.-r3.r2.-d1.-r0.f3.-d2.d1.d3
38,f1.f2.f3.-d1.f2.-r2.-r3.-d2.-r0.r3.-f0.-f0.r3.d3.-r2.-r2.d0.f3.-d0.d2.d3.-r1.-f1.f0.d0.-r0.r2.-f3.-r3.-r3.-f0.d3.r3.-f1.d2.-r3.d3
39,-r1.-d2.f3.-d0.-d1.f0.r3.-d1.-d1.-d2.-r0.r1.r3.d2.d3.-r0.d0.-r0.-r0.d1.-r3.r1.r2.-d3.r0.r3.-d1.d0.r3.-f3
40,-r0.f1.-d3.f3.r2.-f2.-r2.-d3.-f3.f1.-r1.-d2.f2.-r2.f1.r3.d1.-r2.-d3.r2.-d1.-r2.-d0.-r2.d3.r3.-d2.-r1.d2.-r3.r0
41,r2.d1.r2.-d3.f0.-d1.r0.-d0.-d3.-d3.d1.f3.r2.-d2.d3.r2.-f1.-f2.d0.-f2.-f2.-r1.-d2.-r3.-f0.-d0.r3.-f2.f1.-d3.f3.-r1.-r1.-r3.r0.-d0.d1.-r1
42,d1.f3.d3.-f2.-r3.-r3.r0.r2.f3.-r0.f1.-d2.-r0.f3.r0.-f1.-f1.f2.d0.-f2.-d1.f0.-r2.f0.-d2.r0.-f3.r1.-d1.f3.-d1.r0.-d3.-r3.-f1.-d2.-f1
43,-f1.-d2.f1.d1.-f2.-r0.-r3.-f0.-f1.-r1.-r3.-d0.-r3.r0.f2.f3.d1.r1.-f2.-r2.r0.-d3.-r2.-d0.-f3.f0.-d2.-d3
44,f0.-r0.f0.-r0.r1.d1.-r0.-r3.-f0.-d1.f2.-r3.-d0.-d0.-d1.-d1.r1.-f2.-f3.d0.d2.-r0.-r0.-r2.-d0.-r2.d1.-f1.r1.f3.-d1.-r1.-r1.-f0.d1.-f2.r1
45,f0.-d0.-d3.f1.-r1.-d2.d3.f0.-d1.-d1.-d2.-f3.f2.-d0.-d0.r0.d1.r2.-f1.-d2.-d2.-d3.f0.-d3.d2.-r0.-r2.-r2.-d2.-d2.-f1.-f1.-r1.f0.r3.-f0.-r0.-d1.-d2.r2.f1.-d1
46,-d2.f3.-d3.-d3.-f3.-r0.-d0.-r0.-d3.-f1.-r0.-d0.r1.f0.-r3.d2.r3.d0.-f2.-d2.d1.-f0.-f0.d0.f0.-d0.r2.f0.-r0.f3.-d0.f0.-d1.-f1.r0.-d3.-f0.-f2.-d3
47,-r2.-f0.-d2.d0.d3.-f0.-d1.-r2.d1.f0.-r1.-r3.-d2.f2.-d1.d3.-f3.-d0.-d0.-r2.r0.d1.-f3.d1.-r1.-r1.-f3.r3.f0.r3.-f1.-r3.-f2.r1.r2.-f3.d0.f2.r1.f0.-r0.r2.d3.f3
48,-r0.-r0.-r1.-f3.-r2.-d1.d3.-r0.-r2.f0.-r3.-d2.d1.-r2.r3.-f3.r2.f1.-d0.f3.-d1.-d2.-f2.r2.f2.d3.-f2.-d3.-f3.-d2.-r1.d2.-r3.-d1.f2.-r1.d1.-f2.-f2.r1.-f3.f2.-r0.r1.r3
49,-r0.-f0.d3.-f0.-d1.d2.-r1.f0.f3.r0.-d1.-f2.f1.-r2.-d2.-r1.-d1.d0.-f3.-r2.-r2.-d1.-d1.-d2.f3.-d1.-d2.-d2.-r0.-r0.-f3.-r1.-d0.-d2.-r2.-r3.-r3.r1.f0.-d2.r3.d3.-f2.-r0.f0.f2
50,-r3.-d2.d0.-f3.-d1.d0.d2.-f1.r1.-f2.d2.-f3.f1.r1.f2.r0.r1.d2.f0.r2.-d3.-f0.-d3.-r2.f0.-r2.f0.r1.-f2.-r3.d1.-r2.r3.-f3.d1.r0.-f2.-d3.d1.f2.d0.-f3.-d3.-r0.-r3
51,-d2.f2.r2.-f1.-d1.-f1.-f3.-f3.d3.-f2.-r1.f2.-d1.-d2.r1.-d1.f2.d0.r0.-d0.r0.-d1.r3.d1.-r3.-d2.-r0.-r0.f1.r1.-f3.-d0.-d1.r1.r2.d1.d2.-f0.-f1.-d1.-r1.d3.-f1.-f3.-r1.f3
52,d1.-f0.d1.f2.d1.-r3.d0.r2.-f1.-f1.d3.r0.d0.d1.-r3.f0.-r3.-r3.-f0.r1.-d3.f0.-r2.-f0.r0.f0.-r0.-f2.f0.f3.r3.-f1.f0.r2.f1.-d2.d0.r0.d1.-r1.-d0.-d2.f2
53,-d1.f0.f2.-d0.f1.-d0.f0.r2.f0.-d1.r0.d2.-r2.f0.-r2.-f3.-r1.-r3.-f3.-r0.f1.-r1.-f3.r1.r2.-f1.f3.-r1.r2.-d0.f0.d2.-f0.d1.-f1.-d1.f1.d0.-r0.d2.-r2.-r2.-d2.r1.-f2.r2
54,-d2.f1.-r1.d1.r0.r2.-d1.-d2.-f0.-d0.-d0.-d2.r2.-f0.d2.r0.r3.f3.-r0.r2.f1.-r2.-d0.-d2.-f0.d2.d3.f3.r0.f3.d3.r3.-d3.-d3.f3.-d0.-r3.r0.f3.r0.-d3.-r0.-d3.r0.-d3
55,-d2.-f0.d1.f3.-d1.f2.-d3.-f2.f3.r0.d0.-f3.-r0.f3.r1.f1.-d2.-f1.f3.d2.r3.d0.d3.-r0.r1.-f0.-r0.-d3.r0.d3.r3.d3.r0.-d3.-r3.r0.-f0.r0.d0.r3.-f3.d3.f3.r0
56,d3.-f1.f2.r0.-d3.f0.d3.-r1.-d0.-f1.f0.-r2.-d2.f2.r2.-d0.-d0.r1.r3.-f3.-r1.-f2.-r3.-d0.-d0.f3.-r0.-d1.d2.r1.d1.-r1.-f3.d1.-f2.d2.-f1.-r2.f2.-d0.f1.d0.-f1.r2.d2.f1.-d2
57,-f0.f3.r0.-d3.-r3.-d3.r1.r2.-f1.-f3.d1.-f0.-d2.-r3.-f0.-d1.f3.-r2.f0.-r3.-d2.-r2.r3.-f0.-r1.d0.r0.-d2.-r2.f2.r2.f2.-d0.-d2.r1.d0.-r1.-f1.d2.-f2.-f2.f1.r1.f2.d2.f0
58,r1.f2.f3.-r1.d2.f3.-d0.-r2.-r3.f1.-d0.-d3.d2.-f3.d0.d3.r1.-d3.-r3.-d3.-d3.-f1.-d3.f0.f1.-d0.-d0.-r0.-r0.f3.-d0.r3.-f0.-f0.-d0.-d0.f0.-r0.f0.-r0.f0.-r0.-d3
59,r1.-f1.r0.-f1.f2.-d2.f0.r0.-d1.d0.d3.-r3.r2.-d1.f2.-d1.-f2.-r2.-d3.-r2.-d1.r2.-f3.d3.f3.r1.-f2.-r1.-f3.r0.d3.-r0.-r3.f3.-d0.-f0.-d3.d0.-r3.-f0.d0.-r0.-f3.d0.f3.-r0.d3.f0
60,d0.r2.f2.d3.r2.-f0.-f2.-d3.r0.-d2.-f1.f2.-r2.-r2.d3.-r3.-d1.d3.r1.r2.f0.-r1.-f2.-r2.r0.d2.-r0.-d2.-r3.-d0.-r3.-d3.-f0.-f0.-d0.-r3.r0.-d0.f0.r0.f0.r3.-f3.f0.d0.-f0.-r3.d0.r0
61,d2.-r2.d3.f3.-d1.-r2.d0.-r1.-d0.-f2.-f2.-r2.f1.r2.-f3.-r2.-f0.-d3.f0.-r1.f2.r0.d3.-r0.-f1.-f2.r2.-f0.-d3.r3.d3.f3.d0.-f0.r0.-f0.-r0.-d0.d3.-f0.r0.-d0.-d0.-d3.r3.-f0
62,-f3.f0.d3.-r3.d2.f0.f1.d0.-r1.-f3.r1.r3.f3.-d3.-r3.-d0.f0.f1.f3.-d0.f0.-d3.-r3.-d0.r2.-d3.d1.r2.-d2.d0.-r2.-f2.d3.-r3.-f1.-r2.f1.r3.-d2.-f1.r2.-f2.-d1.f1.d2
63,-f3.-d0.-f3.-r1.f2.-r0.-f1.f0.r1.-d1.-f0.f3.-d2.-f0.d2.r1.-d2.d3.-r0.d3.-f0.-d3.r0.d0.d1.f2.r0.f0.-r3.d0.r0.-f3.d0.f0.r3.d0.r3.-d3.d0.f0.r3.f0.-r3.r0.-d3.-d3.-r0.-r0
64,-r0.-f2.d3.r2.f1.-d0.-d0.-r2.-r2.r1.-f0.r1.d2.-f2.-d3.-f0.-f2.-d2.f3.-d3.-r1.-r3.-d3.-d3.-f0.d3.-r3.-d3.f0.f2.-d3.-f2.-r3.-f3.-d2.-r3.f3.d2.d3.-f0.-d2.-f3.d2.f0.f3
65,-f3.-d1.f3.-r2.-d1.d3.-f1.-d2.f0.r1.f0.d3.-r3.r2.f3.-r0.-f0.f3.-r1.-f3.-r3.-f3.-r0.-r3.f0.-r0.-f3.d0.f3.-d0.-d3.f3.-r0.-f0.-r0.d3.-f2.-d3.-f0.r3.-d3.-r3.-f0.-f0
66,-f1.f3.r0.f3.-d2.-r1.-d2.d1.-f1.r0.d1.f0.r2.-f2.-r1.f0.d1.r1.d2.r0.-f2.-r2.-f3.r2.-f1.-r2.-d0.r3.d0.r2.-d0.d1.r2.-f0.-r1.d0.-r2.d3.f1.-d0.-d3.r1.-f0.r2.f1.-r2.f0
67,d1.d3.r2.-f3.f1.-d0.-r1.r0.f1.d2.d3.-r2.-f3.r0.f1.-r0.f0.-r1.-f0.d2.d3.f3.-d3.-r3.-d1.-d2.r0.-d0.-f0.-d2.d0.-f2.f1.-d3.r3.-d2.-r3.d2.d3.-f1.-d2.r1.d2.-r1.f0.f2.r1.-f0
68,f3.r2.d3.-r2.r3.-d3.d1.-r3.-d0.-f2.-r2.f2.d0.-r3.d3.-r1.-r2.-d0.-d2.-d3.f1.d0.f0.-d2.r0.r3.d2.-f1.-d0.r3.-d3.f3.d3.f0.-r3.d0.f0.-r3.f3.-d0.-r0.-r3.f3.-r3.-d0.r0.-f0
69,r1.-f0.r2.d2.-f0.-f3.-r0.r3.d1.f2.d0.d1.-f1.-d0.-d0.f3.-d3.-r0.r2.d3.-r2.-d0.f3.-r3.-d0.f0.d2.d3.f0.-d0.-r3.-r3.-d3.-f3.-r0.-f0.-r0.-f3.r3.f0.r0.r3.-d0.-d0.f3.-r0
70,-d1.r2.r3.d3.-f3.r1.-d3.d2.r2.-f1.d0.d2.f1.-d3.-r0.d0.-f1.-d3.f1.r0.-f3.f0.r0.f0.-d3.-r1.-r3.-d3.r3.-d0.-r0.-d0.-f3.d3.r3.d3.f0.-r0.-f3.-d3.-d3.f0.d3.-r0.-d0
71,f0.d3.r3.-d0.-f2.d3.f3.r1.f1.-d3.r0.r3.f1.d3.-r1.d3.r0.r1.d0.r2.d0.-f0.-d0.-f3.d3.f0.-r1.-f0.d0.r3.f0.-d1.f1.d1.-f0.-r3.f0.-r2.f3.r2.-f3.-r0.d1.-r1.-d1.-r3.-d0.-r1
72,-d0.-f0.d3.f3.-d1.f3.-r0.-r0.-d1.-r3.f3.-d3.-r0.f1.f3.-r0.-r1.f1.f2.-d0.-d0.f0.f2.-r0.-r1.-d3.r1.d3.r0.-f1.-f2.d0.r2.d1.-r2.f2.-r1.d1.d2.-f2.r1.-f0.-r1.f0.-d2.r1.f3
73,-d2.-f2.f1.r3.-d2.f1.r3.-d3.-f2.d0.f0.-r3.-f2.-r3.-f0.r0.r1.-d2.-f3.f0.-r1.-d1.f3.d3.-f3.d1.-f1.r2.f3.r1.f1.-d2.-f2.-d0.-r1.-f1.r1.-d0.-r0.d1.-f2.-d1.f2.r0.-d1.d0
74,r1.d1.r0.-d3.f0.f3.-d3.-r2.-d1.-f0.d0.d2.-r2.-d0.r2.d3.-r3.-f0.-f0.f3.-r0.f2.-r1.-f0.d2.-f0.-f2.d1.r1.-d0.-d1.r2.d2.-f0.-r2.f0.d0.-f1.-d1.f1.d1.d3.f1.-r1.-r2
75,-d3.-f3.r2.-f1.d0.-r0.d0.f3.d1.-r0.-d0.-d3.f3.-r0.-f1.-d3.-r2.-d0.-d0.-d2.f3.-d1.d3.-r3.-r3.d1.r3.-f3.-d0.-d0.-f0.f2.r2.-f1.f2.d3.r1.-d3.-r1.-d3.-r1.-r1.f2.r1.-f2.r1.-f2.f1
76,-f1.f0.-r1.-f2.r0.-d3.d1.-r2.-r3.f1.-d3.-f0.-d0.d1.f0.-d2.r0.-d2.d3.-r0.d3.r0.-d1.-d3.-r0.-r2.d2.-f0.f2.r3.d2.-r3.-f3.d1.-f2.-r2.d2.-r1.-r1.-d1.-r3.d1.-r1.r3.-f2.-d2.f2.d2.-r1
77,-r0.-f2.-d0.r0.r2.d3.-f1.-f1.-r3.-f1.f3.r3.d1.-f3.d1.f3.d1.-r2.-d0.-d2.f3.-r0.-f0.-d3.-f3.-f3.-r1.-r1.-f3.-f3.-d3.-r2.-r3.-r3.-f1.r1.f1.f3.-r2.f1.r2.-f3.-r3.r2
78,f0.f2.-r2.-d0.d3.-r0.-f3.f1.-d1.-f3.-r2.f2.-d0.d3.f1.-d0.-f3.-r3.-f1.-r1.-r1.-f2.d3.r3.f3.-r3.-d1.d3.-f2.-f2.d3.-f2.r2.-d0.d1.-r2.d3.r2.d0.f1.-r2.-f1.r0.r1.r2
79,-d1.-r1.-r3.r0.f0.-r1.d1.f2.-r2.-r2.f0.d0.-r1.-r1.d3.-r0.f0.-d3.-f0.r0.-d3.-r0.d3.-r1.-f2.d0.r3.f3.r3.f0.-r3.-f3.-f3.d3.-r0.-f3.r3.f0.d3.-r0.f3.r3.-d0.f0
80,-r3.-f0.-f0.-d2.-f3.d0.-r3.f1.r1.f3.-r2.-r3.d2.r0.f1.r1.-f0.-d3.f3.-r0.-f2.-d2.-d2.f2.r0.-d0.-r0.-r1.f0.r1.-d0.-d3.f1.d3.f1.d2.f1.-d2.d0.-f2.-d0.f1.-d2.f1.d2.-f1.d0
81,f0.d1.-f0.d0.-r0.d0.-r2.r1.-d1.-r1.f2.f3.-r2.r0.f3.-r2.-d3.-r3.-d0.-d0.r0.-f3.f2.r0.-f2.-r0.d0.r3.-f0.f3.-r3.-d3.r0.-f0.-d3.d0.r0.-f3.r0.-f3.-r0.r3.-f0.-f0.d3.r0
82,-f3.r1.r3.f1.f2.-d2.d0.-r0.-d3.r0.r1.-d3.-f3.-d3.f2.d1.d3.r3.-d1.f1.-r3.f0.f2.-d3.f2.-r2.f1.f3.-r3.f0.-d2.-f0.-d1.f0.-d0.r3.f1.-r3.d0.d2.-f0.d1.r3
83,d3.r2.d2.r0.-d2.-r1.-f0.f1.-r3.-d0.f1.-d0.-d0.f3.-d0.-f0.-f2.-r0.-d0.r0.-f3.f2.r0.-f0.-r0.d3.r0.f0.f2.d0.f1.d3.-f1.-r1.d3.r1.f1.-d3.-f1.-f2.d0.-r2.d2.r2.-d0.r2
84,-d0.f3.d2.-r3.r1.-f2.f3.-d3.-r2.f0.-r2.-f0.-r1.-d2.f2.-r1.f2.-d1.r1.f2.d1.-r2.-d3.r1.-d2.-f2.d2.-r3.r2.d0.-r0.d0.r3.-f0.-d3.-d3.-r3.-f0.-r3.-d3.-d3.f3.-d3.-d3.-f0.-r0.-f0
85,r2.-f3.-r3.f2.d3.-r3.-r3.d1.d3.-f2.-d0.-f1.-r2.-d0.f3.-d0.f2.r2.-d0.-d0.-r3.r2.-f3.-r3.-f1.-r2.-f3.-f3.f2.r2.-d1.-f0.-f3.f1.r1.f0.-d3.d1.d2.f2.-d1.r1.-d2.-f2.d3.f3
86,f1.d1.f2.r3.d0.r1.-d2.f2.-r2.d0.r3.-d1.-f2.-d0.-f0.d3.-f3.-r3.r0.-f0.d1.r0.-d3.d2.r0.-d0.-f0.d3.-r3.r0.-d0.-f0.-d0.-d0.r1.f0.-r3.-f0.-r1.f0.f3.d3.-r3.-f0.-d3
87,d0.-r1.d1.-f2.-r1.-f0.f1.-d3.d1.-r1.d3.-f3.-r1.f1.f2.-r3.r2.-f3.d0.-r0.-f3.d3.r3.f0.d1.-f3.d3.-r3.d0.-f0.d0.-r3.d0.-f3.-d0.-d3.r3.-f3.-d0.-d3.-r0.-d3.-r0.d3
88,f3.d1.-f0.r0.f3.-d1.-r3.d3.f0.-d1.f0.f1.d1.-f0.r1.d3.r0.r3.-d1.d2.-r0.-d0.-r3.-r3.-d2.-r0.-r3.f0.f3.-d3.d0.d1.-r3.-f0.f3.d0.d3.-r3.r0.-f0.-r0.r3.-d0.d3.-f3.-d2.f3
89,-d1.-f3.-d0.r0.r1.f3.d2.f1.-r2.r3.d1.-f2.-f3.r0.r3.-d1.-r2.r0.d0.-f3.-r0.d3.-f0.r1.d0.-r1.r0.-d0.f0.-d3.r3.f3.-r0.-f0.d3.f3.-r3.r0.d3.r3.-d0.f3.r0.f0.d0.r0
90,-r3.d2.f3.-r1.d1.f3.-d2.r3.-f1.-f1.-f2.-f2.-d3.-f3.f0.-d3.-r0.d0.d3.r3.-f3.-d1.-d1.f3.-d0.r0.-f3.-d1.d3.-r2.f1.r2.-f1.-d3.f3.r1.f0.-r2.d1.-f2.f1.r2.-d1.-f2.-f2.r2.-f2
91,-r0.d3.-f3.f0.d2.-r3.d3.-f3.-d0.-r3.r0.d1.-r1.-f0.r0.d1.-f3.d2.r0.d0.r3.f2.r3.-f0.f2.-r3.d2.r3.-d2.-f2.f0.r0.r2.r3.d1.f2.-r0.f2.-r3.f2.r2.d1.-r2.-d1.-r3.r0
92,d0.f1.-r2.d2.f0.d3.-f1.-f2.d1.-r3.r2.-f0.-f3.f1.-d0.r3.d1.f2.r3.-f0.-d0.r0.-d3.r3.f0.-r1.-r3.-d3.-d3.-r0.-d3.f0.d3.r3.-d3.-r0.-d3.-f0.-f0.d3.f0.-r0.d3.f3.-r3
93,d2.f0.f3.d1.r2.-d2.d3.-f1.r3.-d0.r2.f3.-r1.d2.-r1.-r1.-d2.-r1.r0.-d2.-r1.-d1.-f3.d3.f3.-d0.d1.d3.r0.-f3.-d0.-d0.-r0.f0.-r3.d0.-r0.f3.d3.-f3.r0.-f0.-d3.f3.-d3.-d3
94,-d2.-f1.-r0.-d2.-f3.-r0.-f3.-d2.r0.-f2.f1.r3.-f1.-f3.r0.-f1.-f3.-r0.-f0.-r0.-r0.-r3.d0.r3.-f3.-d3.f1.d3.-r0.f1.-d3.f3.d3.f2.-d3.f0.-r0.-r0.-f3.-f3.d3.-f0.-d3.-f1.-f2.f3.d3
95,r0.d0.r3.f3.-r2.-d0.r1.-f0.-f2.d0.r3.f2.r3.d0.r1.-f3.d2.-f0.-d2.f0.-r2.f3.r3.-f0.r0.-f1.r1.d3.r1.d1.f2.d0.r1.-f3.d1.-f1.f2.-d1.f3.r1.f1.-d1.-f1.d1.-r1.-d1.-r1.-d0
96,-r1.-r1.-d2.f1.-r3.d2.-f3.d2.-r3.f0.-r3.-d3.-r3.r0.d2.-f3.-r0.d3.-f2.-f1.-d3.f2.r0.-d0.-d0.-f0.-r0.f0.d1.r0.f0.-d0.-d3.f0.r3.-f0.-d0.f3.r0.r3.-d1.-d2.-r3.-r0.d1
97,-f0.-f2.r1.-d3.-r3.-r3.f3.-r3.-f3.-d1.-r3.-f0.-f3.r0.-f0.d2.-f3.-f3.-d2.r3.f3.d3.-r3.r1.-d2.-f0.-f1.f3.r3.-f1.-f1.-r3.-f0.-f0.-r1.-f1.r2.-f0.d2.f1.-d2.f0.-r1.-r2.-f0.-f3
98,-r2.-f3.r1.-f0.f1.f2.r1.-d3.-d3.-f2.-r2.f2.r0.d2.r0.d2.-f3.r2.-d2.d3.-f3.f2.r0.f1.-r0.d3.f3.-d0.-d3.r0.f0.-d2.-f0.-f1.f3.d2.-f3.-d2.-f3.f2.-r3.f2.-r2.-f2.r3.-f2.-r2
99,f2.-r2.d2.-f3.-d0.-r3.r1.-d1.f0.-r1.f2.f3.-r0.-f3.-d0.-d3.f1.-d3.r1.-f2.-r0.f2.-r2.-r2.f1.-r2.-r3.-f3.r0.-f0.-d0.-r0.-d0.-r3.f3.-d3.-r0.f0.-d0.r3.-f3.-d0.-d0.d3.-r3.f3
100,-d2.-r1.f0.d1.-r2.r1.-d0.r1.d1.d3.-f2.-r0.-r2.-d3.f0.r2.-f2.-r2.-f2.r2.f2.-r0.-r3.-f0.r1.r3.f0.-r0.-f3.d3.-f0.-f3.-d3.-r3.r0.-d0.-r0.r3.f3.r0.f0.d3.-f3.d0.f0
101,-f1.r3.-d0.-f0.-d0.-f2.-f2.-r3.d3.r1.-f3.-r0.f1.r3.-d1.r3.-d2.f0.-r1.f2.d2.r3.-f2.r1.d1.f2.d2.r2.-d2.f0.-r3.-r3.-f1.-r2.-f0.-d1.-d1.f0.f1.-r2.-d1.r2.d1.f1
102,-r0.-d3.-r3.-d0.-f3.r2.-f3.d0.-r0.r1.-d1.-d2.-f3.f1.d2.-r2.f3.r2.-d0.-r2.-r3.r0.f3.r3.-d0.f0.r1.-d0.-f1.d0.f1.-d2.-r1.-f2.-f3.-d2.f3.-r1.-f2.-r1.d2.-r1.d1.f0.-d2.-f2.d2.-f0.-d1
103,-f0.-f2.d3.-f0.-f0.-f1.-r0.-d1.-d1.-r1.-r3.d2.-r0.-r0.-d3.-f2.-r1.-d0.r0.d0.-f1.d0.f1.-r2.-d0.-d0.-r0.r3.-f0.-f0.r0.f0.d3.-f3.r0.-d1.-d2.r0.d3.-r0.d0.f0.-d0.-f1.-f2.d3
104,f0.-d3.r3.f1.-d0.-f3.d3.r0.d2.r1.d0.-r0.-r2.r1.-d3.-d3.f0.f2.d0.-f1.-d0.r0.f2.-d3.r2.-f2.r0.f3.-r0.d3.f2.-r2.-d3.-f2.d3.f3.d2.-f3.r0.r2.d3.-r2.-d3.f2.-r0
105,-f1.f2.d1.-r0.-d3.d0.f2.-r2.f3.-d2.-d3.f3.r3.d2.-f3.d0.-r1.d3.f1.-d0.-r0.-d0.r0.f2.r0.-f2.-r0.f3.-r3.-d0.-f3.-d3.-f3.d3.f3.d0.f3.-r0.r3.-d0.-f0.-f3.-d0.-f0.-f3.-d0
106,d0.r3.d3.-f2.r1.-d2.f1.f3.-r0.-d3.r3.-f0.d2.f2.-r2.-d2.-r2.-d3.r1.-f2.-r1.d2.d3.f2.-d2.-r2.d0.r0.r3.-d3.-f0.-d0.r3.f0.-d3.d0.f0.-d3.d0.-f0.r0.-f0.d0.r0.d0
107,-f3.d1.-r3.-f0.-f1.-d3.-r3.d3.f0.-d0.d3.f0.d2.-r2.f1.d2.-r3.-d3.r3.f3.-d2.-f3.r2.f1.-r2.-r2.-f1.f2.-d1.f3.d2.-r2.-d2.-f2.-d0.-d2.-f0.d1.f0.d2.-f0.-d1.-r0.d1
108,-d0.r1.r2.-d0.-f2.-r2.d1.-r3.-f2.-r0.f0.d1.r3.-f2.-f3.-r1.r0.f0.-r2.f0.-d2.-f0.d2.r2.-d0.d3.f0.-r0.-d0.-r3.r0.f3.r3.f3.r0.d0.-f0.d3.-f3.-d0.-d0.-r0.-d0
109,d0.r0.r3.f3.-r2.r1.f2.f3.r3.-f3.-f3.r3.-d1.d2.f0.-d2.f0.d0.d1.f0.-r3.r2.-f0.-r2.f3.d2.-f2.-f3.-r2.-r2.f2.r2.-f3.-d2.f0.f3.r0.f2.d2.-f2.-r1.-r3.f2.r2.-f2.-r2.-r2.f1
110,d2.-f0.-d0.r2.f1.-d0.d1.-f2.-f3.-r1.f2.-r3.-f1.r2.f3.-d1.-r3.-d2.f0.d0.-f0.-f0.d1.r0.-d1.r3.-f3.r3.f0.-d3.-f0.-d3.-f0.-r3.r0.f0.r0.-f0.r0.d3.r3.-f0.-f0.f3.d3
111,-f0.-d1.-f0.-r2.d2.f1.r0.d3.f1.f3.r0.f1.f3.r2.-d1.-f3.f0.r0.r2.-f0.-f0.r1.-f0.d2.-f0.d0.f1.-r2.-d0.-f0.r2.-d3.r1.-d1.d3.-r2.-d3.r2.d1.-f1.-r1.-f0.-r2.r1.f1.-r1
112,-d3.-r1.f1.-r3.-f2.-d1.-d2.d0.-f1.-r1.-r2.-f1.d0.f1.d0.d1.r2.-f1.-r0.-f0.-f3.-r3.d0.-f0.-f3.-d2.-r3.f0.r3.-f3.-d3.-f3.r3.-f3.-r0.-r3.-f3.d0.-r0.-d0.r3.-f0.-f3.d0.f0.r3.-d0
113,-f3.r1.-f2.-d3.-r3.-d0.-f0.-f3.r2.-f3.-d2.r2.f0.-r2.-r2.r1.-d3.-d3.-f0.-f1.r3.f0.-r3.f0.-d1.r1.f1.d0.-r1.-d0.d1.d2.-f2.-d1.-f3.-r3.f2.r3.f2.-d3.-f2.d3.-r3.-f2.r3.f2
114,f2.-d3.r2.d2.-r3.r2.d0.-f0.-f0.d2.-r0.-d2.-r0.-r1.f3.r1.r2.-d1.-d2.-r0.-r3.-f1.-d0.-r1.-f0.-f3.r2.-d0.-d3.-r3.-f3.-r3.-f3.-r3.d3.-f3.-r0.-r0.-f0.-r3.d3.r0.f3.r3.-f0.r0.f3
115,-d0.r3.f0.f2.d0.f3.r3.-d0.-r1.-f0.f1.r2.f2.-r0.-r1.-f1.d2.r0.f2.r1.d1.-f2.d0.f0.f2.-r2.-f2.-d0.r3.-f0.-f2.-r2.-d2.-r0.d2.f0.r2.f0.-d2.-f0.-r1.-f2.-r2.-d2.r2.f2.d2.r1
116,-d0.r0.-f0.-d0.-r0.-d3.-f0.-r3.d0.-f1.f3.-d0.f0.-d2.-r2.-f2.-f3.-r2.-f0.-r2.r1.r3.-f3.r0.-f1.-f2.-r2.f1.-d2.-r2.-d0.f1.-d2.-f1.-r0.f1.r0.d2.-r2.-f1.r2.d0.r2.d2.-r3
117,-f3.-r0.-f3.-r1.r2.-f0.r0.-d0.-d2.-f0.r0.-d1.-d1.-d3.r3.f0.f3.-d3.-f0.d3.-f1.-d1.-f0.r0.f0.r2.d1.-r2.-f0.-d2.d3.-r2.-f2.-d0.f2.r2.f2.-d1.-d2.-f2.r1.f1.-r1.-f1.-d3.d2.-r2.-f2
118,d3.-r2.f3.-r2.-d3.-r3.r2.f2.f3.-d1.-r2.r0.-d2.-r3.d2.-f1.-d1.r3.f3.-r1.-f3.-r0.d2.r3.-d2.-f0.-r1.d2.r1.f0.-r0.-r0.-f0.r2.-d3.-f0.d1.d3.-r2.-d3.-r1.f2.r2.-d1.-f2.r1.f0
119,-f0.-d3.f0.-d1.r1.d3.-r3.-f3.r1.-d0.f2.d1.-f3.-f3.-d0.-d1.-f3.-d2.f3.-d2.f0.r0.r2.f0.d3.-r0.r2.f3.-r2.-f3.f2.-r2.-f1.d2.-f2.f1.-d1.r0.-d1.-f1.-d2.f1.d2.-f2.d1.f1
120,-f2.f3.-r3.f3.d0.r3.f1.-d0.-f1.r0.d1.-f0.-d1.-f0.d0.f1.r1.d3.-f1.-d0.-f0.-d2.-d3.f2.d2.-f2.-d2.-d3.r3.d2.f2.d1.f2.r0.f2.d1.-f2.-r0.-r2.-d2.-f2.-d1.-f3.-d1.-f2.d1.f3
121,r0.-d1.-f3.f0.-d3.f0.-r1.f1.-r0.-d1.-f3.-f3.-r0.-d1.-r0.d1.f1.-d0.-r2.-d1.r0.-f1.-f1.d0.r0.r1.f0.-r1.-f2.f0.-r2.r3.-d2.-r3.r2.d2.-f0.-f0.f2.d3.f1.d1.-f3.r1.-f1.-r1.f3.-d3
122,-r0.-f0.d0.-r1.-r2.-f0.r1.-f2.r0.-f3.-r2.r0.f0.r0.d3.r0.-f2.-r3.-f1.r3.-d3.d0.r0.-d0.r3.-f2.-r1.f2.-r0.-r3.d1.-r3.-d0.r3.-d1.-r3.r1.f1.-r1.-f1.d0.f1.r3.d2.-r2
123,-r0.-d0.-d3.d2.f3.d0.-r0.f1.d2.r3.d3.-f3.f0.-r0.-f0.-d3.-r3.r0.f0.-d1.-r3.-d0.-f3.d2.f3.r1.-d0.-r1.-f2.d1.f2.d0.-f1.r1.-d1.-d3.f2.d3.-f1.-r1.f1.-d1.d3.-f1.d1.f1.-d3.f1
124,-r1.-d2.d0.-r0.r1.d2.-f1.-f3.r3.-d0.-r2.f3.-r3.r0.r1.f3.r1.-f3.r2.f1.-d2.-f1.-r2.-r3.d0.r1.-d3.-f1.d2.d3.r2.-d2.-d2.-r3.r0.f0.d1.-f2.-r2.-d1.r2.-f0.f2.r1.-f3
125,d0.r3.-d1.f0.-d3.-f2.f0.-r1.-d1.d3.f3.-d2.-d2.-r0.-r0.-f3.-r2.-r2.-f3.-f3.f0.-d3.-d3.d2.-f3.d1.-r0.f3.r3.-d0.-d0.-f0.-f0.-r0.-d0.-d3.f3.-r0.f0.d3.-f3.-r0.f0.r3.-d0.-f0
126,-f1.-r3.-d2.-d3.d1.r3.-f2.-d0.-f1.f0.d3.-f0.f2.d2.-r0.-r1.-f0.-r3.f0.-r3.-f2.r3.-d0.-f0.-r3.-f2.f0.d1.f1.f2.r2.-f1.r3.f1.f2.r3.-d0.-f2.d0.-r3.-f1.d1.-r2.-r2.-f2.f1.r2
127,f3.d3.-f2.f3.r3.-d1.-f3.-r3.d1.f0.d1.-f2.-f3.d0.f1.-r0.r1.-f0.-f0.f2.d3.f0.f3.d0.d3.-r0.d2.-r0.-r3.-f0.-f1.-f1.r0.-d2.r3.d2.-r0.-r3.-f0.-f1.-f1.-r0.-d1.r0.d1.f0.-d1.d3
128,-r2.-d3.-f2.f0.r2.r3.-f3.r0.r3.-f1.r2.-d0.d3.-r3.f1.-r3.d1.f0.-d0.-d3.-r3.d2.f3.-r3.f3.-d2.f3.d0.f0.d0.-f3.-f3.d0.d3.r0.-d0.-d0.r0.f3.-d0.-r0.d3.-f3.d3.-r0
129,d2.d3.-f3.-r0.-d2.-f0.f2.d0.r2.f2.r0.-d2.-f0.f2.d2.-r1.d3.-f2.r1.-f1.-d2.-f2.f0.f3.d2.d3.f3.r3.d3.f3.-r0.f0.-d3.r3.d3.f3.d0.r3.d0.r0.f0.d3.-f0.-r0
130,-r0.-f0.-d0.d2.r3.f1.-r0.-f2.-r0.r1.-f2.-d1.-f2.-r1.d3.f2.-d3.-f2.-f2.d0.f0.r3.d3.-r2.f3.-r3.r2.-f3.r0.f3.-d3.-r0.-f3.d0.f0.d3.r0.d0.r3.-d0.-d0.-f3.r0.f0.d3.r0.-d3
131,f2.-d3.-f1.d1.r2.-f1.-d1.r2.-f0.d0.f2.r0.d3.f0.-d0.-f0.-d0.-f0.d3.-r0.d1.f0.-d0.-d0.-f0.f3.-r1.-f3.d2.r2.d1.-f0.-r1.-r2.-r2.-d2.-d2.d1.-r2.-f0.-r2.-f1.r2.f0.f1.r1
132,-r0.-d0.r3.d2.r3.f0.d1.f2.d0.d1.-r3.-f2.-r3.f3.-d0.-d2.-f3.-f3.d1.-f3.-d3.r0.d2.-r0.r3.-f2.-r0.r3.-d2.-d2.-r3.-f1.-r0.-r2.-f1.r0.d1.f2.-d2.r1.d1.r1.r2.-f1.r1.-d1.d2
133,-d1.f2.r1.d0.-f0.r3.-f2.d0.-r2.-f0.d2.f2.-r0.-f1.-d0.-f2.r1.f2.-d3.-d3.-f2.d0.f0.r0.d2.-r3.-d2.-r0.r3.f2.-r2.-d0.-f2.-d1.f2.-d3.r0.r3.d0.d3
134,f0.r1.-f2.-f2.r3.-f1.-d2.-r0.-d2.r1.d0.r3.-d3.d1.-r0.d3.-r0.-f0.-r0.d3.-r0.-f0.r0.f0.r0.d3.-r0.-r0.d3.-f0.-d0.-r3.d0.-f3.-f3.d2.f3.d0.-f3.-d2.-d2.-f3.-f3.-r3.-r3.d1.-r3.-d1.f2
135,r0.f0.r3.d0.r3.f3.-r3.-d3.-f3.-d0.-f2.-d1.-r1.-f3.r2.-f3.r0.d2.r0.r1.r2.f1.r1.r3.-d1.r2.-d3.-r3.-d0.-d1.d2.-f2.d0.r1.-f1.-d1.-r1.-d1.-r1.-d1.-f3.-d0.-d3.f2.d0.d3
136,-d1.-f0.-r1.-d1.-f0.r3.-d1.-f2.d0.f3.r3.-f3.-d0.r3.-d0.-f3.-d0.-d0.f0.d1.-f3.r0.d0.-r3.d0.-r3.-r3.-d3.r1.-d0.-d0.r2.d3.-r2.-d1.-d2.d3.r1.r2.d3.f2.-d1.f1.-d3.-f1.d1.f1
137,-r2.-f1.d3.-f2.-f2.d3.-f2.-d3.d0.d1.-f3.-d3.-d3.-r3.d2.r0.d1.-f1.d1.-f2.d0.r3.d1.d2.d3.-r1.-r2.-d1.-f3.d1.f0.-d1.d2.f0.-r2.f1.d2.-f1.r2.f3.-r1.-f0.d2.-r1.-d2.r1
138,-r2.-f1.r3.-d0.-r2.-f2.-f2.f1.r3.f0.-r2.-f1.-d1.-r0.-d0.-d0.-r0.f3.-d3.-f0.-f3.-r1.r3.f2.-r3.-f1.-f2.-r1.-r1.-r3.f1.-r1.-d0.-d0.f1.d0.r1.d1.-r1.d0.r1.f1.-r1.-f1.-d1
139,-f1.-r1.-d0.-f3.f0.-r0.d3.-f3.f0.-d3.-f1.-d1.r2.d1.-r0.f3.-r2.r0.-f0.-d1.r3.-d0.-r3.d0.-r1.-r1.r2.d1.-r0.-r3.-f3.r1.f3.-r1.-r1.-f1.-f1.d1.-f1.-f1.r3.f1.r0.r3
140,r2.-f0.r3.-d2.-r1.d0.-f0.d1.-f0.d1.-r1.-r2.-f2.d3.f2.-r0.-r1.r2.f1.r3.d0.r0.-d0.-r1.f3.-r3.r1.d3.-f0.r0.r3.f3.r0.d0.-f0.d0.r3.-d0.-f0.r3.-f0.-r0.-f0.-d3.f0.r3.f0
141,f3.r1.d0.-r3.-d0.f1.-r1.f2.d3.-f0.-d1.-r0.-r3.f3.-d1.-f3.r0.d0.f3.-d0.-r3.-f2.-f3.-r1.f2.-d1.r1.r2.-d0.r0.f1.-r0.d1.r1.f2.-d1.-f2.-d1.-d1.f1.-d1.f3.-d1.-f1.d1.d2
142,-r2.-d1.-f3.-d1.d3.-f1.-r2.-d0.f2.-r3.-r3.r0.r1.-d3.-r0.r3.f2.-r0.-d0.-d0.-r0.-f2.d1.f2.-r1.-d1.-r0.-d3.-d3.r3.-d0.-f0.f3.r3.f0.-r3.d0.-r3.d0.r3.-d0.-r3.d3.r3.f3.-r3.r0
143,-r3.d3.-f0.-r1.-d3.f3.-d1.-r1.f2.-r0.-f1.-r3.d0.f1.f3.-d2.-r3.-f1.-f2.-d0.f2.-r0.f1.-d1.-f1.d3.-f0.-r0.-r0.-d0.r3.-d0.r0.r3.-d0.-r0.-d3.-r0.f3.-d3.-f3.r0.-d0.-r3
144,-f0.r2.d2.-r3.f3.r2.r3.-f0.-d1.d0.f2.r1.d1.-r1.-r1.d2.-r0.d2.f2.d3.-r0.-r3.f0.-d3.-f2.d0.d3.-r0.d3.-f0.r0.f0.-r3.d3.r3.-d3.-r0.-r0.-d3.-d3.-f3.-d3.-f0.-f0.-d0
145,-f1.-r1.-r2.-d2.d0.-r3.f0.d3.-f3.-r2.d3.-f2.-r2.f0.-d3.f0.r0.-f0.d3.f3.r3.d3.f1.d0.-f1.f0.-d1.-f0.f1.-d0.-r3.r2.d2.r0.-d2.-r2.d1.r1.-d1.f1.d2.-f1.-r0.-r1.-f1.-d2.f1.d2
146,-f2.-d2.-d3.-f3.-d2.f1.-r3.f2.f3.-r1.r3.-d1.-d1.-r3.-d1.d3.r1.f1.d0.-f0.-d0.-r3.-r3.f0.-r2.-f3.-f3.-d0.-r3.-d0.f0.d0.r0.f3.r3.-f0.-f0.-r3.-f3.-d3.-r0.d0.f0.d3.r0
147,d1.-r3.r1.-f0.d2.r2.-f1.r1.r3.-f0.-r3.r2.-d1.-r0.-r2.d2.-f3.-f3.-r1.f3.r3.-d0.-f0.r1.f3.r2.-f3.d3.f3.r0.-f3.d0.r3.d3.f0.f3.-r0.-f0.-d0.-d0.r3.-d0.-r3.d3.-r3.-f3
148,-r0.r2.d0.-f0.-d2.-f1.r1.-f3.-f3.-d2.f2.-r2.f0.-r1.-d3.-d3.-f3.f0.d3.-r1.r3.d0.r1.-d0.r1.r2.f0.d0.f0.d0.r3.-d0.-r1.-d1.-d2.f1.r1.-f3.-r1.-f1.r2.d1.-r2.-f0.-f0.r2.d2.-r2.f0
149,r3.f3.d3.f3.-d0.f2.-r0.-f0.-r2.f0.d3.-r3.r1.-f0.r3.d1.-r0.-f0.-d0.r2.-f3.-d3.-r2.-d1.-d2.d3.-r2.-f3.d0.d3.-f2.d1.-r0.-f2.r0.-f2.-d1.-f2.-r1.d2.r1.-f2.d1.r3.d1.r2.-d1.-d1
150,-r0.r2.-d2.f3.r1.f3.-r2.r3.-f1.-f1.d3.-r0.f2.r3.-d0.-d0.-r2.-f1.r2.f1.-r0.-r2.-f2.r1.f1.-r1.d1.f2.-d0.-d1.-f0.f2.r2.f0.-d0.-d0.-f1.-f2.-d1.-f2.d1.r2.-f2.-f2.f1
151,-f3.-d3.-r0.-r0.-d0.-r3.-d0.d1.-f0.d2.r2.f2.-r0.r3.-d2.-f0.-d0.f2.r2.d0.f0.-d0.d2.r3.-f2.-d0.-d2.-d2.-d3.f2.d0.-f2.d3.-f1.r2.-f2.-f2.f3.-r1.d2.r1.-f2.-f3.-r2.r3.d0
152,-d3.-r0.f0.-d0.-f0.-d0.-r2.d3.-r2.-f1.-r1.-f0.-f1.-r1.f2.-r1.f3.r1.d0.-f0.-d0.-f0.r0.-f2.-r3.f2.r3.d3.-r3.r2.-f0.r2.f0.-r2.-f1.-r0.d2.-r1.-r2.-f2.r2.f2.-d2.-r2.-r3.d1.r3
153,-d1.f2.d3.-r3.r1.-d2.f0.-d3.d1.r0.-f3.-r2.-f2.d1.-f2.-r0.d2.-f1.r0.f1.r2.d0.-r1.-r3.-f1.r1.f1.r3.r0.-f1.-r0.-d0.-r3.f3.f0.d1.f3.-d3.f0.r0.f3.-r0.-f3.-f0
154,-d1.r3.d1.f0.d1.d3.-f0.-f0.r2.-d0.r1.r2.d1.f0.r1.-f3.d0.f1.-r2.r0.-d2.-r1.d2.r0.f2.d0.r2.-f3.r3.f3.r2.-f1.-d1.-r2.f1.f2.r2.d1.-r2.-d3.-r2.-f2.-r1
155,-d2.-d2.-f2.-d3.r1.-f1.d1.-r1.d2.r0.d2.-r2.-d2.f1.d2.-f3.-d2.-f1.r2.-d3.-d3.r0.-d3.-r2.-r3.-r3.d3.r3.f3.r3.-f3.-d0.-d0.-d3.-r0.-r0.-d3.-r3.-f3.d3.-f3.f0.d0.f0.f3.d0
156,r0.d0.-r0.-d3.-f2.r3.-d3.-r3.f1.-r1.-r1.d0.-f2.r2.-d3.-f3.-d3.r3.-f1.-d3.f2.d3.-f2.-r2.d0.-r2.d0.-f1.-d1.f1.r1.d1.-r1.f2.-d0.-r0.r1.-d1.f0.r2.-f0.d1.-r2.-r2.r0
157,-d0.f3.-r0.d1.f0.d0.d2.-r0.d1.r3.f1.-d0.-d3.d1.f0.f2.-d0.-d3.f1.d0.-r1.r3.-f0.d0.d3.f2.d3.-r0.-d0.r0.r3.d0.-f2.-d0.-f3.-r2.r0.-d2.d1.f1.-d1.d2.-r0.r2.f3.-r3
158,d3.-f1.r0.d0.-r3.-d2.-d2.-r2.-d2.-d3.-r2.r3.d0.-f3.-d0.-d0.f2.-r1.-d1.r1.d2.f1.d3.-f3.-r1.f3.d0.-r2.-f0.f3.r1.-f3.r0.r2.-d3.-r0.r1.-f2.r1.f0.-r2.f2.r2.-f0.-r1.-r1.-r2
159,-f0.d0.-f2.r3.d0.f1.-d2.-f0.-f2.-d1.-f0.-f2.f1.-d0.-d2.-f2.-f3.f0.-d0.-r3.d0.f2.-r0.d0.r0.-d0.f2.-r1.d0.r1.-f0.-r3.d1.-r1.-d0.-r0.-f0.r1.f0.r0.d0.-f0.-r1.f0.r1.-d1
160,-f2.-d0.f1.-r0.-d2.-f3.r3.-f2.f0.d3.r1.d2.-f2.d0.r0.-d1.f0.f3.d1.-r1.-r2.-f3.-r1.-r3.-f3.r0.r1.-f3.-f3.-d3.r3.-f0.d3.r3.d3.-r0.-d3.-f0.d0.f0.-d3.f3.r0.-d0.-f0.r0.-f0
161,f1.-d1.r3.f0.-d2.d0.-r2.-f3.-d2.-f0.d0.r0.-d3.-r3.-f3.d0.-f0.-r1.f0.-r3.-d3.r0.d3.f1.-r3.d3.-f0.f3.r0.-f3.-r3.r0.-f0.-d3.f0.-r3.r0.d0.-f0.-d3.-f0.d0.r0.d3
162,-r0.f0.-d3.r0.-f2.d2.-r0.f0.f3.r3.f2.-d0.d1.-f1.-r0.r1.-f1.-f1.f2.r0.-d1.r0.-f2.d1.-f0.-d3.r0.f2.f3.-r1.-d1.-r1.f2.r3.-d2.-r3.-f2.-r1.d1.-f1.-r1.f1.-r2.d1.r2
163,r0.d0.r0.d1.-r0.d2.-r2.-f3.f0.-r1.-f2.-f2.r1.d1.d3.f0.-d1.-r2.-d0.-d2.-f2.d3.r3.d3.f3.-r3.f2.r3.f1.r3.-d0.-f0.d3.-f3.-r3.-d0.f0.-d0.f0.-r0.-d3.-d3.d0.f3.d3.-r3.-f3.-r3
164,f2.-r0.-d1.d2.-f0.-r3.f0.f3.r1.d3.f2.r2.-d1.r0.d2.f3.-r1.f0.f3.d0.-r3.d3.r2.r3.f2.-r3.-r3.r1.d0.-f3.r3.f0.d3.-r0.d0.f0.d0.-r0.f3.d3.-r3.d3.f0.-d0.f3.-r3.-f3
165,d2.-f2.-r0.f0.f1.-d0.-f3.-r1.r3.-d2.-f2.f3.d2.-r0.r2.-d1.-f1.r1.d0.f3.-r3.f2.r3.-d0.-f3.-d2.r1.-f0.d2.-r1.f0.f3.r2.r3.f1.r1.-f1.-r3.f1.-r2.-f0.-r2.-d1.r2.d1.f0
166,r3.f1.-d3.-r2.-r3.f1.r0.-d0.r1.f0.r3.f0.d3.-f2.-f2.-d3.-r3.-f3.r0.-f2.-f3.-r0.-f2.-r3.-d3.r1.d2.-r2.-d3.f2.d3.-r1.-r1.-d0.r1.d0.f2.-r1.d2.-f0.-r2.-f0.r2.f0.-d2.f0.r2
167,-d0.-f0.r0.f2.-r0.f2.d0.r2.-f3.-d3.-r3.-r3.-d1.d2.-f3.d2.-r1.-f3.d0.r1.f0.-r1.-f0.-d0.-f0.r3.f0.-d1.-d2.f0.-d3.f0.-r0.-d3.d0.r0.f0.-d1.-d1.-f0.d1.-r0.d3.r0.d1.d3
168,f1.d3.-f0.r2.d0.-r0.-r0.-r3.-d2.f0.f1.-d2.r1.f0.d0.-r2.-d0.-f0.-r0.r2.f0.d0.r0.-d1.-f3.d0.d1.-r0.f0.-r3.-f3.r0.f3.-r0.d3.f3.d3.r0.f3.r3.d0.d3.-f3.-d3.r0
169,f2.-d0.-r0.f1.r3.-d3.-f1.-f3.d2.-f1.d3.-f3.-d3.-f3.f0.d2.f0.d3.-f0.d3.-r0.-d0.r1.-d1.-r0.-d2.r3.-d3.r0.d1.d3.-r1.-d3.-r0.d3.-f2.r1.-f3.-d2.r1.d2.-r1.f2.f3.d2.f0.-r1.-f0
170,r0.f0.d3.r0.-f0.-f1.-d1.r0.d3.r1.f1.d0.r3.f1.f3.r1.r3.-f0.-r3.-f1.d0.r1.f3.r0.f1.-d0.r1.d0.d2.-f1.d0.-f1.-r1.f1.-d0.f1.r1.-d3.f2.r2.d3.-r1.r2.f2.-r2.-r2.-f2
171,f1.d2.r3.-f0.-r2.r1.-d1.f0.-d3.f3.-d3.-f2.f0.-d0.-r3.-d0.f1.-r0.-f0.r3.d0.f0.d3.-f2.r3.-d3.-f2.-r3.-f2.-d1.f2.d0.-r2.d2.r2.-f1.-r2.f1.-d0.d1.-f2.-d2.-r0.d2.r0.-f2
172,-f2.d3.-r0.-d3.-f0.r1.d1.f1.-d2.d1.-f0.r3.-d1.d3.-r0.-r0.-d3.-r0.-d2.r0.-d0.-r2.f1.-d2.r2.d2.-f1.-r3.d0.-f3.f0.-d3.d0.-f0.-d3.-r3.f3.d3.-f3.-d3.d0.-f3.d3.f0.d3.f3.d3
173,d3.-f0.-r3.d0.r3.-f0.-d0.-f0.r2.d1.r3.d3.r0.r1.d3.-f3.r1.r2.-d2.-r3.-d2.-r1.-f2.-d2.-r2.-f2.r2.-d2.-r0.-f2.-d2.-d3.-f2.d3.f2.r0.d0.r2.-d0.-r0.-f0.-r2.-f2.r2.f2.r2
174,-r1.-d3.-d3.f1.d1.-f1.d0.-f2.r2.-f0.-f0.-r2.f3.r0.f2.f3.r3.d0.d3.-f2.d3.f2.-r3.-d3.r0.d3.f0.r0.-d0.-r0.-d0.-d0.f3.d3.-f3.f0.-r0.r3.-d3.-r0.d0
175,-r3.d2.r1.d1.r0.-d0.-f3.d3.-f3.r2.f1.-d0.-d1.-f0.r3.-f0.d0.r1.r2.f3.-r0.-f1.-r1.d2.f0.-r1.r2.d1.f3.-d1.-f3.-r2.-d3.r1.d3.-f2.f1.-r1.-f0.-d0.f0.f1.-r1.-r1.-f0.-f1.d0.f2
176,r3.-d0.r3.-f2.-r0.f3.-d0.d2.r2.f3.-d0.-r0.-d3.-r3.-f1.r2.-d0.-r2.-f2.-d0.-d2.-f0.-f3.-r1.d2.f0.d0.f3.d0.-f0.-f3.-r1.r3.f1.-r2.-f1.-d1.r1.r3.f1.-r3.-r3.r2.-f1.-r0.f1.-r2
177,-r3.d3.f1.d1.-r2.-f3.d2.f3.-r3.-f0.r0.-f1.d0.f1.-d0.r1.-f2.f1.r0.f1.f3.-d0.f1.d0.-f1.r0.-f0.-f0.d3.f0.-r0.d3.f0.f3.r3.f3.-d0.-d3.-f3.-d3.f3.d0.-f0.-r0.f3.-d0
178,-r1.f3.d1.d2.-r0.-d3.-d3.r1.f2.r2.-d2.d3.r0.f3.r0.f1.d2.r1.d3.r3.d0.-f1.-r3.d1.-r1.-d3.-r2.d0.d1.r2.-d0.d1.-f2.d1.-f2.-f2.r1.f0.-r1.f3.-r2.f0.-r1.d1.-f2.r1.-f0
179,d1.f3.-r0.r3.-f0.d2.r2.f2.-r1.-d3.-f3.-r2.-f2.-r0.d2.-f0.-r0.-d0.-d3.r3.-d2.r0.d0.f0.d3.f2.d0.f0.r3.d0.-f0.f3.d0.-f0.r0.f0.-r3.f0.-r3.d3.-f0.-f3.d0.d3.-r0.f3
180,-r2.d3.-f0.-r0.-d3.r0.f2.d0.d1.-f1.-f1.-d3.-f3.r0.r1.f1.f3.r0.f1.d2.-r1.f3.r1.d0.r1.-d0.-f0.-d2.r2.-f2.-r2.-f2.-f3.f0.-d1.f2.-d3.d1.f2.-d1.d2.r1.-d2.-d2.-f2.d0.d1
181,r2.r3.-d3.d1.-r1.-f0.-r3.r2.-d1.f0.d3.-r3.f1.r0.d0.-r0.-f0.-r0.d3.-f0.-r0.-r0.-d1.r1.d1.-r0.f1.-d1.r2.d1.-f1.-d0.-d2.f3.-r3.-f1.-f3.d2.f2.r1.-f2.-r1.-f0.-f3
182,-r1.-d0.-r2.-r2.-r3.-f0.r0.-f3.f1.r3.-f0.-d1.-d1.-f0.-r0.-d2.-r1.-d3.r1.r2.-d3.r1.d1.d3.-r2.f1.-d2.-r0.-d2.r0.f2.-d3.-r1.d2.-f0.d0.f0.-r2.-f0.r2.-d0.d2.f2.r2.-d2.-r2.-f2
183,f0.-d1.-f3.r1.f1.-d1.r3.-f3.-r2.f0.f3.-r0.r1.d1.-r1.r3.d2.-r1.-r1.r2.-d2.-f2.r2.-d1.-r2.d1.-r0.-f3.d3.r3.-f0.-d3.-r0.-f0.-d0.-f0.d3.-f3.-r3.-d3.r0.d0.-r0.d3.r0.f3
184,d2.-f3.-d0.r1.-d3.r2.d0.f1.-r1.-f0.-d3.f1.-r3.d1.-f0.-f2.d0.d3.r1.d2.r1.f1.r1.-d2.-r3.-f0.-f0.r3.-d3.-r0.f0.-d0.-f0.-f3.r3.d3.r3.-d0.-f0.r3.-d3.-f3.-f3.d3.-r3
185,-r0.-d3.f3.-r3.d0.f2.r1.d1.-f1.-r0.d3.-f0.-f2.-d0.-d3.r3.-d0.-f1.-f3.-d0.-d2.r1.r3.-f0.-f2.-f2.d1.f0.r1.-f2.-r0.-r2.-d1.-d1.-f1.r0.-f2.-r0.d1.-r3.-d1.r1.f2.d1.-f2.r1
186,-r0.f0.f1.-r1.-f2.-d1.-d2.-d2.f3.r3.-f2.f1.d0.f1.-r0.-r2.f2.-r1.f3.r2.d2.r1.r2.-f1.-f2.d0.d2.-r0.f3.-r0.r3.f0.-d3.-f0.-r0.-r0.-f0.r3.-f3.-r3.-d0.-d0.f3.-r3.r0
187,-r0.f0.-r0.d0.-f0.-d0.r1.d2.-f0.d0.-r2.-f1.f3.d0.-r2.d0.-r3.-d1.r2.r3.-f3.f0.r2.f0.-r2.-f1.f3.-r3.r1.-d3.-f1.d3.r3.-d2.r2.-d2.-r2.d2.f1.-r3.d2.r3.-f1.-f1.-r1.-r3
188,-d0.-r0.r2.f1.-r3.r2.-d3.f3.d0.-r1.d1.-r2.-d1.d3.-r1.-f1.-d2.f1.-d0.-r0.-r0.-f0.-d3.-f3.r0.-f1.-d3.-r3.r0.d3.-f0.r0.-d0.d3.r0.d3.-f0.-r3.-d3.-r0.-f3.-d0.f3.-d3.-d3
189,d3.-r1.-r3.-d2.f2.-r1.-r1.-d3.r0.-f1.-d3.-d3.-f2.-f2.-r3.-f1.d1.-f2.-r2.f0.d0.r1.r2.-d1.d3.r0.r3.-f1.-r3.f3.-d0.-r0.d0.-f3.r0.d3.-r3.f3.r3.-f3.d3.-r0.r3.f0.d3.-r0.d0.-r0
190,-f3.-d2.-r1.-d1.d3.-r0.-d0.-d2.f3.-r2.-d0.r2.d2.-r2.f0.f1.d0.f3.d0.-r2.f0.f2.-r0.-d1.-r0.-f0.d2.-f2.f0.-r0.d2.r0.d1.-f1.-d1.r1.f1.-r1.-r2.r0.-f2.d1.r2.-d1.-d2
191,f1.-r2.f0.-r1.f0.-r0.d0.r0.d1.f0.-d1.-d3.-f0.-d3.-d3.-f2.-d2.r3.f2.-d1.r0.r1.-d2.-r0.r1.d2.-r1.d3.r1.d2.r1.f0.-r1.-f0.-r1.d1.-f1.-f3.r1.-f2.-r1.-d2.-d2.f1
192,r0.-d1.-r1.r2.-d0.f0.-r0.-r1.f2.r0.r2.-d3.d0.d2.-f3.r3.f3.d3.-f3.-r3.-f1.-r3.-d0.d2.d3.r0.f1.-d2.d1.-f1.d1.r1.f1.-r1.-r2.d1.r0.-f1.-r0.-r2.-f1.r2.-d2.d1.-r2.-r2.d2
193,-d3.-f2.-d3.-f3.d0.-r0.-r2.f3.-d2.-f0.d1.f3.-d1.f1.-d2.-r2.f0.-d2.f1.f3.-d0.-d3.f1.r0.-d2.-f1.f3.d2.f3.d0.r1.d3.-f2.-d2.-d2.f2.-d2.d1.r3.f3.-r3.f2.-d0.-d3.r1.d0.-r1.d3
194,-f3.-d3.f2.-d2.-f3.f2.d3.-r3.-r3.r1.d0.r0.-d3.-r0.-d0.r3.d0.r3.d2.-r3.f0.f2.-r2.f2.f3.-d3.f2.-d0.-f2.d2.-f2.-r2.r1.f1.-d2.-r3.d1.r2.-f2.r1.r2.-d2.-f2.-r2.f2.-r2.-d1
195,d0.f2.-r3.-r3.d1.f3.-d0.-f3.-d0.-f3.f0.f1.d0.-f0.-f0.r2.-f0.r2.f2.-r0.-f3.-r2.f3.d0.f0.d2.-f0.-f1.f2.r1.-d2.f1.d2.f2.r1.f1.r1.-d0.d2.-f2.-d2.-r2.-d2.r2.-d3.f1
196,r0.r3.-f3.-r3.f3.d0.-r1.r3.-f0.-r2.-d3.-f3.-d0.-d1.f3.-d0.-r1.d0.f2.-d0.-d1.-f1.-d3.-r3.d3.-r0.r3.-d1.r0.d0.d1.r3.-d1.-r0.d1.r3.-d1.-f1.r1.f1.r2.d1.r3.-d1.-r2.r0.d1
197,-d1.f1.d0.-f3.r1.d0.d1.-r3.-f0.-f2.-r0.-d1.-r2.r3.-d2.-f2.d0.f1.-d0.r2.f3.-d0.-r0.d3.-r2.-d3.-f3.r0.-d3.d0.-f2.d0.-r1.d1.-f0.f2.-d1.-f3.r1.f3.-r1.-f2.r1.f0.-d1.r1
198,r1.-f1.-r0.d3.-f1.-r1.f3.-d1.-r0.-d2.-r0.r2.-f1.f2.r2.d1.-r0.f3.-d0.-d2.-r0.d1.r0.-d2.f2.d2.-r0.d2.r1.f3.-r0.d3.r3.-f3.-r3.-f3.f2.r0.-d1.r0.d1.-r0.-r0.-f2.r0.-d1.-d3
199,-f1.-r2.d1.r0.-d2.r1.f0.f1.d1.-r3.d2.f2.d3.f2.f3.r3.-d1.-d3.-r0.-d0.d1.r0.-d1.r1.d0.-f3.-r2.r3.f0.d2.r2.-d2.-f0.-r3.-f2.-r0.f2.-r3.d2.-f2.-d0.d1.f2.-d2.-f2.d0
200,d2.f2.r3.f0.-r0.f0.d3.-f0.-d0.-d0.f0.r3.-f0.-f0.d2.f1.d1.f3.-r0.-d3.r2.-d1.-r1.-d3.f1.d1.-f1.-d0.-r3.f2.r3.-f2.-f2.d3.f2.-r2.-r2.-d2.r2.-f2.d2.-f3.f2
201,-d2.r2.f1.f2.-r2.r0.d0.f2.d0.-f2.d1.-r3.d3.f3.r0.f3.-d3.r3.d3.r2.r3.-d0.f3.-d3.-f3.-r3.f0.d1.-f0.-d1.-d2.-d2.-f0.r3.-f0.r3.-d1.-r3.-d3.-r1.-f2.r1.-f3.-r1.f2.r1.-d2.-r3
202,d2.-f1.f0.r0.f2.f3.-r3.d3.r0.-d1.d0.f1.d2.-f3.-d3.d2.-r3.-f1.-d2.-f2.-r2.-f1.-d3.-f3.-d1.f3.d3.-f1.-f3.r0.f2.-d1.f1.r0.f1.d2.f1.-r0.-d2.f1.r2.-f1.r0.f1.-r0.-r2.d1
203,-d3.-f3.-r0.f2.-d2.-f0.-d3.d2.-r3.f1.f2.-d3.-r3.r0.-d0.f1.r0.d0.-r0.-f0.r3.-d0.-r3.-r3.d0.-r3.-d0.-f3.-f3.-d1.f3.-d0.-d0.d1.-r0.-d1.r0.-f0.-r0.-d3.-r0.-f0.-r0.f0.r0.f0
204,-r0.f0.-d2.-d2.-f2.r2.r3.f0.r2.-d0.-f0.r0.r3.-f1.-r0.f3.-r0.f0.d1.-f0.r3.-d1.f3.-d0.-f1.-r2.d2.f3.-d2.-f3.r2.-f2.r2.f2.-r2.-f3.r2.-d2.d1.-r0.-d1.-d2.f2.d1.-f2.-r2.d2
205,f3.-r2.d1.-r2.d3.-r2.-d2.-d3.-r0.-d0.d3.r1.d2.-f1.-f1.d1.-f1.-r3.f1.-d1.r3.-d1.-r3.f3.r2.-f1.-r2.d0.f0.d3.-f3.-r3.d3.-r3.f3.-r3.d0.-r0.-f3.d0.-f3.-d3.r0.d3.-f3.-r0
206,-d3.r1.d0.-f3.d0.r1.-f1.-f3.-r1.-f1.f0.f2.-r3.-d0.-r0.-r2.-d2.r1.f2.-r2.-r2.f1.r0.-f1.-r2.d0.f1.-d0.-r0.r3.d3.-f0.r3.f3.-d0.-r3.d3.f0.r3.-f3.-f3.-d0.-d0.r3.d0.-f0.-d3
207,-f1.r2.r3.-d1.-f3.r3.f2.-d0.-d0.-f1.-f3.-r3.d1.-r3.-r3.d3.r1.-f0.-d1.d2.-r1.d3.r0.f2.-r0.f1.-r1.-f1.-f2.r1.d3.-f2.d2.-r1.-d3.-d3.f1.-d0.-d3.-r1.d1.r1.-d1.d3.-f1.-d2.f1.-d0
208,-f2.-f3.-d1.f3.r0.d0.f3.r0.r2.f1.-d1.r2.-f1.-f3.-r0.d2.f3.d1.r0.r3.-f2.d0.d3.f2.-r1.-f3.f1.r3.-f0.-r0.d0.-f0.f3.-d3.-f3.-r3.-f3.-f3.-r0.-d0.r3.-d0.r3.d0.d3
209,d2.-r1.-f3.-d2.r0.d1.-r3.d0.-r2.r0.r1.f2.-r1.d0.d2.f0.-r0.-f2.-d2.-r1.d2.r0.-d2.-r3.r1.d2.r3.d3.f0.-r3.f3.r3.-d3.-f3.f0.-d0.-f3.d0.-f0.f3.d3.f3.r3.f0.r3.d0
210,f2.r1.f0.d0.-r0.-r1.-d1.-f2.-d1.d0.r2.-d0.r2.r3.-d3.-f1.-r3.-f1.d0.f1.d3.f0.-r0.-r3.d0.-r0.-r2.-f3.-d3.-f3.f0.-d0.r0.f0.r3.-f3.r0.-f3.d3.r3.-f3.-r0.-f3.d0.d3
211,-f0.f1.r2.-d3.-f0.-d1.d3.-f3.f1.d0.r2.-f2.r1.-d2.-f0.-f3.-d0.r3.-d0.-f0.f3.-d1.-f0.-f0.d0.-r0.f3.-d0.-f3.-r2.r0.r1.-d3.f1.-r2.d1.-f1.d2.d3.-r1.-d1.r0.-f1.-r2.f1.-r0.-d2.r2
212,r0.-d1.-f3.-d2.f0.d0.r1.-d2.-d2.r0.-f1.-f1.-d2.f3.-r0.-r2.-d2.r1.-f0.-f3.f1.-r1.-f1.-f3.-d0.f3.-d1.-f3.-f3.-r0.-r3.-f3.d0.f0.d3.f3.d3.f3.-r0.-d0.-r3.f3.-d0.-d3.-f3.-f3.r3
213,-f1.f0.d0.-r2.-f0.-f1.-d2.-d2.r3.f3.d1.f2.r0.d3.r3.-d3.f3.-r1.r3.d3.-r3.-d3.f3.-d1.r3.-d0.d1.-f3.-r0.-d0.f0.r0.-d3.r3.-f3.r3.d0.r0.r3.f0.-r3.-d3.-d3.-f3.-r3.d0
214,-r0.f2.-d0.r3.-f2.-r0.f1.r2.d3.-r3.-r3.-d2.d0.f1.-r0.-r3.-f3.-d0.-d3.r0.d0.d3.-r3.-d0.r0.-d1.-d2.-r0.-d1.-f3.d0.-r0.-f3.-r3.f3.r0.r3.d0.-f3.d3.-f0.-d3.-r3
215,-d3.-f0.-r3.d1.-r1.-f0.d0.r1.d1.-f1.d2.f0.d2.-r0.-r0.d0.f0.-d1.-r3.-d0.r2.r3.-f2.-r3.f2.r1.d2.-r1.f0.-r1.-r2.f3.r1.d3.-f2.-d2.r1.-d1.-f1.d2.-f0.-f3.r1.f2
216,-r2.r3.-f0.-f3.-d0.f3.-d1.r0.-f0.-r1.f1.-d1.-r2.-d2.-r2.f1.-d3.d2.-r0.-d3.-f2.-r0.-d3.r0.f2.-r0.-f3.d0.-r0.-d0.-r3.d3.f3.-r3.-f0.-f0.-d3.-d3.f3.-r3.d3.r0.r3.-d0.-f3
217,-r0.-d0.f3.-r2.-d0.-f2.-r2.-f1.-f2.d3.f1.r1.d3.r0.-f1.-r1.d3.-r0.-r3.d1.-r3.f3.-r3.-f3.-r1.-f0.d3.-r3.-r3.-f3.-d0.-f0.-r3.f3.r0.-d0.d3.r3.-d3.-f0.f3.d0.f3.r3
218,-r3.-d0.r2.-d2.f1.-r1.-d3.d1.-f2.-r0.f1.-r0.-f2.-r2.r1.-f2.r0.f2.-r1.-f2.-r1.-f1.-f2.-d1.r2.-d3.-f3.r3.-f3.r3.d3.r0.-f3.d3.-r3.-r3.d0.-f0.d3.-f3.d3.f3.-r3.r0.f0
219,r1.f3.-d3.f3.r2.-d3.d1.f2.-d3.f2.-r3.-f0.-f2.-f2.f1.-d3.r1.-d1.r1.-d3.d0.d1.-r1.-f2.-r3.r1.d3.r3.-f3.-d3.r0.f3.-d0.d3.-r0.-r0.-d0.-r0.d3.-r3.-f0.r3.d3.f0.d0.-f3
220,d1.f2.r0.d3.-f3.r0.r3.d0.f0.-r1.-f0.r1.-f0.r2.-f2.-d1.d2.-f3.r3.f2.d3.r3.-f0.f3.-r0.-r2.f3.r0.r2.-f3.-d0.-r0.-f0.-f0.-r0.d0.f3.-r3.f3.-d3.r3.-f0.-r3.f0.-d3.-f0.d0
221,-r1.-d1.-r0.r1.f1.f2.-r0.-d1.d2.r2.-d0.f2.r0.d0.-r1.-f2.-f3.-f3.r2.f1.f2.-r3.-d0.-f3.d0.r3.-f1.-r3.r1.d0.r0.-f3.-f3.d3.-f0.r3.f0.r0.-f3.-r0.-d0.r3.-f0.f3.d0.r3.f0.d0
222,-r2.-f2.d1.-f2.r1.r2.-f1.-r0.d0.-r0.d0.-f3.d0.-r2.d3.-r0.-d1.-d3.-f2.-f2.f3.-r3.f1.f2.d3.-f1.r0.-f0.d3.-f3.d0.-f3.-r3.-f3.-d0.-f3.-f3.-r0.-f0.-r3.-f0.-f0.r3.-d0.-f3
223,r0.-f1.d1.-r3.-f0.-r3.-d3.-r3.-f1.d0.f1.-d0.d2.r2.r3.-f0.-d1.d0.-f1.-f3.d0.f1.-d0.f3.r2.f1.-d3.f3.d0.-r0.d0.-f0.d0.r0.-f0.-d0.-r0.-r0.d0.-r3.f3.-r3.-f0.-r3.-r3.r0
224,-f3.-r2.-d3.-f2.d0.-f3.f1.d0.-r1.-d0.r2.-d2.f0.r3.-f0.-r1.-f0.-d1.-d1.-f2.-d3.f0.-r1.-d1.-d1.f2.d1.r1.-f0.-d0.-r1.d1.r1.d3.f2.-d0.-d1.f2.-d1.r1.-d2.-f2.-d0.d1.r1
225,r2.f0.d0.f1.-r3.-f1.-d0.-r1.-d0.d2.-f3.-d1.-d2.-f1.-d0.d1.r2.r3.d1.-f3.r3.d1.-r0.d3.r2.-d0.-r1.-r2.-d3.-r3.f2.-r0.f1.-d1.f1.-d1.-d1.-f3.-d0.f1.r2.-f1.-r2.d0.-f1.f3
226,-r0.-f0.-f0.-d3.-f1.-d1.f3.-r0.r2.-d3.d0.d2.-r2.-f1.-d2.-d2.-f3.r1.-d0.d2.f2.-r1.-f2.-d2.-f0.-f3.r0.-d0.f3.-d0.r2.d0.r3.-f0.-r2.f0.r2.d0.-f0.r2.-f0.-r1.-f0.-f0.-r2.-f0.-r2
227,-f2.-d3.r0.d0.f0.-r2.d3.-r0.f1.-d2.-f3.r1.d3.-r3.f3.-r2.-r2.-d0.-d1.-r2.-r2.r3.-f3.-f3.d1.f2.-r1.-r3.-f3.-r2.d2.-f1.-d2.-r2.-r2.-f2.-r2.f1.-r1.-f1.r1.-f3.r2.-f0.f2.f3
228,-d3.-f2.f3.d1.r1.-d0.d3.-r0.-d1.d2.r0.-f1.-d3.f1.f2.r2.f0.-d1.-r3.-r3.r0.-f3.d3.-f3.d3.f0.d1.f0.r3.-d3.d0.f3.d0.d3.-f0.r0.d0.r0.d0.f3.d0.-f0.f3.-r0.-f0.-d3.d0
229,r1.f3.r3.d1.-r0.-f3.f1.-d2.-f3.r0.-f2.f3.-r3.-d3.d0.f3.-d0.f3.-r3.-d3.r1.d3.-f1.-r0.-r1.-d3.r0.d3.f0.f1.-d3.f3.d1.-f2.-d3.-r1.-f1.-d0.-d0.r1.d2.-r1.-d0.-d0.-d2.f1.d3.f2
230,f1.-r1.-d2.-f0.d3.-r1.-d0.-f1.-d0.-d2.f1.r1.d0.-r0.r2.d1.-r2.-r3.-f2.-r2.f0.f2.d1.r1.-f2.-r1.-d1.-r0.r3.-d0.f0.-d0.f3.-d0.f3.d3.-f0.-d0.-f3.-r3.f3.-d0.-f0.-r3.r0.-f3.-d3
231,-r1.-d1.-f1.-f2.-r0.-f0.-f1.d0.-f0.-f1.d0.d2.f3.-r2.d1.-r0.d3.-r0.f0.-r0.-f1.d1.r0.r3.d1.-r3.-d1.-r0.-d1.-f1.d1.-f0.f1.-d1.f1.r1.-f3.-r1.-f1.-f1.f2.r1.f1.f3
232,-r3.-d3.f3.d1.f0.r1.-d3.f0.-d0.-f2.r0.d2.r2.-f0.d0.-r3.f0.-d1.f3.d3.r0.r3.-f3.-r2.r3.-d3.-d3.f0.d3.r0.-f3.r0.-d3.-r3.d0.-r0.d0.f3.-r3.-f3.-r0.-f3.-r3.-d3.f0
233,-r3.f0.-r3.-d1.-f1.d2.-r0.-r0.-f3.-f3.d1.-r2.f0.-r3.d3.r0.-d1.f1.-d0.-f3.-d3.-f3.-d1.-r0.-r2.-d2.r1.f1.-r1.d1.d2.f3.-d0.r2.d0.d3.-f3.d1.-f1.f2.r2.f1.-r2.f3.d0.f1.-d0.-f2
234,-f3.f2.r0.d2.-f1.f2.d3.-r3.-r3.-d0.-f0.f1.-d3.-d3.-r1.d3.f1.d3.f1.-r1.f1.r1.-f1.-r0.-r0.r3.d0.f2.-r1.f1.d0.-r1.d1.r1.-d1.d2.-r1.-r2.-f1.-r3.r1.f0.-r0.-d2.r0.-f0.r3
235,d1.r0.f0.f2.r2.-f1.-d3.-f0.r1.-f1.d2.-r0.-r0.r3.-d0.-d0.r3.-f0.-f3.-r1.-d2.-r1.f0.-r0.-f0.r1.-d3.-f0.f3.-d3.f0.f3.r3.f0.-d3.-r0.d0.f3.d3.-r0.-f3.r0.r3.-f0.d0.d3
236,f1.-r0.d2.-f1.-f1.r3.-f1.-d1.-d3.-d3.r2.r3.d2.-r1.r0.-f1.-r0.-d2.f1.-d3.-f3.d3.-r0.-d0.-r3.-f0.-r2.f0.f3.d0.r0.d3.-f3.-d0.r0.r3.f3.r0.-f3.-r0.-d0.d3.-r3.f3.d3.r0.-f0
237,-f1.-r1.-f0.r3.-d0.f3.-d2.d1.f3.-d0.f2.d1.f3.-d1.-d3.-f2.-d1.-f1.-f3.-r0.r3.d1.-f3.d0.-f3.-d0.-f3.d2.-r0.-f3.-r0.f0.-d0.r0.d0.-f3.-d3.-r0.-r0.r3.f3.d3.-r0.-r3.d3.-r0.-f3.-f3
238,d1.-r0.-f2.r3.-d0.-r0.-d3.d1.f3.-r2.r1.-d3.-r1.d1.f0.f2.-r2.d0.-r2.-d0.-r1.-f0.-d3.-f2.f0.-r2.f2.-r0.-d0.-f0.-d2.-f1.-d1.r1.r2.r3.f1.d1.-r2.-f2.r2.-d1.f0.d1.f2.-d1.f2
239,-f2.-d1.-r1.-d0.f0.-r1.-f3.-r0.-d1.-f2.-r2.-r2.f0.r2.-d1.r1.-f0.-f3.d0.-f3.-d0.f3.r2.-d3.r0.-f3.d0.-r0.-f0.-r3.-d3.f0.f3.r3.d3.-f0.-r3.-d3.-r3.d0.-r0.r3
240,-d2.-f3.-d2.-r3.f1.d0.-r3.r0.d3.r3.-f0.-f0.-d3.-f0.d3.-f0.-f3.-r0.-d1.-d1.-r0.-d1.-r3.-d1.-r0.d1.-f2.-f2.-d0.r2.-d1.-f1.-r1.-d1.-d2.f1.-r2.d1.-f3.f0.-r1.-d2.r1.d1.-f1.-r2.f1
241,-f2.r3.d2.r3.-f1.-r2.-f0.r0.d2.-r2.-f2.-r2.-d0.r1.-f3.-r0.d1.d2.r2.-f0.-f3.-r3.f0.f3.-r1.-r3.d0.-r0.-f0.-d0.f0.d3.-r3.-r3.-f3.f0.d0.d3.f3.r0.-f0.-d3.f0.d0.f0.-r0
242,-r3.-f0.-d3.d2.-f1.-r2.r1.d0.r0.-f2.-f3.-r2.-d0.r0.-d2.-r3.f3.r3.-d0.-r0.-r1.r3.-d3.-r3.-f3.r0.d2.r3.-f3.-r0.f0.-r3.-f0.-d3.r3.-f3.-f3.d3.-f3.f0.d0.r0.f0.-r0.d3.r0.-d3
243,d2.f0.f1.-r2.d2.-r2.-r3.-d3.d1.-f1.-f3.f2.d2.-r2.-d2.f1.-d2.-f1.f3.r2.f0.r0.-f0.-r0.f0.-r2.r0.-f3.-f3.d0.f3.-d0.d3.-f0.d0.-r0.-d3.r0.-d3.-r3.-d3.-f3.d0.r0.d0.f0
244,r3.-d0.-f3.-r1.-d1.-d1.r1.-f3.-r3.f3.-r3.-f0.r3.-d0.-f2.f3.-d0.d2.d3.-f3.-r0.d3.-r0.d0.r0.-f3.-d3.r2.f3.-r3.f3.r3.d3.f3.r3.-d3.-r3.-f0.-f3.-r3.f3.-r0.-r2
245,-r0.-r2.d3.f2.-r0.-r2.-f2.r0.f0.-d2.-d2.-d3.f1.r0.-d2.f0.r0.-f1.-r0.f1.-d3.r3.-f3.-d0.-r0.d0.-f3.-r3.d0.r3.d1.-r3.f3.d0.r3.-d0.-f3.-d1.r3.d1.-f3.-d3.f3.-d1.d0.d3
246,-f2.-f2.r0.r3.f3.-r2.r3.-d2.-d2.d0.-r3.-f1.f3.d2.f3.r0.-d0.f3.-r3.-f3.f2.d0.-f2.d3.r3.d1.r3.d3.r0.-d3.-r0.-d3.-f3.r0.d3.r0.-f0.r3.f0.-d0.-d3.f3.r3.d3.f0
247,-f2.-r0.-d2.-f2.r3.-d2.d0.f0.-d0.-r1.-f0.-f3.-r1.-d3.-f3.f0.d3.f1.d0.f3.d0.-f3.f0.-d0.r3.f1.f3.-r0.f0.d0.-r3.f3.-r3.-r3.f3.-r0.f0.r3.-f3.-r3.-f3.-r0.-f0.-r3.d0.r3
248,f0.f1.d0.d1.r0.d3.f1.-r3.d2.-r3.-f2.r3.d1.-f3.-r1.-r3.r0.-f3.d1.d3.r1.-f2.-d0.-d2.-f2.r1.d0.d2.f2.-r1.-f2.-f3.-d2.f2.-r1.-r1.f2.-d1.-d1.-r0.-d1.-r1.-r1.d2.r1.-d2.d1.r0.d2
249,d0.-r1.d1.-f0.-r2.-f1.d1.-r3.r1.-d3.-f2.-r3.-r3.-d3.-r3.f1.r3.-d1.-f1.-d2.-r0.-f3.r0.-f3.-f3.-d0.d2.f3.-d3.-r0.-d0.-d3.-f3.-d0.-r3.f3.-d3.f0.f3.d3.-r3.d3.-r3.-f3.-r3.f0
250,-d3.-r0.-r0.-r3.d0.-r2.-f0.-r0.-r1.f0.d0.f3.-d1.r0.-d2.d0.d3.-r1.-d3.-f3.d3.r1.-f0.-r1.-f0.-d2.-r2.-f2.d0.-r2.-d0.r2.f2.r1.r2.d2.-f1.-r1.f0.f1.-d1.-r1.-d3.-d3.r1.d1.-r1.d3.-f1
251,-d3.d0.-r2.-f0.r0.-d0.-d2.-f1.-r3.-d2.f0.-d1.f1.-d1.d2.-r0.-d3.f3.-d0.-d1.-r2.d1.r2.r3.f3.-r2.r3.d0.r3.f0.-r3.-f3.-d3.d0.-f0.-f3.-d0.f3.r3.d3.-r3.-f0.-f0.r3.-f3.r0
252,-r0.d1.-f2.d2.-r2.d0.-r2.-r3.d1.f1.d1.d2.-f0.-f3.-r1.f0.f3.d3.r3.-d0.-d3.r2.d0.-f0.-r0.-r2.-d3.-d3.-f0.-f0.-r0.r3.f3.-d3.f0.r0.-d3.r0.d0.d3.-r3.-d3.-r0.-r0.-d0.-f3.-d0
253,-d2.r3.d0.r2.-d1.-f1.-r1.d0.-f1.-f1.-f2.-r0.d0.d1.-r3.-d0.-f3.-d3.-f0.-d3.-f1.-r2.r0.-f1.f2.-r0.-f2.-r0.-f2.r0.-d2.f2.d2.-f1.-f1.-d3.-f1.d3.f1.d1.r2.-f1.-d3.f1
254,d2.-r3.-d3.r2.-f1.-d3.r2.-f0.-f3.-r1.d0.-f3.d3.f0.r1.-d1.-r2.-d2.-d2.r1.-d0.d2.-r1.d0.-r1.-d0.r0.d1.-f0.r2.f0.-d1.-d2.-r1.d2.-r1.d2.r2.-f2.-d2.f2.-r1.-f0.r2.f2
255,-f0.d2.-r0.-r2.-d2.r0.f1.-d1.-r2.d0.r3.-d1.-r1.-f1.-f2.-r0.f2.-d1.-r1.-r2.-f1.-f2.r1.-d2.-f2.d2.-f3.r3.d3.r3.-d3.f3.-d0.-f3.-r0.r3.-f0.-r3.-d0.r0.f3.-r0.-r0.f0.-d3.r0
256,d3.-f0.-d2.d3.-r3.f1.d1.f1.f2.-r0.r3.-f3.-d2.-r1.-d1.f3.d1.-r0.-d1.f3.r0.r2.f1.-r0.-f3.r1.f3.-r1.-f3.-r1.-r1.-f1.-r1.-f2.-f2.-r2.-f3.-r2.-f1.-f2.-f2.-r2.-r2.d2.f1.-r0.-r2
257,r3.-d2.-f3.-d0.-r1.-d0.-d1.f1.-r0.f2.-d0.-d1.r1.f0.r3.-d0.f3.-r1.-f3.d0.f2.f3.d3.-r1.d2.-f2.d2.-r1.-r1.r0.f2.-r0.-r1.-d2.-r1.-d1.-r1.-r2.f1.-r2.r1.d1.r2.-f0.r1.-f1
258,-r3.f3.-d1.d3.-r0.r3.-f3.f2.r3.f2.-d1.-f1.-d2.-r0.-f1.d3.-r1.-d3.d2.f2.r0.r1.-d1.-r0.-d0.-d0.-r3.-f2.-f3.r3.-f2.-r3.f3.r3.d0.-f2.-d1.f2.-d0.-d3.f2.d1.f1.-r3.d1
259,-r0.-d3.r2.f3.d3.-f1.-d2.d0.f0.d3.-r2.-d0.-f2.-d3.-d3.f2.-r3.f1.d0.-f3.d0.r0.f3.-d2.r3.-d3.r0.-f3.r0.d3.-f3.d0.-f3.f0.-d0.-d0.r0.d3.r3.-f0.r0.-d3.-r0.d0
260,d1.-r0.-f2.-d1.-f0.-f0.r0.-d0.d3.f3.-d3.-r3.-d1.-r2.-f2.-d2.d1.r0.-f1.-f1.f2.-r1.r2.-f0.-f3.d0.d2.-f3.r3.-d3.-d3.-r0.f0.r0.-d0.r0.-f3.d3.-f0.d0.f0.r0.-d3.f3.d3
261,d3.-r1.-r3.-f2.-f3.-d1.-r3.-d1.d3.-r3.-d3.d0.-f0.d1.f3.r0.r1.d1.d3.f3.d0.r3.-f1.-d3.f1.r3.-d3.-d3.-r0.r3.-d0.-d0.r3.-f3.f0.r0.-d3.f0.d0.r3.-d0.r3.-f3.-r0.-f3.-f3
262,-f1.d2.-f1.-f3.r3.d1.r0.-f0.-r3.-f2.r1.f3.-d2.-f0.-f1.f3.r3.d3.-r3.-r3.f1.r0.f1.-r0.f2.d0.-f3.r3.-f0.-f0.d0.-f3.-d0.-d3.-r3.-d0.-f0.-d3.-d3.r0.-f0.-f3.-d0
263,f1.r3.-f3.-r0.-r3.-f3.-d0.-d2.-r0.-f1.r2.d2.-r1.-d1.f2.-d1.-f1.d0.-f0.-f3.r1.-d0.f1.-r3.d3.-r3.-r3.f0.-d3.-r3.-f3.-d0.-r3.-d3.r3.d3.-r0.d3.-r0.-d0.-r3.-f3.f0.d0
264,r1.r2.f3.d3.-f1.d3.f1.-d2.d1.-f3.d3.f0.-r3.-f3.f1.r1.-f1.-r3.-r3.-d1.r2.-f0.d2.-r1.-d0.d1.-r2.d0.d3.-f1.-r2.d3.-r1.-d3.-r3.f0.r3.-f1.-r3.r1.-f0.-r1.r3.f1.-d2.f1.r1
265,-r0.-r2.-f2.-r0.d0.-r2.-f1.d1.r3.-f0.-r0.f2.-r1.-r3.-d1.r2.-f0.-r0.-f3.d1.-f3.f0.-d3.r0.-f0.-d1.-d3.f0.-d0.f0.-d3.-r0.f3.d3.-r0.r3.-d3.-r0.f3.d0.r0.-d0.-f0.f3.d3.-f3
266,-f2.-d3.r2.-d3.f0.-d1.-f3.-d0.-d0.f1.r0.d1.d3.f0.-d0.-r0.f2.-r2.d1.f0.-r3.-d1.-f0.-d0.f2.d0.-f1.r2.-f2.f0.-r1.-f2.f1.d1.d2.-f2.-f2.-d2.r2.d0.d3.r0.d2.f1.-d2.-r0.-d0
267,d0.f1.-r1.d1.-f0.-d1.d2.-f2.r0.-d1.f3.-d1.r3.-d3.-d3.d1.r3.-f1.-f2.-r2.r3.-d0.-f2.-r0.-f3.r0.d0.f0.-d2.f3.r2.-f3.-d0.f2.-d1.-f2.-r2.d2.-r2.r0.-d1.-r2.-d1.-d1.-r0.f2.-r2.-r2
268,r2.-f0.f1.-r3.d0.f2.f3.-d0.r1.-d2.d1.f3.-d2.-r3.f0.d3.r1.r3.-f3.f0.r0.d1.d3.f3.-d1.f3.-r3.-f3.d3.-r0.-f3.-f3.-d0.r0.-d0.-r3.-f3.f0.d3.r3.-f0.-d3.-r3.d3.-r0
269,f0.-r0.-d0.-f0.-d2.-f3.f0.-d1.d2.-r3.f3.-d3.r3.d0.r0.r1.-f1.-r1.r0.d2.-f2.r1.f2.-d0.r0.-f0.-r0.-f2.-f3.r0.d0.f0.d3.f1.-d3.-f0.d1.f0.-d0.-f0.-d1.f0.-r0.-f0.f2.f3
270,d1.r2.-d3.f2.-d3.r0.r3.-f2.-r1.-f3.d2.r3.-d3.d0.f0.r3.-f0.f1.r0.d0.-f2.-f3.-d3.-r0.d3.f2.-d2.f0.f3.r3.f3.r3.-f3.-d3.-r3.f0.r0.-f3.d0.-r3.-d0.-f3.r0.-d3.-r3
271,f3.r3.f2.-r1.r2.f3.-d3.r1.-f0.-r2.-d2.f1.r3.-d0.-d2.f1.f2.-d1.r3.d1.-f1.f3.r3.-f1.-f2.f0.r0.r2.d2.-r0.f1.-d1.-d1.-f1.-f2.f3.-r1.-f1.-f3.f2.-d1.-d1.-f1.-f1.f0.d1
272,-d0.d2.-f1.r3.d3.r3.-f2.-f3.r2.d3.-r0.-d2.r3.-d0.-d2.-r0.-f0.r0.-d3.-f0.-r0.-r3.-f0.r3.-d0.-f0.f2.r3.d2.-r3.-f2.-d0.r0.d0.-f3.r3.f3.-d0.f0.d0.f0.f3.r3.d3.-r0.f0.-d3
273,-r3.d0.f3.r1.-d0.-d1.r1.-f0.-r3.d1.d2.r3.-f0.r3.-d0.-d0.-f1.-f2.-d0.f1.r3.-f3.-r0.-f0.-r1.-f3.-r3.r1.d1.f3.-d2.f2.d2.f0.d2.r2.-d2.d3.f1.-r1.f1.r1.d2.-r1.-d2.r1
274,-f2.r0.-f0.-d3.-d3.d2.r3.d0.r3.d2.-r1.d2.-f2.-r2.-r2.f2.f3.d0.d3.r2.f0.-d3.r3.f2.-r3.-r3.f2.-r3.-r3.f2.-r3.-f3.r2.-f1.-d1.r3.-f2.-r3.-r3.-f2.-r2.-r2.f2.r2.r3.-f2.r2.d2.-r2
275,r3.-d1.-d3.-f0.r0.f1.f3.d1.-f0.f3.r2.-d2.d1.r1.f0.f3.r0.-d1.r2.-d2.-r3.d1.-r3.d2.-r3.-f0.-r3.-f3.d3.-r0.-d0.-r0.-f3.-d3.-f0.-d0.f3.d3.r3.-f3.-r0.d3.f3.-d0.-r3.-d3
276,-f2.-d3.-r1.-f1.-r3.-d0.-r2.r0.f0.-r3.-f3.r2.-f1.r1.d0.-r1.-d0.r0.-d3.d2.-f1.-d2.-d2.f1.r3.-d0.-d0.-r3.f3.r3.f0.d3.-r0.d3.-r3.-d3.-r0.r3.d0.-r3.-d3.-f3.-d0.r0.f3
277,-d1.d3.-f3.-d1.r1.d3.-r2.f2.f3.-d0.-r3.f2.r1.-d0.d3.-f0.d1.-r1.-d1.-r0.-f1.-r0.-d0.-f1.f3.-r2.f1.-r2.f0.-r1.-d2.r1.d3.r2.-d3.-r0.-r3.-f0.-r2.f0.r3.-d2.r0.d2
278,r2.d3.f0.-r1.-d0.-d0.-f1.r1.r2.-d0.-d2.-f3.f1.r3.d3.r0.r3.-d3.r2.d3.-f3.r1.-f3.d0.-f3.-r3.f3.-r1.r3.d0.-f1.-d0.r1.-f1.-f3.-d2.d0.r2.d2.-r0.-d1.-r3.f1.-r2.-f1.-r2.r3.d1.r0
279,-f0.-r1.-d0.-f0.-f3.r2.d0.-r1.d0.-f1.d2.-f2.d2.-f0.-f2.-f2.-d0.-d0.-f2.-r0.r3.f0.f3.r3.-f1.-r0.-d3.r3.d0.-f0.-r0.r3.-d0.-f0.-f3.r3.-d0.f3.r0.-f0.f3.d0.-f0.r3.d3.r3
280,f2.r1.-f0.r0.f3.d3.r1.-f3.-r3.d3.f0.r1.-f1.-f2.f0.d2.f1.-d3.f0.r1.r2.f0.f3.-d1.d3.f1.-d2.r3.-d2.-r3.-f0.-r0.f0.d0.-f1.f3.d2.f2.r2.-f2.-d2.-r2.-f3.d1.d2
281,-r1.-d2.f0.-r0.-r0.-f0.-f0.d1.-r3.f3.-d1.r1.-f2.d1.r0.-f2.d0.-f0.-d2.-f0.d2.-f2.f0.-r2.-f0.r0.d2.f2.-d2.-r0.r1.-d0.-r2.f0.-d2.f1.-r2.d2.-f1.r1.r2.f0.-r1.-f0.-f0.-d3
282,r1.-d3.-r3.-f1.d1.-r3.f0.-d3.-r3.-f3.r0.d0.d3.r1.-d3.f0.-r0.-r2.-f3.-r0.r2.f0.-d0.d2.f1.-d0.r1.d0.-f1.d0.f2.-r1.f0.r1.-f2.-r1.f3.d3.-f0.-f3.-d2.-r2.-f1.d2.-r3.-d2.f1
283,f3.d1.-r1.r3.-d2.-d3.f3.-d2.r3.-d2.-r1.r2.f2.r3.-d3.d0.d2.-f2.f3.-d2.-f0.d2.-f3.d3.f0.-d3.-f3.d3.-r0.-d1.-f0.-r0.-d2.r0.-f3.-f3.f0.-r0.-d2.r0.d2.-f3.-f3.d1
284,-d0.f3.r0.f2.-r3.-d0.-r2.d0.-f0.-d0.d1.f1.-r1.-d0.-r2.-f2.f0.-d1.-r3.-r3.d0.-f1.d1.-r0.-d1.r0.f1.f3.d3.-f3.d0.-r3.d3.-r0.-f3.-f3.d0.-r0.d0.-f0.-r0.f0.-r3.-r3.f3.r0.f0
285,-f1.r0.f0.-d3.d2.-r0.-r2.d3.-r0.-f3.r2.-d2.r0.r2.f3.r1.-d3.r0.-f3.-r0.-r1.f2.f3.d3.-r3.-d3.f3.d3.-f1.-d3.-r2.-f2.-f3.f0.d2.r3.-f1.r3.-d2.-r2.d2.-r3.d2.r2.f1.-r2.-d2.-r3
286,-d0.-r3.-f3.-r0.f1.r0.-f3.-f3.-r1.-f2.-d0.-r1.-r1.-f2.d3.-r1.f2.r1.-d1.-r1.-d3.d1.-r1.-f2.r1.-d1.r3.f0.r3.d3.-f0.-d0.f0.-r3.r0.-f0.f3.r3.f3.-r0.-d3.-f0.d3.-r0.-d0.f0.d3
287,-d1.-r3.f1.r2.d3.r1.d0.f0.d0.f1.-d2.-f3.r2.d2.f3.r3.-d0.-f3.-d0.f2.-d0.r0.d0.-r0.-d1.-f2.r0.r1.-f2.-r1.f3.-d0.-r0.f1.d1.-f1.r0.-f2.-r1.d1.r1.f0.r1.-f1.-r1.f1.-d1.f2
288,f2.-r0.r1.-d1.f1.d3.f0.-r1.f0.-d2.d0.d3.r1.r3.-d2.r0.d2.-r3.-f0.-d2.r2.-d0.d2.-r1.-r2.f1.d0.d3.f3.d3.-r0.-d0.f0.-r3.-f3.-d3.f3.r0.f3.-r3.-d0.-d0.r3.-d3.d0
289,r3.d2.-r0.f0.r2.f2.r0.d3.-f1.f3.-d0.f0.-r3.-f0.-r3.d2.-f3.f0.d3.f3.-d3.r3.-d0.r2.d0.-r3.-d0.d1.f2.-d1.f0.-d2.f0.d2.-f2.f1.-d1.r1.-d2.-f1.-r1.r2.-f1.-r1.d1.-f0.-d1.f1
290,d0.f0.-d0.d3.r0.-f3.d2.-r3.-d2.-r2.-d0.r2.f1.-d1.r0.-d2.f1.d3.r0.-f1.-r2.-f1.-f3.-r0.-d0.-f3.d2.f3.-d2.-d2.d0.f0.f3.r1.-r3.-d1.r1.d1.f2.-r1.-f2.-d2.r3.f1.r1.f2.r2
291,d1.f3.-d0.-f2.-r2.-f0.-d0.-d2.f3.d0.-r2.-d1.f2.-r3.-f0.-d3.-f2.f3.-r0.-f2.r0.f2.-d1.-f1.-d3.-d3.r0.f1.-r0.-d0.r0.-f1.-r0.d1.f1.r2.d1.-r2.-d1.d0.-r2.-d2.r2.d3.-r2.d2
292,f2.r1.d1.-f1.-d0.r1.d0.-r3.-d2.r1.f0.r0.d3.-r1.-r2.r3.-f3.r2.-f3.-r3.r0.f3.r3.-f3.r1.-f2.-r0.d0.r3.-d0.-d0.-f0.f3.-d3.-f3.d3.r3.d0.-r0.-d3.r0.-d3.r0.-f3.d3
293,r1.-f2.-r3.-f3.-r3.f2.-d0.d1.-f1.f0.-r0.-f2.-d0.-f0.-d3.f2.-d3.-f3.d0.-r1.-f1.-d1.r1.f1.d1.-r3.f0.r0.d0.r3.-f0.d0.f3.-r0.-r3.-f3.-f3.d0.r3.-f3.d0.f3.-r0.r3.-d0.r0
294,-d2.-f2.-r2.-f2.-r1.r3.d2.r3.-f0.f3.-r0.-d3.r3.f2.r0.-f3.r2.f0.f3.-d0.-d0.-d3.f2.-d0.-f2.f0.-r2.-f0.-r0.-d0.r0.-d1.-r1.-r1.d1.-f1.r1.f1.d2.-r0.-f2.r0.r1.-d2.-r1
295,-f1.-f2.d1.f3.r1.d0.r3.-d2.-f2.-d1.d2.d3.f0.d3.f1.f2.-d0.d3.r2.-d0.-f0.r0.d3.-r3.d2.-f3.d0.f3.d3.-r3.d0.d1.-r3.-r3.-d0.-r3.-f3.-f3.d0.f3.d0.f3.-d1.-d2.-f3.d1.d2.-r3
296,d3.r2.f3.d3.r3.-r0.d1.-f3.d3.-r1.f0.-r3.-f2.-d3.r3.-f3.d0.-r2.-d1.-d0.r2.d0.f1.-d3.-f2.-r2.f1.-d1.-r2.-d1.-r2.-f1.d3.-f3.-d3.f3.-r3.-d2.-r2.d2.r3.-f2.-r2.f2.f2.f1.-r0
297,-f1.f3.r0.d2.-r2.-d1.-f0.-r3.d0.f0.-r2.-f0.f2.d1.r3.f2.-d1.r3.-f3.-f3.f1.-d0.r0.d0.r0.d2.-r0.f3.r3.-f2.-r1.f2.-r1.f0.-r1.r3.-f1.-f1.-r1.-r1.-f1.-r0.-r1.-f0.r1.f0.r0.-d3.f1.d3
298,r3.-f0.-r3.-f1.f3.-d2.-r0.-r0.-f2.-d3.f3.-r1.-d1.-f3.f2.r2.-f1.-f1.d0.-f3.-d0.-f0.-r2.-f3.-r2.f3.-r0.-f1.r2.-f1.f0.-r1.-f1.d2.r1.-f1.-d2.f2.f3.r2.-f2.-r2.r1.-f2.-r1.-d2.-r0
299,-r0.d2.-f3.-r0.f0.r1.-f3.-d0.r3.d3.r0.-d2.-d3.-f3.d2.-r3.f3.-d1.f0.d1.-f3.-d3.d0.-f3.d1.r2.d2.-r3.d1.r3.-d2.-d1.f3.d1.d3.r3.-f0.-d1.r2.-f1.-f1.-r2.f1.d1.f3.-f1
300,-f0.-d3.d2.-f0.-d2.-d2.f3.-r2.-d3.r1.-d2.f1.r2.-f1.-f2.-r3.f2.-r2.r3.d0.-f3.f0.-r3.-f2.-r0.-r3.-r3.-f3.-r3.-f0.r0.f0.r0.-d0.r0.f0.d3.f0.-r0.-r3.d0.-f3.-r3
301,d2.-f1.-r0.-f0.-d1.-r0.f2.-d0.r0.-d0.-d0.f1.-d0.-f1.f2.-d0.-r3.d0.-r0.f2.-d0.-f2.r3.d0.r1.-f2.-d1.f0.d1.-r1.-r2.-f2.-d3.f2.-d1.-r0.-r3.d3.f2.-d3.r0.r3.-f1.-f2.r1.f1
302,-r2.d0.-f0.d0.-r0.r2.-f1.-r0.d1.-r0.d3.-r0.d3.r0.-r2.f1.r1.d0.-f3.-r0.f3.-r3.-d1.r2.-d1.-f3.-d2.f0.r1.f3.d1.-r2.f3.f0.r2.-f3.-f3.d2.-f0.r3.r0.d3.-r0
303,-f2.r0.f2.r2.-d0.d1.-r1.-d0.-f0.-f0.-f1.-r1.f3.r1.-d1.-d2.r1.f2.-d3.-d3.f1.-r3.d3.-r2.-d1.r2.d1.f0.r0.d3.-r3.-d3.r3.-f0.-r3.f3.d3.f3.r0.-f3.-d0.-r0.d0.d3.-f3.-r3
304,-d1.d3.-r1.d1.d3.-r3.-f0.-r0.r2.-f3.d0.-f0.-r0.d3.-f3.-d2.-r2.-d1.-f3.-d0.d3.r3.d2.-r3.d0.f3.-d0.-r2.-d3.-f2.d3.r3.-d0.-d1.r0.d1.-r0.d0.r2.-d0.f2.-d1.-f2.d0.-f2.d1.f2
305,-d0.r2.d2.-r0.-r1.-d1.d2.r2.f0.d3.f0.d3.r0.-f2.-d3.-r3.d3.-r3.-d0.r0.r2.-f2.-r0.-d2.-f3.d0.f3.r1.-f3.-f3.r1.f3.-d0.-r2.-r3.-d2.-r1.d2.-f3.-d3.-f2.f3.-r2.d2.r2.f2.d3.-r1
306,-d3.-r1.r2.-d3.f1.-d2.r2.-f0.r2.f1.-d0.-f1.-r2.-f0.-r3.-f1.-f3.-d1.f3.d1.f1.-d1.f1.-r0.-d3.-d3.-f0.f3.d3.-f0.-d0.-d0.f0.f3.r0.-d0.r0.d0.r3.-d3.-d3.f3.d3
307,r3.-d3.-r1.-f2.-r3.-f2.-r3.-r3.-f1.r3.-d1.-f0.r2.-f3.-d3.-f0.-d0.-d1.f1.-r3.-f3.d1.-f3.-d2.-d3.f3.d2.-f2.-r3.d2.-r0.r3.-d1.d2.-r1.-d2.r0.-d2.-f1.d2.f1.r1.d1.f2.-d0.-d0
308,-d2.f1.-r0.f0.f2.r1.-d1.-d1.-f0.-f3.-f3.-r3.-f0.-d1.-r2.d1.-r3.r0.d0.-r0.-r0.-f3.-r1.-f0.-d1.r0.f3.r0.f0.r3.d0.r0.r3.-d0.r0.-f0.-d0.r0.-f0.-d3.-d3.-r3.d3.r0.d0
309,f0.r3.d0.-r3.r1.-f3.-d3.r0.f2.d2.r0.-f3.r1.-f1.-r3.d2.f2.-d1.f0.d2.f1.d1.-r2.-r3.-f3.-f3.r3.-f2.-f3.-r2.-r2.f2.r2.-f2.-r2.f3.-r3.d1.-f2.-d1.-f3.f2.r2.f3.-r0.f1
310,-f0.-d3.-r2.-f3.r0.f0.-d1.-f3.f1.-r0.f0.r1.r3.d0.-f2.-r2.r1.-d1.r3.f1.r2.-d2.-r3.-d0.r0.f1.-r0.-f1.-d3.-f1.d3.-f0.r3.-d1.d2.-r1.-f0.f1.d2.f0.d1.-f0.-d2.-f1.f0.-r3.-d0
311,f2.-d3.-f1.-r0.d3.-f1.-d0.f3.r1.-d2.f3.d2.r0.-d2.d0.-r1.-r1.-d1.f0.-d2.f2.-d0.-f0.d1.d2.f0.d2.-f3.-r1.d2.f3.-d3.r1.-d2.d3.-f0.-d3.-f3.r0.-d3.-f2.-r2.f2.d3.-r0.f3
312,-d1.-f2.r2.f0.-r0.f2.-r0.-d0.-r0.d1.r1.-d0.-d0.-d3.-f0.f1.d1.-f1.-f1.-f2.-r0.f1.d1.r1.-d1.d2.f2.-r1.-r3.f3.-r3.-d3.f0.d0.-r0.-f3.r3.-f0.d3.-r3.r0.-d0.-r0.-r3.-d0.-f0.-r3.-d3.r3
313,-d0.-f1.-r1.d0.-f0.-d2.f3.-d0.r0.-d1.-f2.r0.d1.-f3.d1.-f3.d1.r1.-d1.f1.-r1.d1.-r2.-d3.r0.-d0.-r2.d0.r0.-f2.-f2.-d3.-f2.-f2.d3.-f1.-d1.-r2.-r2.d1.r2.-f2.r2.d2.f1.-d2
314,-f3.-d2.r2.d3.-f3.-d2.-f0.-d3.r0.d2.-f0.f3.-d1.r3.d3.-r1.-f3.-d3.f3.-d2.-r3.d2.r3.-d1.d3.r2.-d3.f2.d3.-f2.d3.r0.-d3.-r0.-f2.r0.d3.-r0.-f1.-r2.d1.r2.f0.-d1.f1.d1.f2
315,-f1.f2.r0.-f3.-r3.f1.-r1.-f0.-d0.r2.-f2.r3.d3.f3.-r3.f1.d1.r3.-f1.d1.-r3.f1.d1.f2.-d2.r2.d3.-r2.d0.d2.-r0.r2.d1.r0.-d1.-d2.-r2.-r2.d1.r2.-d0.d2.f1.-r2
316,-f2.-d1.-f1.-r3.r2.-d2.-r0.d0.r2.-d1.r0.-d0.-d0.d2.f2.-d2.-r1.f3.r2.-f3.-r2.-d3.-r0.d3.-r0.r1.r3.-d0.d3.-r3.f0.r3.f0.-r3.-d0.-f0.-d3.r0.-d3.r0.d0.-r3.-f3.-r0.-r0
317,-r1.-r2.r0.-f2.-d0.-f3.f0.-d1.d3.-f1.-d1.-d2.-r1.-r1.r0.f1.-r0.d2.r0.-d2.-f1.d2.-f3.-d2.f3.d2.f0.-r0.-d3.f0.d0.-f3.f0.d0.r0.-d0.-f3.r0.-f0.d0.-r0.-d3.-f0.-r3.-d3.f3
318,-r1.f3.-d1.d3.f1.-d0.-f1.-r2.-f2.d0.d2.-r1.-r3.-d1.-r3.-r3.f2.-d3.r3.-f0.-r3.-d1.f3.-r3.f0.-r3.-r3.d2.d3.-r1.r2.-f1.-r2.-r2.f1.-d0.r2.-d1.-f1.r1.-d2.f1.d3
319,f0.-r0.-f1.-r2.d0.-f2.f1.-d1.-f2.-r0.-f2.d2.-f3.f1.-r0.-r3.f0.-r0.-f2.-r1.d3.f2.d3.-f2.r1.f2.r3.-f0.r0.-d0.-r3.f0.d3.-r0.-d0.d3.-r0.d0.f3.r3.-f3.d0.f0.-d0.-f0.r3
320,f3.-d2.r3.f0.d0.r2.d0.f0.-d1.r2.d1.r2.f3.-d2.-f1.d2.f1.-d2.-d2.r2.-f0.-f0.-f1.f3.-d1.-r0.d3.r0.-f3.-r0.d3.-r3.-d3.f3.r3.d3.r0.f3.-d3.-r0.f0.-r0.d3.r0.d0
321,-d2.f2.d3.-f3.d3.-r0.-r0.f3.-d1.-f3.d3.f1.d2.-r1.r3.f1.-d2.d3.-f1.-r2.d2.-f3.-r3.-r3.d3.r3.-f1.-d3.-f1.-d2.f1.d2.f1.d2.r0.d2.-f0.-f3.-r2.f0.r2.f3.d2.-r2.-d2.-d2
322,-d2.-f0.-r0.d3.r1.-d0.-d2.-r1.-f1.-r0.r1.d3.-f0.-f0.-f3.-f3.r1.d3.-f0.r2.-d3.r3.-f0.-f3.-d3.f0.-r3.d1.d3.r3.-d0.f0.r3.d0.-r3.f3.r0.d0.-f3.-f3.-d3.-r3.-r3.-f0.-f0.-r0.-r0
323,-r3.d1.-f3.r2.-d3.f2.-d0.-r1.r2.f3.-r0.r3.-f1.f3.d0.-f0.-f2.-r0.-r3.-f2.r2.-d3.-f3.r1.f3.-r1.d3.f2.-r2.-r3.-d2.-r3.-d1.d2.-r2.d1.r3.f2.-d1.-f0.r1.f2.-r1.f0.-d1.-d1
324,-f2.-d1.f3.-r3.d2.-f1.-d1.-d1.-d3.d0.r3.f3.d2.f0.-r3.f2.r0.-f0.r3.f0.-r3.-r3.-d1.r1.d1.r3.f0.r3.-f3.-r3.-f0.f3.r0.f3.d3.-r0.d3.-f0.r3.d3.f3.r0.-d0.f3.d3.r3.-f3
325,-f0.r1.f3.-d2.-r0.-d0.f1.r0.-f2.-r3.f1.r2.f0.f3.-r3.f2.-r0.-d0.-r3.-d2.r3.-d1.-f0.-d2.-f1.d2.-r3.d0.r3.-f0.d0.-f3.f0.-r3.-d3.r0.d3.-r3.f3.d3.-f0.-f3.-r0.-f0.-d0.d3
326,d0.-f2.f3.r3.-d2.-r2.-f2.r3.-d1.d0.d2.-r1.-r3.d0.-r3.-f0.-f3.r0.d0.-f1.r0.-d0.f3.-d0.f1.-r1.r2.d2.-f1.r3.f0.-d2.-f0.r1.f2.-r2.d2.-f2.-d0.-d2.-f0.-f0.-d1.-f2.d1.-f0.-f0
327,d3.-r3.-d2.f3.d3.-r3.-f0.-f0.f2.d1.d3.r1.f2.d3.f0.-d3.-r2.-f2.-d3.-d3.d0.r0.-f0.-f3.-d3.-r2.r3.-d3.-r2.d3.r3.-d0.-d3.d2.r2.-d0.-d2.d3.-f2.-d0.-d0.r2.-f0.-r2.d1.r2.-d1.d0
328,f3.r1.-d2.-r3.-f1.-d2.f3.r1.d3.r0.d1.d3.r2.-f1.-r2.-f3.-d3.-r0.f2.-d3.d1.d2.-r0.d0.-f0.-d2.r0.f3.-d0.-f0.-f3.-r0.f3.d0.f0.r3.f3.d3.f0.-r0.f3.r0.-d3.d0.r0.f3.-d3
329,-r1.r0.-d0.r2.-f3.r2.f3.-d3.d1.r0.-f0.-r1.-d2.r1.f0.-d2.f0.-d3.r3.-d0.-d1.d3.-f3.-d2.r3.-f0.d2.-r1.-f1.r1.f0.f2.d1.r1.-f2.r1.d2.-r1.r2.-f3.-r2.f1.f2.r2.f3.-r2
330,-r3.-d2.f0.-r1.d1.f1.-r0.f0.-d0.-d1.f3.-d3.-r1.-d3.d2.-r0.-d1.-d1.f1.-r2.f3.-r0.-r2.r1.-d3.f2.d3.r3.-f3.-f3.f2.-r2.-f2.-f3.-f3.-d0.r1.d0.r0.f2.-r2.f2.r2.-f2.-f2.-r0.-r1.r2.d0
331,-r3.-d0.-f2.-r3.r1.f3.r2.-f2.-f2.-r0.-r3.-d0.-r3.r1.d0.f0.d1.-f0.d2.r3.d3.-f3.-r1.-d1.-d2.-r3.-d3.-r3.-r3.-f0.d0.r0.f3.r3.-d0.f0.d0.r3.-f3.f0.-d0.-f0.-d0.d3.r3.d3
332,f2.-r1.-r3.-f2.-r3.d0.-f3.-r2.-d3.-f0.-f0.r1.-d3.-r1.-d2.-r2.f0.-d0.r2.-f2.d0.f2.-d0.-r2.r3.-f3.r3.f3.-r3.r0.d0.-f0.-f3.r3.d3.r3.-d3.-f0.d0.f3.-r0.-f0.-f3.d3.-r3
333,d3.r1.-f0.-r1.-f1.d1.d3.-f0.r3.d3.f2.r2.r3.-d2.d0.-f3.d2.-f0.-d3.-r3.f0.d1.f3.-d3.-f3.-d2.d0.d3.r0.-f0.d0.f3.d0.f3.d0.-r0.d0.-r3.f0.-d3.-r0.-d0.-r3.-f3.r3.f3
334,-r2.f1.r0.-f3.-r1.-r1.-d0.-f0.d3.-f3.-r0.-r2.-f1.d0.-r0.d1.r1.d3.r1.f0.d1.-f0.-f1.-r1.-f0.-d0.-d3.-r1.d0.-r2.d3.r2.-d0.-r2.d2.r1.-d2.f1.-r1.-f3.d2.-f1.-d2.f3.-r1
335,-f0.-r0.d0.-r2.-f3.f1.-r2.-r2.-r3.-d0.r0.-d2.-f0.-f1.r3.d1.-r3.r0.d2.r3.f0.f3.-d0.-f0.-d3.d0.f2.d3.-r2.-f2.-f3.r2.-d1.r2.f2.-r0.-r3.-d2.r0.r1.d2.-r2.-f1.-r1
336,-d0.r1.r3.-d2.-f0.-r2.f1.d0.-r2.-d1.-f1.-r1.-d2.-d2.r0.d1.d2.-r1.f3.r1.d3.-f0.d0.r3.d2.f3.-d2.r3.-f0.d3.-f0.-f3.d3.-f3.-r3.r0.-f3.f0.-d0.-d3.f0.-r3.d3.-f0.d3.-f3.-r0
337,-f1.d1.r1.d1.-f0.-r1.-d0.r2.d3.-r2.r3.-f1.-f3.r3.f3.r2.-d3.f0.-d2.f0.-r3.r0.-f0.d3.-r0.-r2.f0.f3.-r0.-r0.-d3.-f3.r0.f0.-r0.-f3.f0.-d3.d0.-r0.d3.r0.-f0.-r0.-d0.r0
338,-r1.-f0.r0.f1.r2.d3.-f1.-d3.-f3.-d1.-r1.f3.-r2.d3.-r3.d3.f2.d3.-f0.d1.f1.r3.-f1.-d1.f3.-d3.-d3.f3.d0.d3.-r0.-d3.f3.-d0.d3.f0.-r3.d3.-r0.f0.d3.-r0.-d3
339,-d2.f3.-r3.r1.f3.r1.f1.-d3.f0.d1.d3.r3.-f1.-f3.d0.f2.r2.-f3.d2.r1.d1.-r1.-r2.-f3.-d2.r2.d2.-f2.-r2.f2.-r2.-f2.-d1.-d3.-r1.f2.r1.f0.-r1.f3.r1.f1
340,-f2.-d0.-d1.f1.-r3.f3.r0.-d3.-r1.-f3.-d0.d1.f0.r2.d2.d3.r3.f2.-d1.-f2.-d1.f2.f3.-r3.d1.f0.-d1.-r3.-f0.-f3.r1.f3.d2.-f2.r1.-f0.-r1.-f1.r1.-f1.-f3.-r2.-r2.f1.-r1
341,-f3.-r2.f2.-d3.f0.-r2.d0.-f0.-d2.-d2.f1.r0.f2.-r0.f2.-r2.r0.-d0.d3.r1.-d0.-d0.-f3.r2.r3.-f1.r1.d0.-r2.-d0.-d1.r1.-d1.r1.f1.-d0.r3.d0.-f1.-d0.-r3.d0.-f1.r3.f1.-r3
342,-f2.f1.r1.-f3.-r0.-f2.-r2.f1.-d3.-r3.-f0.f1.d3.-r1.d1.d3.r1.-d3.r1.-f2.-d0.-r1.-r3.d0.-f3.d1.r2.d2.r0.-f2.d1.f2.-d1.f3.-d0.-f1.-d3.r1.d1.f2.d1.-r1.-f2.-d1.d3.-f1.d1.f1.d1
343,f3.-r1.f0.d2.-r3.d2.d3.-f2.d3.-r2.r1.-f0.-f1.r0.-d3.r2.-f2.r3.f2.-r2.f2.r0.-d0.-d2.r3.d2.d3.r3.-f0.-d0.-d0.-r3.-d0.-r0.f0.-d0.-f3.-f3.d0.r0.-f0.f3.-r0.-d3.r3.-f3
344,-r0.-r0.-r2.f3.r1.d1.f1.d3.-r3.-f2.d0.-r3.f0.d1.r3.-d2.d3.-r2.-d0.d2.-r2.-f0.r3.d0.f0.-r0.r2.r3.-f0.-r0.f3.-d0.-d0.-r0.d3.-r3.-d0.d3.-f3.r0.-f0.-d3.r0.-d3.r3.-f0.r3
345,-d1.-d3.f0.-d1.r2.-d0.-r3.r1.f1.f2.-r2.r3.-f0.d0.-f3.-d1.-f1.-f3.r0.f3.-d0.-d3.-r0.-r1.f1.r0.-f1.r1.d3.-r0.f2.-r1.-d2.r0.d2.r0.r1.-f0.d2.d3.f2.-d3.f2.d3.f2.-d3.f2.-d2
346,-r1.r0.d0.r1.f1.d0.f3.-r1.-f3.-f3.-d1.f0.-d3.r0.d2.r0.r1.-f2.d0.-r0.-r1.f3.-r0.-r1.-d2.-r1.-d3.r0.r1.d2.f1.r1.-f1.d3.-f0.r1.f0.f1.r1.-d1.-f1.-r1.-d3.-f1.-d2.f1.-d0
347,d2.r1.-f0.r0.-d2.-f0.-d0.-r3.d3.r1.r3.-d0.r1.-d0.r0.r2.f0.-d3.-r2.-f3.d3.-r2.-d3.-f0.-f0.r1.d1.d3.-r2.-f1.-r1.f3.d1.f1.-r2.f1.d1.f3.r2.-f1.r2.-f3.-d1.-r2.-r2.-d1.-d1.r2
348,-d2.-f1.-f1.-r2.r1.f2.d0.-f0.d3.-r0.-d2.-r0.-r2.-f2.-d1.-r3.d3.-f3.d0.f0.r0.d1.-r0.d2.-r0.-f0.-r0.-d0.f0.d0.-f3.-r0.d3.-f3.-r0.-d3.f0.-r3.-f0.-f3.-d3.f3.-d0.f0.d0
349,r0.-f3.-r2.r3.-d1.-d2.f0.d3.r0.d2.-f2.f3.r1.f1.r0.-f1.-r1.-d0.-f3.-d3.-f0.-r3.d2.-r3.-r3.-d3.-d3.-r3.-d0.f0.-r0.f0.-r3.-f0.-r3.-d3.d0.-r3.-f0.-r3.-d3.-f3.f0.r3
350,-f2.-r3.-d3.r1.-d3.-r1.r0.d3.f1.-d1.r3.-f1.-f1.-r0.-f3.-d0.-d1.f3.-r3.f1.r0.f0.r2.-f3.-f3.-r2.-f0.r3.d2.d1.-r2.-d2.-d1.r3.-d2.-d2.-r1.-r3.d2.r2.-d2.-r0.f1.f1.d2
351,-r0.-d0.-f1.f2.r2.-d0.f2.-r3.f0.f2.-r0.-f1.-r1.d0.-r3.-d0.-d2.r0.-d2.-r3.r0.d2.-r1.-d2.r3.d0.r2.f3.d1.-f3.-r2.f2.-r3.r2.-f2.r3.-f3.-r1.d3.-f2.-d2.-d3.r1.-f2.-r1.f2
352,-r2.r0.f3.d1.r1.-d3.-d3.f3.-d3.f0.-d0.-d1.-f0.-d3.r0.d1.-r0.-d2.d1.-r3.-f2.r3.d2.-r0.-d0.-f3.r0.-f3.r3.d3.-f0.-d0.-r0.d0.d3.-f3.-d0.-d0.-f0.r1.r2.f1.r0.r3.-d3
353,-f3.r1.-d2.r0.-f1.-r3.f0.-r1.-d0.-r0.r1.-f0.-f0.r3.d1.d2.d3.-f0.d3.f2.-d3.-r0.r1.r2.-d0.-f0.-r2.f1.d1.f2.-r2.-d1.-r1.r3.d2.-r0.-r3.-d2.r0.r2.-f1.r3.f2.r1.r2.f2
354,-d0.d2.-r2.-f1.-r2.f0.-r1.d3.f2.d1.f0.d2.d3.r1.r2.-f0.r3.f1.-d1.-r1.f0.-d1.-d1.-f0.-d1.-r0.-r2.d0.-r0.-r0.r2.-f0.-d0.-r2.-f1.r2.-d2.f1.d0.-f3.-r0.f1.r0.-f1.f3
355,-f0.-d0.f2.-d1.r2.-d3.-f1.-d3.-d3.r0.-f3.r1.-f0.d0.f0.r1.-d0.-f0.-f1.-f1.-r3.f2.-r0.r3.-d3.r0.f0.-d0.-d0.-r1.f2.-r2.d1.-r0.-r3.f3.-d2.d0.-f2.-r2.d2.f2.-r1.-d2.r1.r2.-d0.-f0
356,d3.-r0.d0.f0.-d0.-d3.f1.r3.f0.-d0.-r1.-f3.f1.d3.-r2.-d3.r3.-f3.f0.d1.-f0.-d1.-r1.-r3.-f2.f3.-d3.d2.f2.d1.-r2.-f2.d3.-f3.-d1.-f1.-f1.d1.f2.f3.r1.-d2.-f1.d2.-r1.r2.d3
357,r3.f0.-d3.-d3.r3.d1.-f0.-f0.-r0.-f2.r2.-d3.-f0.-f3.r0.f1.-d1.-r1.-f1.d2.-r1.d1.-r2.d3.r0.-d1.d3.-r1.-d0.-d2.d3.r0.-f2.-r0.d1.f2.d2.d3.-f3.r2.f3.-d0.-d0.-d3
358,d1.-r1.-f0.f3.d1.d2.-r0.r2.f3.r0.d0.-f2.r1.r3.-f2.-r3.d0.-f2.r1.f0.r1.-d0.-r1.-d0.f2.-r3.f3.-r3.d1.-f3.-d1.-f1.-r1.-r3.-d1.r1.r3.-f1.-r3.d0.d3.-r1.-d1.r1.-d0.-f0.-f0
359,r1.-f0.d3.-r3.r1.-d1.-f2.-d1.-r3.r0.f0.-r0.-d0.f0.-d1.-d3.r0.-d1.-d2.-f2.-d2.-f0.-f0.d1.-f2.-r3.-f3.r0.f3.d1.r1.r2.-d2.-d2.-r1.-r3.-d1.r3.d2.f1.d2.r3.d1.-f2.-r2.f2.-d1.-r3
360,f0.r1.d0.d3.-r0.-r0.f2.-d0.-f3.-d3.-f1.f2.-d3.r0.d3.r2.d3.-r2.-f3.-f3.d2.f0.r3.-f0.-d2.-d3.-d3.f3.-r3.r0.d0.f0.-d0.f3.-d0.r3.d0.-f0.-f3.d3.-r0.r3.-f0.d0.f0
361,-r0.-f2.-f3.d1.f0.r2.-f0.-f0.d0.r0.-f1.f2.-d0.f0.f3.-r3.r1.f1.-r3.r1.d1.-f3.d1.-r1.-d1.r1.-f3.d3.f3.d0.-f3.r3.f0.f3.r3.-d0.-f3.-f3.-d0.f3.d3.-f3.-r0.d0.f0.-r3
362,-r1.-d0.f0.d2.r0.d3.-f2.-f3.-r3.f1.f3.-r1.-d3.-r0.-r3.f3.-d0.-d0.-f3.-f3.r0.d1.f0.d0.-f0.-r2.-d1.f0.f1.-d2.f0.d2.r2.-f1.-r2.f3.-d2.-r3.d2.-r1.-f1.d2.r1.d2.-r2.d2.r3
363,-f3.f2.d3.-f3.f0.d0.d2.-r3.f3.r1.-d0.r1.d0.-r2.d2.r2.-f3.-f3.r1.f3.-d3.-r0.d3.-r1.-f3.-f3.-d3.r3.-f3.r3.-f3.-r3.f3.d3.-r3.-f0.-f3.r3.f3.-d0.r3.-f3.d3.-r0
364,r3.-d3.f3.d2.-r1.-f0.-f1.-r2.-d0.d1.d3.f2.f3.d0.f1.r0.r1.-d1.-f1.-r0.f3.r0.d1.-r0.f3.r0.-d0.r3.f0.f1.d1.-r3.-d1.-f2.-r3.f2.r3.d1.r3.-d1.-f1.-f1.-d1.d3.-r2.d1.r2.-d3.f1
365,r0.-d0.-r0.-d3.-r1.f2.f3.d2.r0.-d1.-f3.r0.-d1.d3.-r0.f1.d1.-f1.d1.-r3.-d1.f2.-d0.-f2.d0.d2.-f3.-d1.f3.-d2.d1.-f1.d2.d3.f3.r2.-f3.-r1.d3.-r1.-d3.r1.-d2.f1.d2.-f1
366,-d0.r1.-f0.-d1.d0.r2.-f0.-d0.-f1.r0.-f0.-f2.d0.r0.d3.f3.-r0.r2.-d1.-d2.f0.d1.r0.-d0.-r0.-d3.d2.r2.d3.-r2.-r3.-r3.r0.f0.-r2.-f0.r2.-f0.-f0.r3.f2.-r3.-f0.-f0.r3.d3.r0
367,r1.-d1.d2.r1.d3.-r0.d2.r1.r3.-d3.r2.-d3.-r0.-d3.-f2.f0.-r0.-r0.-d1.r1.d0.-r1.r3.-d0.-r3.-d0.d1.-r3.-r3.-f0.-f0.-r3.f3.-r0.-f0.-r3.-f0.r3.-d3.-r3.d3.f0.-r0.r3.f0.d3
368,-r2.-d1.f1.r3.-f3.-d0.d2.f1.-r3.r1.r2.-f2.-d1.-r0.-r1.f1.r0.f2.-r0.-r3.d3.f0.-r0.-r0.f3.-r2.-r3.f3.-d0.f3.-d3.d0.-r3.d3.f0.r3.d0.-f3.-r0.-r3.-d0.r3.-d3.-d3.f3.-r0.-r0
369,r2.d3.-f1.r0.f0.d0.r1.f3.-d2.f0.-d3.f0.-r0.d0.f1.f3.r3.-f3.-d0.r2.-d0.r2.f0.-r2.-f0.-f3.r0.-f3.r1.f0.-r1.f3.-d0.-f0.f3.-d1.-d3.d2.f1.d3.-f1.-d2.d1.-f3
370,-f3.d2.-d0.-r3.-d2.-r2.-f0.-d0.-r0.d2.d2.-f0.d3.-d0.-d2.-r0.-f0.-r3.d1.-r0.-d1.r0.r0.-r3.d1.r0.f2.r0.-f0.-d1.f0.d0.r3.d3.f3.d1.r2.-f1.r2.-d1.r2.-f3.f1.-r3.-f3
371,-f0.f1.r3.-f0.-d3.r3.f0.-r1.-f3.d2.f2.r3.-d1.f3.-r1.d1.r1.f0.d0.-f3.d0.r1.-f3.-r1.-f2.-f0.d1.r1.f0.d1.-f0.f1.-r2.f1.d2.f1.-r1.-r3.d0.r3.-f2.r2.f2.-r1.f2.r1
372,r2.-d3.-r3.-d1.d2.-r1.r0.f1.f2.r0.-d0.-d3.r1.f2.d2.-r3.-f1.-r2.f1.d3.f3.-r3.-f0.d0.f3.-r1.-r3.-r3.-f3.r0.-d3.-f3.f0.r0.f0.-d3.-f0.f3.r3.f0.d0.f0.-d0.r3.-d0.-r3.-f0
373,-d3.d1.r2.-d2.-r2.-r3.f0.-d0.-d2.-r1.d2.-f2.-f3.r2.d0.-f3.r2.f3.-d2.-r2.-f3.d3.-r0.-r3.r1.d3.-r1.r3.-f3.-r0.f3.d0.-r0.r3.f0.d3.-r3.-r3.-d0.-d3.-f0.-f3.-d0.f0.-r3.-f3.-r0.-f3
374,-f0.-d2.-r1.-f0.-f1.-r1.d2.r3.f3.d3.r1.f1.-r0.f1.r2.-d2.-r3.-d1.-d1.r3.f1.-r2.d1.-f1.r2.d2.-r3.-r3.f3.d3.f0.d3.r3.-d3.f3.-d0.-f3.d0.-r0.f3.r0.f3.-r0.f0.d0.-r0.-r0
375,-r1.-d2.r0.d3.-f0.f1.f3.r3.f0.-r3.d1.-f2.-f2.-d0.-f1.-f1.-r0.f3.d1.f2.-r2.-r2.f1.-r0.-r0.r2.f0.-d2.f3.r0.-f3.d2.f3.-d1.-r0.-f3.r0.r3.d1.f1.-d2.-r0.-d1.r0.d2.-f1
376,d3.f2.d1.f3.d3.r3.-d2.-f1.-f1.f0.r3.f0.r3.-f1.f2.-d0.-d1.-r3.d3.-r0.-f2.-f2.r2.f1.r0.d2.-f2.-d2.-f2.r2.r3.f2.-d1.-f2.-r3.-r3.d1.r0.-d1.-r3.-r3.-d1.-r0.-r0.-r1
377,r1.d1.r1.-f0.r0.-f0.-r1.-r1.r0.-f1.r3.-f0.-f3.f1.-r2.r0.r3.-f2.-r0.r2.f0.-d2.-f0.d2.-r2.-f0.f3.r3.d3.-f3.-r0.-d3.-r0.-r0.f3.r3.-f0.-d3.-d3.-f3.-r0.r3.-d0.r0
378,r0.-d3.d0.f2.-d2.-f2.-f3.-d0.-d0.d1.-r3.-f2.-r0.f0.-r1.f1.r1.r3.f3.r3.f0.-r3.-f1.-f3.d1.f1.d0.-r0.-r0.-d2.r3.d2.-r0.-r0.-d2.-f0.d1.r3.-f0.-r1.f1.d1.f1.r1.-f1.-f1.-d1
379,r2.-f0.-d3.-r0.r2.-d2.-f2.-r2.r3.-f0.-f0.-f2.-f3.-d1.f3.-r1.d0.-f0.-r2.-d0.-d0.r2.-f3.d2.-r3.-f0.-d3.-r0.-d3.f3.r3.-d3.-r3.f3.-d0.r3.d3.-f0.-r0.f0.r3.d0.-f0.d3
380,d3.-r0.r2.-d3.f3.-d0.-d3.d1.-f3.-r1.-r2.d1.f0.-r3.-d0.f3.r3.-f0.-d2.f0.-d0.-f3.-r0.d2.-r0.f1.-r3.f1.r2.r3.f1.r0.-f0.r3.-d2.-r3.-f1.f0.-d1.-f1.-f1.d1.-f3.f1.-r2.-d1.-f1.d1.r1
381,-d0.-f0.-d0.-f0.r0.-f2.f1.d3.-r3.-f0.-f3.-d3.-r0.d1.r0.-f2.f3.-r0.-r2.-d3.r1.d3.-f2.-f3.-r3.f2.-r0.d2.-f2.f3.r3.f1.d2.-f1.-r3.-f3.-r2.r3.-d2.-d2.-f3.r2.f2.-r2.f3.r2
382,-f2.r3.-d3.r2.-d2.-r0.-d3.f0.f2.-r1.f0.d1.-f0.-f0.-r2.r1.-d1.r2.-f1.d3.-r1.-d0.-f1.-d1.-d2.f1.r3.d3.-r0.d0.-r0.-d3.d0.r0.d3.r3.d0.-r3.d0.-r0.-d0.r0.-d3.-r3.d3.f0.r3
383,-r1.-r3.-f1.f3.r2.d3.-f1.r0.-f3.-d2.-f3.-d0.f0.-d3.-f2.r0.-f0.-r0.f3.d0.-f1.-r3.-f3.-r3.-d0.f3.d0.-r3.d0.f1.-d0.r3.f0.-r3.d3.-r2.-d1.r2.-d3.d0.r2.d1.-r2.-f0
384,-d2.f0.-r1.f0.-d0.r3.f1.d0.-f3.-d3.-f0.d2.-f3.-d1.r1.f3.d0.r1.-d0.-r1.-d2.r0.-d1.-r1.d1.r1.-f2.-f2.r2.-f2.d0.f3.-d0.-r2.r1.d0.-r2.-d3.d1.-f2.r2.-d1.f2.d1.-r2.d3.-r2
385,f2.-d0.f3.-r0.d0.-r2.r3.-f3.r1.-d1.r1.-d0.-r0.f0.r0.-d3.r3.-f0.d2.-f3.-d3.d0.-r0.-d1.-f1.d2.-r0.f1.-r0.r3.f3.d0.d1.f2.d2.-f2.d3.-r3.-f1.-r2.f1.-r0.r3.-f2.-r2.f2.r0.r2
386,d0.-r2.-f3.-d1.-f0.-f0.-d1.d3.-r1.-d0.f0.f2.-d3.-r1.-f0.-d0.d2.f0.r3.-d3.-r3.-d2.d3.f3.r2.d2.-r3.-r3.-d3.f0.-r3.-f3.d3.f0.-r3.-r3.d0.-f0.-d3.-r0.f3.-r0.-r0.f0.r3.f3.d0
387,r0.-f2.-f2.-r1.-d3.-d3.f3.r3.-d3.-d3.d2.-f1.-r3.-f0.-f3.d2.r1.-f0.-f0.-f1.-d0.d1.d2.-f0.-r3.f1.r3.f0.f2.d2.-f2.-r3.r1.-d1.-f1.d2.-r2.d0.-f2.-d2.f2.-d0.d1.f1
388,r1.-f3.r1.d3.r3.-f1.d1.f0.-d0.-f1.-d0.-d2.r3.-f2.f1.r0.-f1.-r2.r3.d0.d3.-f3.r1.f3.r0.r2.d0.-f0.d0.f3.-r3.d0.d3.r3.-d3.f3.d0.-r0.-r0.f0.-d0.-d0.-d3.-f3.r0
389,r0.r2.d1.-f3.-r0.d3.-r3.f1.-d0.r1.d3.-f1.r3.f1.r3.d2.r1.-f0.-d0.-d0.-f3.d1.f3.d0.f0.f2.-r3.d0.-f2.f1.-d2.-f2.-d1.r2.-f1.-f2.-d0.d1.r2.-f1.-d1.-d1.d2.-r1.f1.d1
390,d1.-f3.-d3.d2.-r1.-f1.-r2.-r3.d0.r3.f3.-d1.-d3.-f2.-f3.-r1.-d2.r3.-f0.-r3.-d3.r3.-d1.d2.f0.d0.d1.-f0.-d2.-f0.-f0.r1.r2.d2.-r2.-d2.f0.d3.f2.-d3.-f0.-r1.f0.f1.-d2.-f1.d2
391,r1.f3.-d3.r2.-d2.f1.d0.f3.r1.-d0.-d3.d2.-f3.-d2.-r1.-d1.-d1.d2.r3.f0.f3.-r2.r0.f1.r2.d3.-r3.-f3.-r0.d0.-r3.d3.-f0.f3.-d0.-f3.-r0.-f3.d3.r0.f3.-d0.d3.f3
392,-d2.-f3.d1.r3.-d3.-f1.-d1.-f3.f2.-r0.f0.-d3.-d3.-r0.r1.r3.-f1.-r2.-d0.-d0.d1.-f3.f2.-d0.-f2.f3.-r1.d1.f1.-d1.f2.r3.f1.-r3.-f1.-d3.d1.r1.d3.-r1.-d1.r1.d0.-f2.-r3
393,-r1.f0.r2.-d0.d2.-f0.d0.-f3.r0.-f3.-d3.d0.f2.d2.d3.-r2.d3.-r0.f3.-r1.f1.-d3.-f1.d3.-r0.-d3.r1.-f3.-r3.f3.-d0.f3.d3.-f0.d0.-f0.r3.f3.-d0.f3.-r3.-f0.r0.d3.-f3.r0
394,-r2.-d3.r3.-d0.-f1.-d2.-f1.-r0.r1.d3.-r0.-d1.-r0.-d2.-d2.d3.f3.-d1.d2.r0.d0.-r0.-f3.-r1.f3.r1.-d1.-f2.r0.r3.-d0.r1.-d3.f2.d3.-f1.d2.f2.-d1.-r2.-f2.-d1.-d2
395,-r0.-f3.r1.-f0.-r1.r0.-d1.-f3.-r2.-d0.-f3.f1.r0.-f2.d2.f3.-r0.r1.-f1.f3.r1.d2.r3.f3.-r3.f1.d2.r1.-f2.d2.-f1.-f3.-r1.d2.-f3.f2.-d2.-r1.-d2.r1.d2.f3.-r1.f3.r1.f1
396,f3.f1.d3.d2.r0.r0.f3.r3.f3.-d3.r3.-d2.-f2.f3.-d3.-f3.-r3.d1.r3.f0.f2.d0.-f1.r2.f3.-f2.r1.d1.-r1.f2.d2.f3.r2.d1.-f3.-r2.-d2.-f2.-d1.-f0.-r1.f0.r1
397,f3.-r2.-d0.-f3.f1.-d2.-f0.r3.d2.-r1.-d1.-r3.d0.r0.f0.-d0.-f1.f0.-r1.f1.f3.r1.-d2.-d3.r0.d2.f0.-d3.f0.r0.f0.d0.r0.f0.f3.-r3.-d0.-d3.-r0.d3.f0.-r0.-f0.-r3.-f3.r0
398,d3.-r0.f1.d3.-f0.r1.-d2.-d3.-d3.d1.f1.-r2.d2.-r3.-f0.-d3.-d3.-r1.-d3.r1.f0.r0.-d2.-d2.f3.r1.-f3.-d2.-d2.-f1.f2.-d2.-d2.-r0.r2.-f2.f1.r2.-f1.f2.-r1.-r2.-r2
399,f3.-r2.-f1.-r3.-d2.-r0.-r2.d3.r3.d3.f0.-d2.f0.-d1.f3.-r1.-f0.d3.f0.-d0.-d2.f3.d2.-f3.d0.-r3.r1.-d0.-r0.-r3.-f0.f3.r3.d3.-f3.d0.r3.-f3.-d0.f3.-d0.-f0.-d3.-f0.r0.-f0
400,-d0.-f0.r0.r2.-f3.-r2.-d1.d3.f0.r3.d2.f2.-d0.f1.-r1.d0.-r2.f2.-r1.-r1.-f0.d3.-r1.-f3.-d1.-r1.f1.f2.d1.-f1.d2.f2.r3.d1.r1.-d1.-r3.d1.d3.-r0.d1.-f2.-d1.f2.r0
401,-d0.-f0.-d1.-f1.r3.d0.r0.d2.-r3.-f2.-r3.-r3.d3.f0.-r3.d2.-r3.-r3.-d0.-d2.-f1.-r1.f0.-d1.-f0.-r1.f0.r1.-f3.-r1.-f1.-d1.f1.r1.f3.-d2.d3.-f2.-f2.d2.-f2.-r2.-f2.d1
402,r2.-d0.-d2.r1.-f1.-d3.f2.-r2.r0.f3.-d3.f0.-d1.-f1.d0.r1.-d0.-d2.d3.r2.-f3.-r2.d0.r0.d0.r2.f0.-d0.f0.-r0.-f0.f3.-d3.f3.-d0.-f0.-r0.-f3.-r3.r0.-d3.d0.f3.-d3.d0.f3.r3
403,d0.d1.-r0.d0.r2.-d1.r1.r2.f2.f3.-r1.r0.d2.d3.f0.-d3.-d3.-f3.d2.-f0.-f3.r3.-d0.-r3.d1.r3.f3.r3.-f3.f0.-d0.-f3.-d3.r0.d0.-f3.d3.-f3.r0.-d0.-f0.r3.f3.-d0.r0.-f0
404,d0.-r2.-r2.-r3.-d3.d1.r1.-f0.-r2.f1.d2.f0.-d0.r3.-f2.-r3.-d0.-f0.d0.-f2.-r0.-r3.f1.-d3.-r3.d3.f2.-r0.-f0.r0.d3.f3.r3.-d3.-r0.f0.r0.-d3.-f3.d0.-f3.-d3.r3.-d0.-f3.-d0.f0
405,r3.-f0.-f3.-d3.r2.f2.-r0.f3.-d1.-d1.d2.r2.-f2.-r0.r1.-f1.-r3.-f1.-f1.-f2.-r1.-d0.r3.d0.r1.r3.-f0.f3.d0.r0.f3.-r0.-r0.-f0.-f0.-r3.-r3.r0.d3.f3.-r0.r3.-d3.d0.f0.f3
406,-d0.-d0.-d2.f1.-d1.d3.f3.r2.-f3.r0.d2.-r2.d2.f1.-d1.r2.-f1.-d1.-d2.-r2.d2.f2.r0.-d3.r3.-f2.-d3.r0.d0.-r3.d0.f3.-r3.d0.d3.-f0.d0.-f0.-r3.d0.-r3.-r3.-f3.f0.r0
407,-f2.-d3.r1.f2.d1.r1.-d1.-f0.r1.r3.-d0.-r1.-d2.-d2.r1.f1.-r3.-f0.-f3.-d1.r0.-f0.-f3.d1.d2.-f1.r3.-f3.-f3.d3.-r0.-d0.r0.-f0.f3.r0.-f3.-r0.-f0.-f3.-d0.-r3.d0.r0.-f0.f3
408,f0.-r1.-d3.f1.-r0.d2.-f2.-r1.-f3.r3.f0.r0.-f2.-f3.r0.d3.-f3.-d3.-f3.f0.f2.-r3.-d2.r3.-d1.f3.-r0.-d2.r1.-f3.f2.d2.-r2.-d2.f1.d1.d2.-r0.-d2.r0.-d2.d1.-f2.-d1.-d1.f2.r2
409,r1.d3.-f3.f2.r2.-d3.-r0.-d2.-r0.f1.-d2.f2.-r1.r3.-f1.-d2.-f1.-d1.-d1.f1.-d1.-d1.-f2.d3.r1.r3.-d0.r0.f0.r0.-f0.f3.-r3.d0.-f0.-d3.f0.d3.f3.-d3.r0.-f0.-d0.r0.-d0.-r3
410,-f3.f0.-d3.d0.r0.d3.-r2.-f3.-r2.-f0.r0.d0.f3.-r1.-r2.-f0.r1.r2.-f0.-d0.f3.d0.-f3.r0.d2.f0.-r2.r1.-f0.-d1.r3.-d1.f0.r1.d1.-f0.d1.f2.d1.r2.d1.-r2.-f2.f0.-r1.-r1.r2
411,d3.f3.-r1.-d3.f3.r0.f3.d1.-f2.r2.f0.-d2.-r3.-f3.d2.-r1.r2.d3.-f2.f1.-r3.r0.-d1.-r3.d1.-r1.r0.-f1.-r3.-r3.r1.d2.-r3.-r3.-d2.d1.-r3.d2.-r0.-r3.-f1.-f1.r0.-d3
412,-d3.-r1.f1.-d2.d3.-r2.-d0.-d2.-f3.-r2.-f2.-f3.-d0.-f1.-r3.f3.r1.-d0.-r1.-f3.-d2.-d0.-r0.f3.-d3.d0.-f1.-d0.-f3.d2.-f2.r1.-d2.r0.-d1.-r2.d1.-r3.-d1.-r0.r3.d1.-r1
413,f0.-r2.-r2.-d1.-r3.-r3.r2.f3.-d1.f3.-d3.-f1.-r3.-f3.-r1.f2.d3.-f2.-f3.d0.-r3.-r3.-d1.-f0.d1.-r3.-r3.-d3.-r3.-d0.r0.-f0.r3.-d0.-d0.-f0.r3.d0.-r3.f3.r0.r3.f3.-r0.-f0.-f0
414,-d0.f1.-r0.r3.-d0.-r3.f3.-d1.-d2.r1.d1.r1.r2.f2.-r0.f1.-r1.-f1.r1.f0.-r1.f0.d3.r1.-f0.-f0.-r1.f0.f3.-r3.-d0.r0.-f3.r3.d3.-r0.-f0.-d0.f3.r3.-f0.-d0.f0.-r0.d0.-r0.d0
415,-f0.r3.-f3.r3.-f3.r2.-f2.r2.-f3.-r1.-r2.r0.-f1.-r1.-f0.-f2.-f2.d3.-r0.-d3.-f2.-f2.-r2.-f0.-f2.d2.-r0.-d2.r0.-d2.f0.f3.d0.r2.d2.-f1.-r2.f0.r2.-f0.-f2.d1.f1.f2
416,r0.-f3.-d1.-r2.f2.-d3.r0.r3.-d2.-r0.r1.r3.d1.r3.d3.-r2.f3.-d3.-r0.r3.d3.-r2.-f3.-r1.-r3.-d0.f3.d3.r0.f0.d0.d3.r0.-d0.d3.r3.-d3.-f0.-f0.-r0.-f0.-d0.-d0.-f3.r0
417,f0.-r2.d3.f1.d3.-f3.r3.-f1.r2.f2.d1.f3.-d0.d3.r0.-d0.-r0.-r2.-f1.-r3.r0.d1.r0.d2.d3.-r1.d0.r1.-d0.-f1.-d2.-d3.-r3.f1.-r0.-f2.d1.-f3.-r2.f3.-d1.r2.f2.r0.-f1.-r0
418,d3.r1.d2.-f1.-f2.-r0.-d3.-f0.-d1.f3.-r0.r3.f1.-r0.-r0.f0.-r2.f1.-r3.r0.-f2.-r0.-f1.-f3.-d2.r3.d2.-r3.f1.-d1.d0.-r2.-d0.-f1.d2.-f1.-d3.f1.-d2.-r2.-r2.-f1.-f1.-r2.d2.-r2.f1
419,-d3.-r1.-f1.r2.f3.-d3.-r0.d0.-r2.-d1.-f3.-r2.-f3.r0.d1.-r0.-r2.-f1.-r3.r0.-f0.r3.-d0.-d3.-r0.-r0.f2.-r3.-f3.-f3.-d0.-d3.-r3.-f3.f0.-r0.-d3.r3.d3.-r0.-d0.r0.f3.-d0.-d0.r0.-f3.-f3
420,f1.d1.-f0.r3.d2.-f3.d3.-r3.-r3.-f3.-d0.f2.-d0.f1.r1.r2.f1.-r2.-f0.r1.r3.d1.r2.f3.-d1.-f3.-r2.r3.-f0.-d0.-f2.d0.r2.d2.-r0.f2.r0.d0.-r0.-r3.f0.f1.f3.d0.d3.-r0.-f0.r0.-d3
421,-r0.-d3.r3.d2.-r3.d0.f0.r2.f2.-r0.-d2.r3.-d1.d3.-f2.-d0.f2.d1.-r2.d3.-f1.-r0.-r1.-d1.r0.r2.f1.f2.-r0.d0.d1.r1.-d0.-f1.d0.d1.f1.-d1.-r1.-d0.r2.-d1.d0.r1.-d0.f0
422,-r2.-d2.-r2.f0.-r1.-d2.-f3.r2.-f2.-r0.-d3.d0.r3.-d2.f3.-r3.-r3.-f3.-r3.-f3.-r0.-f3.-r3.-d3.d2.-r0.-r3.-f3.r3.-d0.-d2.f0.d0.-r3.-f0.-d0.r3.-f0.-r0.-f2.f0.-r3.d0.f3.-d0.r3.f2.-d0.-d0
423,-f2.-r2.-f2.-d2.r2.-d3.f0.-d0.-r2.-f0.-d0.-d3.-r0.-f0.f1.f2.-d2.-f3.r3.-f3.f0.d0.-f0.d0.-r3.-d0.r3.-d0.-d3.-f3.-d0.-f3.-d0.-d0.f3.r1.-d0.r3.-d0.-d0.f3.-r3.-r3.-f3
424,d2.f0.r0.r1.-f2.r0.-f0.d3.r1.f0.r2.-d1.f0.-r2.d0.r0.-f1.f0.r0.-f0.d2.-r0.-f0.-d3.f0.-d2.f3.-d2.-f3.-d2.-r3.-d3.-r2.-d0.d3.r2.d0.r3.-d0.-r2.d0.d2.r3.-d2.-r2.d2.-r3
425,d3.-f0.-f0.-r1.-d3.-r0.f0.-r2.-f0.d2.-f2.-d2.-f2.r3.d2.-r0.-r3.d2.r0.d0.r2.-f2.-r2.-r3.d0.-r3.-r3.-f0.f3.-d3.-f3.f0.-d0.-f3.-r3.-f3.r3.f0.-d3.-f3.-r0.-f3.-r3.d0
426,d2.-r0.-d3.-f0.-d2.f0.-d2.f1.-r0.-r1.f1.-d3.r3.-f1.-d0.f1.r1.-d0.-d0.r3.f0.f3.-d1.-f3.-r0.d0.r3.-d0.-d0.-f0.f3.-d3.r3.-f3.f0.r0.f0.f3.d0.-f0.-f0.d3.-f0.-f0.d3
427,f3.-d3.d0.r1.d2.f1.r1.-d0.r0.-f3.r0.d2.f0.-r2.d0.d3.r2.-d2.-r2.-f0.f3.-r0.-f3.-r1.d0.-f3.-r0.-f3.d0.-r3.f3.-r3.-f3.-r0.-d3.-f0.-r3.-r3.-d0.-r3.d3.-r3.-f0.r3
428,r1.-f2.-d3.-r0.r1.d0.-r0.f3.-d0.-r1.-d1.-f0.d1.-f1.d0.d1.-f1.-d0.r2.d2.r0.r3.-d2.r1.r2.f2.-d1.-r0.-d3.d0.-f3.d3.f0.-r3.-f3.-r3.-d0.r0.-d3.r0.-d0.d3.-f3.-r0.d3.f3.r3
429,d0.-r1.f3.-r2.d0.-f1.-d0.-r0.-d0.-r2.-d0.-f1.-f2.r1.r2.-f2.-d3.-r3.-f3.f2.d3.r2.d0.d2.-r2.f0.d2.f1.r3.-f0.-d2.-r3.r1.d2.-f1.-r1.f0.r1.-d2.-d2.-r1.-d2.-d2.-f0.-f2.-r2
430,-f2.-r3.-f2.-f2.f3.-d3.-r3.f2.d3.-f3.-f3.f2.r0.-f0.-r0.-r3.f1.f3.r3.-d0.-r0.-f1.f0.-d2.-f0.-d1.f1.-d2.-d2.r3.f0.-d1.-f0.d1.-r3.d2.f1.f3.d2.f1.-d2.-f3.d2.-f1.d2
431,r0.d0.-f3.-d0.-f2.-r3.f0.-d3.r0.-f3.-d1.-d1.-d3.-f3.-r3.-f3.r3.-f1.f3.r2.-d0.-d3.f3.r1.-f0.-r1.f0.-r2.d0.f2.-d0.-f2.f3.-r1.-f3.r2.-f0.-r3.d0.f0.-r2.-f0.r2.-d0.-r0.-r2
432,-d1.-f2.f3.-r0.-d0.-d2.-r0.-r2.-f2.-f2.f1.-d0.-r0.-f1.f2.d0.r0.r2.d3.-r1.-d0.-r0.-f3.-r0.d3.-f0.r0.r3.d2.r0.-f0.-f3.-r0.-r0.f0.r3.-f3.f0.d0.f0.-d3.f0.r0.d0.r3.-f3.d3
433,-r0.-r1.f0.-r2.-f0.-d2.-f0.-d2.-r2.d3.-r1.-f2.-d2.d1.-f2.-d1.-f3.-r2.-r2.-f0.r2.-d2.-r2.f0.f2.d0.f0.r0.d0.-r0.d3.-r3.-f0.-f3.-r3.-f0.r0.-f0.-f0.-f3.-f3.-r3.-f3.d3
434,d1.-r1.f1.-r1.f3.-d1.-f3.f0.-r3.-d3.-r2.d1.-r1.-r2.r0.-f0.d3.-r0.f0.d1.-f0.d2.-r3.-d2.-f2.-r0.-f0.-d3.-d3.-f0.f3.-r3.d3.-r0.-r0.-f3.-r0.f0.r0.d3.r3.f0.-d0.-r3.-f3
435,-r0.-d3.-f3.-r0.f1.r3.d0.-r1.-f3.d0.-f3.-r0.-f2.-r0.-f1.f0.-r2.-r3.-f3.-r3.-f0.-r3.f1.-r0.-d1.-d2.-f0.d3.f2.-d3.f0.d2.-f2.-r1.d1.f2.-d1.d0.r1.-d0.-d1.-d1.-r2.-d1.d0.-f3
436,d0.r0.-d2.d3.-r1.f0.r1.f0.f3.-r1.-f3.-d0.f0.r2.f1.-d0.-r2.f3.-r1.-f3.r1.-d0.-r2.d0.-f0.d3.-f3.-f3.d0.-f0.-r1.-f3.r1.r2.r3.-d3.-f0.-f3.-d0.f0.-r3.d0.f3.d0.-r3.f3.d3
437,-d2.f2.d0.-r2.d2.-r3.f3.-d1.d0.-r1.f0.f2.-r3.r0.f2.-r3.-f3.-f3.f1.d0.r0.-d3.d0.f2.-r0.-f0.-f2.-r3.f3.-r3.f3.-d3.-f3.-f3.r3.-f3.-d3.-r0.-d3.-f3.-d0.-d3.-r3.d3.-r0.-r3
438,-f3.-r2.-f3.d3.-r3.r1.-f3.-f3.-r1.-r2.-d0.d2.-r3.d3.-f0.d3.r0.-f0.-r2.-r2.r3.d2.-f3.-d2.f3.d2.-r1.r2.-d2.r1.f3.r3.d0.-f3.-r2.f3.-d0.-f0.-f1.-d1.f1.-r2.d0.f1.d1.-f1.-d0
439,r0.-d3.-f1.-r2.-f0.-r1.-r2.-d2.r3.f3.-r1.-d3.f3.-d3.f3.d2.-r0.f1.-r0.-f1.-f2.-f2.d0.r0.f1.-r3.-f2.-r0.d3.-f2.-d1.f2.-d3.-r3.-f1.d2.r3.-d2.r3.d2.-f3.d1.f2.-d1.-f2.f3
440,f1.-d0.r0.f2.-d0.f1.-r0.f2.r3.d1.f0.r2.r3.-d1.f1.-r1.f3.d0.-r1.f0.-d0.-r1.d0.f2.d2.-f0.-r1.-d2.r1.f0.r1.d0.r1.-f3.-d0.-f2.-d2.-d2.d0.-f1.-d2.d0.d1
441,f2.r0.-d3.d1.-f1.-d0.-f1.f3.r3.f3.-d3.-f3.r0.d2.-f2.-d3.-r0.-f0.-f2.-d1.f0.-d0.-r1.-r1.d1.-r0.r1.f1.d1.-f1.f2.-d3.-f3.-r1.f3.-r0.-d1.-f3.r1.f0.f3.d1.-f0.-d1.-r1.d1
442,f2.-r0.-f1.-r3.f1.f2.d3.-r3.f0.f2.f3.r3.-d0.-f1.-f1.-d2.-r3.-f0.r3.f2.-d0.-r3.-d0.f0.f3.-r0.-r0.-r3.-f1.-r0.-r0.-d0.-d0.d3.-r3.-r3.-d0.-d0.-r3.f0.r3.-f0.r3.-d0.-r3
443,-d2.f3.r3.-f2.r3.f2.r2.f3.-d0.-r1.-f0.f2.-r3.r0.-f2.-r3.d2.-f1.-r0.-r0.-r1.-r3.d3.-f0.-d3.f0.-r2.-r2.-f3.d2.-f0.r1.d1.f3.-r1.f3.-r2.r1.-d1.-r1.r2.-f3.r1.f3.-r2.-d2.r2.f3
444,-f0.d1.f3.d2.-f1.f3.-r0.r2.-d1.-f3.-d0.-r0.f0.r3.f2.-r3.r1.-f0.-r3.-f2.r3.-f0.-r0.-r2.r1.d2.r1.d1.d3.r2.f2.d2.r2.-d2.-d2.d1.r2.-d1.d2.r0.-d1.-r1.-f2.-d2.-r1.-r1.d1
445,f1.-r1.d3.f0.r0.-f1.r2.f1.-d0.-f0.-d1.-f1.f3.-r3.-r3.f3.-r0.-d0.-f0.d0.-r3.-r3.-f2.d2.-r0.-f3.-r0.-d0.-d0.d3.f0.-d0.d3.f0.-r0.-d3.-r3.-d3.-f0.-d3.d0.r0.-f3.-d3
446,d2.-f0.d0.f3.-d3.-d3.r2.d0.-r1.f2.-r3.f0.r3.d3.r3.f0.-r1.-d2.f0.r1.-f0.d2.-f3.-d2.f1.-r0.f1.r0.-d3.r2.f1.d1.f2.-r2.-f2.-d1.-f0.-d2.f1.r1.r2.-f1.-r2.-f1.-r1
447,-f1.-r3.r2.f2.-d0.d2.f2.d1.d3.r1.-d3.-r3.-f0.f2.r0.-f2.-f2.-f3.-r3.f2.-r3.-f0.-f0.r0.d2.-r2.-d1.r3.-d2.r2.-d1.-f1.-r1.d2.-f2.r0.-f1.-f2.-d2.f1.-r0.-f2.d1.f2.-r3.r1
448,-r2.r1.d0.-f1.-r0.-d2.-r2.d3.r2.d0.-f0.-d0.-d1.-r0.-r3.-f1.d3.-f1.d1.f1.d0.-r2.-f0.d3.f0.-r0.r2.d3.r0.-f0.-d0.r0.f0.d3.r0.-f3.d3.f0.d0.f0.-d3.-f0.-d3.-f3.r0
449,d1.r2.-f3.d3.-r0.-f0.d1.-r0.-d2.-r2.d2.f3.d3.r0.-f3.-d2.r3.-f0.f3.-d2.-f3.-r3.r2.-d2.r3.d0.-r3.f1.r3.d2.-f2.-d0.-d2.-r1.-r3.-d2.r1.-d3.d1.-f2.d0.d3.f2.-d0
450,-d3.f2.d2.f3.-r1.d0.-f0.f2.-d3.-f3.-d3.-f0.-f2.d1.f3.-d3.-d3.d0.f0.-r2.-f3.-d1.-f3.-r0.f3.d1.r0.r3.-f3.-r3.-d3.-d3.r0.-f0.-d0.-r0.d3.-r3.-d3.r0.r3.-d0.r0.-d0.-r0.f0.r0
451,-d2.-f3.-r0.f3.r2.d0.f3.r0.-f2.d0.-f3.-r3.r1.-f2.-r0.-f3.r0.d3.-f2.r2.-f2.d1.-f2.d1.d3.r3.-d3.d1.-r3.-d1.f2.-r3.f2.r3.-f2.-d1.-f2.-r2.-d2.-r0.-f2.r0.d2.-r1
452,r0.-d2.d3.-r2.r1.-d2.-r0.-f0.d2.-r3.-d1.f3.-d0.f0.d2.f3.d1.-r0.-d1.-f0.r0.f0.r0.f3.d2.f1.d3.-f1.-d0.f3.-r0.-f3.-f3.r0.d0.d3.f3.r0.-d2.d0.f3.-d0.-f3.-d0.d2.-r0.f0
453,-d3.-r2.f1.-r3.-d3.-d3.-f0.r0.-d1.-r3.-f3.-f3.r1.d0.r0.d1.-r3.-r3.f1.-r2.r0.-f2.r2.-d1.-r0.r1.d2.-r1.-r3.-f2.d0.f3.-d0.-f2.d1.d2.-f2.d0.f2.-d1.-d2.-f2.-f2.-f3.f0.r3
454,d0.f0.-r1.r0.r3.d0.f0.f1.-d1.-f0.-f0.d0.r2.-d0.-r3.-f0.d3.-f0.r0.f0.d3.-f3.-r3.-d3.-f1.f0.d3.f1.d0.d1.-f1.-d3.f3.d1.f3.d3.f1.-d3.-f0.r2.f1.-r2.-f1.f0.-r2.-f3.-f3
455,d2.d3.-f3.f2.-r0.-d2.-r0.r1.-f0.f2.r1.f0.r1.f0.d0.f1.-d1.-r1.-f0.d0.-r0.r3.-f1.f3.-d0.f1.r3.f3.-d0.-r3.d0.-r0.d3.r3.f0.-d0.-f0.-d3.-d3.-r3.d3.-f0.f3.-r3.f0.r0
456,d0.r0.f0.-d1.r3.-f1.-d1.-r1.-r3.-f0.-d0.f0.r3.-d2.-d2.-r3.-f3.d3.f3.-d2.-f1.d1.-r2.-d1.f1.-d3.-f0.f2.-r1.f2.-r3.-f1.-f2.-r2.f1.-r3.f1.r2.-f1.d2.-r3.-d2.f2.r1.d2
457,r2.d1.d3.r0.d3.r1.-f2.d3.-r3.-f0.-d0.-f2.-d2.-f0.-f0.f2.-r1.f0.d3.-r0.r1.f3.d3.r1.-d3.-r1.f0.f3.r3.f0.-r0.f3.-d0.r0.f3.-r3.-d0.-f0.-r3.-d0.r3.d3.f3.r3.f0.d0
458,f2.d3.-r0.-d0.-f1.r3.-d1.-r3.f1.d2.-r1.f2.-d3.-f1.-d3.-d3.d0.r3.-d3.d2.-r0.-f0.-r3.-r3.-f3.d1.-f0.-r3.-d3.-f0.r0.-f3.r0.f3.-d3.r0.-d0.-r3.d3.-f0.r3.-f0.d0.-f0.r0
459,-r1.-r3.-d1.-d2.-f2.d0.-r3.f3.-d2.f2.r0.d2.-d1.r2.d3.-f0.-d3.f0.d0.r2.-f1.-r2.d2.f3.-f1.r1.f1.-r0.f1.r0.-d2.f1.d2.-r0.-d2.r3.d2.r0.-f3.-d0.f2.d2.d0.-f3
460,-d1.f0.-r0.f2.-d1.-d1.-f0.d0.r0.r2.-f2.r0.d0.-r3.-d0.-r3.f0.r0.f0.d0.f2.-d0.-d1.r3.d1.r0.d3.-f0.-f3.-r1.-r1.-d3.f1.d2.-f1.-d2.f1.d3.r1.-f2.-f2.f1.d2.f2.r1.-f2.-f2
461,f1.-d2.r1.f2.-r3.f3.-d3.-f1.r1.-d2.d1.-r3.f2.f3.r2.f1.-r2.r3.-d0.-r3.-f1.-r0.-f2.-d1.-f3.d1.f2.r0.f3.-d0.d3.-r0.-r0.r3.-d3.r3.-f3.-d0.r0.-f3.-r0.f0.d3.f0.-d3.d0.-f3.-d3
462,-r3.-f1.f3.-r3.r2.d1.-f3.d1.-r1.f0.-d2.-r0.-r3.-d2.d1.-f2.-f3.-r0.-r3.d1.f3.r3.-d1.-d2.r0.-d0.-d2.-f0.d2.f3.d3.r3.d3.r0.-f0.-f3.r3.d3.r3.f3.-d0.r0.-f0.d3.-f0.r0.d0.d3.-f3
463,-d2.f2.-r0.-r3.d3.-r3.-d1.r2.-d2.d1.-f2.-r3.r2.f1.-d2.-f1.d0.-r0.-r0.r3.-d1.-f2.r3.f2.-r3.d1.-r0.-d0.-r3.-f0.f3.d0.r0.-f3.-r0.-d0.d3.-r3.-f0.-d3.-r0.-r0.f3.-d3.r3.-f0
464,r2.f1.d3.-f1.-r2.d2.f3.-r3.d0.d2.r3.-f3.d3.r2.f0.-d1.-d1.-r3.r1.-d3.r2.r3.-d2.-d2.r1.f3.r1.-f3.-r2.-d2.-d2.r2.-f3.f0.-r2.f3.r2.f3.d1.f0.f3.r2.-f0.-r1.-f0.-r2.-f3
465,-r1.d1.f0.-d1.-d2.-r3.r0.d3.-f0.d2.-f3.f1.f2.r1.-d2.-f2.f1.-r3.-f2.-r3.-f3.-r0.d3.r0.r3.f2.-r0.f3.-r3.-d0.-r3.f0.-r0.-f0.-d0.-r0.-r0.d3.-f0.-r3.-r3.r0.-f0.-d0.-d3.-d3
466,-f2.d2.-r0.-f3.r0.-f3.r3.-d1.-f0.f3.-d2.d1.-r2.f1.d0.-r2.-d0.f3.r2.r3.d3.-r3.d2.-f3.-d0.-r0.-f1.-d1.-d2.-f1.-f1.-d2.-f0.-r1.f0.-d1.-r1.-f1.-d0.f1.-d1.r1.-d1.f1.r1.-f1.-f1.-r1.d0
467,-r3.r2.-d3.f0.-d1.-r2.-d1.-f1.d3.-f2.-f2.-r3.f0.r2.-d2.-r3.d3.r3.-d1.d0.-r0.-f1.r0.d2.-r3.-d2.r3.-f3.d1.-r1.f1.r2.-d2.-f1.r2.d2.r1.-d1.f3.d1.r2.-d1.-f3.r2
468,-d3.f0.d2.-r3.r0.-d1.r2.d1.r0.-d1.-f0.-f1.r0.d3.-f3.r0.-d3.f1.f3.-d2.-d2.f3.-d0.-r1.d0.-f0.r1.-f3.f1.r0.d1.-r1.-r1.-d1.-r0.f0.d1.-r1.-r1.-d1.-r1.-f0.-f3
469,f0.d0.f2.r1.d0.d2.-r3.-f3.r1.f2.-r0.-f1.d3.f1.d3.-r0.-r3.f0.r0.r1.-d0.-d3.r0.r3.d1.f3.-d1.d0.-r3.-f3.-f3.-r3.d3.r0.r3.f3.r0.-d3.-f3.d0.f0.-d0.d3.r0.-f3.d0
470,-r2.-f0.-r2.-d3.-f3.f2.-r2.f0.-r1.d0.f3.-r3.-f2.-r1.-r2.-d0.-r2.-d0.-r0.-f1.-r0.d1.r0.f1.-r0.f3.-r0.-r2.r3.d3.r1.-d3.r0.-f1.-r2.r0.-d3.-f2.-r0.f1.r0.f2.d3.r1.f2
471,-f3.d3.-r2.r0.f3.-d0.r0.-d0.-d1.-f2.-f3.-r3.-d3.d2.-f0.d1.-f0.d0.f0.r0.d1.f0.-d1.r2.f1.-d0.d1.r2.-d2.-d3.f1.d3.-r0.-f1.-r0.-r0.-f3.-r0.f3.d2.-r2.r0.-d2.r2.d2.-r0.-f3.-r1
472,-r3.-f3.r3.d3.-r3.-f1.-d3.-r0.d0.d3.-f1.d3.r3.-f3.-r1.-r3.-f3.-d1.-d3.-r3.f2.d3.-f2.-d0.-r1.-d0.d2.-r1.f0.f2.-d2.-f0.f1.-r3.d1.r3.-f2.-f2.-r2.f2.r1.r2.-f1.f0.d2
473,f0.f3.-d3.r2.r3.d2.f0.d2.-r1.-f1.r1.f0.r0.f3.-r2.-f3.f2.-r0.-f2.r0.f3.-r0.-r3.-r3.-f1.-r3.d3.-r3.d0.-r3.-d0.d3.-f0.-d3.-r0.d0.d3.-r0.-d0.-d0.r0.f3.d0.r3.d0.-f0
474,-f3.-r0.d1.-f1.-d2.-r2.r3.f1.d1.-f1.-f2.f0.d0.-r0.d3.r0.f2.r0.r3.f0.d3.-r3.d0.d1.-r0.-r3.d0.-r0.d0.-f3.-d3.r3.d0.-r3.-f3.r0.d3.f3.-r3.-d3.-r0.-d0.-f3
475,-d2.r3.f1.-d3.-r2.-f1.f3.-r0.-r3.f1.-r0.d2.-f3.f0.-r0.-r0.-f2.d0.r2.-d1.-f1.f3.-d0.-f0.-f3.d0.d2.r1.f2.-d2.-r1.-d1.-f2.-r1.-f2.-d2.f2.-d0.d2.-r0.d2.-r1.r0.d1
476,-d0.-r1.-f1.-d0.-d0.-r0.-f3.f1.d1.-r0.-r0.r1.d0.r3.d0.f2.r0.-f0.-r0.-f2.-d0.-r1.-f3.f1.f2.-d0.-d3.-d3.r1.-d0.-r1.-d0.-r1.-d3.f1.f2.d0.d3.-f1.-f2.-r2.-d0.-r1.d3.r1
477,f0.-d1.-r2.d2.-f1.r3.f0.d3.-f0.-f3.d2.-f3.-f3.f2.-d0.-d3.d1.f0.-d2.d1.-f2.-d3.f2.d2.r0.f1.-r0.-f1.-d2.-f2.-r0.d0.-r3.f3.-d2.-f3.r3.d1.d2.-f3.d1.f3.-d1.-d2.f3.d2.-f3.r3
478,r2.d3.-f3.-r2.f1.d0.-r1.-f1.f2.r0.-d1.-r1.f0.r0.r3.f3.-r3.r0.d3.r1.-d0.-f0.-d3.f0.r0.f0.f3.-r1.-r2.-d0.f0.r3.-d0.-d3.r3.f0.d3.-f0.-r3.r1.d3.-r1.d0.r1.d0
479,-f3.-r0.-r0.f1.d0.-f0.-d2.-f0.-r2.d0.d1.-r0.-d2.-f3.-d3.-r2.d2.-f3.r2.f3.d0.d3.f0.-r1.-f1.-f1.-r3.f1.d3.f1.-d0.r1.d2.r2.-d1.-r1.-d3.-r1.-d1.-d2.-r2.r1.-f2.r1.r2.d1
480,-f2.r0.-f2.r0.-d3.f1.-r1.-f0.-r1.-r3.r2.-f3.-f3.-d2.-d2.-f3.-r1.f0.f3.-d1.f2.d1.r1.d1.f0.-d1.d3.r3.-f0.r3.f0.r0.-d3.d0.-r3.-f3.-r3.-f0.r0.r3.-d0.f3.d3.r0.-f0
481,f2.-r1.d3.f3.-r3.f1.d2.-r1.-f3.f2.-r0.d3.f1.f2.r0.f0.-d0.-d0.d3.f3.-r0.r2.-d2.f3.d2.-f3.r2.d2.f2.-d2.-r0.d2.-r3.r0.d2.r0.-f1.-r1.f1.r1.-d2.-r0.-d2.-r2.d2.r0.r1.d2
482,-f2.-d3.-f2.-r3.r1.f0.d3.-r1.-f3.d1.f0.d3.-r1.-r1.r2.d0.-f1.-r1.d0.d2.-r0.-d0.r0.f2.f3.r1.f0.f1.f2.d2.d3.-r2.-d3.r1.-d2.-f0.-r1.-d2.r1.f1.d2.-f1.f0.d1.-r3
483,-f3.-d3.-r2.r0.d3.-f0.-r3.f3.-r2.f3.d3.f0.r0.f1.-d2.-f1.-d3.-r0.d3.r0.-d3.f0.r0.f0.-d3.f2.d3.-f0.-f1.r2.f1.r1.d1.-r2.d3.f1.d2.f3.-d2.-f1.-f1.-f2.-r2.f1.f2.-d0
484,r1.d0.-f3.-r1.-d1.d0.-f0.-d1.-d3.r2.f2.r2.-d3.r1.-d3.-f1.-r3.-d0.d3.-f2.-d3.-f1.r0.-d0.-r3.r0.f1.r3.f3.-r0.-r0.d0.r0.f0.-r0.d0.f0.d3.-f3.-r0.-r3.-f0.-r0.-f0.-f3.d0.-r0
485,-r2.f2.r1.d2.d3.-f1.d0.-f3.-r0.-d3.r1.d2.-r3.-d0.-d0.-r3.-r3.-d3.-f1.f3.-d3.f0.-d0.d1.-f3.-d1.-f3.-d3.-r0.f3.r0.r3.-d3.-f0.d3.r0.f0.r3.-d3.r3.-f3.-r0.-r0.-r3.-r3.-f3
486,-d3.-f1.-r0.-d3.f2.d0.-r2.f2.-r0.d3.-f0.d1.d2.-f3.-r1.f2.-r1.-d1.-r2.d2.r1.-d2.-r0.-d3.r1.-d0.-r1.r3.d3.-f2.-r3.d0.-r1.-d0.-d1.f1.d1.r3.f2.-r3.d3
487,-f0.r0.d2.r2.-d3.d0.-r3.f2.-d2.f2.-r0.-r3.-f1.r1.r2.f3.d1.-r2.-d1.-r2.f1.d2.-r2.f2.-d1.-d2.-r0.-r3.-r3.-f0.d3.f3.r0.-d3.-f0.-f3.-d3.f0.-r0.-d3.-f0.-d3.-d3.r3.-d0.f3
488,f3.-r0.r3.-d1.r2.-f0.f1.r3.-d0.r1.r2.f0.r0.-d1.-d1.f0.-d1.f1.-d1.-r2.-f3.d1.f3.r2.f3.r0.d0.d1.-f1.-f1.f0.-d1.f1.-d0.-r0.d0.d2.f0.d2.-r2.-f1.r2.-d2.-f0.-d0.f1.-r2.-f1.-d2
489,-f3.r1.f1.d3.-r3.d0.-r2.r3.d0.-f2.-f3.d3.r0.d2.-f3.-r2.-r2.-f3.r0.r1.r2.d0.d1.f3.-r2.d1.-f2.f0.-r2.-f0.-r3.d2.-r2.f2.d1.-f1.-r0.-f2.r0.f1.f2.d1.-f2.-f2.-d1.-d1.r2.-d1
490,-d2.f2.-r2.d0.-r0.-d3.-r1.r3.-f3.r2.d1.r2.d3.-r1.-d2.d0.-r1.-f0.-f0.-f3.r0.-f3.d0.-r1.-d0.r0.r1.-f3.-d0.d3.-f0.f3.-d0.-f3.-r0.-f0.-r3.-d3.-d3.f3.-r0.d0.-f0.r3.f0
491,-r2.d1.f3.-r1.-r1.-d0.-d0.d1.f3.d3.-f0.-f1.-d3.-r1.-d1.d3.-r0.d1.f1.-r0.-r3.f2.-d3.-f3.d3.r1.r3.f0.-r0.f0.-d3.d0.r3.-f3.-d3.-r3.-d3.-f3.d0.f0.f3.-d3.-f0.-r0.-d0.-d3
492,r0.-d0.-r1.-d2.-f1.-d0.-f2.f0.f1.d1.f0.d1.-r0.f2.-d1.f3.d0.f0.-d0.-f0.-f3.-r1.d2.-f3.r1.-d0.-d2.r1.d0.r3.-d2.d1.-f2.-d2.-d2.-r2.f2.-r3.f2.r2.-f2.-d0.-d1.-f1.-r0
493,r1.d2.-r0.-f2.-r3.r1.d2.-r3.d3.f3.-d2.-f0.r1.-d1.d0.-r0.f3.-r2.-r3.d3.r2.-d0.-d3.r0.d3.-r2.f3.r0.-f3.r0.-f3.-f3.-r3.-d3.f0.-r0.-r0.d0.-r3.-f3.-d0.f0.-r3.-d0.d3.-f0
494,-f0.-d2.-f1.-r2.f2.r3.-d1.-f3.f0.-d1.r0.f2.d1.-r3.-r3.-d1.d2.r0.r1.f0.-r3.-f0.-d2.d0.-f2.r1.-d2.-r1.f2.-d0.-f1.d2.-f0.r0.d2.r3.-d2.-d3.f0.d3.-r0.-r3.f0.f3.-r1
495,f3.d1.r0.r3.-d0.-d0.-r0.-d2.r3.f3.r0.f3.-r3.-f1.-d0.r3.d0.-f2.-r2.-d0.-f1.f2.-d2.-r3.d2.-f2.-r0.-r2.-r2.-f1.f2.-d2.-r2.d1.d2.-f2.r0.f2.-d2.-r0.-d1.-r1.r0.r3
496,d3.-f3.-r2.-f2.-d2.-f0.d0.f3.-r3.-f0.-d0.r0.-d1.d0.-r0.-r2.d0.-r3.d1.-f3.-d0.-d3.r0.-f3.-d2.f3.d2.-r0.f3.d0.f3.-r3.-f0.-d3.-f3.-r3.-r3.d0.-f0.r3.-d0.-f0.-f3.-d3.r3.f0.f3
497,-r0.-d0.f0.-r0.-d1.-f2.f0.f1.f3.-d2.-d2.r0.d0.r0.-d2.f0.f3.-r2.-d0.-r0.-d0.-d3.-r1.-d3.r1.r3.f3.-r3.-f3.-d3.-r3.r0.-f0.-r0.r3.-f0.-r0.-r3.-r3.d0.f0.-d3.f3.-d0.f0.-r0
498,d3.f0.d2.f0.r1.f2.-r0.-f0.d3.-f1.-d0.-d0.d2.r0.-f1.d3.-r3.-f2.d0.d3.-r1.f2.-r3.f1.d1.d2.r3.-d0.r0.-f3.-r3.-f0.-d0.-d0.r0.d3.r0.f0.-r3.r0.-d0.f0.-d0.-d0.f3.-r3.-f3
499,r3.d1.r0.-f1.-d0.-r0.-r2.-r2.d3.-f2.-f2.-r2.-r3.-d1.r2.-f3.r3.-f0.-r0.f3.-d0.-f2.f3.r0.f0.-r0.f2.r0.d1.f1.f3.d1.-f2.-f2.-d1.-f0.-f2.-d1.-f0.-f0.-f2.d2.-f2.-d2.f2.r2
500,r0.-f0.-d0.-d3.f3.d3.r2.d3.r3.-f2.r3.f0.-r0.-f1.-f1.r0.f0.-d3.-f3.-r2.-r3.-f3.r3.d1.f3.r2.-f0.-d1.f0.d2.r3.d1.f0.f1.-r2.-f0.-f0.-d2.-f1.-r2.d2.r2.f0.-d1.r2
501,-d1.-f0.-r0.d3.r1.f3.d3.r2.-f2.f0.d2.r2.-f3.-f3.-d0.-f2.-d3.-r1.r3.-f2.r1.-d0.r3.d0.-r3.f2.r3.-d3.-r3.d0.-f3.f0.r0.d3.-r3.f0.r0.d3.-f3.r0.-d3.-d3.r3.-d3.d0.-f0
502,-f3.f0.-d3.-r2.-d0.r1.-f3.-r3.-f1.-r1.-f1.-f2.-r0.-r1.f1.-d1.-f1.d1.-r1.-d0.r2.-d3.-f0.d3.-r0.-r2.-r3.-d0.f3.-r3.f3.-d0.-f0.-d0.-r0.-r0.d3.-r3.-f0.-r0.-r3.-d0.r0.f3.d0
503,f3.r3.d0.r2.-f0.r0.-d1.f0.r0.f3.-r0.r3.-d0.r2.d0.f2.r0.f1.r2.-d0.-f0.-d0.f0.d0.f0.-d3.-f0.-f1.-d1.-r2.d0.r1.-d0.f1.-r2.d0.-r1.-d0.-f1.-r1.-r2.-r2.-d3.d2.-f1.-d2.f1.d3
504,f3.-r2.f2.-d1.r2.-d0.-f0.-r0.-d0.-d0.r3.d3.f0.-d3.-f0.-r3.-f3.f2.-r1.-f0.-f0.f1.r2.-f0.-r3.f2.r3.d1.-f1.-r3.-f2.-r2.d1.-f2.-r3.f1.r1.-d1.-r1.-f1.f2.r2.f1.d1.-f1.-r0.r3
505,-f0.d0.-r0.r3.f2.-r3.-r3.-d3.-f1.-d1.-d1.-f1.-d3.f1.d3.f3.r2.d1.-r3.-d2.f0.d0.f3.r3.d0.-f0.-f3.-d1.-r0.d3.-f0.-r0.r3.-d3.-d3.r0.-f3.d3.-f0.-d3.-r0.d3.r0.d3.r0.-d3.-f0.d0
506,-r0.-r2.-f1.d2.-f3.d2.-r0.r1.-f3.f0.-r0.d0.-f1.-d0.-f3.-d2.-d2.f2.-d1.-d2.r2.-f3.-d0.-d3.-r0.r1.f0.d3.f0.d0.-f3.d0.r0.-f0.-d0.-f0.-d0.r3.d3.-r3.r0.d0.-r3.-d3.r3
507,d0.d3.-r2.d0.-r3.f0.-d2.r0.-f2.r0.-f0.-f1.-f1.r0.d1.d3.-f3.r1.-d0.r3.-f0.d2.r1.d0.-r1.-d2.r0.-d3.r0.f3.d0.f0.r0.d3.r3.-f3.-d3.r3.f3.d3.r0.d0.f3.-r0.-r3.-d0
508,d3.-f0.r0.-d0.-r3.-f0.-f2.-r3.r0.f2.f3.-r0.f1.-r2.-f2.-r2.-f2.r2.d0.r3.-d0.-d2.r2.r3.-f2.-r3.-f1.-d2.-f1.r3.-f2.-r2.f2.-r2.-r3.f1.-d1.d0.f1.d1.f1.-d2.-f0
509,-r2.f2.-r0.-f0.-d0.-r0.-d3.r1.f3.r2.d2.-f0.-f2.-r0.-r2.-r3.-f0.r0.-d0.f0.-r1.f0.-d3.-r2.-r3.-d3.-r1.d3.f1.r1.-d2.d0.-r2.-r2.-d2.-r2.-d2.-f2.-d0.-d1.r1.-d2.-f2.-r1.d1.f2.r2.-f1
510,-d1.-f2.d0.-r1.-f3.d3.-r0.-r0.-f3.-r1.-d1.-f0.d3.r3.-f0.-r1.d0.-f0.d3.-f0.d3.-r1.-d3.-f0.-d0.-d0.-r2.-f0.-d0.f0.-r2.r0.d0.-r2.-d0.-r1.-r1.f0.d0.r2.-d0.-f0.-r1.f0.r3.d3.-r3
511,-d1.f1.d0.f1.r2.-d0.-r0.r3.-d0.d3.-r0.-d1.-f3.d0.f1.d0.f1.-d0.r0.-d1.-f3.r0.-f3.-f3.-d1.-r3.-d0.-d3.-r0.-d1.r0.d0.d1.f3.d1.-f3.-f3.-r3.-d3.r3.-d1.f0.d1.-f0.f3.d3
512,-d0.r2.-d1.d2.-r3.d1.d3.f0.f1.-r3.-f1.-r1.-f2.-d3.-f2.r3.d0.d1.f3.-d0.f0.r0.r3.f2.-r3.-f3.r3.-f0.-f3.r3.f0.r0.r3.-d0.r3.-d0.-f0.d3.r3.-f3.-f3.-r3.-r3.f3.r3
513,-r3.f2.-r0.d3.-f1.-r2.-d2.d3.-r1.-d0.-d0.-f1.d1.-f3.-r2.f3.r2.f1.f3.-r0.r1.-f0.-d0.f0.-r3.-d3.-f2.r3.-f3.f0.r0.-f3.r3.-f0.-r3.f0.-d0.f0.-r3.-d3.-r3.-d0.r0.-f0.-r0.-d0.r3.f3
514,d2.-r3.-d3.f3.-r2.-f1.-r0.d0.-r2.d0.-f0.r3.-d0.d3.f2.d0.-r0.d2.-r0.-f1.-f2.-r2.f2.f3.d3.r2.-d3.r2.-f1.d3.-f1.-r2.d0.d3.r1.-d3.-f1.-d0.f3.-d1.-d2.-f1.-d0.-d3.r0.d1.d2
515,r1.d3.r3.-f0.-r2.f2.-r3.-d2.-f3.-d2.-f0.f3.r0.r2.-d2.-f3.-r2.f0.r0.-f0.-r0.d2.-f1.r0.-d2.-f2.d2.r3.f2.r2.d0.d2.f2.d3.-r2.-d2.r2.-f2.-d0.r1.f2.-r1.d0.-r0.-r1.d2
516,d0.-f0.-f0.-d2.d0.f1.-r2.f0.-d1.-d3.-d3.f3.-d1.d2.f3.-d0.f0.-d2.-f0.-d0.-r3.r2.f0.d2.-f0.r3.d2.f0.-d2.-f0.-r3.-f3.-d3.-r2.-d2.-r0.-r1.d2.r1.-f2.-r1.f2.r2.d3.r3
517,-f3.d2.-r1.-d0.-d0.-r2.r3.-d3.d0.r2.-d1.-r1.-r3.f0.d0.f3.-d0.r1.d2.r3.d1.d3.-r3.f2.-r0.r3.d1.r0.-d3.f3.d0.r1.d2.f3.-d1.-d2.-r1.-d0.-d3.-f1.r0.-f0.-f1.-f2.d2.f1.-d2.f0
518,r2.-d0.-d0.f2.-r1.f2.-d2.r2.r3.d3.-r0.-d2.-f1.d2.-f2.-r2.d2.-f3.-r0.r3.-f3.-d2.d0.-f3.-d1.-r0.f0.-d0.-f3.d0.f0.f3.-d3.-r0.d3.-f3.-d3.-f3.d0.-f0.r3.-f0.-r0.-f3.r3
519,f1.r3.-f1.d2.f0.-r2.-d0.f3.r2.-f2.-d0.-r1.-r1.f0.-d1.-r0.-f3.d0.-f2.-r2.f1.-d0.-f0.-r1.f0.-d3.f2.d1.-r2.-d1.r2.-d1.-d3.-d1.f3.f2.-d3.-f2.r1.-f1.-r1.f1.d3.r3.d1.-r3
520,r0.-d1.r1.-f3.-r2.r1.-f3.-r0.f0.-d0.f1.-d3.-f0.-r3.-f2.-d0.-f2.d0.r3.d1.f2.d1.-f2.d1.-r3.d1.f3.-d1.-r0.r3.-f0.-d2.-f2.d3.-f1.d2.r2.f0.f1.-r0.d2.-r2.-d2.-r3.d2.r0.r2.r3.-d2
521,f0.r1.-f1.r2.-d2.-d3.-f1.-f3.f0.-d1.f2.-d0.-f3.f2.-d3.-d3.-f1.-r3.-f2.-r0.f0.r3.d0.r3.-f3.f0.-d1.-r3.-f3.-d0.f3.-r0.-r3.-d0.f0.d3.-f3.-r3.-f0.f3.-r0.-d3.-f0.r0.f3.-d3.r3.-f0
522,r1.-f0.-r1.d0.-f2.r0.r1.d3.-r3.d3.r0.-f1.-f3.-d0.-d2.f0.r0.r2.d1.-r0.d0.-r2.-f0.r2.-f0.-f0.f3.d0.r2.r3.-f3.r3.-f1.r2.-d1.-r2.f1.-r1.-r3.-f2.r1.f3.r1.-d0.-d3
523,-d3.-f3.-d0.-r1.r0.-d0.d3.r3.-d1.-d1.d2.-f3.d3.f3.-d0.-r2.-d0.-r1.-d0.-r3.-f3.d0.d3.f2.d0.r0.d1.-r0.-d3.r0.f1.-d1.-f1.f0.d1.f0.-d1.-f2.d1.r1.-d1.-f1.-r1.f0.-d1.f2
524,r3.f0.-r2.r1.d3.r0.f0.r1.d0.d2.f0.d0.f2.-d0.-f3.-d2.-r2.f0.r2.-f1.d2.f3.r2.d0.r1.-d3.-r2.-f0.r2.-d0.-d1.-r2.-f1.d2.-f2.f1.d0.f1.d1.f1.f2.-d2.-d2.-f2.d2
525,-r3.f2.-d2.-f0.f3.-d1.r1.f3.-r2.-f1.-d0.f3.-r0.-d0.-d0.r3.d3.r2.r3.f0.-r2.-f0.-f0.-d2.-d3.r1.-f1.-r3.f1.-r1.r3.-d1.f0.-d2.d3.f3.r0.-f3.-r2.f3.-r0.-f3.d2.-f1
526,d2.-r3.-f2.f3.-d0.r2.-f2.-r2.r1.-d0.d3.r3.-d3.d2.-f0.d0.f0.d0.r0.r2.-f1.d3.r0.r2.-f0.-r2.-r2.f0.-r0.-d0.-r1.-r1.-r3.d0.-r1.d0.r1.d0.-f2.-f2.-r2.-f2.-f2.-r2.-r2.d0.r2
527,d1.-f0.r1.d0.-f3.-d0.-d2.r0.-f2.r2.-f3.f0.d0.-r3.f1.f3.r3.-d3.r2.f3.r1.-f1.r2.d0.r2.-f0.d3.-r2.f0.-r2.-f0.-d3.f0.d1.-r2.-d1.-d1.r2.-d3.-r2.-d0.-r1.d2.r1.d1.d3
528,f2.r2.-d3.r3.-d3.-r1.-d0.r3.-f3.-r1.r3.-d2.f1.-r0.-f1.-d3.-d3.d0.-f3.r3.-d3.r1.-d0.-r2.-d1.-r2.-r2.r3.d0.d1.-r2.d3.f1.-d1.f2.r2.-d1.r2.-f2.-r2.-d0.-r1.d1.-r2.d2
529,-r2.-r3.-f0.-r2.-f0.d0.f1.r1.-d2.-f2.-r0.-d0.-r0.-d1.r0.f0.f1.d2.d3.-f2.-r3.-d1.-d3.-f0.-f1.d1.f2.-d1.r0.r2.-d2.-d2.-r2.-d3.d2.-f2.-d0.f1.f2.d0.-r3.-r3.-f1.-r3.-r3.d0.f1.d3
530,f1.-d2.-f0.r0.d2.f2.r2.f0.-r1.r3.-d3.d0.f3.-r0.-d0.-r0.-f2.f1.-d0.r1.d0.-r1.-r1.-f3.-d3.r2.f3.-r1.-r2.-d0.-d3.-r2.d1.d2.-f1.-d3.-d3.r2.-d1.-d2.r1.-d3.-r1.d3.-r2.d0.-f2
531,-f3.-f3.-r1.r3.d3.-f0.d0.r0.-d2.-f0.r2.d0.-r2.-d2.f3.-r0.-d0.-f3.r0.-d3.-f3.-f3.f2.-r0.-f2.-f2.f3.d0.f0.f3.-r3.d0.-f3.-d3.-r3.-d0.-r3.-d3.d0.-f3.-d3.r3.-d0.-f0.-f3.-f3
532,d1.-r0.f1.-d1.-f0.-r0.-d0.d1.r1.d1.d3.-f3.-r1.-d0.f1.-d1.r3.-f3.r1.-d1.-d2.r1.-f3.d2.d3.r3.-f2.-f2.-d2.-r1.d2.-r3.-d2.-d2.d1.f2.d2.-r0.f1.d1.-f1.-r2.-d1.r0.r2.f1.-r2.-f1.r2
533,-f1.d2.-f0.r1.f0.-r0.-f0.-f1.-r2.r3.-f3.f2.d1.f2.f3.-d1.-r3.f2.-d2.d1.f1.d1.-r2.-f1.-r1.-d1.-r0.-r0.-d3.-f0.-d0.-f3.d3.-f3.d3.-f0.-f0.f3.-d0.f3.r0.-d3.f0.-r0.-d3.d0
534,f3.r0.-d1.f2.-d1.f0.d3.-f0.f1.r0.d2.d3.-f1.-d2.-r1.r3.d3.-r2.f3.d3.-r0.-f3.r0.f0.d2.-r3.-d3.-d3.f3.-d0.-f0.-f0.-d3.-r0.-f0.r0.-d0.-f3.f0.d0.d3.f0.d3.-r0.-r3.d3.f0
535,d1.d2.-f2.r3.f0.-r1.d1.-f3.d1.r2.d3.r2.-f3.-r0.-f1.-r3.-f3.-d0.f0.f1.-r3.f3.d0.f2.-r2.-f2.d3.f0.d2.-f0.-d3.d1.f1.-r3.-f0.-r2.f0.r2.r3.d1.-r2.-f1.r2.-d1
536,-f3.-d2.-f1.-d3.-f1.-d2.-r1.d3.-r0.-r3.r1.f2.f3.d1.f1.d0.-f2.-f3.-d3.-r0.d3.-f0.f2.-d3.f0.f3.-d2.-r0.r3.-f3.r3.f0.-r3.-d0.-d0.-r0.-d0.-d0.-r3.-f3.-r0.-d3.f3.-d0.-f3.d3.-f0
537,-f3.d2.-f0.r2.-d0.f3.-d0.d2.-f0.r0.-f2.-r3.d3.-r0.-d2.f2.d0.r1.-f2.-f2.r2.f2.-d1.-f1.r0.-d0.r0.f0.r0.-f3.-d0.-f3.-d0.d3.-f3.r0.d3.r3.f0.-d3.-r3.-f3.-d0.-r0
538,r3.-d1.-r0.-r0.f0.f1.r2.-d3.-r2.r0.-f2.-d1.r0.d2.f2.-d2.-f0.f3.-d1.-r2.-r3.d2.r0.f2.r3.d3.-f2.-d3.-r0.-r2.-f2.-r3.r2.-f2.-r1.-f0.-r2.f2.r0.-f2.-f2.r2.f2.r2.d3
539,-d3.-r1.-f0.-r2.d1.-r0.d3.f2.-d1.-r3.-f3.f0.-d3.r3.-d3.d2.r1.d2.d3.r1.r2.-f1.-f2.-f3.-r3.-f1.d2.r3.-d2.f1.-d2.d0.r1.-d2.-f3.d2.f3.d2.-r3.-f3.d1.d2.-r0.-d2.r0.-d1.f3.r3
540,d1.r2.-f1.f3.r3.f0.d0.r1.d0.r3.-d1.-r1.f2.-d2.r2.-d3.-f2.-r0.f1.f3.r2.d0.f1.-d0.-r2.d0.-f0.-f3.f1.-d3.-f0.d2.d1.-f2.-d2.-d1.f0.d3.f0.d0.r0.f3.-r2
541,-r1.d0.-r1.-d3.f1.-d3.-f3.r0.d1.r0.d2.-r2.-f1.d0.r2.d0.-r0.d2.r3.f0.-r3.-f2.-f2.d0.-f3.-r1.f2.r1.f3.-d0.-d2.r3.f1.d1.-f0.f1.f2.-d1.-f2.r1.d1.-f1.f0.-d1.-f2.-d3
542,-d0.-f1.f3.d2.-r1.-f3.-r3.-f1.d3.f0.-r0.d3.f3.-r1.d1.r0.r2.d0.r2.-d1.-r2.-r2.-f0.r2.-f1.r2.-f0.-f0.d1.r2.f1.-r1.-d0.d3.r2.f2.-r1.-r3.-d1.r3.d1.r1.-f2.-r2.-d3
543,f0.-r3.f2.-d3.d2.r2.r3.d0.f3.r0.f3.d1.-r0.-d3.f3.d2.d3.-f3.f0.-r3.-d1.-r3.-r3.d1.-r3.-d2.f1.f2.d3.r1.r2.d2.-r1.-d0.-r1.f3.-d1.f1.d1.-f3.-d2.r1.-d3.-f2.d2.-f0.f2.r2
544,-f2.f0.-r1.r3.f0.r3.-f3.d1.-r0.-f0.-f0.r2.-f3.f1.d1.-r3.r1.d3.r3.-d3.-f2.-d1.-f1.d3.-r2.d3.r2.d3.f1.d1.d3.-r1.f2.-d1.r1.d3.-f3.-d3.r1.f1.-r1.-r1.-f1.d1.r1
545,d1.r3.-f0.d1.-r0.-r1.-f0.-f0.r2.d0.d1.r1.f2.d0.f2.-r3.-f1.-f2.r3.-f2.d3.-f3.d3.r3.-d3.-f1.r0.r3.f3.-d0.-f0.-d3.-r0.r3.-d3.d0.-r0.d3.f0.f3.-d0.-d3.f3.d3.-r0.d3
546,f2.-d2.r2.f1.r2.-d3.-r3.-d0.-f1.r0.d2.-r2.f0.-r1.d3.-f2.r1.f3.-d3.-r3.-d1.f0.f2.-d0.-f0.-r0.-d2.-r2.-r3.-f2.-r0.r2.-f1.r2.f1.-r3.-r3.-f1.f2.-d1.-d1.-f2.-d1.f1.-d3.r1.d3
547,-r0.r1.d2.r3.f0.r3.-d3.-r0.-d3.f0.r1.r2.d3.-f1.f2.r3.f1.f2.d0.f2.-d0.r2.d2.-f1.-d2.-r2.d0.d1.r2.-d3.-r3.-f1.-d2.-r2.-r2.f1.d2.r2.f2.-r0.-d2.r0.f0.-r0.d2.r0
548,r0.-f0.f1.r1.-d3.f1.d0.d2.-r3.f0.-d1.-d1.r0.-d1.-f1.d1.-r1.-r2.d2.r1.-d1.d2.-f3.-d0.-d2.-d2.d1.r0.d3.-f0.-r0.-r3.f0.-d3.f3.r0.-f3.r0.d0.-r0.d3.r0.f0.-d0.f0
549,f2.-r2.-d0.-d3.d2.-r0.-d0.-f2.-f2.d3.r3.f3.-d2.f1.-r1.-f2.f3.d3.f2.-r1.r3.f1.r0.-f1.-r3.r1.-d3.-f0.f3.-r0.f0.r3.f0.r0.d3.f0.-d3.-r0.-f3.d0.-r0.-f3.r3.-f0.-f0.-d3
550,f2.-r2.r1.f0.d0.-r3.-d1.-f3.r2.d0.-f2.f0.-d1.-r0.d2.-r2.f2.r0.-f2.-d0.d1.-f2.-r3.f1.d1.-f0.-f1.r1.f0.d1.f2.-d2.d1.r1.-d0.d2.f1.-r3.-f2.d2.-f2.-r2.-f2.r2.-f2.-d2.-f1
551,d3.f1.-r3.r2.-f2.r2.f1.r3.-f3.r0.f1.-d3.f3.-d3.-r0.f1.-r2.-d2.r2.f2.-r2.d2.f0.-d3.-f2.-d1.-r1.d1.-r1.f1.-r1.-r1.f1.f1.-r0.-d3.f1.r0.r2.d0.-r0.-f1.r0.-d0.-r3.-r0
552,-r1.f0.r3.-f0.-d1.d3.-r1.-d0.-f2.-r2.r0.r1.-d2.-f3.-d1.r1.d2.r1.-d0.-f2.-r3.-f1.-r1.r2.f2.r1.-d3.r3.f2.-r3.-d1.d3.f2.-d1.f0.-r2.-r3.-f2.-d2.f2.d2.r3.-f0.-d1.-d1
553,-d1.r2.-d0.-f2.-r1.-r1.-d1.d2.f0.f1.-d3.f0.r0.f3.-d2.-r3.-d2.r3.f3.d0.f0.d2.-r3.-d0.f3.-r2.-r2.-f1.f2.d2.-f2.d2.f1.-r1.-f3.r2.f3.d2.r1.r2.-d2.f0.d2.f1
554,-f2.r2.d0.-r0.f3.-d1.-r3.f1.-r2.-d0.r0.r2.-d0.r1.d0.-f0.-f3.-r3.-d3.-f3.-r1.-r3.d3.f3.-d0.-f0.r3.-f1.r0.-d1.-f1.-r0.d1.f0.-r2.f1.-d1.-d2.r2.d1.r2.-d3.-r2.d2.r2
555,f2.d0.f0.r0.-f2.-d0.-r0.-d1.r2.-f1.-f1.-r0.-f3.r3.-f3.f2.-r3.-r3.r1.-d1.r3.-f3.-r1.f3.-d0.f2.d0.-r0.d3.-f3.r1.r2.-d2.f2.-r2.-r2.d1.-r2.-r2.d2.-r3.-d1.-r2.f2
556,-f3.-r0.f3.-d2.f1.r0.-d3.-f0.-r2.-d0.f0.f3.-d1.-r2.f1.-r0.-d2.-d2.-r2.-f3.-d0.-d3.-f0.-f1.d3.r0.-d0.-r2.-f2.-d2.r2.-d1.f0.d1.-f0.d2.d3.-r1.-d3.f2.-d1.d3.r1.-d3.d0
557,f2.-r0.d2.r1.r3.-d0.-r2.-r2.r0.-d0.f3.-r0.-r0.-d2.f3.d3.f3.d3.f3.-d3.-d3.d0.d1.-r3.-f0.d0.r0.d3.-f0.-d3.-r3.-f0.-r0.-d0.-d0.-f3.-r3.-d3.r3.f0.d2.r1.-d2.-r1.f3.r1.d2.-r1
558,-r3.-d2.-d3.d1.f0.r1.-d3.-f3.-d2.f2.r3.f0.d0.-f1.-d3.r0.-d1.-d1.-f0.-f2.d3.f1.d3.-f0.-f0.-f1.d1.-f0.f2.r3.d3.r1.-d3.-r3.-f1.-f1.r2.d0.r3.-d1.r2.d1.-r2.-r3.-d0.-f1.f0
559,-f0.d0.-r3.r2.d2.f0.-r1.-r3.d2.-f1.f0.d3.-f0.-f2.-d2.d3.-f3.r2.d2.r1.d1.f3.r3.-d3.-r3.-f3.r3.-d2.-r3.-f3.r3.-d0.-r1.r3.-d0.-r1.d2.r1.d0.r1.f3.-r3.-r3.-f3.-d2.f3.d2.r3
560,-d1.-r0.d3.-f0.-f0.f2.r2.-d0.f3.-d1.-r1.-r2.r0.f0.f2.r0.-f0.r3.f3.-r2.d2.-f2.-d2.-r1.f1.r0.-f1.f2.r3.d2.f2.-r2.d2.-f1.-f1.-d2.-r2.-f2.f0.f3.d1.-f0.-r3
561,-r0.-r0.f1.-d3.f2.r3.d0.f1.-r2.-f2.-d0.-r1.-d1.f2.-d3.f3.d3.f3.-r2.-d3.d0.f2.d1.f3.-r1.-f2.r1.f2.d1.-r1.-f2.-r0.d1.r1.f2.-r0.-f2.r0.-f2.-d1.f2.r2.d3.-r2.-d3.r3
562,-r1.d0.-r1.-d1.f3.-r1.d0.d3.r2.-d3.-f0.-d3.-r0.-r1.-d3.f1.-d2.-d3.f0.-d1.-r0.-d1.r0.-d3.d2.r0.-f2.-r0.d1.-f0.-r1.-r1.-d2.-r1.-r1.-d3.f0.-r1.-f0.-d2.r1.d3.f2.d2.-r0.f0.d1
563,-r2.d0.-r0.-r0.-d1.f3.r0.d3.-f3.r3.-d3.d1.-f2.-r1.d0.f2.-d0.d2.-f1.r1.-f1.-d0.-r2.d0.-f1.-d2.-f0.-d0.r1.-f1.-d1.-r3.d1.-f1.r1.f1.r0.-d1.f1.d1.-f1.r0.-d1.r1.d1.r0.-d1.r3
564,d1.f1.-r3.r1.-f2.-r3.f0.d0.r1.-d3.-f0.-f1.-d1.d0.f2.r2.d0.r0.d2.-r2.-d0.r2.-d2.-f2.-r2.r0.-d3.-d3.-r0.-r0.-d0.-d0.-d3.-f3.-r0.-r0.f0.-r0.d0.-r0.-d0.-f3.-r3.-d0.f0.r0.f0
565,-d1.-r0.-d0.f1.-r0.d1.-f3.-r2.-r2.-d2.f3.r3.-f0.-f0.f1.r0.-f2.-r0.f0.d0.-r0.-d3.-f1.-r0.-d1.r0.d3.f3.-r3.r2.-d1.r3.-f3.-d1.-r2.f2.r2.f2.-r1.d1.-f1.-f2.r1.f1.f3.-r2
566,-r3.-d2.-f3.-r0.-d1.d0.-r1.-f0.-r1.f3.-r0.r1.-f3.-r0.-d0.-f0.-d1.-r0.-r3.-d0.f2.r1.-f0.-d2.-f0.-d1.-f3.d1.f0.d2.-r1.f0.f3.d0.-f0.-d0.-f0.-f3.-r3.f0.d3.f3.-r3.-f0.-f3.-d0.r3
567,-d2.r3.d2.r1.-f2.d3.f3.d2.-r0.f0.-d1.r0.-d1.-r0.-d0.d2.f1.-d2.f0.-d0.f2.-d3.-f2.-d3.f2.-d3.-f2.d2.-r1.-f2.d0.r1.-d0.-f2.d3.f2.-r1.-f2.-d3.-f2.-r1.-f2.-d2.-r3
568,-f2.-r0.f3.d0.-r0.-d3.-f2.f0.-d2.f1.-r3.r1.d1.-r3.r0.r2.-f3.-r2.d0.d1.f0.r3.-f0.-f1.-r1.-d1.-f0.f1.-d0.r3.f2.-r3.-f2.d1.-f0.-r0.-f1.r1.f1.r0.-d0.-r1.d2.r1.-d2
569,r3.-f1.d2.r1.d0.r1.d2.r0.-d0.-d1.r3.-d0.-r3.d1.-r1.-d1.-f0.-d3.-f1.d1.d3.-r0.-r2.f0.-r0.-r3.f3.r0.r1.-f3.r3.f3.-r2.-d2.r2.d2.-r2.d2.r3.d3.-r2.d2.r2.-d2.-d3.-r2
570,-f1.-r2.d0.-f0.-f0.r2.-f2.-r3.-f0.-r1.r0.-f0.-f0.-d0.r2.r3.f3.-r2.-d0.-d1.-r3.-f3.r3.-d2.-f2.-r2.f2.d2.-r3.-r3.-d0.-f0.d3.f3.r3.-d3.f0.-d0.-f0.d0.d3.r3.-d0.-f0.f3.-d0.-d0.-f0.-r0
571,-r1.d1.f2.r0.-f0.f3.r2.-d1.d2.-f1.d3.-r1.d0.r3.-d2.d3.r3.-d3.f3.-r3.r1.-f2.-r1.-f3.r1.f2.-r0.-d3.-r0.f0.-r0.-f3.-r0.-r0.-d0.-r3.-f3.-f3.-r3.f3.-d3.f3.d0.r3.-d3.d0
572,r3.f0.d2.-r2.-d0.-d1.-f3.-r1.-r2.-d2.-d3.-f1.-r1.-r1.d2.-f1.-r1.f3.d1.d2.f0.f3.-d2.d3.-r1.d0.r1.-f0.-d3.f3.-r3.d0.-r0.-r3.-f3.d3.-f0.r3.-f3.f0.-r0.r3.d0.-f0.-r3.f3.r3
573,-f2.r1.-f0.r3.d0.d1.r3.r1.f2.r0.f0.r0.d3.d2.-f3.f2.-d3.-r0.-d2.r0.-r3.d1.-f2.f3.-d2.f2.-f3.r1.-d3.-f1.r2.f2.-d1.f1.r2.-d1.f0.-f2.-r2.f1.f2.r2.-f0.-r2
574,r2.d3.r0.d1.d3.f0.d0.f1.-d3.-f3.r0.-d0.r3.-d1.r3.d0.d2.r3.-d1.-d1.-f3.-r3.f1.r3.-f2.-r3.d0.f2.-r2.-f2.-d0.-d2.f1.f2.-r1.d2.-f1.-d1.f3.r2.-f1.-r2.-f3.d1.f1
575,-d2.d3.-f3.-f3.-d3.-r2.f2.-r0.-d0.d3.r1.-f1.-r1.-f0.-r3.f3.-r3.r2.-f2.d3.r2.-f2.-f2.r2.f2.-r3.r2.-f0.r2.-f2.-r2.d0.-f1.r2.f1.-d0.r3.f1.f3.r2.-f1.-r3.f1.-d2.-r2.d2.-f1.-f1
576,-r0.-f1.-r2.-d0.f3.r2.-d3.f1.f3.-d3.-r2.-r2.f3.d2.-r1.-d1.-r3.d0.d1.-f2.d0.f1.f2.r2.-f1.r0.r2.f1.f3.-r2.f0.r3.-f0.r2.f0.-d2.r2.-f1.r2.-d0.-d2.-f1.d2.-r2.f1.r2.d0.-r2.-r3
577,r1.f2.r2.f0.-d0.-r2.-r3.-f1.-r2.d3.r1.f0.r0.r2.-f1.-f1.-r1.-r2.-r2.d0.f3.r3.-d0.-d3.-r2.-d0.r1.f1.d0.-r2.d1.-f1.r2.-d0.r0.-f1.-f3.r0.f1.-r0.-f2.-f2.f3.-r1.-f2.-f2.-r2.d2
578,-r2.r1.f0.r2.-f1.-r0.-d3.f1.f3.r1.-d0.-d3.f2.d3.-f2.d0.r1.f3.d0.-f3.d3.-r1.d0.-r2.d3.f1.-r0.-d3.-r3.-r3.-d3.d0.r0.-f3.-d3.r0.f3.-d3.-d3.d0.-f0.f3.d0.-r0.f3.-r0.d3
579,f2.-r2.f2.-d0.f3.-r0.-d3.d0.f2.-d1.-r3.f2.d3.r3.d2.-r2.-d2.-f0.-f3.d1.f3.d2.r2.-d2.f0.-d3.r3.-d0.-d0.-r3.d3.r0.-f3.-d3.-r3.-r3.-f3.-d0.-f3.-d0.-f0.-f0.r3.-f0
580,-f2.-d2.-f0.-d0.-r1.d2.-f3.-r2.-r2.f1.-d1.-r0.-d3.-r1.-r3.f2.-r3.r1.-d0.-d3.r3.-d0.-d3.r3.-f2.-r3.-r3.d0.f3.-d0.f0.-d0.-r3.-f0.-r3.-d0.-d0.-f3.r3.-f0.-d3.d0.-f3.d3.-r0
581,-d1.-d3.f0.d1.f2.-d2.d3.-f1.f2.f3.-r0.-f0.-d1.-r2.-r3.-f3.-f3.-r0.-f2.f3.-r1.-f0.-d2.-f3.d2.-f1.d2.-f3.-r2.-d2.-f2.d0.-f3.-d0.-r0.-d3.-r3.f0.f2.-d2.-f0.d2.f0.f1.f3.d3
582,-r2.-f1.r3.d2.r1.-d3.f0.r3.f2.-d0.-r2.-d1.-d3.d0.r2.-d0.-d1.-f0.-r2.d3.-f0.-r3.-d2.-d2.-f2.d0.f2.r2.d0.f2.-d2.r2.d2.r1.r3.-f2.d2.f2.-d2.r0.d2.-f2.-r2.-d2.r1
583,-r0.r1.-d1.-r0.f1.r1.-d3.-r0.d2.-r2.-d2.r1.-f1.-f1.d2.-r1.-r3.-r3.f2.-d3.-f2.-f2.r0.-f2.d3.-f2.-f3.d3.-r0.d0.r3.-f3.r3.-f3.d3.-f0.-f3.-d0.f3.-d3.-r3.f0.f3.d0.-r0.-f0
584,-d3.-r0.f0.-r3.f1.d1.-r2.-f0.-r0.r1.f1.-d3.-r1.f3.-d3.-r0.-r3.r1.d3.-r3.-d3.-r1.f3.r3.d2.f3.d2.f2.-d2.-r3.d0.f0.d2.-f0.d3.-r0.-r3.f0.r0.r3.d1.-r3.f0.-d1.-d2
585,f3.r0.-f0.-r3.-d3.-r2.f3.-d2.d0.-f0.-f0.f2.d3.-r3.-f0.d3.-f0.f2.-r3.-f3.-r0.d0.r0.r1.-d0.-r1.d0.r2.d0.r3.f3.-r3.f1.r3.f0.-d2.r2.f3.-r2.-f1.r2.-d1.-r2.d1.-f3.-d1.-f0.-f3
586,d3.f3.-d1.-f3.d0.r3.f0.-d0.d2.r2.f2.-d2.d0.-f0.-f0.d2.r0.r2.-f0.-r3.-d3.r0.-d3.d0.-f2.f3.d0.f2.-d0.-d0.f0.-r3.d3.-r0.-d3.-r0.-d3.f0.r0.f0.d0.-f0.-r0.d3.f0.-d0.d3
587,f0.-d0.d3.-r0.d0.-f1.d2.-f2.-r3.-f1.-d3.d1.f0.d3.-f0.-r0.d0.-f0.-f3.-r0.-f0.d2.-r1.d3.r0.r1.-d2.-d3.-f2.r1.-f1.d1.-f0.-d1.f0.-r1.f2.-d1.-f0.-f2.d1.-r0.f0.f2
588,r0.-d2.-r1.d0.r1.-f1.-f1.f0.d0.-r1.f2.r1.d2.-r3.-f0.-f2.d0.f0.f2.r3.-f3.d0.-r3.-f0.f1.-d2.-f1.-d0.f1.-d3.d2.f1.d0.d3.-r0.d1.r0.d0.f0.-r1.f0.d1.-f0.-d1.r1
589,r1.d3.-f3.f0.r2.-f3.-r0.-d2.r2.r3.-f3.-d0.-d0.-f2.r3.f2.-d0.-r1.-r2.-f2.r1.-d3.r1.-d2.r0.d0.-f2.f0.-d2.-r1.d0.-f0.-d1.f2.d1.f0.d2.-r1.-d0.-f0.d0.r1.-d0.f0
590,-d0.d3.f1.f2.d0.d1.f3.-r0.-d2.-r1.r3.f2.-r3.-d1.-r1.d2.r3.-d0.-d0.-d3.-d3.f0.-r3.f0.d2.f0.-d2.-r0.-f0.-r3.d3.f0.-d0.f3.r3.f0.-r0.r3.-d0.-r3.-d0.f3.-d3.-r3.-d3.f0.r0
591,-f1.d1.-r1.d0.r0.r2.-d0.d2.r0.-f2.-d1.-f0.d3.-r0.-f2.f0.r0.-f2.-d2.-r2.d2.r0.f2.r2.-d1.-f0.-r1.-r3.-f2.-r0.f2.r2.-f2.-r2.f2.r0.-d2.r1.d2.r3.-d2.-r3.-f2.f0
592,f2.-d0.-d1.-r1.d1.-r1.r3.d3.-r2.d2.-f0.-d3.-r1.-f1.-r0.r3.d0.r1.-d0.f1.-r1.d2.r1.-d2.-f1.-r1.-r3.-f3.-d3.-r0.f3.-r3.-f0.-d0.r0.-f3.r3.d0.r3.f0.-r0.-d0.-f0.-f3.-f3.d3.f0
593,f2.d0.-r1.r0.f3.-r3.r2.f1.d1.f1.-d3.-r2.-f0.-f0.-f3.-r3.r0.-d1.r1.-d2.d1.-r3.-d0.f2.f3.r3.d2.r3.-d2.-d3.-f2.d2.-r2.-r3.-d2.r3.d2.-r2.-r2.-f2.-r2.-f2.-d2.-f2.d3.-f3
594,-d1.-r2.-d2.-d3.-r3.f0.r2.d0.-f2.d0.f0.-d3.d2.-r3.-f0.d0.f0.-r3.-r3.-d0.d3.r3.f0.-r3.f0.r0.r2.d0.f1.-d0.-r0.d1.-f1.f3.-d1.f1.r1.-f3.r1.d0.-f1.-r1.-f0.-f2.d2.f0.f2
595,-d2.-d2.-r3.d1.-r1.-f0.-f0.f2.d0.-f1.r1.f1.d1.d2.-f3.r0.-f3.f1.r0.-d0.-r3.-r3.r0.-f3.-d1.-r3.f0.r3.-f0.-r3.-f3.-r3.-d0.r3.f0.r3.d3.-f3.-r3.d3.-f0.-r0.-r0.-f3.d3.-r3
596,-r3.-f1.-f1.-d3.-r1.-r1.r0.f2.-d2.-r2.f0.d1.r1.f0.-d3.f3.-d1.d0.-r0.-d0.r2.r3.f0.f3.d1.f3.-d1.-f3.d3.r0.d3.-r0.f0.r0.-d0.-r3.r0.-f0.-r0.f0.-r3.-f3.-r0.d0.d3.-r0.d0
597,r2.-d0.r2.-d3.-d3.-r3.r0.-f2.d0.-r3.f3.-r3.d1.d2.r2.f3.-r0.-f2.-f2.d2.-r3.r0.-d2.-f1.d2.-f2.r2.f1.d1.f2.r3.-d1.-f1.-f2.-f2.-d2.f2.d2.r0.r3.d2.-r0.-f1.-r3.-f1.r3
598,-d2.-f3.r2.d3.r1.-d0.d2.-r1.f0.-r2.r3.-d2.r0.-d2.d0.f0.r3.f3.d3.-f0.-f3.-d0.-f2.-d0.f3.d0.-f2.r1.f1.-d2.d1.-f1.-d1.f2.d2.-r3.-d2.-d2.-r1.r3.-f2.-d0.r2.f2.-r2
599,-r0.-d3.-f1.-d0.-f1.f3.-d2.r0.-d0.r1.r2.f2.-r1.r2.f2.-r2.d3.r0.d0.-f3.-d2.-d2.-d3.f0.-d2.-r0.d3.r0.-d0.-d2.-r0.-f3.d0.-f3.d0.r3.-d3.r0.d0.-r0.-r3.f0.f3.-d0.r3.f0.d0.r0
600,r3.f0.-r3.f1.-r1.d3.f1.r0.-f0.-f2.-d0.d3.-r0.r2.d1.-f2.f1.-d1.-d2.-f0.-d1.-r0.f0.-r3.f3.d1.-f3.-r1.-f1.-d0.-d3.-f2.f1.r1.d1.d2.-f1.-d2.f2.-d3.-f2.d1.-r1.f2.d3
601,-d2.r1.f3.d1.-f2.-d0.-r1.f0.d1.f1.-d0.-f3.f2.d1.r2.f0.r2.f0.-d1.-r0.d1.r0.f0.d3.-r0.-d1.-d3.f1.-d0.-f2.-r2.-d2.-r2.d1.-r2.-f2.-d1.f0.d1.f2.-d1.d2.r2.f2
602,-f0.-f1.-r0.-r0.d3.-f2.r0.d2.-r1.-d3.-d3.-f3.-f3.r0.-d1.-d3.-r0.d1.f3.d3.-r3.-f3.d1.-r2.-d1.d2.-f2.-f3.d1.f2.f3.r2.d0.-f1.-d0.-r2.-r2.-d2.-r0.-r1.-f1.-f1.-f2.r2.f2.r2.-f1
603,-r3.d3.-r2.-f1.-d2.-r1.-d0.d1.-r3.-r3.r0.-d1.-f3.-r1.-f2.-f2.r0.d0.-f2.-d1.-r0.-d0.-r0.-r2.r1.-f3.-f3.f1.f2.-r1.-d1.-f2.-r3.r1.-d1.-f1.r3.-d3.r0.f1.-r0.d1.d3.-r3.f1.-r3
604,-d2.r0.-f0.-d1.-r0.-r3.-f3.d2.-r0.r1.-f0.-r2.f3.-d3.-r0.d3.d2.-r3.f0.r3.d1.-r3.r2.-f2.-r2.-f0.-d2.f0.-r1.f2.d2.d2.-r3.-d2.r3.f0.f1.-r2.-f0.r2.r1.-f1.-r2.f0.r2
605,f0.-d2.d0.r2.f3.d3.r0.-f2.r0.r1.d3.-r1.-d0.-f1.f2.r0.f1.f2.d0.r1.-f0.-f3.-d2.r3.-d0.-d0.-f3.-r0.r3.d0.-r0.-r0.-r3.-r3.f3.r0.-d3.-r0.f3.-d0.r0.f0.-r3.d0
606,-r3.-d1.f2.d0.r0.-d3.r3.-d2.f0.-r3.d2.-r3.d2.-r3.-d0.-r0.-r0.-d0.-r2.r0.d2.-r2.f3.-d2.-f3.d0.f0.d1.f2.-r1.-f2.f1.d1.r1.f2.f3.-d0.f3.-r1.-f2.r1.-f3.-d1.f2.-d0.-d0.-f2.-d0.d1
607,-r1.-d3.d0.-r3.d2.-r2.-f3.-r2.-d1.-f3.-d1.f2.d1.-r2.d1.f2.-r1.-d1.-r0.r3.-d0.-d3.-f1.r2.f1.r3.-f3.-d0.-r0.-d0.r0.-d3.r3.-d0.-d3.-r0.-r3.d0.-r3.-d0.r0.-f0.-f0.r0.r3.f3
608,r2.f3.-r1.f3.-r1.d0.f3.-r0.-d0.-r0.-f1.d3.-r3.-d3.d2.f3.-d0.r0.d0.d3.-r1.-f1.r3.f1.r1.-d0.-f2.d0.f2.d0.f0.d3.r0.-f3.-d3.-d3.-f0.d0.f3.-r0.f3.-r0.-r3.d3.-r3.-d0.-r3
609,-f1.r3.-f0.d1.f0.-r2.-f0.-f1.-r2.f1.-r1.-r1.d2.f0.-d2.-d2.r0.-f3.-f3.r3.d3.r0.r3.d2.-r0.-d2.f3.-d0.d3.r3.-f0.f3.d0.-f0.-r3.r0.-f3.d0.f3.-d0.-f3.d3.-r3.-r3.-f3.d0
610,-f2.-f3.-f3.-r2.d0.f0.-r0.f1.d0.-r3.-d1.d2.f3.-r1.r2.-f0.-f1.-d0.r0.r2.-d3.r1.f0.d0.d3.f2.d0.-f1.-r1.d2.f3.r1.f2.-r2.-f0.-d2.f1.r1.d2.-r1.-f1.-f1.-f3.-d1.-f1.-f1.r1
611,-r0.d3.r3.d0.f2.d1.-f3.-d2.-f2.r3.f2.d3.-f0.-f0.-f3.-f3.-d1.r2.f0.r3.f3.r0.-f0.-d1.f0.-r1.d2.-r2.r0.-f1.f2.r1.-d2.r1.d2.-f2.-r0.r2.-d1.-f2.-d1.-d2.f2.-d1
612,f1.r0.-d0.f3.-d0.d3.f2.-d0.r3.f0.-d1.f1.f2.d0.-r0.-r0.f3.-r1.-d2.-d3.-f3.r3.f1.-r3.-d0.f1.d3.r2.-d3.-f1.-f2.r2.f1.f2.-d2.-f3.r1.f1.d2.-r1.-r1.-f1.r1.-d2.f3.d0.d2
613,r2.-f1.f0.-d3.d1.-r0.r3.-d0.f0.-r3.-f3.-d1.-f3.r1.-f0.-r0.f0.f2.d3.r1.-f3.r0.-d1.-r0.-d1.-f3.f0.f2.-r3.f2.r3.-f0.-r3.d2.-f2.-d2.-r1.-d2.r1.f2.-r1.d2.-r0.-d2.-r1.-d3
614,f0.d1.-r2.r0.-d0.-f0.-d3.f3.d0.r2.r1.f3.-r3.f1.-r0.-f3.-r2.-d3.-f3.r2.-f3.d3.-f1.d2.-r0.f1.r1.r0.f1.-d2.f3.d1.-f2.-r2.-d1.-f3.d1.-r2.f1.d1.r2.d1.-f1.d2.-r1
615,f1.-r3.-d0.-f0.-r3.-d1.-f0.-r2.r1.d3.-r3.d3.r1.r3.-f0.f1.-r3.d0.f1.d2.-r1.d0.r3.d3.-r3.r1.-d0.-r1.d3.-r1.-d1.r1.f1.-d0.-d3.f2.r2.f1.d0.r1.-d0.-f2.d0.f2.d1.-f2
616,d3.r1.-d2.d1.-r0.-r2.-d0.-f3.f2.-d0.-r3.-r3.d1.-r3.r1.-d1.d2.f0.f3.d1.-r3.-d1.-f0.-d2.r0.d0.-r0.d1.-r3.d0.f3.r0.-f0.-f0.-r0.f0.-d0.-f0.d3.f0.r3.-f0.r3.-f0.d3.-r0.d0.-f3.-r3
617,-r3.d1.-f2.-d3.-f2.f3.r0.-d3.d0.d2.-r1.-f0.-f0.d1.-f0.d0.r0.-d3.r1.f2.-r1.-f3.-r1.f3.r1.r3.d1.f1.d3.r3.f1.d1.-f1.-f2.d1.f2.-r3.r1.-d3.r2.d3.-f2.-r1.-d3.-r2.d3
618,-d3.-r3.d1.f3.d0.-f0.-d1.-d3.-r0.r3.d0.-r2.d3.-f2.-f2.-r3.-f3.d1.f1.-d1.-f1.f0.-d3.f1.r3.f2.r3.-f2.r3.-d2.r3.-f1.d3.-r1.-r2.-d2.f1.-r2.-f1.r1.d2.-r0.d2.r0.r2
619,-f0.-r1.-d3.-f3.-d1.d3.-r3.-f2.d3.-r0.-r0.d0.r1.-f3.f0.d1.-f0.-d3.r0.-f3.-d0.f2.-r2.-f1.-f2.d0.-f0.-r0.f0.f3.d0.f1.-r3.-f1.r2.-f1.-r2.f1.-r2.-f1.r2.-f3.r0.d2.-r2.-d2.-r0.f1
620,-d0.-r2.-d2.-r3.f1.f3.-r2.r1.d3.-r0.r1.-f1.-d2.-f2.r3.d1.r1.-d1.f2.-r3.-d2.-f2.-d2.f2.-d2.d1.r3.-d0.-f3.-r3.-f0.r3.-d0.d3.-f3.r0.d0.-r0.d0.f0.f3.-r0.-f0.-r0.-d3.-f3.-f3
621,-d3.r1.d0.-f2.-f2.f3.-d3.r2.f0.f3.d3.r1.f1.f3.d3.-f0.-d2.f1.f2.-r0.-r1.r3.d2.-f0.-f1.-d2.d1.-f1.d2.r2.d2.-f1.-f1.d3.-r0.d1.r0.-d2.-d3.-r0.-d1.r0.r2.-d2.r2.d2
622,-r2.f3.-d3.f2.r3.d0.r1.f1.r1.f3.-d3.r2.-d1.d2.r3.f1.d0.-r3.r0.f1.-r3.-f1.-d0.-d1.-f1.d0.-f1.d0.d1.-r1.-f1.d2.f2.-d2.-r1.-r1.f3.-r1.-f3.f2.-r1.-d1.f1.d1.-f2
623,-r0.-f0.-r1.-f0.d1.f1.f3.r0.-d1.-d1.-d2.-f1.-f1.-r2.-f1.-d2.f1.r1.f3.d2.-f3.-d2.-r1.-d2.f1.-r2.-f3.d3.f0.d0.f0.d0.-f3.r0.d3.-f3.-r0.-r3.-f3.-f3.-d0.f0.r3.-f3.d0.-r0
624,-d0.f0.-r2.d1.f0.-r3.-d1.d0.-r3.-d1.-r2.-f1.-d3.r0.-d0.r2.-d0.-r0.-r0.-r2.f3.d1.f1.d3.-f1.-d1.-r0.-f0.f3.-r3.-f0.r0.d3.-r0.-d0.-f3.r0.-d3.-r0.-r0.f0.r0.-f0.-f0.-r0.d0.-f0
625,r2.-d1.r2.f0.r2.d0.r0.-d2.-f0.-f0.r0.d3.-f1.r3.-f2.f1.d1.d3.-r3.-f3.-d0.-d0.-r3.-f3.r3.-f2.r2.-d1.-d2.-f1.f2.-d2.-d2.-r2.-d0.-d2.r2.d0.-r2.f1.-d2.-r2.d2.f0.f3.-d2
626,-d3.f0.r1.-f3.f1.-r3.f3.r1.-f2.-r0.f2.-d1.-f0.d3.r0.-f3.-d1.d3.-f1.-d1.f0.-d0.-d3.-f2.-d2.r3.d3.-f0.r1.-f2.f0.d2.f1.-d1.f2.f3.r0.f0.f1.-r2.-d2.-f1.d2.r1.-f0
627,r3.-f1.f2.r0.-d2.-d2.-r0.f1.-d0.-f3.f1.-r0.-r2.d3.f1.d1.-r2.-f0.r2.-d1.-d1.-f1.d1.d2.r1.d1.d3.f3.d0.f3.-r3.d3.f0.-r0.-f3.-f3.d3.-r3.-d0.-d3.f3.d3.-f3.-r0.-f3.-d0
628,d1.-f2.d3.r0.-d0.f2.-r2.-f1.r0.d2.r1.-f0.-d1.-f0.d2.-f1.f0.r1.d0.d2.-r0.-d1.r2.d1.-d0.-f0.r0.f0.d2.-r1.-f3.-f2.-r1.f2.r1.-f0.-d2.f0.f3.f0.-d3.r1.-d1.-r1.d3
629,-d3.-f0.-f3.d3.r0.f0.-d1.-d3.r2.-f1.f2.-d1.d0.-r3.d0.-f1.-d0.-f2.-r0.-d0.d2.-f1.-d2.f0.d0.-f3.-r3.-f2.r3.f2.r0.-d0.f1.-d3.f2.-d0.-d0.-r2.d3.-r1.-d2.-r1.d2.-r1.-d3.r2.d3.-r1
630,-d3.-r3.-f1.-f3.-d2.-f2.d0.-f2.d1.d3.r1.-f0.-r1.-d3.-r3.r1.-d2.f3.d0.-f3.d3.f1.-r2.d1.r2.-d1.f2.f3.-r0.-d2.-f1.-r3.d2.-f1.-d2.r3.-f2.-r2.d3.-f1.-d3.r2.-d2.f1.d2.-f1.-r2
631,f3.d3.f1.r2.f0.-r3.f0.-d2.-d2.f2.r1.-d3.-f2.d0.-f0.-d0.-r0.-r0.-f0.-r0.-d0.-d0.f0.-d3.-f3.-d2.-f1.-f1.-d1.-r2.f3.-d1.f3.d2.-r3.d1.-r2.-r2.r3.-d2.-r2.-r2.-f3.r2.-f2.d1.-f1.f2
632,-d1.r2.-d1.-r0.-r1.-d0.-f2.r1.-f2.-f2.d3.f1.d3.f2.r0.-f2.d0.f1.d0.-f1.d3.-r0.-f3.-d3.-r0.-f0.f1.r0.f3.r3.-d3.-f0.-f3.-r3.f3.-d3.r0.-d0.-f0.r3.d0.r0.-d0.d3.f0
633,f0.-d2.-f1.-d3.r3.-d1.-f2.-r2.d3.-r3.f0.-d1.-d2.-f3.-r1.d1.-r0.-d0.-d1.-r0.d0.r0.-f0.r3.-d1.-d3.f1.f2.-r1.f0.r2.f3.r1.-f3.-r1.-r2.d1.d2.-f2.-d2.r1.-f0.-d2.-f1.d2.-r1.d3.r1
634,-d1.f1.f2.-d3.r2.-f3.-r0.-r2.f3.-d2.-f0.d1.-r1.r2.-f1.d0.f1.-r2.f0.r3.-f0.-r1.-d3.d0.r2.-d0.r1.d3.r3.-d0.-f3.d3.-r3.f3.d0.-r0.-d0.f3.-d3.-r3.-d0.-d3.-f3.f0.-r3.d0.d3
635,-f3.r1.f2.-r1.d3.-r0.-f3.d1.f2.-d0.r1.-f1.-f1.f0.-r0.d0.-f0.-d0.-f1.-d3.-r2.r3.-f3.-f3.d2.-r0.-d2.-d3.-r0.r3.d0.f3.-d3.-r0.-d3.-r0.f0.-d0.-r0.-r0.d0.d3.r0.d0.-r0.f3
636,r2.-d3.r2.-f3.-r0.-d2.d3.f0.d2.r2.-d0.r1.-f2.-d1.f1.-r0.-r2.-f0.-r3.-r3.r1.-f3.r1.-d2.r1.f1.-d2.-d2.r2.-f1.r0.f1.-r0.f1.r0.-f1.r1.d2.r1.-d2.-r1
637,f1.r1.-d2.-f1.d0.-f0.-d0.d3.r3.f2.-d3.d0.f3.-d0.-d2.d3.-r2.d0.r1.r2.-f0.-f3.d2.f1.-d2.r0.r3.-f3.r0.d3.-f0.f3.-d3.-f0.d0.f3.d0.f3.-r0.d0.-r3.-r3.f0.-r0.-f0.-r3
638,f2.d3.-f3.f2.-r2.-r2.d3.-r1.-d2.-f2.d3.-r0.-r0.d0.-f0.r3.-f3.f0.-d3.d1.-r1.-f3.r0.-d1.-r0.-r3.-f2.d3.r1.r3.-d1.-r3.-d3.-f0.-d1.f2.-d1.-r2.-d1.-d1.r2.f0.-r2.d0.d3
639,-f0.d0.-f3.r3.f2.r3.f0.-r2.d0.f2.r2.d1.-r1.r3.f0.f1.r2.r3.-f3.-d2.f3.d3.-f3.d2.-f3.-r3.-f1.d3.-f0.-r3.-d3.d0.r3.-f3.-r3.-f0.-f3.-f3.d0.d3.-r0.d3.-r3.-f0.d0.r0
640,r3.d1.r2.-f1.-f3.d0.r0.-f1.f0.-r3.-f3.-d1.r2.d3.-r2.-r3.f0.-r0.-f2.-r3.-d3.r3.-d1.-d2.d3.-r3.r2.-f3.-d3.r3.d0.f0.-r0.f0.d3.f3.r0.f0.-d0.-d0.d3.-r3.-f3.-r3.r0.d3.-f3
641,-d2.-d3.f3.r2.r3.-d1.f2.d0.-f2.-d1.-f2.-d0.r3.-f0.-d2.-f0.-f2.-f3.-r1.r2.-d1.-f0.d1.r1.f2.d2.-f3.-f3.d0.-r0.-f3.-r3.d3.-r0.-d0.-f0.d0.r0.-f3.d3.-r3.f3.d3.-r0.-r3.f3
642,-d3.-d3.r1.f3.-r0.-d2.-d2.-f0.-r2.d1.f2.-d3.-r2.-d2.-r3.-d1.-f2.f3.-r2.-d1.-d3.-f1.-r1.-d3.d1.-r1.-r3.-d0.r1.r3.-d0.-r1.d1.-r1.f2.r1.f3.d1.f0.f1.-r2.-d1.-f1.-r1.d1.r1.r2
643,-f3.-r0.r3.d0.r1.-d1.r0.d3.-f3.r3.-d3.f0.d1.d3.f0.-d0.r3.-d1.-d3.-f2.d1.-r0.r1.-f2.d2.-r2.f2.-d0.-d2.-r3.d0.-r0.-r1.-r2.d2.r1.-f1.-r0.-r0.f1.-r1.r2.-f1.-r0.f1.r2
644,f0.d3.-r3.-f3.-d3.-r2.-f3.d3.f2.-r0.d2.-f0.-d0.-r3.r1.-f3.-r0.d3.-f0.d0.-f3.-r1.f3.d2.-f3.-d0.d2.r2.-d2.r3.d1.-r3.-d1.f1.-r2.d1.f3.-d1.-r1.r2.f1.d1.f1.r1.-f3
645,r2.-d2.f3.-d3.-r1.-d0.d3.-r0.-f2.r1.-d2.-r2.-f1.f0.r1.f1.-r2.-r2.f0.d3.-f0.d1.-f3.-f3.-r2.-f0.r2.d3.-r3.d0.-f3.-d0.-d0.r3.-f0.-d3.r0.f0.d0.-f0.-d0.-f0.-f0.r0.-f0.-r0
646,r1.-f1.-d3.-f2.r1.r3.-d2.f1.-r2.-d3.-d3.r0.f3.d2.f1.-r3.f1.r3.-f1.r0.-f3.-r3.d0.d3.-f0.r3.-d0.f0.r0.-f0.r3.f0.-r2.-d1.-r1.-r3.-d2.r3.-d2.-d2.-f2.r1.f2.d1.r2
647,-r2.-f0.-d3.f2.d0.-f0.r3.-f0.-f2.-d0.d1.d3.r1.-d2.d0.-f3.d2.-f1.-f2.d0.-r0.-d3.-f3.-r0.f3.-r2.f0.f3.-r2.-f3.r2.-f0.-f0.f3.-d1.f0.d1.-f3.r0.-f3.r2.f3.-r0.-d1.r0.-d0
648,d3.-r2.r3.-f1.-d1.-f1.r3.-f3.f1.-r2.-d2.r2.-f3.f2.r0.f3.-d0.-r3.-f0.r3.f0.-d3.-f3.d0.d3.f3.d0.-r1.-d0.-r1.-f0.-d0.f2.-d2.-f2.d0.f0.-r2.f0.f1.r1.d2.r1.-d2.-r1
649,r3.-f0.r2.-d3.d2.r3.-d0.-r3.r1.f3.-d1.-r0.-d3.-f2.-d2.-r2.-f0.-d3.d1.r2.-d3.-f2.-r2.d1.f1.d3.-f1.-d2.d0.-r1.-r1.d1.-f2.-d3.-r2.-f2.-r1.-d2.f2.r1.-d2.-d3.-d3.d0
650,f1.-d3.r2.r3.d3.-r1.-f1.f0.d2.r2.f0.d1.r3.d0.-f1.f0.-r3.-f0.-r2.-d2.r3.d3.-f0.r1.f0.d0.d2.-r0.d1.-f2.-r0.-r1.f2.r0.d1.f2.-d1.-f2.-d1.-r1.d1.f1.-r0.-d1.r1.d1.-r1
651,f0.-r2.-r3.-f3.d3.-r2.d0.f1.d0.-r2.r3.f2.-r3.d3.r3.f3.-r0.f0.d0.r1.d1.r2.-d3.-r0.d3.-r2.r3.-d0.r3.d0.-f0.-r3.f3.-d3.d0.-r3.-f3.d0.-r0.d3.-f0.d0.-r0.d3.f0.-d0
652,-f0.-d0.r3.-d3.r2.-f1.-f3.-f3.-d3.r1.r2.-d1.f1.f3.-d1.f3.-r3.d3.-f2.r3.f3.r3.-d1.r2.d0.r1.d3.-r1.d0.-r1.d0.r1.d0.-f2.-d1.f2.d1.r2.d1.-r2.d0.-f1.-f2.r1.r2
653,-d3.f2.d1.-r1.-d2.-r1.-f3.d0.d2.r2.-d3.-r3.-f1.f3.-r0.f1.-r3.r0.d0.f3.d0.-f0.-f0.-d0.-r1.f1.r1.-f1.f0.r1.d0.f0.-r2.-d0.d2.r2.f0.d0.-r0.-d2.r0.-d0.d2.r0.r2.-f2.-r0.f2
654,-d2.-r1.-r3.d3.-r2.-f3.d3.-r2.r0.d1.-f1.-f2.f3.-r1.f1.-r0.-d2.-r0.-d0.f3.-r2.-r2.-f3.-d1.r3.d1.d3.-f1.-r3.d1.r3.-d1.-d1.d2.f1.-r2.-d2.f3.r1.f2.-r1.r2.d2.-f1.-d2
655,-f0.-d1.d2.r0.f2.-d2.-r1.-r3.-f0.-r1.-f1.d0.f1.-d2.r0.r3.-d0.-f1.d0.f3.-r0.-r0.-r2.-f3.r0.r2.-d0.-r0.-d3.d0.f0.-d0.-f3.-r0.r3.d3.-r3.-r3.d3.-r0.-f0.-f0.f3.-r3.-r3.-f3
656,-d3.-r3.f3.r3.d2.-f0.-f1.-d0.-d0.r3.f1.-r2.-r2.f2.-r0.f2.-r2.-f1.-f3.-f3.-r2.-f2.-d3.-r0.r2.d3.-f0.-d3.r2.f0.-r1.-r1.r2.-d2.r2.d2.f3.-r0.f1.r0.d2.-f1.-d2.-f3.r2.d2.r1
657,-f0.-f1.-d3.d2.-f2.-r0.-f0.r0.f1.-r3.-d1.r1.-d0.-d2.r1.r3.-f0.-r0.-d0.-r0.f2.f3.-r2.f0.r2.d0.-f2.d3.-r2.f1.-d2.-f1.-r2.d0.-f2.-f2.d2.-f2.-f2.-d2.-r0.-d2.r0.-d0.-r2.r1
658,-r3.-f0.r3.-f1.d2.-r0.f2.r3.d0.-f0.-f1.-d0.f2.-r0.f3.d3.f3.r0.r1.-f3.f0.r1.-f0.-f3.-d0.r3.-d0.f0.r1.-f0.-r1.-f0.-r2.-f3.d2.-r2.-d2.-d2.f0.d2.-r3.-f0.r2.-f1.-r2.f0.f1.r0.r3
659,d0.f3.d1.f1.r3.f0.-r0.-r2.-f3.-r1.f3.d3.r0.-d3.d2.-r2.r1.-d1.r2.f0.-r3.f0.-r0.-r3.-f0.-r0.-r2.-f0.r0.f0.-r3.-d3.r3.-f3.-r3.-f0.-r3.-d3.-f3.f0.-r3.-r3.-f0.-f0.-f3.-r0
660,-r3.-d2.-r2.-r3.-f1.-r1.-r2.f2.-r3.f2.-r2.d3.-r3.d1.-f0.-r3.-d0.r0.-d3.f2.r0.-f2.r0.f0.d0.-f1.r3.-f3.-r0.f3.d0.r0.d0.-f3.r3.d3.r0.-d0.f0.-r3.r0.f0.d0.f0.r3.f0.-d0
661,r3.d3.-f1.-d2.r3.-d2.f3.-r3.r1.d1.-f0.-d2.r0.r1.f1.r0.f3.-r3.-f2.-f2.-r0.r3.f2.r3.f2.d3.-r2.-d3.r2.-f3.-r2.f2.r2.-d3.r2.-f2.-f2.-r2.-r2.-d2.d3.f2.-d3.-r3.r2.d3
662,-d2.f0.r1.-d2.-r2.-d3.-r2.r3.-f1.-d2.f1.-d3.-f1.r0.-f0.-r3.-r3.r0.-d0.-r0.-f3.-f3.d1.-f3.r3.f3.r3.d1.r1.r2.d0.-r2.-f3.-r1.-d1.-d2.r1.f2.d2.-f0.f2.r1.-f2
663,f1.d3.-r1.f0.-r1.-f3.d0.-f2.-r0.-d1.-f0.-d2.-f0.-f2.-r0.r2.d2.f0.f2.d2.f2.-r2.-f2.-f2.-d2.-r3.r2.-d0.-f0.-f0.-d0.-d0.f0.-r3.-f0.r3.-f0.-d3.r0.-f0.-f3.-r3.f3.r0.-f3.r3
664,d1.d2.-f3.-r2.f2.r2.-d0.-f3.-f3.d1.-f0.-f2.-d0.r0.f1.-r0.d0.-r2.d3.r2.-d0.-r0.-f3.-f3.r0.r3.-f1.r3.-d0.d3.-r3.-f3.-r3.-d0.-d3.-f3.-r3.d0.f0.-d3.-f0.r0.-d3.-f0.-d0.f3.r0
665,-r1.r3.-f3.d3.f2.d1.-r2.f0.d1.-r0.-r2.f1.-r3.-f1.f3.-r3.f1.f3.d3.f3.-r0.-r0.f0.f3.r2.r3.-d0.-r0.d3.-r3.-f0.-r0.-r3.-r3.-d3.d0.-r0.-f3.d0.r0.-f3.d0.-f3.-f3.d0.-r0
666,d0.-f0.-f0.-r2.d0.-f2.-d1.d2.r2.f0.r3.-f2.-d2.-d3.-r0.f2.r0.-f0.-d1.-r1.r0.-d1.r1.d0.r3.d1.d3.-f1.r0.-d1.-r1.d1.-r0.-d1.-d3.f1.-r0.-f1.-r0.-r0.r1.f1.-r0.f3.r3
667,-d0.f3.-r3.d2.f3.r1.d1.-f0.-r3.d3.r1.r2.d3.-f0.-d0.-r3.-f3.-f3.-d0.r3.-f3.d0.-f2.-d0.-f1.r2.-d2.-r2.f1.d0.d2.r2.-f3.r1.r3.d2.r2.-d0.-d1.f2.d1.-r2.d0.-r2.-d2.-r1
668,f3.-d3.-f3.r0.d2.f0.-r3.d0.f3.d1.r0.-d1.-d1.-f3.-f3.d2.r2.f0.-r0.-d2.-r2.f3.-d0.r3.-d0.-r2.d2.r1.-d2.f0.d1.-f0.r2.d1.-r1.-r2.d0.-f2.-d1.-r1.-r1.-f0.f1.r1.f2.-r1.f0.-r1.-d1
669,-f1.-r0.d0.-r2.-d3.r2.-d1.-r0.-r2.f0.f1.-d1.f0.d0.-r1.-f0.r1.f1.-r1.-d1.-f1.r1.-d0.-r1.d0.-r3.r2.d0.-r3.-f0.r3.-d3.-d3.-f3.-f3.-d3.d0.r3.d0.r0.-d0.f0.-d3.-r0.-f0.-r3
670,d2.r1.-d0.-r2.d1.-r3.-d1.f2.-r0.r3.-d0.d2.-f0.r0.-f3.-d1.-r1.-d3.-f0.d0.r3.-f3.-d3.d0.-f0.r2.-d3.d0.r0.d3.f0.d0.r3.f0.d0.r0.d0.-r0.-d3.r0.-f3.-r3.r0.-d3.-r0
671,r3.d1.-f0.-f1.d3.-r2.-d0.-r2.-d2.-f0.-d0.f1.d1.f1.r1.-f1.-r1.-d3.-r2.d2.-f1.-f1.r3.-f0.r3.-f3.r3.-f0.d0.f0.-r0.-r0.-f3.-r0.d3.-f3.r3.d0.-r0.d0.r3.-f0.-d0.d3
672,r1.d3.f3.-d2.-d3.-f0.-d1.-r3.d0.f1.-r0.r1.-f0.-f1.-r1.-r2.-d2.-r0.-d2.-f1.d3.f1.-r0.d2.r0.-f0.d1.-r0.-d2.r0.-d1.-r3.d2.f2.f3.r1.-f2.d1.d2.-r1.f1.-d1.-f1
673,d1.r1.f0.-r0.-f0.d0.-r3.-d0.d2.-r0.f3.r2.-f1.-d2.-f0.-f1.d2.-f2.-f2.f3.-r3.f0.d0.r1.-d0.r3.-f2.r3.f1.-r3.d3.-r3.f2.r3.-f2.-d3.f2.-r3.d1.f1.f3.r1.-d1.-r1.-f1.-f3.r3.d2
674,d3.-f1.r0.-f3.-d0.-f3.f1.d3.f1.-d3.r2.d0.-f0.d2.-r2.d1.d3.f3.d3.-r0.r3.d0.-r1.d0.r1.-d0.r0.-f3.d0.d3.-r0.-f0.f3.-d0.r3.-d3.-r0.-d0.-f0.d0.-f0.-f3.-r3.d0.f0
675,-r3.d1.f0.r0.-d3.r1.d2.-f2.r3.-d1.-r2.f2.-d3.f1.-d1.-d2.-f1.-f1.-f2.-d0.r1.d0.-f2.f1.d1.f2.r2.r3.-f0.-f0.-r3.d0.-r0.f3.-r3.-d0.r0.d3.r0.-f0.d3.r0.-d3.-r3.-d0.-f3.-d0.r0
676,r2.-f0.f1.-d1.-r1.f0.-r0.-f3.-d1.d3.-f1.-r1.-d2.-f0.-r2.-r2.-d0.-r3.r2.d2.f1.-d3.-r2.d3.f1.-r1.-f1.r1.-d2.f1.f3.-d3.f0.r2.r3.f2.-r3.-f2.-r2.r0.-d2.r3.-d1.r0.d1.-r0.-r3
677,-d3.r3.-d0.f0.-d3.-f0.f3.r3.-f2.f1.-d0.r1.f2.-r3.r1.-d3.r3.d2.-r3.-d2.-d2.r1.f0.-d2.-f3.-d2.f3.-d0.f1.-r1.-f1.-d2.f3.d1.-r1.-d2.d0.-r2.f2.r2.-d2.d1.-f2.-d0.-f2.d2.f2.d2
678,-d2.-f1.-r1.-d3.-r0.-r2.-f2.d3.-r0.-f2.-r0.f2.-d1.-r0.-f0.-r3.-r3.r0.-d3.f1.d3.-f1.d0.-r0.r1.f0.r3.f0.-r3.d3.-r0.-f3.r3.-d0.r0.-f0.d0.f3.r0.d3.-r3.d3.f3.-d3.f0
679,-d3.-f3.d2.r0.f0.-d1.d0.r1.-f0.-r3.r2.d1.-f0.d1.r0.f1.-r0.-d0.-r0.d1.r0.-f3.-d1.f3.r1.-d1.-r1.f1.-r0.-d2.f2.d1.-f2.d1.f2.-d0.-f2.d2.r1.f3.r1.f2.-r1.-f3.r2.-d0
680,-f0.-d3.f3.-d1.f1.-r1.f3.-r3.-f3.-d3.-d3.d0.-f0.-f0.-r0.-r1.d1.d3.-r1.-d3.-f1.-f3.-d1.f0.f3.-r2.-d1.-r3.-d0.-f1.-r1.f3.r1.f1.-r1.-d1.-d1.r1.d1.r3.-f2.-d2.-d3.r2.d2.d3.f2
681,r3.f0.d1.r3.d3.-r3.r1.-d0.f2.d3.-r0.r2.-d0.r3.-f0.-r1.-r1.-d2.-r1.-f1.-f3.d3.-r0.f1.d2.-f1.r0.f1.f3.-r3.f2.-r1.-f3.f0.-r1.-f2.r1.d2.-f2.-d2.-f0.f2.-d2.-r2
682,-r1.-r1.-d0.f3.r1.-d1.f3.-d2.-r0.-f1.f2.-d2.-d2.-f0.d2.-r2.f1.d1.d2.-r1.-d2.-f3.-d1.f3.d1.-r0.-f3.-d3.-d3.-r0.-r3.-f0.-d0.-d0.-r3.f0.-d0.-f3.r0.-f0.-d3.r3.d0.r0.-d3
683,d3.-r3.d0.-r1.-f2.f3.-r2.-d2.r1.-d0.d3.-r2.-d1.r1.d0.-r0.-f1.-r1.-f3.-d0.f1.f3.r0.f3.-r2.d0.-r1.-f0.-f2.d1.r2.-d1.f0.d3.r2.d2.-r2.-d3.-f2.-d2.f0.f2.d1.f2.-d1.-f0.-r2.-r2
684,-f0.-d0.-r0.-d2.f0.-d0.-r3.-f3.r1.-f1.r0.-f0.f2.f3.r0.-f3.d0.-f3.r3.f3.d3.f0.-r0.-f0.-d0.f0.-d2.d0.d3.f1.d0.r1.f1.-d0.-r1.-r1.-f1.r1.-d0.f1.d0.-f1.-f1.-d3.d2
685,d2.-r0.r3.d1.-f3.-r2.-d1.-f3.-r2.-d3.-f1.d0.d3.-f2.-r2.r3.-d0.-f2.-r2.-f2.r2.-f3.f2.-r0.-f2.-r0.-r0.f1.-r3.-d1.f1.d1.-r3.-d2.-f1.d1.-f3.-r1.f3.r1.-f1.d2.-f1.-r1.-f3.f1
686,-f3.f1.-d1.r1.-f2.-r0.f0.r2.f0.-d3.r3.-d2.d3.-f0.r1.r2.-f3.r1.f3.r3.-f3.d3.-r0.-d2.f1.-r1.d2.-r3.d3.-f3.d2.r1.-d0.r3.-d2.-r3.d0.f2.r3.d2.-f2.-r1.f2.-r3.-d2.-f2.-d2
687,r2.-d1.-f2.f1.d3.-r2.d1.-r3.-f2.f1.d2.-f2.r1.f2.-r1.d3.f2.-d3.-d3.-r2.r1.-f3.-r2.-f2.-r3.-r3.r2.f3.d3.r3.d0.d3.r3.d0.r0.-d0.-f3.d3.f0.-r0.f3.d3.-r0.d0.f0.-d0
688,d2.-f0.-d0.-d0.d2.f2.r2.d3.f3.-r0.-f1.-r0.-r1.-r3.f2.-r0.-r2.-f3.-r2.-f2.-r0.d0.r0.f2.-r3.-d3.-d3.-r0.-f3.d0.r0.-f0.-d0.-f0.-d0.-d0.r3.-d0.r3.d0.r3.-f0.-d0.-f0.-f3
689,-d2.r2.d1.r2.-d3.r3.f0.-r3.-f3.-d3.-f1.-f1.d0.r0.-d2.d0.r1.-d1.-f3.-f3.d1.f1.-r2.-f1.-r0.r2.-d3.-r3.-f0.-f3.r3.-d3.r0.f0.d3.f0.r3.-d3.r0.d0.-r3.r0.f3.d0.f3.d0
690,-r0.r1.d3.-r2.r1.-f3.d0.-r3.-f1.-r2.d2.r2.-f0.d2.-r3.-d0.-f3.d2.f0.f1.-d2.-f1.-r0.-r0.-f0.r3.-f0.d1.f0.-d1.-r3.-f2.d1.f2.r0.-d1.-f3.r2.f3.-d2.f2.d2.-f2.-r2.d1
691,-d2.-d3.r0.-f1.-r3.d3.-r1.-r3.-f1.-f3.-r1.-r1.r2.d0.d3.-r3.-f0.-r1.-f0.-f2.-d3.-f3.-d3.r0.f1.-r0.-f1.-f3.-d3.-r0.d3.-r3.-d0.-d3.-r0.f3.d3.r0.-f0.d3.-f3.r0.r3.-f3.-d0.-r3
692,r0.r1.f3.r0.d3.-f1.-f1.d0.-f0.-r2.d0.-r3.-r3.d0.r3.f2.r3.-f0.r1.r2.-d0.-r0.-d0.-r1.f2.d0.f3.-d0.-d0.-f3.-d3.r1.d2.-r1.-r1.-d0.-r2.d0.r1.-d0.r1.r2.-d0.-r1.d3.r1.d0
693,d2.-f2.r3.-d0.-d1.-f0.-f0.-f3.-r0.-f2.d1.f2.-d0.-d3.-d3.f2.-r2.r0.f0.-r0.-d0.r3.d2.r0.-d2.r3.-f0.-r3.-f3.d3.f0.-r0.r3.-d3.f0.-d0.-d3.-f3.-d3.-r0.-r0.-d0.f3.-r3.-r3.f3
694,r3.f3.-d2.-r1.f2.-r0.-d3.d0.-r2.-f2.r0.d0.-f3.-r2.d1.f3.-r0.-r3.d2.r2.-d2.f0.-d1.-f3.d1.-r0.d0.-r3.-d3.r0.f0.r3.f0.-d0.r0.d3.-f3.-r0.f3.-d0.-r3.r0.d3.-f3.-d3
695,-d1.-r2.f0.-d0.r2.-f3.-d0.-d1.f0.-r3.d0.-r1.-f1.r2.d1.r2.d1.-r0.-d3.r0.-d3.r2.-d1.r0.f3.r2.f2.-r2.d1.r0.f3.-r2.-f2.r2.-f3.-f3.-r3.-d1.-r2.-f0.-r1.f0.r2.f2.d1.-f2
696,d1.f0.-r0.f0.-d1.d2.f0.r1.-d1.f0.d0.f2.-d3.d0.f2.d3.-f1.-f3.-f3.f0.-d3.-d3.-f0.f3.d3.-f3.-d0.-r3.-f1.r3.f1.-d3.-r1.-d1.r1.-d3.d0.d1.f2.-d3.-r1.-r3.f1.-d2.r1.d2.f2.d1.-f2
697,-d1.-r3.-r3.d2.-f1.f3.r2.d0.f3.-d1.d3.-r1.r0.-d1.-f1.f2.-d1.d2.f2.d1.r1.d1.d3.-f2.-d1.f2.f3.r3.-d0.f3.-d3.r1.d2.d3.f2.-d2.r0.f2.r3.-f2.-r0.f2.r3.-f2.d2.f2.-r3.-r3
698,d3.r1.f0.-r0.-r0.-d3.-r1.-r3.-f0.-f0.d2.-f2.-f3.r0.d1.r3.-d0.-r3.-d0.f2.d0.f1.d1.-f1.d0.f3.r1.-d1.-r1.f1.-r0.d0.r1.-d2.f1.d2.-f1.-r1.-d0.-f2.-r0.-r3.-f2.-r3.-r3.r0.-f1
699,-f2.r1.-r3.-f2.-d3.f3.-d2.-r3.f3.d1.-f1.r3.f2.d0.-d1.r3.r0.d1.-r2.d1.r2.f1.d0.f3.-d0.-r3.f2.-d3.-r2.d3.r3.r2.r2.f0.r2.-f1.-r2.f1.d0.r2.-d1.f1.d1.-r2.-d0.-f1
700,-r3.f1.r0.f0.-r1.r0.f0.-d1.-f2.-d0.-d0.r1.d0.-f3.r3.d0.-r1.r3.-d2.-f0.d1.f0.-r3.f2.-r0.-d1.r1.r2.-d1.-r2.-d1.-f3.-d1.-d3.r2.d1.d3.-r1.-f1.-r2.r1.f1.f3.-d1.f1.d1.r3
701,-f3.r0.d0.f1.-r2.f3.-d0.-d0.-d1.-r0.d0.-r3.-f2.r3.-d0.d2.-r2.-f2.f0.r1.-f1.-d0.-d0.f1.f2.-r1.r0.-d0.r0.f3.d3.-f3.-r0.f0.-d3.-f0.-d3.-r3.-d3.-r0.-f0.-d3.r3.-f0.-d0.r3
702,f3.d1.-f1.f3.d1.-r1.r0.-f3.-d0.-r0.r1.d3.-r0.-r0.-f0.f3.-r0.-r1.-f0.-d1.d2.-f3.d1.r3.-d2.f0.-r1.-r3.-d1.-r2.d0.-r1.-f2.-d1.r1.-d0.r1.-d2.f2.r1.f2.d1.-r1.r2.-f1.-f2.d2
703,d2.f2.-d2.-f2.-f2.d0.r3.-f3.r2.-f2.-d2.d1.r2.d0.-r2.d2.d3.-r1.f3.r1.d1.-f1.-f3.-d0.f3.-d1.r3.f3.r3.f3.-r0.-r3.-f0.d3.r0.d3.-r0.-f3.r0.-d0.f0.d0.f0.-d0.-r0.r3
704,d0.f3.r3.-f0.-r0.d2.-r3.r1.d2.r1.d1.r0.-d3.-f0.f3.r0.r3.f3.r0.r3.-d2.r1.-d2.-r1.r3.-d0.-f1.d2.f1.d0.-r3.-f0.-f3.d2.f0.r0.-f0.-d1.-d2.d3.-f2.d3.f2.-d3.r1.-d3.-r1
705,-r2.-r3.d2.-f2.-f3.d0.-r2.-r2.-f0.-r0.-f0.-f1.d0.f3.-d3.d2.f1.r1.d0.-r1.-d0.-f0.-f1.r2.r3.d0.-r2.f0.-r2.d1.-r2.-d0.r2.d0.r0.-d2.f2.r2.-f2.-f2.-r2.-f0.-r2.f0.r2.f2.-d2.-d2
706,-f0.-f2.-r2.r3.d3.-f2.-d2.-f1.-f1.-d0.-d3.-f0.-r3.-d3.-r3.-r3.d0.f3.-r3.d1.-f3.-r3.r1.f1.f3.-r1.-f3.-d2.r1.-f3.-r1.d1.r1.-d1.-r1.r2.d0.r1.d3.-r1.-d0.-d3.d1.d2.r1.-d1.-r1
707,-r3.-d1.f2.-d3.-f1.r0.d3.-f2.f1.-r1.f2.-r0.f2.-r2.-d0.r2.-d3.-d3.-f2.r0.f2.f3.-d0.-r0.-f3.-d1.-r3.-r3.-d0.r3.-f3.r3.-d3.-d3.r0.d3.-r0.-f3.-d3.r0.f3.d3.f3.-d3.-r0.d0.f3.d3
708,r1.-d1.-d3.r3.f0.r3.-d1.-f3.f2.-r1.-d0.f3.-d1.-r1.-d3.-r2.-d2.f1.d1.d3.f0.d0.f2.d2.-r1.-d2.-f2.f0.r0.f0.-d0.f3.r0.d3.-f0.-r0.-d3.-r0.r3.-f3.r0.-d0.-f3.-r3.f3.-r0.-r0
709,f0.-d0.f0.-r2.-f1.f0.f3.-d0.d1.-f3.f0.-r3.d3.-r2.-f0.d1.-r2.-f2.r2.-d3.d0.d1.-f2.-d1.-f0.f2.-d0.-d2.r1.f0.-r1.d0.r3.-d1.-r3.-d0.-f0.-d1.-r3.d2.r3.d1.d2.-r3.-f3.r3.-d2.-r3
710,f0.r1.f3.d3.-r0.f2.-r0.-f0.-d0.d3.-f3.f2.-d0.-f0.-d3.-f0.-f3.-r1.d0.-r2.-d0.-r3.-d3.d0.-f0.-d0.-f3.-r1.-r1.-d0.r2.d0.-r2.d0.f3.-d0.-r1.f3.-d0.-d3.-r2.d0.d3.-f3.d0.f0.-d3
711,-f3.d0.f3.r3.f3.-d3.f0.-r2.r3.-f2.d2.-r2.-f3.-d3.d1.f1.d0.-r1.-f1.f0.d0.-f0.-d0.-d0.d3.-f2.-d2.-r2.d1.r2.d0.r2.-f2.d1.f2.r2.f1.d2.-r2.-d1.-r3.d1.-r2.-d1.r3.d1
712,-d0.f1.r3.-d1.-d2.r3.-d2.-r0.d0.-f0.-f0.f2.d0.-r2.f2.-d3.d1.-f0.r3.d2.-f0.-r0.f0.-r3.-d0.f2.-d2.-f2.d0.-r3.-f1.-r1.-r1.d2.f1.r3.-d0.-d2.r1.d0.d2.-r3.-d2.r0.r3
713,-r2.-f3.-d0.r3.-f1.-r3.-f2.d3.-f0.d1.f0.f1.d2.-f3.-d2.-r0.r3.f3.-r0.d1.-f3.d0.-f3.-d0.-r0.-d0.r0.r2.-f2.r0.r1.f2.-d1.-r1.d1.-r0.f0.-d1.-f0.f2.d2.f2.-d2.-r1.-f2.r1
714,-r3.-r3.-f0.d0.r1.d0.-f1.d1.-f3.-d2.-f2.-r3.f0.f2.f3.d0.-r3.-f0.-d0.f0.-r1.r3.d0.-f0.-r0.r1.-f3.r0.-f3.d3.r0.-f0.d0.f0.-d3.r0.-d3.r0.f0.d3.f0.f3.r0.d3.f3
715,d1.f0.r1.f0.d3.f0.r3.-d1.-r0.-f3.-d3.-r3.-f2.r2.f0.f2.f3.-r3.r0.r2.-f3.r1.f1.f3.-r3.-f1.-r3.f1.d0.f0.f3.r1.-d0.-f1.d0.-r1.f3.-d0.f3.d0.-f0.-d0.f3.r3
716,-d3.f1.-r0.-f1.d2.f0.-r3.d3.f3.d0.-f3.-d1.-d3.-r0.-f3.-f3.-d1.-f0.-f3.d0.f3.-d0.d2.-f1.d1.f2.-r1.-f2.f3.d1.f0.r2.f1.d1.-r2.r1.-f1.-d0.-d3.-r2.d3.-r1.-d1.-d3.d0
717,d3.f2.-r3.-f0.f2.-d1.d0.f3.-d1.-d3.-f0.-d2.-r2.-f2.f0.-r0.-r3.-f1.-d0.-f2.-d3.-f0.-r0.-f1.f0.d0.-r2.-d0.f1.-d2.f3.r2.-f3.-r1.d1.-r2.r1.d0.r2.-d1.-f3.f2.-d2.-f2.d2.f3.d2.-r2
718,-d2.d1.-f1.-d3.-f3.-d2.d0.d3.-r0.f1.-r0.-d3.-f3.r2.-f3.-d0.-r2.-d3.-r0.r2.-d3.r3.-f3.-d3.-f0.-d1.-r0.f0.-r3.f3.d0.r0.d0.f3.d0.r3.-f0.-f0.-r3.f3.r0.f0.d3.-r3.-f0.d3.-f0
719,d0.-r3.d1.f2.d3.r0.-f1.-r2.f3.r0.-f3.-r2.d3.-f2.d0.d3.-r2.d3.f0.-r1.-f2.-r2.f0.-d3.f0.d3.-f2.-f2.-r1.-f2.-r1.-r1.-d3.d1.r2.-d0.-d0.-r2.-d1.-r2.d0.r2.f2.-r2.-d0.-d0.-f2.-d0
720,r2.-d0.-f3.d1.-r3.-d2.-f1.-r3.f2.d3.r3.d2.-f3.-r0.-f0.-d0.-f1.-r0.r1.r3.-f2.-d0.f2.r2.f0.r0.f0.d2.-r1.-d2.f2.f3.-r2.r1.-f1.-r2.-r2.-f1.-d2.f1.-d2.-d2.f1.-d2.-f3.d2.-f2
721,-f2.-d2.-r2.d1.-f1.f3.-d0.r2.-f0.d2.-f3.-d1.-f1.d1.f3.-d0.-f1.-d3.-f2.r0.-d0.-r3.r0.-f3.r0.f2.-r0.d3.r3.-f3.-d3.d0.r3.-f0.r3.-f3.-r0.d0.-r0.d0.-r3.f0.r0.d0.d3.-f3
722,-d1.d3.-f1.d3.-r3.-r3.f2.d0.f1.-r0.-r2.d1.-r2.d3.-f2.-d3.r1.f3.d2.-r1.-r2.r0.f1.-d0.-d3.-r3.r2.-f3.d3.-f3.-r3.-d0.-f3.f0.-r0.-f3.-d0.r0.-d3.-r0.-r0.-f3.-r3.d3.r0.-d0.-f0
723,-r0.r1.-f3.-d2.-f0.f2.-r3.-d1.r2.-f2.-f2.f3.-r0.r1.-f2.-d3.-r0.d2.f2.r0.f0.d2.r0.-f0.-r3.-f2.-d2.d3.-r1.f2.-d0.d2.r1.-d3.f2.-r1.-f2.d0.r1.d1.r0.f2.-d1.-r1.d1.-r0.-d1.-d2
724,f0.-d2.-r0.-d0.-f3.-r2.f0.-d0.r1.-d3.f0.-f1.-r1.f1.-r3.-f3.d2.-f2.d3.-r3.-r3.f0.-f3.-d2.f0.d2.-f0.f3.-r2.-f0.d2.r2.-d2.-f0.d3.f1.d0.-f1.-r2.f1.d1.r2.-d1
725,d3.-f0.-f2.d0.r0.f2.-d0.d2.f2.r2.-d2.-f1.r2.-d1.-r0.f3.r0.d1.-r2.-d1.-f0.-f0.-f3.-d2.-r0.d2.-f0.-d3.r3.f3.-r3.-f0.d3.f0.f3.-d3.f3.r3.f0.-r0.f0.d3.-f3.-r0.-f3.-r3
726,-d3.r3.-f0.-d3.d0.f0.d2.-f1.-r0.f3.-r3.-f0.r2.-d1.-f1.-r2.d3.f3.r2.f1.-r2.r0.-f1.r2.-f2.-r3.-f1.-r0.f0.r0.-f0.f1.-r2.f0.f1.-r2.-f1.-r2.-f2.r2.f2.-r0.r2.d2.-f2
727,f1.d1.-r1.-r1.f3.-d0.f1.-r3.-r3.-d0.-d1.r0.-d1.f2.d3.-f0.d0.f1.-r3.-d3.-r3.d3.r3.-f1.-r2.f1.-d3.f0.-d0.-r0.f3.r3.-f0.-d3.-r3.-d0.f0.-d0.-r3.-d0.-d3.f0.-r3.-d0.d3.-r0
728,f1.r0.-f1.-d1.r1.-f0.f2.r3.-f1.-d0.-d3.f2.-r3.-f2.r1.r3.-f1.-f1.-r1.-f1.-d2.r0.-f1.r3.f1.-r3.-d0.-r0.-f0.-f3.d0.-f0.-d0.-d0.r0.d0.r3.f0.-r3.-f3.-f3.d3.-f0.r3.-d3
729,-f3.d2.r1.-d0.-f2.d0.f0.d3.-r2.f0.-r0.-r0.-f1.f0.r2.f2.r2.d3.-r2.-d3.-f2.f1.r2.-d0.f0.f3.-r3.-f3.d3.f1.-d0.-f0.d0.-f1.d0.-r2.d0.f0.-d0.-f1.-f1.d0.-r3.-d0.r3.-f1.-f1.r3
730,-f2.f1.-d3.r1.d1.f0.-r0.-f3.d1.f0.r0.-f0.-d3.r1.d2.d3.-f2.-f3.r3.-f1.-r2.r3.d0.-r1.-r3.f0.r0.r1.d1.d3.-r0.f0.d2.-f0.d2.f0.-d2.-f0.r0.d0.-f3.r3.d3.-r2.-d3.-r3.f3
731,d1.f1.-d2.f0.f1.r2.-d2.f0.-d2.d3.r3.-f0.d0.-r2.d0.d3.-f2.f0.d1.f2.-d1.f3.r0.d1.f0.d2.-f3.r0.f3.d3.f0.-d0.-d0.r0.-d0.-r3.f3.-r0.-f3.-d3.d0.f0.d0.-f0.-r3.f3
732,-d0.-r0.d3.-f2.d0.r1.-f0.r3.f1.-d0.-d3.f3.-d3.d0.-r2.r3.f1.-r1.-r3.f0.d0.d2.-f0.r1.r3.f1.r2.d0.d2.-r3.f2.r3.-d0.-r2.-d2.f3.-d2.f0.d0.-f2.-r1.f2.r1.-d0.-f0
733,-f0.d0.-f2.-r3.-d2.f1.d0.r1.-f3.-r2.-d2.f3.-d1.f3.-d0.-r2.r0.r3.d3.r2.d2.f3.-d3.f2.-d2.-f2.f3.-d3.-r0.d3.-r3.-f0.d3.f3.r3.-d0.-r0.-f3.d3.-r3.f3.-r0.f0.-d3.d0.f3
734,-d1.-d3.r1.r2.-f1.f2.-d0.f0.r2.f0.f2.-d2.d3.-r3.d2.f1.f2.r2.-f1.r3.-f2.f0.f1.-r3.-f3.r3.-f0.-f1.r3.-f0.d0.f0.-d0.-r2.-r2.d3.r2.-d2.-f2.r2.f0.r2.-f0.f2.d0.f0.-r2.-f0.d2
735,-r0.-r0.d0.r3.-d2.d1.-r1.-d3.-r2.f2.-d3.-f3.d3.-f0.-r2.-f2.d0.-r1.-r2.d1.f3.r1.f0.d3.-f1.d1.d3.r3.-d1.-f1.f3.-r2.-f1.-f1.f2.-r1.-f1.-f2.r1.-f3.-r3.-r3.r1.-d2.f1.d2.-f1.r3
736,-d2.-f3.-d2.-f3.d0.-r3.d0.-f3.d3.r2.-d3.-r0.f1.-d3.r0.-d1.-r0.f0.-d0.-d3.r3.-d2.r1.f0.-r1.d0.d2.-r3.r0.f3.r0.f3.-d3.f0.-r0.f3.-d3.-r3.d0.-f0.-r3.d0.f3.-d3.-d3
737,-f0.r2.d1.-r0.-d3.-r0.-r2.r3.-d1.d3.-f1.f2.d1.r2.-d1.r2.-f1.-f2.d3.f2.r2.f2.-r0.-d3.r0.-f2.f1.f3.r0.f3.-r0.-r3.-r3.f0.f3.r3.-d3.r0.-d0.r0.f3.-r3.-d0.f0.r3.-d3.-f3.-d0
738,-f2.d2.-f0.-r3.f3.-d3.-f1.d0.r1.-r3.-r3.d1.f1.f0.d0.-f2.-f1.-r3.f1.f1.d1.f1.-d1.f2.r0.r0.f1.r0.-f1.r0.-f2.-r0.-d2.f2.r2.-r3.-f2.-r2.-f2.r3.d2.-r3.f2.-d3.f1
739,-r1.-f0.f3.-r3.f1.-r1.-d3.r0.f1.d1.-r2.-r3.-d1.f1.-d1.-r1.d2.-f3.-d3.-f0.d0.-f2.-r2.f2.r3.d3.f0.-d3.-f0.-r0.d3.r3.-d3.-r3.-r3.d3.f0.d3.-f0.f3.-r0.-d3.f3.-d3
740,-r2.r3.f3.-d0.r1.f1.-d3.-f3.d2.-r0.r1.r2.f0.r2.-d0.f2.-r2.r1.f1.-d1.-r3.r0.f2.r2.f2.r3.-f3.-r3.-f2.r3.-f1.-r1.f1.r1.d2.-r2.-r3.-f1.-d1.-d2.f1.d1.r2.-d1.d2
741,-f3.-r1.r3.f1.-d0.-r2.-d2.r3.-d3.d0.d2.f1.f2.-r3.d3.f3.-d1.f2.-r1.d1.-r2.-f0.d0.r0.r1.-f0.-f2.d2.f1.d2.-f1.-f1.-r2.-f3.r3.-f0.-f2.-r2.f0.f3.r2.-f0.-r2.-f2.-f2.f0
742,-d0.d3.f0.d1.-r0.r2.-f1.f0.d2.r1.-f3.-r1.r0.-f0.-r1.-r1.d1.r1.f3.-r0.-d2.-f0.d3.-f2.-d3.r3.-f1.-r2.-r3.d0.-f2.r1.d1.f2.-r1.r2.-d0.-r3.f2.d0.-r2.d2.f2.-d2.-f2.-d0.r2
743,-d0.-d1.r2.f1.-r1.d3.r3.-d2.-d2.-r0.-f2.f1.-r0.-f0.d0.-r1.-d3.-r3.-d0.f0.f3.-r0.-r3.r1.r2.d0.-f0.-d0.-r2.-d0.-d3.-f1.-d0.-f3.-d1.f3.-d2.d0.f0.-r0.-r3.d2.r0.r3.-f0.f2.d1.d2
744,-r1.-f1.-d3.-r1.-r2.r0.f1.d0.d1.-r2.f0.-d3.-f0.-d3.-d3.-r1.r3.f1.-d0.-r3.-f3.r3.-f2.d0.r3.f3.d0.-r0.-d3.f0.-r0.r3.-f0.-r0.d3.-r3.f0.-r0.-r3.-r3.-d0.-d0.-f3
745,-f2.r3.-f1.f3.-r2.-f0.-d0.r3.-f1.-r0.r2.-d1.r0.-d3.-r0.d3.r3.-f2.-f3.-r2.-f3.-d0.-f3.r2.-f3.-f3.d0.-r1.d1.-r2.r3.-d0.-r3.-d1.-r0.-r1.-r2.-f3.r1.f2.d2.-f2.r2.-d2.d0.-f2.r2.f2
746,-d3.-f0.-r0.f2.d0.f3.-d1.r2.f1.r0.f3.r0.f0.d3.-r2.d1.r0.-f0.f3.r2.f3.d1.f0.-d2.-f0.d1.-f1.r2.d1.-r3.r2.f3.r2.f0.-r2.-d3.-f3.d3.-r2.d1.f1.d2.-f1.d0.r3.-d0.-d1
747,-r2.-d1.r0.-f2.r0.d3.-f1.r2.-f3.f0.-d3.-r0.-f0.r3.-d0.f0.-d1.f3.r0.d1.-f0.-r0.d1.f0.d2.r3.f0.-r0.r3.-d3.-f0.-r0.-r0.-d3.-r0.-d0.r3.-d0.r3.d0.-f3.-f3.r0.r3.d0.-f3
748,f2.d1.-r3.d0.f3.-r1.d0.f3.d1.f0.-d0.d2.r3.d1.r0.-d2.f1.-r0.r3.d0.d1.-r2.d0.r3.-f0.-f0.-d1.r2.-d1.r0.f1.-r0.d1.-f1.-r2.-f0.d2.r3.d1.-f1.-d1.-r3.-d2.d1.f1
749,r1.-f3.-r0.-r2.r3.d1.-r1.-f3.-d3.f1.-d3.f3.-r0.-r2.-r2.d1.-f3.-d1.-r0.-r3.r2.-d3.-f3.-d0.-f0.-d2.r0.r3.d3.-r0.-d0.f0.r3.-f0.-d0.-d0.r0.-f3.-r3.-f3.f0.r0.-d3.f0.-d0.-d3
750,f2.d0.r1.f3.r0.r1.f3.-d3.f1.-d1.-r1.-d0.-f0.-r3.d0.f0.-d1.r2.-d2.-f0.d1.d2.-r0.-f3.f0.r0.f3.d2.-r2.-f3.d1.r0.f1.d2.f2.-r1.-f0.-f1.d2.f2.-d2.-f2.-f2.f0.-d2.r0.-d1
751,f2.-r2.f2.d0.-r1.-f2.-d3.-r0.-d0.r3.-f0.-f0.-r2.d1.-r3.-r3.d2.-r3.-d0.-d2.r3.d0.-r3.-d3.-d3.-r2.d1.f1.-d1.-d3.-r1.d3.r1.-f1.d1.-r1.-d1.d2.r3.-d1.-r2.r3.f2.-r2.-f2.-r3
752,-r3.f0.-r3.-f1.-d2.r0.-d0.-f1.-d1.r2.f0.d3.f0.-r0.d2.-f1.r3.f2.r1.r3.-d1.-r0.-r0.f0.-r2.r0.-f0.-r0.-r2.-f0.r2.f0.-r3.r2.-f2.r2.r3.-f2.-d1.f2.-r1.f3.r2.-f3.-r2.-r3.-f2
753,-r0.f0.-r3.-f2.f3.d3.r1.f2.-r1.-f2.r2.-d1.f3.r0.-f1.-d0.d3.f3.d0.r0.d0.d2.-f1.-d0.f1.-d0.-d0.-d2.-f3.r3.f3.d0.d3.r3.-d0.d3.r3.f3.d3.f0.-d0.f0.-d3.f0.-d3.d0
754,-d3.-r1.r3.-d2.f2.-d2.-r0.-d0.r1.f0.-r0.d0.-r0.-f1.-f1.-d2.-r0.-d0.-r2.d2.-f1.-r3.-d3.d1.-r0.-f1.r0.f1.-d1.d3.-r2.d3.-f1.f3.d3.-f1.-d3.-f3.d0.r2.-d1.-r2.-d0.d1.f1.-d3.r2
755,d0.-r3.-d2.r2.-f3.f1.-d0.-f0.d3.-f2.r1.-d0.d2.-r0.-r2.-f3.r3.f1.r3.-f2.f0.f3.-d3.-d3.-f2.-r0.f1.r0.-d3.f2.-d3.r3.f0.-r2.-r2.f3.-d2.-f3.-r2.-f0.-d2.r2.f1.d2.-f1.d2
756,r1.-f0.-d0.r0.d1.-r1.-d0.d3.r3.-d3.-f0.-d2.-f3.f2.d1.-r0.-r3.-f1.f3.d3.r2.d0.r1.-f3.-r1.-r2.-f0.f1.-r0.-f0.-f3.d0.r3.-f0.-r3.-d0.-d3.r0.r3.d0.f0.d0.-r0.-f3.f0.-d0.r3
757,-f3.r2.-f1.d0.-f0.-d3.-r3.f2.f3.-d0.d1.r2.-f3.r1.d1.-r1.-r2.-f0.-f2.d2.-f3.-d1.-d2.r2.f0.f3.-r2.f0.-r3.-d3.f3.d3.f0.d0.f0.d3.f0.-d0.f3.-r3.r0.d0.r3.-d3.-d3.-r0
758,f1.r3.d2.f3.d0.d1.-f2.-r3.d0.f1.-r3.-d1.-r0.-r3.-f0.-r2.d3.f2.r1.-d0.r1.d0.-r1.-f2.-r0.-r3.-d3.d0.-r3.f0.r0.-d0.-r3.d3.-f3.f0.r0.-d0.f0.-d0.-d3.f3.-d0.-r3.f3
759,-d1.-f3.f0.r2.d0.f3.-d1.-r2.-r3.-d3.-f2.r3.f2.d0.d3.-r0.d1.d3.r3.-d3.f2.d2.-f2.-d2.r3.-f1.f3.-r1.-d2.-d3.f2.d3.f1.d1.-f2.-r1.-d1.d2.r1.-f3.-r1.-f2.r1.-d2.f2.-r1
760,-d0.-d1.f3.-r3.r0.-d2.f1.-r1.-f2.r3.d1.-r3.f2.-r0.f1.-d2.-r1.r2.-f1.-r0.-r0.f1.-r2.-d1.-r3.-d3.-r3.f3.d3.r0.d0.f0.-r0.-f3.d0.-f0.r0.d0.-r3.f0.r0.-d0.-d3.-f3.-d3
761,r3.-f0.r3.-d1.-f1.-f3.-f3.-r0.r3.f3.d1.r3.-f3.-r3.-f3.f2.-r1.-f2.d0.-r1.-f2.d2.r1.-d2.f0.-r1.r2.f0.r1.r2.-f2.-f2.-r2.f2.r3.-f0.d2.-d1.-d1.-f1.-d1.f1.-d1.-r2.d3.f0
762,-d1.r2.-d2.r1.d0.f2.-r0.-r1.-d1.-f0.-d3.d0.r3.-d3.-r0.f1.-d1.-f0.d1.r1.r2.f0.d0.-r3.-f0.-d0.-r3.d0.r1.-d0.-f0.-d0.f0.-r1.d0.d3.r1.-d3.r3.-d3.r3.d3.-r1.-d3.-r3.d3.f0
763,-f2.d2.-r1.-d3.-f0.-d0.f2.-r3.d0.-f1.r2.-d3.-r1.-f1.-f2.-r0.f1.f2.-r2.d1.-f3.r3.-f3.-d1.-r3.-d3.d0.d1.-f0.-d3.d0.-r0.-f0.-f3.-r0.r3.-f0.d3.-r0.f3.r0.-f3.r3.-d0.-r0.d3
764,d3.-r0.r2.-d0.-d1.-r3.-f0.d3.r2.f3.-d0.-f1.-r3.d2.-r1.-r2.-d2.d1.r0.-d2.-f1.-f2.-d1.-d2.f0.-d0.-d3.-f1.r3.-f3.-d0.-r0.-r3.d0.-r3.d3.f3.-d0.r3.-f3.-d3.-f3.r3.-f3.d3.-r0.-f0
765,-r1.-d3.f0.-r3.d0.d2.r1.f2.d0.d3.r3.d3.-r2.d3.f2.-d3.-r3.-f2.-d3.-f2.-r3.f2.-d3.-f2.-r0.r3.-f3.-d0.-r0.-f3.r3.d0.-f0.-r3.-f3.-r0.f3.-r0.-d3.-f0.-d0.-d3.r0.f0
766,f3.-r0.f2.-r3.-r3.-f3.-d0.-d1.d3.-f0.d3.-r1.-r3.f0.-r1.r2.r3.d3.-f3.-d3.-r1.r0.f0.-r0.-r1.f1.f2.-d1.-f3.-r1.-f2.r1.-d1.-f1.r1.d3.-f1.f3.-r1.-f3.r1.f1.-d1.-d3.-r1.d1.f3
767,-r2.-f1.r2.d3.f2.-r3.f2.d0.-f3.-r3.f0.-d1.-d2.f2.r0.-f3.-r0.-d2.-r3.d2.r3.d2.-r3.d0.-f0.-f0.-r0.f3.-d0.-f1.-f3.-r1.r3.-d2.-r3.d2.-r1.-r1.r0.-d2.-f3.-r1.f1.r1.f3.-d0
768,-f3.d2.r2.-f3.r2.r3.-d0.-r2.-f1.r1.d2.f2.f3.-r0.-r0.-d1.-f0.-d0.-d3.f3.r1.-d2.-r1.-d0.-r3.-r3.-d0.-d0.-f3.-f3.-d0.-d0.-f3.d3.-f0.r3.-d3.r0.f0.-d0.-r3.-f0.d0.f0.r0
769,-r0.f0.-d0.-r2.-f2.r0.f3.-r2.-r3.-d2.-f1.d0.-r0.-d0.r0.d1.-r2.d2.f3.-r0.-r0.d2.-f0.-d2.f3.d3.-r0.-f0.d0.-f3.-f3.r0.-d0.-f0.r0.-f3.d0.r0.f0.-d0.-d3.r3.d3.-r0
770,-f1.d2.-f2.-r1.f3.-d0.d1.f0.-d1.-f2.-r2.-r3.f2.-d2.-r1.-f1.-d2.-d2.-f1.-d3.d0.d2.f2.-d1.f1.f3.-r0.d0.-r0.-f3.-r0.f0.r3.-f3.d3.-r3.-d0.-r0.f3.r3.-f0.r0.-d0.-f3.-d3
771,r1.-d3.r3.d2.r2.d2.-r3.d3.-f0.-f0.-f1.d3.-f1.-d2.-r3.-d3.d2.f3.r2.f1.-r3.d2.f3.d2.-f3.-d2.-d2.f0.-d2.r1.d0.-f1.-f2.-d1.f2.-d0.-r0.-d2.r0.d1.d3.-r0.d2.r0.-d3.-d3
772,d3.-f2.r3.f3.-r0.f3.-r1.r2.f2.d3.-f2.d2.-f0.f2.f3.d1.f1.d3.-r3.d3.r0.r3.-f2.f0.-r0.-f1.-r3.-f0.-f3.-d0.-d3.f0.r3.-f0.-f0.-r3.f3.-d3.r0.d3.f0.r0.f0.d0.-f3.-r3.-r3
773,r0.-d3.f3.d1.-r2.-d0.r3.f2.d2.f2.-r2.-f2.-f2.d3.r2.d0.r1.r2.-f0.r1.d0.-r1.-r2.-r2.f0.d2.-r0.-d0.r3.-f0.-d3.-d3.f3.r3.d3.-r0.-f0.-r0.-r0.r3.f0.-r0.f3.-r0.f3.d3
774,d0.f0.r3.d3.-f1.-d0.r2.d0.-f0.-f1.-r0.d2.r0.d3.f3.-d3.-d3.-f3.f0.d3.-f0.d2.-f3.-r0.r2.f3.-r0.-r0.d0.-f0.d3.-f3.r3.-f3.-d0.-f0.-r3.-r3.-f0.-r0.-f3.-r0.-d3.-r0.-d3
775,-r1.-r2.-f1.r3.-f3.-d0.-f2.-r0.-d1.-r0.-f0.f3.r3.-f0.-f3.-r2.-r3.f3.d2.-r3.f0.-d2.f0.-d2.r2.d2.-r1.-f0.-r2.-d1.-r2.-f3.-r2.f3.d1.-r2.-r3.-d3.r2.d3.-r2.-d2.-f2.d1.f2.-d1
776,f1.d0.f3.-r0.f2.-r3.d3.f2.r3.-f3.d0.-r3.-d0.-d2.r1.r3.-f3.r3.f1.d1.-f1.r0.r1.d1.-r3.-d1.r2.-d3.-f3.-r2.f3.d1.-r1.f1.-d1.-f1.-r2.r3.f1.r1.r3.-f1.-d1.-d1.-r1.r2.d1
777,-r3.-f0.-f2.d2.-r0.-f3.-r2.d3.f3.-d2.d0.-f0.-r2.d2.f3.d2.d3.f0.r1.f0.-r3.d2.-f0.-d1.d3.-f3.r1.-f0.-r1.d2.f0.f3.r1.-d1.-d3.-r2.-f1.-d1.-f3.-r1.f3.r1.f1.d1.r2.-d1
778,d0.-f0.r0.-f0.d2.-r1.-r3.-d3.d0.-f2.r2.-f0.-f1.-r0.-r1.f2.d0.d3.-f2.-r2.d2.r2.-f0.-f3.f2.-d2.d3.f0.d2.-f3.r3.-d3.f0.-r3.-d0.-f3.r3.-d3.-r0.f0.-r3.-f0.r0.d3.-f3.d3.-r3
779,r2.d0.r3.f0.r2.-d0.-r1.-d1.r0.d3.-f1.-d0.-f2.-d0.f0.r0.-f1.-f1.r0.-f0.f2.-r3.-f2.-r0.f3.r1.-f3.-d2.r3.d2.r2.f2.-r0.r1.-d2.-r1.-r2.r0.-f2.d0.f2.r2.-f2.d3
780,d3.f2.-d2.d1.r3.-d0.-d0.-r0.-d0.f3.d1.f1.r3.f3.d2.-r1.-d1.r3.-d1.r3.-d2.-f0.-r2.d1.-f2.-r2.-r2.-d1.-r2.f1.-r2.d2.f2.-r1.-r3.d3.-f1.-d3.-r0.-d1.-r1.f1.r1.d1.r0
781,f3.d3.-r1.f2.f3.r3.-d2.-d2.d1.f2.-r0.-f3.-r1.d2.-f1.r2.r3.f0.r1.d3.f1.-d0.-d3.-f2.r1.f1.-r1.-d0.f2.-d3.-r3.d2.-r3.f0.-r1.-f0.-d3.-f3.-d2.f3.d3.r1.-d2.r1.d2.r3.-d2.-r1
782,-r1.-r1.-d0.d2.r3.-f0.-f3.f2.-r2.-d1.r2.d3.r3.-d2.r0.d2.-f0.-r1.-d0.-d3.f0.r3.f3.-r3.d0.f3.-d2.r3.-f3.-r3.-f0.f3.-d0.d3.-r0.-d0.-d3.-f0.-r3.-d0.-f3.f0.-r0.-r0.-f3.-d3.f3
783,-r3.f0.-r3.-f0.-r0.-d3.d2.-f0.-r0.-f1.-r0.d3.-f1.d0.-f3.-d1.-f2.-d0.d3.-r1.f1.f3.-d1.-d1.r1.-d3.f1.f3.r1.-d0.-f3.d3.-f1.-d1.f1.-d3.r1.-f1.-r1.f1.f3.d0.d1.-r3.-d1.r3
784,f0.d3.f2.d3.f1.f2.-d0.d2.-r2.-f1.-f2.-r3.r0.f1.-d0.-r1.f3.d0.f1.d2.f1.-d2.-d3.-r2.d3.-r2.-d3.-f3.d1.-r1.f0.f3.r2.d1.r2.f1.f2.-r2.-f3.-d1.f2.r2.-d1.-f1.-f1.d1.f1
785,-r1.r0.d3.f2.-d3.-d3.-r1.d1.r3.d2.-f0.-f1.-f2.r3.-f1.f0.-r0.-d0.-r0.-r1.-d3.f1.d1.-f1.r3.-d1.-d1.-f2.r0.f2.-r0.-d2.d1.d3.-r1.-d2.r1.-d2.d1.f0.d1.-r2.-d1.-f0.-d2.f2
786,f0.d2.-f1.-d2.-r3.d0.r2.d2.-r3.d2.r0.d2.d3.f2.-d3.-f1.r2.-d2.-r0.r1.d3.-r2.-r3.f2.-r1.-d0.f0.-r3.-d0.-d0.d3.-f3.d0.r3.d3.-r0.f3.-d3.-r3.-f0.-r3.d3.r0.f3.d0
787,-r0.d3.r0.-f0.r1.f2.-d2.r3.-f1.f0.f2.d1.-f3.f1.-r3.f0.f2.r3.-f2.f0.r3.-f0.f3.r2.r3.-f3.r3.-f0.-f3.-d3.-r3.-d0.-f0.r0.d3.-r3.-r3.d3.-r0.-r0.-d0.-r0.-d3.-f0
788,-d2.-f3.d0.-r0.f2.-r3.-f1.-f1.r0.r1.-d1.f3.-d0.-d0.f3.r0.r1.f3.d0.-f3.d3.r1.d3.-r1.-f3.d0.-f3.f0.-r3.-f0.-r0.-f0.-d0.f0.-r3.-d0.d3.-f1.-d0.f0.d0.f1.-d0.-f0.-f0.-r3.-f0
789,d1.-r3.r0.-f0.-d1.-r0.-d3.f2.d2.r0.d0.-r1.-f1.-f2.-r0.f1.-r2.-r2.-f2.-f2.-r2.d2.r1.-d2.-r0.-r1.f3.-d3.-f0.r3.-f3.-d0.-d0.d3.r3.-d0.r3.-d3.r3.-d3.r3.-f3.d3.f0.d3.r3
790,f3.r0.d3.-f2.-r2.f3.-d2.d3.-r3.f1.-d3.-f0.-r2.-f3.-d0.d3.-f1.-r2.-f1.d1.-f3.-d1.-r2.-r3.-f1.-r0.-r2.-d2.-f1.-d2.r3.-f1.d1.-r3.d1.f2.-d2.-f1.-f1.-f2.-d1.-d2.-r2.f1.r3
791,-f1.-d0.-d2.f0.d3.f0.-d2.r0.-d1.-f1.-r0.f2.r1.-d3.-f2.r0.d2.-r2.f1.d1.-r1.f2.d2.-r0.-f3.-r3.-f0.r0.f3.-r3.-r3.d0.r3.-f0.f3.d3.-f0.-r3.-f0.-d0.d3.f3.-r3.-d0
792,r2.f0.-d0.-r3.-d0.-d1.r1.-d0.-r0.-d2.r1.-f2.-r3.r0.d3.-r2.-f1.r2.-d0.-r1.-r2.-d1.f2.r1.d1.f1.f3.d3.-f0.-d3.-f0.-d0.f3.-d0.f0.d3.-f3.-f3.-d0.-d0.-r0.-f0.-d0.-f0.-r0.-r3.d0
793,f2.d1.-r2.r1.-f0.f1.-d2.-f3.-r0.d1.r2.f1.-r3.-f1.-r0.-f1.-f2.d0.-f3.f0.-r3.-f3.-f3.-d2.f1.d2.f0.f3.r3.f0.-d3.-d3.f0.-r0.-f0.-f0.-r3.-d3.-f3.r3.-f3.-d0.r3.-f3
794,-r1.f2.-d2.-f3.-d1.-d1.d0.-f2.f3.-r3.d3.r2.d0.d1.-f0.-f3.-r1.-d1.-f0.-f0.-f2.r0.r3.-d0.-d3.d1.r1.-d1.-r0.-f0.-r0.-d3.d0.-r0.d0.-r0.d0.-f3.-d0.r0.-d0.-r0.f0.-r3.-f3.d0.-r3
795,d2.f0.r2.-f1.d2.r3.-d3.d2.-r0.-r1.d3.r2.f2.-d2.-d2.f3.d0.d3.-f3.-d2.-f1.f3.d3.f1.d0.d3.-r0.-r0.-d0.-r0.-f0.-r3.-d3.r3.d0.-r0.-r3.-d0.f0.-r3.-f0.-d0.d3.f0
796,-r3.-r3.r2.-d0.f0.-d1.-r1.d3.r0.r2.d2.-f3.d0.-r0.d0.r1.r3.f3.r0.f0.r2.-d2.-r3.d1.d2.-r2.-f3.-d0.r3.-f3.r3.-f3.-r3.-d3.-f0.f3.d0.r0.-d3.r3.-f3.-d0.-r0.-f0.-d0.-r3.-f0
797,-f0.-f0.d1.-r0.-r1.-f3.-r1.d3.-r0.-r2.-f0.-d1.r2.r3.-d0.r0.r1.-d0.d2.f0.-d0.-r1.-d2.-r2.-f3.-d3.f3.d2.r3.-d3.-d3.-f3.r0.d0.-f3.d0.d3.-r0.-f3.-d3.d0.f3.r0.-d3.f3.-r3.-r3.r0.d3.r3
798,-d3.d0.r2.-r3.f1.-r0.-r0.f3.-d1.d2.f2.-r2.f2.-d3.-d0.f3.-d2.-f3.r3.-f3.-r0.-d1.-r3.d3.f3.-d3.f3.-d2.f0.-r3.-f0.d2.-f3.r0.f0.r3.d3.r0.r3.-f3.-r0.-f0.d0.d3.f3.-r3.-d3
799,-f3.-r0.d1.-f2.-f3.d0.d2.-r2.-d1.r0.-d1.d3.-r3.-f1.-f2.-r0.-r2.r3.f0.-d1.-r1.-d3.f1.d3.-f1.r1.d1.-r3.-f0.-f0.-d0.-r3.d3.f3.-d0.r3.-f3.d3.-r3.-f3.f0.-r0.-d3.r0.d3.r0.-f0.-r3
800,d0.r3.d0.d2.-f2.-r2.-r3.d3.f1.r2.-d0.r1.-d0.-r0.-d2.-d3.f3.r1.d0.-f3.d0.-f0.d2.r0.d0.-r0.-d0.-f0.-r3.d0.-r0.-f0.-d3.-r3.d3.-r3.d3.r3.-f0.d0.r0.r3.d0
801,-d2.d3.-r3.-d1.-r0.-d0.-r0.-d3.-d3.r1.r2.-f2.f3.-r2.-r3.d3.f3.-r2.-f2.-f3.r1.f2.-d3.-r2.r0.-f2.d1.r2.d0.-r0.-d0.-d3.-f1.d1.f1.-d1.-d1.f2.d3.f3.-r1.d0.-r2.-d0.r1.r2
802,d3.-f1.-r0.-f2.-f2.r1.-f2.-d0.r2.-f0.-d1.-r2.r0.r3.d0.r3.f3.-r0.-r3.-d0.r1.d0.r2.-f2.-r3.f3.-r3.d0.-r3.-f0.-d3.-f3.-f3.-r0.-r0.f3.-r0.f0.f3.d0.-r3.f0.-r0.-r0.-d3
803,-r3.d2.r0.d3.r2.-f3.r2.d1.-r0.-f3.-d0.-f0.-r0.-d3.-f2.-d3.f0.f2.r2.d0.-r2.f1.-r1.d0.r1.-f0.-f0.r2.-f0.-r2.d0.-f1.d1.r2.-f1.-r2.-f0.f1.-d3.-r2.-f0.-d1.f0.r2.-d0.d3
804,f0.-r0.-d3.r3.d3.f1.-d0.d1.-r1.-f2.-r2.d0.-f0.-r0.d0.f0.r3.d3.-f0.-r1.-d2.r1.-d0.f2.-r2.-r2.d2.-r2.d0.-r2.f3.d2.r1.-f1.-r0.r2.d2.-f1.-d2.r0.f1.-r1.-d0.-d2.-f0
805,-d3.f3.-d2.-d3.-r0.r1.d2.-f1.-r1.-d3.-f3.d3.f2.-r1.-f2.d3.f0.f3.-d3.f3.-d0.f2.-d3.-f0.d3.f0.-d1.-r3.-d0.r0.-d0.-f0.-f3.-f3.-r3.d0.f3.-d0.-r0.r3.f0.-d0.d3.r0.-d3.-f0.r3.-d3
806,r2.-f0.d0.d2.-r0.f3.-d2.-r2.f0.-d3.-r0.f0.-d1.f1.d1.-f0.-r2.-d3.-r0.f3.r0.d0.-f3.r1.d1.-r1.-r3.d0.-r3.f0.d0.-f3.d3.f3.r0.-f3.f0.r3.-d0.-r0.-d0.-r3.-r3.-d0.-r3.-d0.r3
807,-d2.f2.f0.r3.-f3.-d2.-r2.r3.r0.-d2.r3.-f0.-d0.-r2.d0.d3.r3.-f3.-r0.r1.d2.-r1.f3.-f1.-r0.f1.r1.d1.d0.d1.-r0.r1.-f2.-d1.f2.-r0.r1.-r0.-f2.r1.-f3.-d2.r1.d2.f3.f2
808,-d3.r1.-d0.-f2.f1.d3.-r3.r0.f0.-d1.r0.f0.f1.r3.d3.r2.f1.-r2.-d1.-d3.r1.-f0.-r1.-r3.d0.-f2.-d0.-f0.-r0.-f3.r3.d1.r1.r2.-d1.r0.f2.-d2.d3.r1.-d0.-r1.-d3.d0.d2.-f2.-d0
809,r3.f0.-r1.r3.f3.-d2.f3.-r0.-d2.-r0.-r2.-d1.d2.-f0.-f0.-f3.d0.r3.d2.-r0.-r1.f2.d0.r1.-d3.f0.-d0.d1.-f2.d2.-r2.-d2.f2.-d1.d0.-f0.-d0.r2.-d2.d0.r1.d3.-r1.d2
810,f1.d2.-f0.-r1.d0.f0.-r3.-d2.r2.f1.r0.r2.d0.-f3.f2.-d0.d3.f3.d0.f2.d0.f0.-d0.f0.-d3.-f0.-r0.-f2.-r0.-f0.r0.-d0.-r3.-f0.-r0.-f3.d3.r3.f0.f3.r3.-d0.r0.f3.-d0
811,-r3.-f2.f0.-d0.d3.-r1.-d3.-r3.-f0.r2.-f0.f2.-d0.r1.-d2.-f1.f3.-r0.f2.d1.-r1.-f2.d0.-f1.r1.f2.r2.-f3.f0.-d2.-f0.-f0.f3.-r1.d2.f0.d0.-f2.-d2.f2.-d0.d2.-r2.r1
812,-d0.d3.-r3.d1.f0.-r1.d3.f3.-d2.-d3.-f1.-r3.-d2.-d3.r2.d3.f0.r3.-d3.-f0.-r2.d3.-f1.-r1.-r3.d3.-r3.-r3.f0.r0.r3.f3.-d0.-f0.-f0.-d3.r0.-d3.-d3.d0.f3.r0.d0.-f3.f0
813,-f3.d0.f0.r1.d3.r2.f2.r0.f0.f3.r3.-d0.-r1.-r1.-d0.-f1.-f3.f2.d1.-f0.r2.r3.d3.f0.-d3.f1.-r1.-f1.-f2.-r1.f2.-r0.-r1.d1.-r3.-d2.d1.-r3.d2.r3.-d1.-r0.-r1.-f2.r0.r3
814,-d2.-f3.f0.r2.-f3.-d1.-d2.-d3.-f2.d0.-f0.-f0.-d0.-d3.r2.-f1.d2.r3.f1.f2.-d2.r0.-d0.-f3.r0.d0.r0.f0.-r0.-d0.-f3.-r3.-f0.-r3.-d0.-f3.-d0.-d0.-f0.-f0.-d0.-d3.-d3
815,f2.r0.-f2.-f3.-r3.-d0.-f3.d1.-r3.d3.-f3.d3.r0.r2.d1.-f0.r1.r2.f0.-r1.r2.f2.d0.-f2.-d0.-f2.-r2.-f2.-r2.-f2.-f2.d1.-f3.-d1.f3.-r2.d3.f3.-r3.r2.-f1.r3.d1.-r3.f1.r3
816,-r2.-f0.r3.-d0.-r0.-d1.r1.-d1.d0.r1.-f1.f0.d2.-r0.r3.-d0.r0.d0.r0.-d2.r2.-f0.-f3.-d2.-f3.-f3.-d2.-f2.r1.f2.-d2.r1.f1.d1.r1.d0.-r2.-r3.d1.r2.r3.-d0.-d1.-d1.-f1.d0.d1
817,d0.-r3.r1.-f0.-d0.f3.-d2.-f0.-d1.-f1.-r3.r0.f0.-r2.-r3.-f2.-r2.f3.-r0.-f0.-r2.-r2.-d1.-r2.f1.-r2.-d1.-f3.-d2.f0.f3.-r3.-d2.-r2.-f1.r2.f1.f3.-r3.-f3.d1.f3.r3.-f3.d2.-r1
818,-d2.r2.-d1.r0.f3.-r3.r0.r2.-f0.d2.r2.d3.-r3.d2.f1.r0.-f1.-r0.-f1.-r2.-d0.-f3.r0.d0.r2.d2.d3.-r3.d0.f1.-r3.f1.d1.-r1.d3.-r1.-d0.-d3.f1.d0.d2.r1.-d2.-r1.-f1.r1.-d0
819,-d3.f3.d3.r0.f0.d3.-f0.-r1.d1.-r1.-r3.-d0.d1.r3.-f2.-r2.-d1.-r1.-f3.r3.f1.r1.-d3.-r1.r0.d2.-r2.-r2.r1.-f3.d1.f1.d2.f2.-d1.-f2.-f2.-d1.-r2.f2.-r2.-f1
820,-d2.-d3.r0.-d3.f2.d3.-f2.d3.-f0.-f2.-d2.-r2.-d1.-r3.-r3.-d0.-r0.-f0.f1.d0.f0.f1.r3.-f1.-r3.r0.f3.d3.f3.-r3.r0.d3.-f3.-d3.-r3.-f3.d0.-f0.-r3.-f0.-r3.r0.-f0.-f0.f3
821,d1.f0.-d1.-r3.-f1.-f1.f0.-d0.f1.f2.-d1.-r1.d0.-r3.f3.d0.-r3.-d0.r1.-f0.d0.-f0.r3.-d1.r3.d3.-f0.-f0.r3.-d0.-d3.-f0.d3.r3.d3.-f0.d3.-r3.f3.-r3.-d3.d0.-f3.r3
822,-r1.-d2.-r1.r3.-f0.-r1.-r3.-f0.-f1.r2.-d3.f0.f2.-d0.-f0.d1.-f2.d3.-r0.f2.-d1.d0.f2.d1.-f2.-r3.-r3.-f3.-d0.-f3.-d0.-d3.r0.-f0.-f0.r0.-f0.-d0.-f0.-d3.-f0.-d0.-d0.f3.r3
823,-d1.-r2.d0.r0.-d1.r3.d0.-f0.-f2.-f2.r3.f1.f3.r0.-f1.-r3.f0.-d3.f0.-r0.-f0.-d3.d1.-f0.-r1.-d1.-d3.-r2.f1.-d0.-d1.-f1.f2.r2.d3.r3.f1.-r3.-d3.-f2.d1.r0.-f2.-r2.f2.-r0.-d1.d0
824,f2.r0.r3.-f2.f3.d0.-f0.-f0.d0.-r3.-d0.f1.d3.-r3.f0.f1.r1.f3.-r1.f2.-d3.-f2.-r0.-d0.-d3.r2.d1.-f2.-r2.-r2.f2.-d1.-f1.-r1.f3.r2.-d2.-r2.-f3.-r0.r2.-d0.-r2.d0.-r3
825,r0.-f2.-d0.-f3.f2.r0.f3.-d0.-r2.r1.-f2.-r2.-f2.r3.f2.-r3.f3.-r0.-r0.r1.-d0.-r0.-d0.r2.f0.-r2.d1.d2.d3.r3.-f1.-r0.-f0.r1.f1.r0.-d2.-r1.f1.r2.-f1.-r2.d0.-f1.r1.f1
826,-r0.f0.d0.r1.-d0.-f1.-d3.-f2.-d3.-f1.-r0.-d2.r2.-d2.-f0.r2.-f0.d2.r0.f0.-r3.d1.-r0.-d1.r0.r3.d2.r0.-f0.-r0.f2.-d1.-r0.d2.r0.-f2.d1.r0.f2.-r0.-r2.-f1.-r2.f1.-d2.r2.-d2
827,d3.-f3.d2.d3.-r2.f1.-d0.-r0.-f1.-f3.f0.r0.-d2.-r3.d2.-f1.r1.-d1.d2.-f3.-f3.-r3.f2.r0.-f2.-r3.-r3.-d3.-f3.-r0.-f3.-f3.-r0.-r0.-d3.r0.r3.-f0.-f0.-d3.r3.-d0.d3.-r3.f3.-r3
828,-d2.-f3.r1.-d3.f1.-d1.-d3.f1.-r2.-d3.f0.-d0.-r0.-r0.-d0.r2.-f0.-f2.r3.-f0.-r3.r0.f0.d1.-f0.-d1.-r0.d0.-r3.-d0.r3.-d0.f3.-d0.f0.-r3.f0.d3.f0.r0.-f0.r3.-d0.d3.-r3.-d3.-r0
829,f0.r1.-f0.d3.r2.-d2.-f0.f1.-r0.f1.d0.-f3.d3.f1.f2.d3.-f0.-r3.-f0.-r1.-r1.-f0.r3.-f2.-f2.-r0.-d3.r3.f3.-r0.f0.-r3.f3.d3.-r0.f0.-d3.-r0.-d0.d3.-f3.-d3.-r3.-d0.-d0.r3
830,f2.d0.-f2.d2.-r3.r0.d0.-f2.f0.f1.r1.f1.r2.d1.-f2.d0.d3.-r1.r3.-d2.f3.-r0.-f3.-r0.-r2.-f3.r3.d3.-r0.f3.-r3.-f0.-r3.-d0.-f3.d3.-f3.d0.f0.-r0.r3.f0.d0.-f3.f0
831,d0.-r3.r0.-d2.f0.-d2.-r1.f1.-r3.-d3.d1.-f2.d1.-f0.f3.d2.f0.r3.-d2.r2.f2.r1.-d0.-f2.d3.-f1.-d3.-r1.-r2.-r2.-d1.r1.r2.f0.r2.f1.f2.r0.-f2.-d2.-r2.d2.f2.d0.r2.-f1
832,d2.f1.d3.f0.r0.r2.-d0.d2.r2.-d0.f3.-d3.-f2.r0.d3.-f3.r2.-f1.d3.f1.f3.d1.-f3.f0.-d3.-f0.f3.d3.r3.d3.r1.-d3.-r3.-d3.-r0.r2.-f1.-d1.-f3.f1.r2.-f2.-f2.-r2.f3.-r2.f2
833,-r1.-d0.-f2.-d1.f0.r2.-f1.-f2.-d1.-r3.-r3.f0.-r2.-f2.r3.d1.-r0.-r0.d3.r0.-d1.-r3.-r3.d2.f3.-d2.r3.f3.d0.-r0.-f3.r3.-f0.d3.-r3.-f3.-d3.d0.-r3.d0.r0.d0.d3.-r3.-d0.f3
834,-d3.f3.-d0.-r2.f1.-d1.f0.-r0.r3.d1.-f2.-r0.-d1.d0.f0.-d3.r1.-d0.d3.r1.-d0.r1.-f2.f1.-r1.-f1.d2.-r0.f1.-r1.-r2.-d0.r1.r2.-d0.-f1.d0.f0.d0.r1.-d1.d0.f0.d1.-f0.-d0.-d0
835,-f1.d1.f3.-d3.-d3.f3.-r1.r0.d0.-r1.d0.r0.-f2.-f2.f0.-d0.-d2.-d3.r0.f2.d2.-r0.-r3.-f0.f1.-d2.f2.-r2.-r2.f2.r2.f2.r2.d2.f2.d2.-r2.r0.-f2.-f2.-r0.-f0.r0.f2.-r0.-d3
836,-d3.-r0.r1.d3.r3.d3.-r2.f0.d3.-r1.-f3.r3.d0.-f1.-f1.d0.r3.-f3.f0.-r2.-d1.-r1.f0.f1.-r2.-f0.-r1.-f0.-r1.-f3.d1.-f2.f0.d1.f0.-d1.-f0.f3.-r1.f2.-d1.-r1.-f2.-r1.-r1.f2.-r1
837,-r3.f0.-d1.r2.d0.-r0.-f1.r3.d0.-f0.-f1.-r0.-r2.d3.-r3.d0.-f0.r0.d2.-f1.-f3.-r1.f1.f3.-d2.r0.-f0.-r0.-r3.f0.d3.r0.-f3.f0.-d3.d0.f0.-r3.-d0.-d0.f0.r3.-d0.f0.d0.f3
838,-d0.-r0.d2.-r1.-d1.-r0.f0.f1.d2.f0.f1.-d0.-d2.f3.d3.-r1.-d2.f0.-r1.d3.r1.-d1.-d1.-d2.-f3.-d1.f3.-r0.-f2.r0.f2.-d3.d2.-r1.-f2.-d2.-r0.-r1.f0.d2.f3.d1.-f3.-d2.-f0
839,f0.r0.f1.-r1.-f2.f0.f1.-d3.-f2.-d0.f0.-r2.-r3.d2.-r1.d0.d3.f0.-r3.-d2.f3.-d0.f3.d0.-r3.-d3.r3.-f1.f2.-r1.d0.-f1.r1.-d0.-r1.-d3.d0.f1.-d0.-r1.-f1.d3.f1.-d3.r1.d3.-f2.f1
840,-d2.-r0.f0.d1.-f0.d0.d1.f1.d2.-f3.f0.r2.-d2.r2.-d3.-f1.-f2.f0.d0.f1.-r3.f0.-d0.r3.f2.f3.-r3.f3.-d0.r3.f3.-d3.-d3.f0.r0.d3.r0.-d3.-f3.-d0.-r0.d0.r0.-d3.-d3
841,r1.f3.-r0.-d0.r3.-f3.d2.-r1.f3.d1.d2.d3.-f3.r2.-f0.-r2.f0.f3.-r2.-f3.d1.-f3.-f3.r2.-f2.r1.d3.-r0.f3.-r3.-f0.d3.f3.-d3.r0.f3.d0.-f0.r3.f3.-r0.-r3.-f0.d3
842,-f3.-r2.-d3.-f1.r1.d0.-f3.f0.-r2.d1.-f3.r0.-d1.-f0.d1.f0.-r2.d3.-r0.r1.d3.f3.d3.-r0.d2.r0.-f3.-r1.f2.-r0.-r3.-d2.-r2.f0.-r2.f3.-r1.-f0.f3.-d2.-f1.f0.d2.-f3.-f3.-d2.f1.r1.r2
843,-r3.-d2.f0.r3.d1.f1.f3.r1.r3.d2.-f3.-d2.d3.-f3.-r0.-r0.-d3.f3.-r0.f1.r1.r2.f2.r0.-f2.-r1.-f3.-d1.f2.-d2.-r1.-d1.d2.-r1.r0.d1.-r0.-r2.r1.-f1.r1.-f2.f1.r2.f2.r0
844,d3.-r1.r0.f0.-r3.-f0.r0.f0.-r2.r1.-d2.-d3.f3.-d1.d2.r2.-f2.r1.d0.d2.-r1.-f0.f2.-r0.d1.-f2.r0.d1.-f2.-r1.f2.d1.-f2.r3.f2.d1.-f2.-r3.-d1.-d1.-d2.-r0.-d1.-r2.d1
845,-f1.f0.-d1.-r3.r0.f3.-d0.d1.-f1.-f2.r1.-d0.-f3.f1.d3.r1.-f3.-d3.f3.r2.r3.f3.-d1.-d2.-r3.-f2.-f2.r3.-f3.r1.d1.-r1.-d3.r0.d3.f1.-d3.-r0.d1.-r1.f2.d1.-f2.r1.d3.r0.-d1.-r0
846,-d2.-f0.f3.-d3.f0.-d0.r0.-d0.r0.-f2.-f3.d2.-r3.f2.r0.f2.f2.-d2.-r0.f2.d2.-f2.f3.-d0.-d3.r0.-d2.-d1.-r0.f3.-r1.-f3.-r1.d3.r0.-f1.d2.-r1.f1.d1.-d2.-f1.-r1.f1.f0
847,-f0.-r1.d0.d3.-r2.-f0.-f2.-d0.d2.f3.-r3.-r3.f1.-d3.f3.-r0.r2.-d3.-r0.-d3.-r1.r0.d0.f3.d1.-f3.-d0.-d0.-r2.-d1.-r2.-r2.f0.r1.-d2.-r1.-f0.d0.f0.f1.d2.-f0.-d2.-f1.r1.d2
848,-f3.-r3.-d1.-r3.d2.-r1.-d3.-r1.-d2.-r3.d0.d2.-f0.-r0.-f1.-d1.-f0.f1.-d2.-d2.-r1.d2.-r0.-r3.-f1.-r3.-r3.d0.-r3.-r3.-d3.-d3.r3.-f3.f0.d0.r3.f3.d0.f0.-r0.-d3.f0.-r0.-f3.r3.-f0
849,-d1.d2.r0.-d0.f2.d1.r1.-d1.f2.-r0.d0.r1.d3.-r0.-d0.-f0.-f1.-r0.-f0.d0.-r0.-d0.-r0.-d0.r0.d0.f1.f2.-d3.-r3.-d3.-r3.-d2.f3.f0.r3.d3.-f1.-r1.-d1.r1.d1.-f2.-d3
850,-f1.d2.-r2.-d2.f2.d2.d3.r0.d1.-f2.d0.f2.-r1.-d2.-d2.-r1.-d2.r1.d2.-r0.-d3.r0.d2.d3.-f2.-f3.r1.-d3.-r0.f0.r3.-d3.-f0.-f3.-d3.r3.-f3.-f3.-d3.-d3.-r3.-r3.-d3.r0.d0.r0.r3
851,r2.-f3.r0.d1.-f3.r2.d2.-f3.-d0.-f2.d0.-f1.r0.-f1.-r0.-r2.d1.d2.-r3.-d1.-r1.d1.r1.d1.-f0.-d1.f3.-d3.-f0.r3.-d3.f0.-r3.-r3.f0.-r0.-d3.r0.-f0.d0.-f3.d3
852,d2.r0.d3.r2.f2.r0.r2.d2.-f1.-d3.-f3.f2.d1.f1.d3.f0.-d3.-r0.r3.-f2.r0.f2.-r3.-r3.-f2.d2.-r3.-d0.r3.-d3.-r0.f0.-d3.-f0.-r0.d0.-f3.d0.-r3.-d0.r0.d3.-r3.-r3.-d0.-r3.f3
853,-r0.-d3.r2.f2.d2.f3.r3.-f2.d3.f0.-r2.r3.-d1.d0.-f1.r2.d0.-r1.f1.-r2.-r3.-f2.r2.d0.-f3.-d0.r2.-f3.d0.-r2.-d0.f3.r2.-d1.f2.r3.d1.f1.d2.-r2.-d1.f1.-d2.-f1
854,-f1.r1.f2.-d1.r0.d2.f3.-r2.d3.-r3.-f1.d0.-f2.-d1.-d3.-d3.-f3.f0.-d2.d0.-f0.f3.r0.-f3.f0.d0.d2.-f1.-d0.f0.r3.-f0.r3.-d0.-f0.-f0.f3.d3.-f3.d3.-f3.-r0.d0.r0.-f0.-d3.-r0
855,-f3.-d3.f1.r2.-f0.-d1.-d1.d2.r3.f0.r2.-d1.-d1.r2.-f2.-d1.-r2.d1.-f2.-r2.-d0.-r3.r0.d0.d3.f3.-d3.r2.d0.-f3.r0.-f0.r0.-f0.-r0.-r3.-d3.r3.d0.r3.-f0.r0.-d0.r0.-f3.r3.d3.-f0
856,-f2.r1.-d3.f0.d1.-f3.-r2.d1.f0.-r3.-f2.-r0.-f1.-d0.f2.f3.-d1.d0.-f3.-r3.d3.-f2.-d3.r3.-d2.-f3.d0.d2.r3.f2.-r3.d1.-r3.-r3.-f3.-r1.-r3.-f2.-r1.r3.d2.-f2.-d2.f2.r1
857,-d3.d1.-r1.-d3.-f1.f0.-d2.r1.d2.-r3.-d2.f0.-d3.r0.r2.r3.-d0.f3.r3.f3.r0.-f0.f2.-r2.-d0.-r1.-d0.-f3.r3.-f3.f0.-r0.-r0.f0.-d0.f3.r3.-d0.-d3.r0.-d3.-r3.-f3.-r3.f0.-r3
858,r2.d2.r3.f0.d0.f3.d2.d3.-r0.d2.f0.-d1.r3.-d1.f0.r3.-d0.f3.-d1.-d2.-r2.f1.-d1.f1.-d3.d1.-r2.f1.-d1.-r2.-d0.d2.r2.-d2.r2.f2.d1.-f1.-r0.-f2.r0.f1.-r2.-d3.f2.d3.-r2
859,-r2.d2.f1.d3.-r1.-f3.f1.-d2.-r1.r0.-f2.-d0.-d1.f3.-r1.-f0.r2.r3.-d1.-r2.r0.r1.-d2.-f2.-d1.-f3.d1.f2.-d1.r2.-d3.-r1.-r2.f3.-d1.d0.-r0.-d0.f2.d0.r0.-d0.-d1.-d1.-f2.d0
860,r2.f1.-d2.r1.-f3.-r0.-f3.-f3.d3.f3.-r2.-d0.-d1.d3.-r0.d1.-r1.r3.-f3.-f3.d1.f3.-d3.-d3.-r1.d2.-r2.d2.r2.-f2.-r2.-d2.-d2.r1.r2.-d2.-d3.-r1.d3.-f0.-f0.-d3.r1.d2.d3
861,d3.-f3.d0.f1.-d2.-f0.r3.-f1.d3.-r3.f3.-r1.d0.r1.-d0.r3.d1.d3.-r0.d0.-f2.r3.-d0.-d2.r2.d0.f2.-r0.-r2.-d2.-d2.-r2.r0.-f2.f1.r2.d2.r3.d3.-r2.-d3.-r3
862,-r3.-d0.-r0.-d0.-r1.-d0.-f3.f0.f1.-d2.r2.-d2.r2.d0.r0.r3.-f3.d1.-f1.f3.r0.f1.-r0.-d0.-f3.d2.-f3.-d3.r3.-f0.-f3.r0.-f0.f3.-d0.-f3.-r0.-d3.f0.-r0.-f3.-f3.-r3.-d3.r0
863,f2.d3.-r2.-r2.-d0.-r1.f1.-d1.r0.-d1.f0.-d3.d2.f2.d1.d3.-f0.d0.f0.-r3.-f2.r0.f2.d0.r3.d2.-r0.d3.-r0.-f0.-f0.-d3.-f0.-f0.-d0.-f3.-d3.f3.-d3.-r3.-d3.r0.d0.d3.-f0.r3
864,-f3.-d0.-f3.d0.f2.f3.-r3.r2.-d0.f0.d3.f2.-r2.-f2.f1.d0.-r3.-d1.d3.r0.-f3.r1.f3.r0.f1.-r0.d1.-f1.r1.-f3.-d1.-r1.f0.d1.-f0.-f2.d0.r1.d1.-r1.r2.f1.-r2.-d0.f2.d0.-f1.-d0.-r2
865,d0.f2.-r0.-d2.-r3.-d2.d1.-f2.f0.-r0.r3.-d1.-d3.f2.-d2.f3.-r3.-f3.d0.r0.f1.-r0.-r0.-d1.r0.d2.-f1.-f2.r0.r1.-d2.-r0.d2.-f1.r1.-f1.f2.-r1.-d2.f1.-r1.-r1.-f0.-d1
866,-f0.d0.r2.-d2.-f3.-r0.d3.r1.d3.r2.-f0.-r3.-f0.-r1.f0.r1.d3.-r0.-r1.d3.-r1.r2.f2.d2.f1.r1.f0.-d2.f0.d1.-f1.-f2.-f2.f0.d0.f2.-d0.-r2.-r2.r1.-d0.-r1.d0.-r2.-r2.f3.-r0
867,f0.-d1.-r1.-d0.d3.-f0.r2.f1.-d2.-d3.-r0.-d3.-f1.-d3.-f1.d3.r0.r2.d1.d2.-r0.-r1.r2.d0.f0.r3.d1.f3.-d1.d2.-f1.-f3.r1.-f3.-r1.-f2.-r1.f2.d1.r1.-d1.-f0.-r1.-f2.-r1.-r1
868,-r3.r2.f0.-d0.-r3.f3.-r3.f0.d2.f1.d1.-r0.-f3.r0.d0.r1.-d3.-f0.-d3.-f3.r3.d2.-f0.r1.-f3.d2.r1.f0.-d1.-r1.-d2.d1.r1.-d2.-r1.f0.d1.f1.r1.-f1.-r1.-f0.-d1.d2.-r1.f3.r1
869,d2.-r3.f0.r2.d1.d3.-r0.r1.f0.f2.-d1.r1.d1.r2.-d2.-d3.-f1.d3.f2.d1.r1.-f2.-d1.-d2.d0.r0.d0.-f3.-d3.f0.r0.-d0.-f0.f3.-d0.d3.-r3.-r3.d0.-f0.-r0.-r0.f0.r3
870,-d0.f3.-d1.d3.-r1.-f0.r3.d1.-f3.-d3.-r0.-d2.-r0.-r2.-d3.-r3.r2.-d3.f0.-d1.r3.d1.f1.-d1.-r3.d1.f3.-d3.-r0.-f3.f0.d3.-f0.-d0.-r0.-f3.-d3.f3.-d3.-r0.-r3.d3.r0.-f0.-f0
871,d3.-r0.r3.-f3.d1.-r0.f2.-d3.d0.d1.f1.-r2.-d0.-f0.r1.r2.d2.f0.-d2.-f2.-r1.f2.-r3.d2.r3.d0.d3.-f0.-d0.-f2.f0.-r2.f2.-d2.r2.f2.d2.f0.-d2.f0.-d1.-r1
872,-d3.-f2.-r3.f3.-d3.-f3.r0.f1.-d2.f1.-d0.-d0.f0.r3.f2.-r0.-d0.-d3.-r1.-r3.f1.-d0.-f2.r2.-d1.-r2.-f0.-f2.-f2.-r1.f0.d1.f0.d2.-f0.d0.-f3.-r3.-d0.-r2.d0.r2.r3.d3.-r2.-d3.f3
873,-f2.d0.-f0.-f1.-f2.-r3.f1.-d0.-d0.d2.r3.f3.r3.-f2.-r0.-r3.-f2.f0.-d2.f2.r2.d0.d3.-r2.d2.-r3.-f3.-r3.-d0.r3.f3.d0.-r3.f0.d0.r0.-d3.d0.f3.-d0.-d3.-f3.r3.f3.-d3.-r0
874,d2.-f2.-d1.-f0.-d3.d2.-r3.r2.f1.d1.-f0.f3.-d2.-r0.f0.r0.-d3.-r3.d0.f2.f3.r3.-f2.d0.d3.r3.-d0.-f0.d0.-r3.d1.-f0.-d1.-f0.d1.-r2.r1.f0.-d1.-f0.r2.-d1.f0.d1.-r1.-d1.f3
875,d1.-f0.d3.f3.-d1.-d1.-f1.r3.-f1.r3.-f3.-r1.-r2.r3.-f2.-d3.-d3.-r3.-d0.r3.f1.f2.r2.-d2.-f3.-d3.d2.-f1.d3.f2.-d2.-f0.-f1.-r2.f1.f3.d0.-f3.r2.f3.-d0.f0.-d2.-d2.-f2.-f2
876,-f1.f3.-r0.-f2.-r3.-r3.-d0.d2.-r3.-f2.-f3.-d1.r3.-d0.-f2.f0.-r3.d2.r2.-f1.-d2.-r2.f1.-r3.f2.r3.-f0.-d0.-f1.r3.d0.r0.d1.-f1.-f1.-r0.-r3.-d0.r2.d1.-r1.d1.-f0.-r2.f2.r2.f0
877,d1.f3.-r3.-d0.r2.f0.r3.-f3.-d3.-d3.d0.-f0.-d0.f1.-d2.d3.r1.d1.d2.-f1.d2.f1.-d3.-f3.f0.-r2.-d3.f1.d0.-f0.d1.f0.f2.d0.-r2.-d0.-f2.-d0.-f1.r2.-f3.-r2.f2.r2.f3.-d0
878,-r2.-d0.-f3.-d3.f0.-d3.d1.-r3.-f2.-r3.f1.f2.f3.d3.-r2.-d0.d2.-f1.-r1.d2.f1.-d2.r1.-d1.-d3.-r3.d3.-r3.-f3.-r0.d0.-r0.-r3.-r3.-d3.r0.d0.-r0.f0.f3.-r3.-d3.f3
879,-f0.-f3.-r1.f3.-d2.f0.r2.-d3.-f2.f1.-r3.-f2.-d3.-f0.-f3.d1.r2.f3.-d1.-f3.-r2.-f2.-r0.f2.-d3.f3.-d0.-f0.d0.r0.-d0.-r0.-r3.f0.-r3.-d0.-d3.r0.-f0.-d0.d3.-f3.d0.f0
880,d0.f3.r0.f0.-d2.-f1.f0.-r0.d0.r1.r2.d2.f3.-d0.r0.f3.d2.-f2.-r3.-r3.-d1.-d2.-f3.f1.-r3.-d2.-f3.-f3.-r0.-d1.f1.d1.r0.-d2.-r1.-f1.d2.-r0.-d2.f1.d1.d2.f1.d2.r1.-d2.-f1
881,r0.-f1.r0.-d1.-r0.-r2.-f0.-d0.-d0.-f0.d0.r2.-d0.-r2.d2.-r0.-r2.-r2.r3.f2.-r3.-d3.f0.-r0.d3.-f2.-r0.r3.d0.-r3.-d0.r0.r3.-d3.f3.-d0.-f0.f3.-d3.-r3.-r3.-d0.-f3.f0.-r0.f0
882,-d3.-f2.-r3.-d3.f2.d1.r1.-f2.-r3.r2.-f3.-r2.f3.r1.f0.d3.f1.-r0.-r3.-d0.-r2.-f2.-r1.d2.-r0.d3.-r3.r0.-d0.-r0.-d3.-f0.-d0.f0.r0.f0.-d0.-d0.-d3.f0.r0.d3.-r3.r0.d3
883,f3.-r3.f2.d2.-r0.r1.d2.f2.-r2.-d3.-r3.f0.-r3.r0.r2.-d0.-f1.-f2.-r3.d1.f2.-d1.d0.d3.f1.r3.-d0.-d0.-f0.-d0.r3.-d0.-r0.-r3.d0.d3.r3.d3.r3.f3.d0.r0.-f0.d3.-f3.f0
884,d0.-f0.-r2.-r2.d2.-f0.-d1.-f0.-d0.r3.-d0.f1.-d2.-r3.-f3.r0.-f1.r2.d0.r0.-d0.r2.-f0.r2.-f2.f0.d0.-r2.f1.-r2.-d1.-f1.-r2.-d0.-d3.-f2.-d3.-d3.-r2.d1.r2.-d3.f1.r2.-d1.-r2.-f2
885,-r1.d2.f1.r3.-f0.-r2.r3.-f3.-d0.-r2.r1.f0.d1.-f0.-d1.-d1.f0.f3.-d0.r2.-f0.-f1.-r3.d3.-r3.-d2.-f0.r2.-f3.-r2.f3.d0.-r2.f2.r1.-f2.-r1.-d0.-f0.-d1.d0.r2.-d0.-r2
886,-r0.r3.f1.-f2.-r2.-d0.-f0.-d2.r2.d3.-f1.-f0.-r3.f3.-d2.r0.d3.f3.r1.-d1.-d0.r0.d0.r1.-d0.d2.r1.-r0.f1.r1.r1.-d0.-r3.-f1.r3.d0.-r1.-r1.-f1.-d2.f1.-d2.r1.d2.r1
887,f3.-d3.-f1.-r0.f3.-d2.-f1.-d2.d1.-f0.f3.-r2.f2.d0.-r2.-d0.-r1.d0.r1.f2.d1.f2.-r2.f1.-r2.-r3.-d3.r3.-d3.r3.-d0.f0.d0.-r3.f3.d3.-r3.-f3.f0.d3.f3.d0.f3.-d0.-d0.d3
888,-r2.r3.-f1.-d1.-f1.-d2.-r3.-f0.d1.r3.-d1.d2.-f0.d0.-f3.d3.r3.-d0.-r3.-f1.f0.d0.-r3.-r3.-d0.-r3.r1.-f0.-r3.-f3.-r3.-f0.r3.-f3.-d0.-f0.d3.f0.-r0.-f0.-r3.f0.-d0.r0.r3.-d3.f3
889,-r1.-r3.-d1.-r0.f3.-d3.d0.-r0.-f3.r1.-f1.-d2.r2.f3.r0.-f3.-r1.-f0.-f1.-r3.-f1.-r3.d0.-r3.-r3.f3.r3.-f3.-r0.-f3.d0.-f3.-f3.-r0.-d0.-f0.d0.-f0.d3.r0.f3.-d3
890,d2.f0.-d3.r3.-f2.d3.r0.d2.f2.-r2.-f2.r2.f3.d2.-r3.-r3.-d2.-f2.d2.-r3.f1.-r3.-f1.-d2.-d2.f1.-r0.d0.r3.d3.f0.-r0.-d0.-d0.-d3.-r3.f3.r0.d3.r3.-f0.d3.-f0.-d0.-d0.-f0.-f3
891,-r1.-r1.f1.-r0.-d3.f0.r3.-d1.r1.f3.r0.f3.-r0.f1.-r0.f0.d2.f1.f3.-d2.r2.-f3.-f3.r3.f3.-d1.f1.-d1.-f1.-r0.f3.r0.f1.f2.-r2.-f1.-r0.-f1.r0.r2.-d1.-r2.-d1.-f2.-r0.-f3
892,-f2.-d1.-r0.f2.r3.-d2.d0.r0.d0.-f1.-f1.r1.d1.d3.-r0.-d2.r0.r3.-d0.-d3.-f2.d0.f3.-r1.-d0.r2.d0.r1.-f3.d0.-f3.r2.f3.-d0.-f3.-r2.f3.r3.-f3.d0.d3.-f0.-d3.-r3.-d0.-d3.f3.-r0.-r3
893,-d3.r3.f2.-r1.-d2.-f3.d0.d1.-f2.f3.-r3.-d0.r2.f3.-r2.-d2.d0.-r1.-d0.r1.d2.-r3.-f3.r3.-d0.d2.-f0.-d3.-d3.-f0.-d0.-f0.r0.d0.-f0.d3.-r0.-r0.d0.-r3.d0.-r3.d0.f0
894,d3.r3.-d0.f3.d1.f3.-r0.-f2.-d0.-r3.f0.r1.r3.-d3.f3.-r3.-d1.-d3.-r1.-f1.-d3.d1.f2.r1.r3.f2.d2.-f2.-d2.-r3.d3.f0.-r1.-f2.r1.f2.-r1.-r3.-f2.r3.d3.-f0.-f2
895,r0.d1.-r0.f3.-r1.-f0.f1.d3.f0.r3.d1.d2.-r0.f3.r1.r2.-d3.-r0.-d3.-f0.-r0.-f0.r3.-f0.-d1.f0.r0.-d1.d0.d2.f2.f3.-d1.f0.f3.-r2.-f3.-d1.f2.-r2.-f2.-r0.-f2.r0
896,-d1.d2.d3.-f2.d3.r3.-d3.-r0.-f3.-f3.r2.-d3.-f0.-f3.d1.d2.r0.-f3.f0.r2.-d3.f1.-d0.-d3.-r1.f2.d0.d3.-f2.-f3.-d1.d3.-f2.d1.d2.f3.-d2.f0.f2.-d3.r0.-d2.-r0.d2.d3.-f0.-f3
897,r2.-f0.r1.-d2.-f2.-d3.d0.-r1.-f1.-f3.r0.f1.d1.-f0.-d1.-d3.-f3.r0.f2.f3.r3.d3.-f1.-f2.f0.-r3.-f0.-f0.f3.-r3.f1.-d3.-f0.d3.f2.r3.-f2.f0.-r0.-r3.d3.r0.r3.f0
898,r0.d1.-f0.-r1.-r3.d2.-r1.-d1.-r3.-d0.r0.-f2.-r0.f0.f2.d2.-f2.-f2.f0.-d0.-f0.f2.d1.f1.-r3.-f0.r3.-d0.-f0.-d3.-f3.-r3.-f3.-d0.-d0.f0.r3.-f0.-r0.-d0.-r3.d3.f0.d0.-r3
899,f3.r3.f2.-d3.f1.d0.-f3.-r2.f0.d3.-r2.-d0.-d2.r3.-d0.r0.d0.f0.r1.-d2.-r1.-f2.-f2.-r3.f1.-d2.-f1.-r3.r2.-d0.-d2.d1.-r2.d3.r2.d1.r2.d0.r2.d2.r2.d1.r2.d1.-f1.d1
900,f0.r2.d3.-r0.-d2.d0.-r0.-d2.r2.-d0.f3.r0.d2.f2.-r3.d1.-f1.-d1.-d3.-r0.d3.-r1.-f3.-r1.-f0.f3.-d2.-d2.f2.r2.-d2.f0.-d3.-r1.-f2.r1.d1.f2.-d1.-d2.-f3.d2.f3.r1.d3
901,f3.r0.-f0.f3.d3.-f3.d2.r3.-d2.-r3.r0.f0.r1.-d2.-r3.-r3.-d0.d3.-r2.d0.f0.-r3.r2.d1.-r2.r3.d1.-r2.f1.-r3.d1.r3.f1.-d3.r0.r2.d3.-r2.-f1.d1.r2.-d3.-r2.-d1.d3.r2
902,r1.d3.-r2.r3.f0.r2.-d3.-f1.-f1.-r3.f3.d2.r1.f0.-r1.f3.r2.-f0.d1.f2.-r2.-d1.r2.f1.d0.d1.r1.f0.-r3.d3.f3.-r0.-f2.r0.-f3.-d1.d3.-f1.r2.f1.-r2.-f0.-d1.f1.d1.f0.-d2
903,-f0.r2.-d1.f0.-r0.-r0.-f2.d0.f3.-d1.-f2.-f1.r0.d3.d3.-r0.-d1.r3.r3.-f0.-r2.f0.-r0.d3.-r0.-f0.-d0.r3.d1.d2.d3.f0.f0.d0.f0.r0.-f3.f0.-d3.-f0.-f3.r3.-f0.-r1
904,d2.-r0.-d3.-d3.-f1.-d0.-r3.-f3.d0.-f3.r1.d3.-f2.f3.-r0.-f2.-f3.-r3.-f3.f0.-d3.-f2.f3.r1.-d1.d3.-f2.d1.-f2.r0.-d2.f2.-r0.-f2.-r3.r0.d2.-r0.-r1.-d2.r2.r3.d2.r1.f2.-d2.f2
905,d0.f2.r0.-f2.-r3.d1.-r1.-f3.f1.d1.d3.r0.-f2.r2.f2.-d3.r3.f3.-d3.-f3.-f3.d3.r1.-d0.-r1.r3.-d0.-r3.-d0.-r0.f3.r0.d0.-r0.-f0.-f0.r3.d0.r0.r3.f3.r0.d3.-f3.d0.-r3
906,d3.r0.-f3.f1.-d1.-d1.f0.-r0.f1.-d2.d1.-f2.r2.-d1.r1.-d3.-r0.d1.-r0.-f0.-r0.f1.r3.-d0.-r3.-f1.d0.-r0.-d0.-r0.-f0.-f0.r0.f3.-r1.-r2.d0.-f0.-d3.r0.-d0.-f3.-d3.-d3.-r0.d0.-f0
907,d0.r2.-f0.-r2.f3.-r0.-f2.d0.r2.-d2.f1.d3.f3.d0.-f3.f0.-d0.-r0.r3.-f2.-r0.-d0.r0.-f0.r0.-d3.-d3.-r0.-r0.r3.-d3.-d3.r3.-d0.-d0.r0.d0.-f1.r0.f1.r3.-f1.-r0.f0.f1.r0
908,d2.r3.-d2.-d2.d0.-f0.-r3.f2.-d2.-f3.d1.d3.-r0.d3.-f2.d3.f0.f2.-d3.f2.-d3.d1.r2.-f2.r3.-f2.-r2.-r3.-d1.d3.-f3.r1.-d2.f3.-d2.-d2.f0.r1.-f0.-d2.f0.-r1.-r1.-f0.-r1
909,f0.d1.d2.-f3.-d0.-r3.f2.r1.d2.-f0.d1.-f1.d3.-f0.f3.-r0.-d3.-r0.f0.-d3.d0.r2.d3.-r2.-d0.f3.r2.d2.f1.r3.-d1.-r3.d2.-f1.-r1.-r2.d0.d1.r2.-f1.-r1.-r2.-d1.d2.f1.d1.r1.-d0
910,-r3.f0.-r0.-d2.-f3.-d0.-r3.-f1.f3.r3.d1.-f0.r1.r3.-f3.-r3.f2.d0.r2.-f0.r1.-d1.r2.-d3.r0.-d3.-r3.-r3.f1.-r0.-d0.-r3.-f1.r3.d0.-r2.-r3.f1.-d3.r3.-f1.-r3.d3.-r3.-r3.-f0.-r0
911,-r2.f2.d2.-r3.-d1.f1.-r0.-d3.r3.-f0.-r0.r3.-f3.f0.r2.d1.r0.r1.-d0.r2.-d3.d1.-r0.-d1.r0.-f3.d1.-f2.-d1.-d1.f2.d3.-f2.-d1.f2.-d1.d3.f1.-d3.f0.f3.d3.-f1.-d3.-f0.d3
912,-d2.-d2.f0.f1.-d3.r1.f2.d0.-f1.-f3.d1.-f3.-r0.-f2.-r1.f2.d3.r2.r3.d0.-r2.d2.-r1.d3.-f0.-f0.d1.f1.r2.f0.r2.-d3.-r2.-d1.-f2.r2.-d1.-r2.f2.d1.d3.-r2.-f1
913,-r3.r2.f2.-d0.f0.-r1.-f0.-d2.-f0.d2.-r1.r0.r2.-d1.-r2.-f2.r3.d2.-r1.f1.f2.-r1.r2.-f1.-r0.-r1.r3.f0.-d3.-f0.-f3.r0.-d0.f0.-r3.f0.r0.d0.-f3.r3.-f0.d3.r0.-d0
914,-f0.-f0.-d2.-r0.-f3.-r0.f1.f3.r2.f1.r0.-f3.-r3.-r3.-f1.-r0.-f1.f3.r0.f0.r2.-d0.-f2.-d0.-f1.f3.-d3.f3.d0.r3.-f0.d0.r3.-f3.d3.-r3.-f0.f3.r0.d3.f3.d3.-r0.-d0.-d0
915,-d3.-r3.-d3.f2.d2.f3.r0.d3.f2.-r0.r1.f2.-r0.-d0.r0.f0.f3.-d0.-d0.-r3.-f3.r2.-d1.r2.d1.f1.-d0.f1.-d2.-f1.-f1.d0.d2.-r0.-d0.r2.-d3.-r0.d3.-r2.d0.-r2.d1.-f3.-d1.-d2
916,r0.f1.r1.f1.d3.r0.d0.-d3.f1.r0.-r3.-r3.-d0.f3.d2.f3.r3.f3.d0.-f3.r2.f3.-r3.d0.-f3.-f3.-d3.-d0.r0.-f1.d3.-f2.-r2.-d3.r0.r2.f2.f3.r3.r0.d1.-r0.-d1.-r3.-d2
917,-r0.-r3.f3.-r3.d3.-f0.-d3.-f2.-r2.-d3.-f2.-d2.-f3.-d3.-f3.d3.f2.-d3.-r3.-f2.-r1.-d2.d0.-r2.d1.r2.-d1.f2.-d1.-d3.-r1.-r1.-d2.-d2.r2.-d2.-r2.r1.-d0.d3.f1.r0.-f1.r0
918,-f0.-f3.-d3.-f2.-r3.-f1.-d2.f2.-r1.d3.-r1.r0.d2.-r0.f0.r0.d1.-r2.d3.f1.f2.-d0.-f2.r0.-f1.d0.r3.-d0.-f3.f0.-d0.-r3.d3.-r3.-d0.-d3.-r3.-d0.-r0.f3.-r3.d3.f0.f3.d3
919,-f0.-f3.-d0.d3.r0.f1.d0.-r1.-d1.r3.d0.f1.-r0.d2.r3.f3.-r1.f1.-d2.r3.-d2.f1.d2.r1.-f3.d1.-r2.-r2.-d1.-d1.r2.d2.-r3.-d2.f1.d2.r3.-f3.-d2.r2.d2.f3.-d2.-f1.-f3.d2
920,-f3.r3.d0.r1.-d2.f0.r0.-f0.r1.f3.r3.f1.-d0.r0.-f0.f3.-r0.r1.-f0.r3.f0.r0.r2.-d2.r1.r3.f2.d2.-f2.-f3.d3.-r2.d1.r2.d0.f0.-r1.d2.r2.-f1.-r1.f0.-r1.f1.r1.-f0.r1
921,-r0.-f1.r2.f0.-r3.f1.-d2.d1.-r3.f0.d2.-f1.r0.f0.d3.r1.-f0.f2.r2.-d1.r0.-f1.r2.f1.r3.-d0.-r2.-f2.d1.f2.-r2.-r2.d0.-f0.-r2.f0.f3.d3.-f1.f3.d2.r1.-d2.-r1.-f3.-r3
922,-d1.-r3.r0.-d3.f3.-r3.f1.d1.-r2.-d2.-d2.-f0.-r1.-r3.-d0.-r2.-f0.-r0.-r2.-f1.r0.-d2.d0.-r1.d0.-f1.-d0.-f1.r0.r3.-d2.-r0.r1.-f2.-r2.-d2.r1.r2.-d2.-r2.r1.d0.f3.-d2.-f3.-d0.r1
923,-r1.-d3.-f0.-r1.f1.-r2.-d0.-d0.r0.-f2.-f3.r0.r2.-f0.-f1.r0.d0.-f1.r0.-d3.-f1.f2.-d2.f1.-r2.-f0.-f2.-d0.-r1.-d1.r2.f2.-r2.d0.-f2.-d1.f1.d0.r2.-d0.-r2.-d1.-f1.-d1
924,-d2.r1.f0.d3.r0.-d1.-f0.f2.-r0.-f0.-d3.d0.-r2.-f3.r1.-d2.d3.-f0.d1.d2.-f1.-d1.-r2.d3.f0.d0.-f0.f2.r2.d1.f1.-r0.-r2.-r3.-d2.r3.-d1.r0.f1.r0.-f1.-f2.-d2.f2.d2.f0.-d0
925,-d0.-d0.f1.-r3.-d2.-r1.-d1.f1.d3.-r0.r2.r3.-f0.-r2.r0.d1.-r3.-f1.-d3.-d3.f1.-d0.-d3.-r0.r2.f2.-r1.f2.-r2.r3.f0.r0.r1.-f0.-r2.f0.d1.-f0.-r1.-d1.-f1.-f1.r2.-d2.-f1.d2
926,-f3.d2.r2.d1.-f0.r1.f2.f3.r3.f3.d2.d3.-f0.-d2.-r3.-f2.d2.-f3.f0.f2.-r3.d0.r0.-f3.d0.-f3.-r1.r3.f1.r1.f0.f2.-r1.f3.-d1.-d3.f1.d1.f3.d1.-r2.-d1.-f1.-f1.d1
927,-f0.r3.d3.-r0.-d2.f2.r3.f2.-d3.r1.-d0.-r0.f3.-d3.d1.-r0.f3.-r0.-f1.-f2.-d1.-d1.r0.-d1.-d1.-f3.-d0.-d0.-d3.-f1.d3.-f0.-f3.-r0.d0.r0.-d3.f1.-d0.f1.d0.-f1.d0.d3.f3.-d0
928,-r0.-d2.r2.f3.r2.-f2.d0.-r3.-r3.r2.-d3.r3.-d2.-r2.-f3.-r2.-d0.r2.d2.f2.-d2.-r3.d1.f1.-d3.r3.-d2.-r1.f2.r3.-f2.r3.f2.-r3.-f2.r3.-d1.-r0.d1.r1.-f1.-d1.f1.r0.d3
929,r0.-d0.f2.r2.-f1.d1.r2.-f3.f2.-r0.-d2.d3.f3.d3.f3.r3.-f0.-f2.d0.-f0.-r3.r2.d0.-f1.-r0.-r1.d1.-f1.r1.-d1.f1.r1.f1.r0.-d1.-f1.d1.r3.f2.-r1.-f2.r3.d3.r1
930,-d3.-f2.-d0.-f0.-f0.-f2.d3.-r2.r1.f0.d1.-r2.f1.-r3.-f3.-r3.-d0.-d2.-f1.-r0.-f1.-r2.r1.d0.d2.-r1.f2.r1.f1.-d0.-d2.-r0.r2.f1.-r1.r0.r3.-f1.-f3.-d2.d1.f2.d2.-f2.r1.-d1.-r1
931,f1.r2.-d1.-d1.-r0.-r0.f3.d0.r3.d2.r2.f2.f3.-r2.-f2.-r1.-d3.-r1.-f2.-r1.-f3.r2.-d0.-d1.f1.r0.-d2.-r0.r3.d1.r0.-d0.-r1.d1.-r2.-d1.-r0.-r3.-f3.r1.-f1.r3
932,-f3.-f3.d0.-r0.r1.f1.-d2.d0.r0.r2.d0.f1.d1.f0.-r2.r3.d0.r2.f0.-r2.f1.d3.-r0.-d3.f2.-r0.-f3.-f3.-r3.-d0.-r0.-r0.d3.f0.-d3.d0.-f3.-r0.-f3.-d3.-r3.-f0.-r0.-r0.d0
933,-r1.-r3.-f2.-r0.-r0.f0.-d1.f1.-r0.f0.-d2.-d3.-f3.-r2.-f3.-f3.r1.r3.-d2.-r1.r3.d2.r3.f1.-r3.-f3.r2.r3.-f0.-f3.f1.d2.-r2.-f1.r2.-d0.f1.-d1.d0.-f3.d1.f1.-d1.f3.-d2.d1
934,f3.r3.f3.r1.f0.-r0.-d0.-d0.-r2.r1.-f3.-d2.f1.-d0.d1.f2.-r0.-r1.f1.r1.-d1.-f1.-r1.d0.r3.-d1.-r2.f0.d1.r3.-f1.-d0.-d1.-r2.d0.-f0.d1.-r3.-d1.r3.f0.r2.-f0.-r3.d1.r3.f1
935,-f2.r1.d0.-r1.d0.-f2.f0.-d3.d2.r1.f1.-d3.-f0.r1.d0.-r1.r3.-f2.d0.-r3.-d3.-f0.-f0.r1.-f0.-r0.-r1.f3.r3.-d0.-d3.r3.-d0.-d3.r3.-f0.-d3.-f3.f0.-r0.f3.r0.d0.r0.f0.-d3
936,-d1.-f2.-r0.f1.d0.-f3.-r3.d3.-r2.f3.-d3.-r3.d1.-f2.f1.-r0.-r1.d1.r0.r1.-d1.-f2.d3.-f0.-f1.-r0.f3.d2.f1.-d2.-d2.f2.d1.-r3.-d2.-r1.-f2.d2.r3.-f2.-d1.d2.-f2
937,d1.f0.-r3.-f0.f2.d3.-f3.r3.-d3.f3.-d3.d0.-f2.-d2.r3.f2.-r1.-d2.f1.r1.-f2.f3.d2.f2.d2.-r0.f3.-d1.d2.-f1.-f3.d2.-r2.d3.r2.-d2.f3.-d3.-f0.-f3.-r2.-f2.r3.f2
938,-r0.-r2.-f0.-d2.r3.f3.r3.-f3.-r0.-f3.-r1.-d3.r2.-d2.-r3.d3.f1.d2.r0.r3.f0.d2.-f0.-r3.-r3.-d2.d1.r0.r1.-d1.-r0.d0.d2.f2.-d1.-f2.-r1.-d0.-f1.-f2.d0.d3.r2.f2.-d0.-d3.f1
939,-r2.d0.f0.r0.f3.-r2.d3.-r3.r1.-f3.f1.-d1.d2.-r1.-r2.f0.-d3.-r3.-d0.r1.d0.d1.-f0.-d2.f2.-d0.f0.d0.d2.-f2.-r3.-d2.-r3.-f3.-d2.f3.d2.r3.d1.f1.-r1.-f0.-f1.-d2.f0.d2
940,-d3.f0.-d3.d1.-f3.-r3.-d0.-d0.-d3.-f0.d0.r1.-f2.d0.-r3.d2.f3.-r2.d2.-f3.-r2.f3.d2.r2.r3.-d3.-f1.-f1.-d2.-d2.-f3.d2.f2.f3.-r0.-f3.f1.-r0.-f1.r0.-d2.f3.r0.-f2.d2
941,-d2.-f2.-d1.-r0.-f3.r1.-d0.d2.r0.-f3.-f3.-d2.-r3.f2.-d1.-r3.d2.-f3.f1.-r1.d1.r1.d0.r3.-f0.-f1.d1.-r0.-r3.f1.r1.-f1.d1.-r3.-d1.r0.-f3.d1.-f1.-d1.f1.f3.-r2.r3
942,-f1.-f1.-r2.-f3.-d0.-f3.r1.-d1.-f3.f2.-d2.-d3.-r1.-r1.d1.-r2.-r3.r1.-d0.r0.d3.-r0.r3.-d0.-f2.-r0.-d0.-r3.-f0.-r0.-r3.f3.-r0.f0.-r3.-d0.f3.-r0.d3.-f3.-r3.-r3.-d3.f3.r0
943,-f3.f1.r0.-d0.r3.f0.d3.f2.-d1.-r2.-f3.r2.-f3.r1.-d1.r2.-d2.r1.d0.f2.-r1.-f3.-d2.-f2.r1.-d0.-d1.-f2.r2.-f0.-r1.r2.f2.-r2.r1.-f2.-f3.r2.-d1.f0.d2.f2
944,-f2.-r3.r1.d2.-f1.-r2.-f1.f3.-r2.-f0.-f0.d0.-r0.-f0.-d0.-r0.-r3.-f2.d3.r0.-f3.-d0.-d3.f0.d3.f0.-d3.-f0.-r0.f0.-d0.-f0.-d0.-d0.-r0.-r3.-d3.r0.-f0.r2.f0.-r2.d3.r3.-d3
945,-r3.d3.-r1.d3.-r1.d2.-r0.-d3.d2.-r2.f3.d1.-r1.-r3.-f1.d2.-f3.r0.d0.-r0.r1.d0.r3.f2.-r3.-f2.-d2.-d2.r2.d3.f1.-d0.d2.-r3.r1.d1.-r1.-d1.r3.-f0.f1.-d1.-f1.d1.f0.-r1
946,-f2.r0.f3.-d1.f2.-r3.f1.r2.f1.d1.d2.-r3.-f0.-r3.-r3.-f3.r3.f2.f3.d3.-r3.-d3.f3.r3.-f2.-d2.r2.-d2.-d2.-f1.-d2.-f0.-d2.-f3.-f3.d0.-r1.d3.-r3.-d3.r1.-f3.d2
947,f2.-r1.r2.-d2.-d2.r0.-d3.-d3.d2.-r2.r3.f0.f1.-d0.-f1.-r3.f1.-r1.-d0.-d0.r3.-d2.-f0.d0.d1.f2.-d2.r0.-f2.-r0.-f2.-r0.d2.r0.r2.-d2.-f2.-r2.-f2.d2.-f2.-f2.-d1.-d2.d0.r3
948,r1.-d2.-f3.-r1.-d3.-f1.r0.-d1.-f1.-f2.-d2.d3.-r1.-r2.r0.-f1.r0.f1.-d0.-f3.d0.-r2.-f3.r2.-f3.-r0.-f1.r0.-f3.-r0.-r2.f1.-r1.-d3.r3.f1.f3.-d0.-d2.-r2.d0.r2.d2.-f1.d2.-r2.-d2
949,-d1.f1.-r2.r0.f3.-d1.d0.-r0.-f1.r1.-f2.f3.-r1.-r1.f2.r3.d0.-f2.d3.r2.-d2.-d3.-f2.r2.-d2.-d2.-f2.-d1.-f2.-f2.-d2.-f0.-f2.-r0.-d2.r0.-f3.f0.-r0.d0.r0.-d2
950,f1.-r1.-d0.r0.-f3.d0.-f3.-f3.-r3.f1.-d0.d2.-f0.-f2.-d1.d0.f2.-r1.-f2.-d2.r0.r3.-f3.-r3.-f0.-d3.-d3.d1.-f0.-r0.-f3.f0.-r3.-r3.-d0.-d0.-f3.-f3.-r3.-r3.r0.d3.-r3
951,f2.r2.-d0.-f2.-d0.r2.f0.f1.r0.-d0.d3.-r0.-f0.f1.r3.-f0.d1.d2.-f2.r0.r2.-f3.-f3.-d1.-f0.d1.-r2.f0.-r0.d1.d2.r0.-f2.-r2.-f2.r2.f2.-r0.f2.-d2.r1.-f2.-r1.f2
952,-f0.-r0.-d2.-r3.-r3.-f0.-d2.d1.f2.-r3.d0.-r1.-d1.-d2.-f2.-f3.-r3.r2.f2.-r0.-r0.r1.f2.-r2.r3.-f0.f3.-r1.f0.-d1.-r0.d1.r0.-d0.-r0.-f1.r1.f1.-r1.-d0.f1.d1.-f1.-d1.-f0
953,-d3.-f0.r0.d0.-f3.-d1.-f0.r3.-f0.-d3.r0.-f1.d0.-f0.-r0.f3.-r1.d0.-r2.-r2.f2.-r0.r2.f2.r0.-f2.r1.r2.d3.-r1.f2.-d0.f1.-d1.d2.-f1.-f1.r1.d1.d2.f1.-d2.-d2.d0.f3.-d3
954,r0.-f0.-d1.f1.-r2.r3.-d3.f1.-d2.-r3.-d1.-f3.d0.-f3.-f3.f0.-r1.f0.-r2.r1.f1.-r1.-f1.-r1.-f0.d2.-r3.-r3.f3.d3.r0.r3.-f0.d0.d3.f0.r0.f3.r0.-d0.-r3.-f0.d0.f3.-r0
955,f3.r1.d0.-r2.d0.d3.-f0.r0.d1.-f1.f3.r0.-d2.-d2.f3.-d2.-r1.d1.-r0.-f1.d0.-f0.-r2.f0.r0.-d1.-r0.-d2.-f2.-d1.f2.d1.r2.-d0.r0.d0.-f1.-d0.-f2.d0.f1.f2
956,d0.-r0.f1.-d1.-r2.-f2.f0.d2.d3.-r3.-f2.d3.f2.-d1.-r2.f0.r2.-d0.-f3.r3.f2.-r3.-r3.f3.d2.f3.-d2.r0.r3.d2.-r0.-f1.-d2.f1.d2.f2.-r0.-r1.-d2.-r3.-f1.-d2.r1.-d2.-d2
957,-r3.r0.-d2.f3.r3.-d0.r3.d2.r3.f2.-d2.f1.d0.-r3.f1.r0.-d2.-f0.f2.r0.-f3.r2.f3.-r0.-d2.-d3.-f0.r1.f0.d2.f0.r3.-d2.r1.d2.f2.d2.-r1.-f3.d2.-r2.d2.r2.d2
958,d0.-f0.-f3.-d3.f0.f2.d0.r3.-f2.-d3.-f2.-r0.-d1.-r2.d0.r3.d3.r2.-f1.d0.r1.-d2.d1.-f1.-d2.-d2.-d3.f0.-r0.-d0.-d2.f2.d2.-f0.-f1.-f1.r2.-f1.-f1.r2.-f1.-f2.-r2.-d1.f2
959,-d3.-r2.-f2.d1.r3.f2.-d3.d1.-r3.d0.-f0.-r0.-d0.r0.-f2.-d3.-f0.-f0.r3.-d1.f0.f2.-d2.f2.d2.f2.-d1.f2.d1.r0.f1.-d1.f1.-r0.d2.r0.-d2.-f1.-f1.f0.d3.-f0.-d1.f0.-d3.-f0
960,-r1.-f2.-f3.d0.f1.-r3.-f2.f1.-r2.r0.-f3.-r0.-f1.-r1.-r2.f3.-d3.-r0.-r1.r2.-f0.r0.-f1.r3.d0.r0.d0.f3.-d3.-f0.-d0.-f0.-d3.d0.-f3.r3.d3.-r3.-f0.r3.-f0.-d0.r0
961,r3.f3.-d2.r1.r2.-f0.-f1.-r1.r3.-f1.f3.-d1.f2.r1.d0.-r1.-r3.f2.-d1.-r1.f0.r1.f0.-d1.r2.d2.f3.r2.f0.r2.d2.-r1.-r1.-r2.d2.-r1.r2.r3.-f2.r2.f2.-r2.-f2.d3.-r3.r2
962,-f2.-d1.f0.f1.r1.r3.-f3.r2.d2.-f0.-d3.-d3.f0.d1.-r1.-f1.-d1.d3.f2.-r3.-f3.f1.-r0.-r0.f3.-r0.-f1.-d3.-f3.d3.r0.r3.d0.f3.d0.-f3.-r0.-d0.f0.r0.d3.-f0.d0.-r3.-r3
963,-f2.d0.f2.-r3.-d3.d2.f0.d3.-r2.-r2.-d0.-f2.r3.f3.-d3.-f0.-f2.d3.-f0.-f2.-r2.f0.r1.r2.d1.-r2.r1.f0.r2.-f2.-d0.-f1.d0.d3.r2.-f1.-d1.f1.d1.f2.-d0.f1.d0.-f2.-r2.-d3
964,-d1.f0.-r2.f0.r3.-f1.d0.-f0.r1.r2.f3.-r0.f1.-r0.r1.-d2.-f1.-d0.d2.r0.-f1.-d2.f0.-r3.-d2.r3.d2.-f1.f0.-r1.d0.f1.d2.f0.-d2.r2.-f1.-f1.-d1.f1.-r2.-d0.f2.r1.-f2.d1.f1
965,-f0.-f2.f3.-d3.-f0.d0.-r2.d0.-f1.f2.-r3.-d1.-f1.f2.r1.-d1.d2.-f3.-d0.-r2.r1.-d1.-r3.-d1.-f2.-r1.f1.-d2.-r1.f1.-r1.f1.r1.-d0.f3.r1.-f3.d0.r2.f1.f3.-r1.-f3.r1
966,-f3.-f3.-r0.-r2.-f1.-d1.-f2.f0.-r0.-d0.-f3.d1.-r0.-f0.-r2.f3.d2.-r2.-f2.d2.-r0.r2.-f1.-d1.-f1.-d2.r2.-d0.f3.d0.-f3.f1.d0.f1.-d0.f1.r2.f3.-r2.-f1.-f1.d2.-f1.-d2.d1
967,d0.-f1.-d1.-d2.f0.-d0.-f0.-r0.-f1.f3.-d0.r0.-f2.d3.f1.-r3.f0.d3.f1.r0.-f2.f1.-r0.f3.-r1.-f3.-r2.-f1.-f1.-r3.r0.d1.-r1.r2.d2.-r3.f0.-d1.-f0.r1.d1.r3.f1.-d2.-f1.d2
968,-r2.-r2.-f2.-f3.-d3.-r1.-f2.d1.r0.f0.r3.-f2.-r3.d3.r0.-f3.-f3.d1.d3.-r0.-d2.-d2.-r2.d0.f2.r1.r2.d2.-r2.-d2.-d3.-r2.-f0.f2.f3.d2.-f3.-d2.-f2.d1.-r2.-f1.-d1.-f3.-d1
969,-f1.-f1.-r3.-d1.-f3.d2.r2.d2.r2.f0.-d3.r1.d0.d1.-r2.-r2.r0.d2.d3.-r0.-r2.-d1.f0.-r2.-r2.d1.f1.-d1.-r2.r0.-f0.-f0.r2.f0.d2.-r1.f2.d2.f0.f3.r1.d1.r1.-f2
970,d3.-f2.f0.d0.-f3.d2.r2.d0.-f3.r2.d0.-f2.d1.d2.f0.d0.f0.-d0.r0.-f0.-f0.f2.-r0.d3.-r3.f0.r2.d0.f0.-d0.-f3.d0.-f0.d3.r3.-d0.d3.-f0.-f3.-r3.d0.-r3.f3
971,r2.-f0.d0.f1.d0.r3.d3.-f2.r0.d2.f3.r3.-f2.-d0.-d2.-r1.d0.-f3.-d2.f3.-d3.f2.r1.f0.-r1.-d1.-f2.r1.f1.-d2.-r1.-d3.-r0.-f1.-d3.f1.-r3.r1.-f1.-r0.f1.-r0.-r0.-r3.-r3.d1
972,r2.d2.-r0.-d3.-r2.-d1.d0.r3.-d2.r1.d0.d2.r3.f1.-d0.r0.f0.-d2.-f0.-d3.-r3.-d3.-r3.f1.d3.-f1.r0.-d0.f3.-d3.-r0.-r0.-d0.-f0.-r3.-f3.d0.f0.r3.f3.-d0.-f0.r3.-d3.-r0.-r0.f3
973,f1.r0.d3.r2.f3.-r2.-f1.r1.d2.r2.-d3.-r3.-f3.-d3.-r0.-d1.-d2.-f3.-d0.r0.d2.f0.-d0.-d3.d1.d2.r3.-d2.r3.d2.-f3.d1.f3.r3.f0.-r3.f0.-d2.f0.r3.-f3.r3.-d2.-r3.d1.r3.d2.-r3
974,r2.-f2.d3.r2.f3.-r3.r1.-f1.-d2.-d3.-f0.-d3.-r3.-f0.r0.d0.-r3.-d2.-d3.d0.-f0.-d0.-d0.-r0.d1.r1.-d1.r2.f1.-r1.-r2.-f1.-d0.d2.-f1.d0.-r2.f1.-r2.d2.-r2.-r2.-d2.d3.-f1
975,-f1.-f2.r3.-f0.r1.d2.-f0.-f0.r3.f3.d0.f3.-d2.f0.-r1.-d3.f3.-d1.-r3.d1.r3.-d0.-d1.-f3.d2.f1.-r2.-f1.r3.f2.d1.r2.-d2.-f2.f3.-d1.r2.d1.r1.d1.r1.d1.-r2.f2
976,-f0.f1.f3.-d1.r3.-d3.-r0.d0.f1.-d1.-f2.r0.r3.d3.r1.f2.d3.f2.-r0.-r3.r1.d3.r0.-d1.-d3.r1.-d1.-f1.d1.f1.d0.r1.-d0.-d2.d1.-f0.f1.r0.f1.-r0.-f1.-f1.r3
977,-r0.f3.d0.r3.f2.-d0.f1.-r0.d2.-f3.d3.r3.-d0.-r2.d0.-r0.-d1.-f3.d1.-r2.-f2.f1.r2.-d3.f1.-d0.-f1.d3.-r1.f0.-d2.-f0.d2.r1.-d3.-r1.-r1.d2.r1.d3.-r1.-d2.-f1.r2
978,r1.-f0.d2.-r1.-d3.d0.-r0.-f1.-d2.-f0.-d1.-r0.-r3.r2.d3.-f0.d0.-f3.-r1.-f2.-r2.d0.-f1.r0.f1.r3.f0.r3.f3.-d0.d3.f0.-d3.d0.-r3.f3.-r3.f0.-d3.f3.-r3.-f3.d0.f0.d3
979,r2.-d0.-d2.r1.-f3.-d1.f1.d1.-r0.d0.-f3.d1.-f2.r3.d1.f3.d0.d1.-f0.d1.-f0.r1.-f0.-d0.-r3.-f3.d0.-f3.d0.-f1.-r1.f1.r2.f2.r1.d0.f2.-d0.-r2.-d0.-f1.f2.r1.-f2.f1.d0
980,-r0.d0.-f2.-r1.d2.f0.r0.d0.r0.d2.-r2.-d1.r0.-d1.-d1.-f3.-r3.f0.-d0.-d3.f2.-r1.-d3.r1.-d0.f1.-r3.-d0.-d3.r0.d3.f3.-r3.-f3.f0.r3.d0.f3.r3.-f0.d3.-f0.-d0.-f0.-r0
981,-d2.f0.r1.-d3.-r0.-r0.r2.-f3.r0.-d3.-d3.d2.r3.f3.-r0.-d0.d1.-f2.-d1.r0.-d0.-r0.r2.-f0.f3.-r3.-d1.-r0.r3.-f1.r0.f3.r3.-f3.d1.-r2.-f2.-f2.r1.-d2.-f2.-f2.-d2.-r1
982,-d1.-r2.d0.-f1.r0.-f0.r2.-d2.-d2.d0.-r1.-f1.r3.-f0.f3.d2.r3.d0.d3.-r3.-d2.r2.-d1.-r2.-r2.f0.-r1.f3.d1.-f3.-d1.r3.d1.-f0.r0.r3.f1.r2.-f2.-r0.-r1
983,f2.-d1.f3.d0.-r1.-r3.-d1.-d3.r0.-d3.-f0.r0.d3.-r2.d0.-f2.-d0.f3.-r3.-f3.-d3.-f1.-r1.-d1.-f2.-d2.-d3.f1.-r2.-d0.-d0.-d3.r1.-d3.d1.-r1.-d3.d0.f1.r1.r2.f1.-d1.d2.-r1.-f1
984,f2.-r0.r2.f1.-d2.f0.f2.-r2.r3.d3.f0.-d3.-r2.-d1.f2.-d1.r2.d1.d2.r2.f0.r0.-d2.f3.r3.-f3.-d1.f0.r3.-d0.-r0.-d0.-f3.-r3.d3.f3.d0.-r0.-f3.f0.-r0.-f3.d3.-r3.f3
985,-f1.d1.-f3.-d0.d1.-f3.-f3.-d0.r3.f1.r2.-f3.d2.r0.-d0.d3.-r0.-d1.r3.d1.r0.-d0.r2.f2.-r1.-r2.f1.-d1.-d2.r1.r3.-f2.d2.f0.d1.-f1.r2.f2.-r2.-f0.-d2.f0.f1.-d2
986,-d3.d0.-f1.r0.r1.f0.-r0.f0.r0.d3.-f3.d2.r1.r2.d2.-r0.f1.-r3.-f3.r2.f3.-r3.f2.-r0.-f1.r0.-f2.f0.-r3.f2.-r1.-d3.f3.-r1.d1.r1.-f1.-d1.-f3.f1.-r1.-f1.-f1.-r1.-f1.-r1.-d1
987,-r0.-f3.r3.-f2.-f3.-r1.f1.-d3.-f0.-r1.-d3.d2.f3.d0.-f0.-d1.-d3.d0.-r3.-r3.f2.r3.-f0.-f2.-r3.f3.d3.f0.-r3.-d3.-f0.r0.-d3.f3.r0.-f3.d0.f0.f3.-r0.-d0.r0
988,-r2.-r3.-f2.d0.-r3.-d2.f3.-d2.-d3.f1.r1.-f2.d0.f0.d3.f0.-d2.f3.-d1.r0.r3.d3.-r3.d2.-r0.-r3.-d0.f3.-r0.-r3.-f3.d3.-f3.-r3.-r3.-f0.d0.r3.-d3.d0.-r0.d0.-r3.f0.d3
989,f1.-r1.r3.-f2.f1.-r3.d1.d3.r3.-d0.d1.r0.-d3.-r0.-d2.r0.-f0.-r0.-f0.-f0.-d3.r0.d3.-f0.-d2.f0.-d1.-f0.f3.-d1.-f3.-r1.-f1.f3.d1.-f3.f1.-r1.f1.-r1.-d3.f1.d3.r1.-d3.r1
990,-f2.r2.-d3.r3.-f3.-d3.d2.r1.-f0.-d0.-f1.-r3.f0.-r2.-d0.r1.-d0.-f0.d0.-f0.d0.-r1.f0.-r2.r0.-d3.-r3.-f3.r3.-d0.r0.-f0.-f0.r0.f0.-r0.d3.f3.d0.f0.-r3.f0.r3.f0.f3
991,-f0.d0.f0.r0.d0.-f0.f2.-d1.-r0.-r0.d2.f0.-d2.-r1.d0.-f1.-d0.r1.d0.r1.f0.-r0.f3.d1.-r2.f3.-r1.f1.-d1.-f3.f2.r2.d0.d1.f1.r2.-f1.-r2.f0.-d1.-f0.r2.d2.f2.-d2.-f2
992,f3.d0.-r0.-f0.-d2.-d2.-f1.-r0.d0.r3.-d1.-f3.-d0.-d0.d1.-f2.-r0.r1.-d1.d0.f0.-d0.r0.r3.-d0.f1.r2.-d2.d1.r1.-d1.-d2.d3.-f1.-d3.-r1.-d2.f1.-r1.-f1.-d2.r1.f1.d3.-r2
993,-d3.f2.-r3.-f0.-r3.-f1.-d0.-r1.r0.-f3.-f3.d2.d3.-r2.r1.-d1.r1.r2.d3.-f3.r3.-d1.-r3.-d0.-f3.-f3.-d2.f3.-d3.f3.-d1.-f0.d0.f0.-r0.-f0.-d1.-f3.-d3.f3.-d0.d1.-f3.d3.f0.f3
994,r3.-f0.r3.f1.d0.-f0.r3.d1.-f1.d0.-r0.-f2.-d1.-r1.-f0.f3.d1.-f2.-f3.d2.r2.f2.-d0.-f2.-d2.r3.f2.-r3.d2.-f2.d0.-f1.r2.-d2.-r2.f1.d2.-r3.f1.-r1.-f1.r3.-d2.-r3.d2.-f3.r3
995,-f2.r2.-d1.-f2.-d3.f2.f3.-d3.f2.-r3.-f1.-d3.-f1.-f1.-d0.-d3.r0.r1.-f0.-r0.r3.-f0.d3.f1.-d0.-d0.f0.f3.-r0.-r0.f3.r3.-d3.f0.-d3.f3.-d3.-f0.-f0.r0.-d0.r3.-f3.d0.f3.-d0
996,d0.-f0.-d1.r0.-f3.d3.-f1.-d2.-f3.-d0.f3.d3.r2.-d1.d0.f2.-d2.f1.-r3.-d0.f3.r2.r3.-f2.-r2.-f3.d0.d1.f2.-d3.-f2.-d2.-d3.-d3.d0.-r1.-f1.r1.-d0.d2.r1.d1.d3.r0.-f2.r1.f2.-r0.-d1
997,-d1.-d2.r3.-f3.-r0.-f1.-d3.-f0.-r2.-r3.-f3.-r3.-f1.r3.f0.f2.d0.r3.d1.-f0.-r0.-r1.-d0.-r3.f3.-d3.-r1.-d1.-r1.-r1.-d2.-f1.-f1.r0.f1.d1.f1.-d1.-r0.-f1.d1.d2.-r1.d3
998,-r2.-d0.-r0.f1.d0.f3.-r0.-r0.-r2.-f3.d0.r1.f3.d0.r1.r2.-f0.-f0.d3.-f2.-f3.f1.d2.f2.r3.-f2.-r3.f3.d0.r0.r3.f1.-r3.f2.f3.-d0.r3.-f1.-r3.r2.f2.-d2.-f2.r1.r3
999,d2.f1.-d1.d0.f2.d0.f2.-d3.r0.d0.r3.d3.-r3.-d1.r3.-d1.r3.d2.-f3.r0.f3.d3.-f3.-d3.-r0.-f0.r1.f0.-r3.f2.-r2.-d2.r1.-f2.d2.-r1.r0.f2.-d1.-r3.-f1.-r2.f1.r1.r2.r3
1000,-f0.-f3.d1.r3.-f3.f1.-r2.-d0.-r0.d2.f1.-d2.f3.-d0.d2.r0.-f3.-r0.-f0.-f0.-f3.-r0.-r3.-d2.-d3.r2.-d1.-f2.-f2.f1.r1.f3.-r0.f0.-d1.-f1.r2.d1.-f2.d1.f2.-r2.f1.d3
1001,d0.f0.d1.-r1.f0.r1.-f3.-d0.-d0.f3.-r3.-d0.f0.-d0.-r3.r1.r2.f3.r1.d3.-f2.d0.-f1.d1.-f3.-r1.f1.-d1.f2.-r2.-d0.-d1.r1.-f3.-r1.-r1.-r3.f3.-r1.-f3.-r1.r3.-f0.r1.f0.f3
1002,f3.d0.r2.d0.d1.-r1.-d2.f3.-r0.d1.-f3.d1.d3.r3.-d3.r2.-d2.-r2.f1.r0.r3.-f1.r0.-f2.-d3.-f0.d0.-f3.-d0.r0.r3.-f0.-f0.d3.f0.d3.r0.f0.-d0.r0.-f0.-d0.-r0.f3
1003,-f2.f3.-d1.-r3.-f3.r2.-d0.-d0.f2.-r3.-d3.-f0.-r3.r2.-f0.-f0.r3.-d2.f1.-r0.d1.r0.-d2.-r1.d1.r2.-d1.-d3.-r2.-d0.r2.f3.r2.d2.-f2.d1.-r2.-f1.f0.f2.r2.d2.f1.-d2.-f1.-r2.d2
1004,-f0.-d3.-d3.f3.-r3.r0.-f0.-f1.r0.-f2.d0.-f2.r2.-f0.-f0.-r0.r1.f0.d1.r3.-f0.-d0.-r3.-d1.-r0.d1.-r1.r3.d1.-r3.-d1.r0.-d0.-d2.-d2.-r0.d1.r0.d0.f1.d2.-f1.d2.-r1.-f0
1005,-r1.f1.-r0.-f1.-f2.-d3.r0.f3.-d3.d1.f1.-r0.d1.f0.-d0.d2.-r3.-f2.-r1.-d1.-r0.-r1.-f1.r0.-f3.-r0.r3.-f1.-r3.f3.-r2.f0.f3.d2.f2.r2.-f3.d2.f1.d0.-f3.-d1.-f1.d1.f3.-d2
1006,r3.-d3.-r2.r1.-d1.r3.f2.-d0.f3.d2.-f2.d1.-f2.-d1.-d2.-r0.-r3.-f1.-d3.-r0.-d0.-d0.-d1.f0.r1.-f0.r2.-f3.-d3.-r3.-d3.-r3.-d0.-r0.-r0.-f3.-f3.f0.-r0.r3.d0.-f3.-f3.d3.f0.d3.r3
1007,-d3.d0.d2.-f1.-r2.-d0.d1.-r3.f3.-d0.-d3.r0.-d0.-r1.r2.f0.f2.-r0.-r1.d3.r0.d0.-f2.-d0.f3.-r0.f0.d3.f3.-r3.-r3.f0.d0.f0.r0.-d3.-r3.-d0.f3.-r0.-r0.-d0.-d0
1008,f3.-d1.r0.-f1.-f3.-d1.-d1.-r0.r2.-d3.f1.r3.-d0.-d3.-r0.d2.-r2.r3.-f3.-r0.d1.r3.f1.-r1.d2.-f1.r1.-f0.-r2.f0.-r2.-r3.r0.f2.r2.-f3.d2.-f2.-d2.-r1.-f2.r1.f3.-r2.r3
1009,-f2.-d2.-f0.-r3.d3.r1.r2.-d1.-f0.-d1.-r1.-d1.f0.-r3.r0.-f0.-f3.r3.-d0.-d1.-f0.d1.f1.d3.-f0.-d3.f0.d0.-f3.f0.r3.d0.f0.-r3.-d0.f3.r3.-f0.d3.-r3.-r3.r2
1010,f3.-r1.-d0.-d2.-r2.f3.-d2.f1.-d3.-f0.f3.-r1.-r3.-f2.-d2.f2.-r0.-f0.-r1.-r1.-r2.-d3.d1.-f3.d0.-f2.-r1.-f3.-d0.-d3.-r1.-d1.-f1.f2.r2.f1.d2.f1.-r0.d1.r0.r2.-d2.-r2.r1
1011,f3.-d0.f0.-r2.-r3.f2.-d0.-r2.r0.-d3.-r2.f0.-d1.r1.r2.d1.r2.f1.f2.d1.f1.-r0.-r0.f0.-r3.-d1.-f1.-f3.-d1.-r2.d1.-r0.-r0.-f3.-r3.r0.-f2.d1.-r0.r3.d2.f3.-d2.-r0.-r0
1012,-f3.f0.-r2.d2.-r0.-d3.-f3.r0.f0.d2.f2.-d0.-r1.-d1.-r2.d0.r2.f0.-r1.-d2.-d2.-r1.-f2.-d2.f2.-r1.-r3.-d0.r3.d3.-r0.f0.d0.-f3.-r3.-d0.f0.d0.-r3.-d3.f3.-d0.f0.r3.f0.r0.f3
1013,-r0.f0.-d2.-r2.-f1.-r2.r0.f1.r3.-d1.-f3.-d2.-d3.-r0.-f1.-d3.-f0.-f3.f1.-d2.-f0.-f0.-r0.-d1.-f0.d1.-r0.-d0.-d2.f0.-r3.d1.-r3.-d2.r3.-d1.-d2.d0.r1.r2.-d2.-d2.-r1.-r2.-d0.-d2.r0.-d1
1014,-f0.-f1.f2.r3.-d2.-f2.-d1.-d2.-r0.-d2.-f1.d0.-f2.-r2.-d0.r2.r3.-f0.-d3.r3.-f0.r0.r1.f3.-r0.r2.d0.-r0.-f3.-r0.-d0.d3.r0.d0.r3.-d0.-f0.-r3.-d0.-d3.r3.f0.-r0.r3.-d3.-f0
1015,d3.r2.-d2.-d2.-f2.-r0.-f3.-r0.f0.-r3.f3.-r2.f1.-r0.r2.-f0.-r2.-f3.-r1.f0.-d0.-f3.-f3.f0.-d0.-d1.-r0.-r3.f3.d3.r0.r3.f0.d0.d3.r0.-f0.r3.f0.-d0.-d3.-r0.d0.r0
1016,r0.-d1.r1.d0.r0.f3.-r1.-d2.-f3.d0.d1.-r0.-r1.-f2.r0.f2.r2.-d0.f2.-d2.-d2.f1.-d1.-d2.r2.r3.d0.d3.-f0.-f0.f3.-r0.-f3.-d0.d3.-r0.f3.-r3.d0.-r0.-r3.d3.-r3.-f3.-r0
1017,f0.r0.-d1.-f1.-r3.r0.f0.-r1.d0.-f2.-r2.-f3.-r0.r2.f0.-r3.-d2.d1.r2.-f2.-f3.-d3.-f1.d3.f1.f3.-d0.f3.d0.-r2.d1.d2.-f1.d3.f1.r2.d0.d3.-r1.d1.f1.-r2.-f1.f3
1018,r3.-f1.d0.r1.f0.-d0.f2.-r0.r1.-d2.f1.f2.-r2.-f2.-r3.d3.-r0.d2.f3.r0.-f0.-d0.-r0.f0.-d2.d1.r3.-d0.d3.-r3.f3.r0.f0.-d0.-r3.-r3.-d3.-f3.-f3.d3.f0.-r3.-r3.-f3.-d0.-f3
1019,-r1.-f2.-d0.f3.-r1.f2.d3.r2.-d2.r2.-f1.r2.d1.-r0.-r2.r1.d3.f3.-d3.-r0.-r0.-f2.d1.-r2.-d1.f2.r0.d3.-r0.-r0.-r3.-d3.-f0.-f0.r3.-f0.r0.f3.-r3.d0.f0.d0.f0.r3.f3.d3.r0
1020,-f3.-d1.-f1.-f2.d2.f1.-d0.r1.f1.-d0.-f3.-d3.f3.r0.f0.d0.f0.-d0.f0.r3.d3.f1.d0.-f0.-d0.f2.r3.d3.-r3.-d0.-d3.r1.-f2.d0.d3.-f1.-f3.r0.d2.-r3.-d2.-r0.r3.f1.f3.-r3
1021,f0.d1.f1.-d0.f1.-r0.-r1.-f1.r2.d0.f0.d3.-f2.f0.-r0.-d3.d0.-f3.r0.-d0.-d0.d3.f0.f3.-r0.r3.d0.-r3.-f3.-f3.r3.-d0.-d0.r2.-d1.-d2.-r2.d2.r0.d0.-r0.d1.-f1
1022,f2.d2.-f0.-f1.f3.r2.f3.d3.f0.f3.-r0.-r3.d3.r3.-f1.r2.d3.r1.-f0.-f0.f3.-r1.-f0.-d1.-r3.f3.-r3.d3.r0.f3.d0.f3.-d3.-f0.-f0.-r3.-f3.-r3.r0.f3.-d0.-d0.f0.-d3.d0
1023,-r0.d3.-r3.-d1.f3.d2.-r2.d2.f3.-r2.-d3.r3.-f1.f0.-r3.f1.f3.r2.-f1.-f1.r2.-d2.-f1.-f3.-d1.-r0.f3.-r1.d1.r3.-f1.r1.-d2.-d2.r1.-d2.d0.-r1.-d2.f1
1024,-r3.-f0.f2.d2.-r3.-f0.f3.-r1.d3.r1.d2.f0.d2.-f0.-f0.f2.-d1.d2.-f0.-d2.-d2.f1.-d1.-r3.-d0.-d3.-f2.-r1.-d3.-f1.-d2.f1.-d2.r1.f3.-d2.-r1.-r1.d2.r1.-f3.r3.f3.-r1.-r1.-f3
1025,-d2.-r2.-r3.d3.-r3.f0.-r3.-d3.f3.-d0.f0.-d0.-f0.-f2.-r3.f1.-r0.r3.-f3.-r3.-d1.r1.r3.-d3.d2.-f1.-f3.d1.f3.d1.-f2.d0.r2.f1.-d1.-r2.-f1.d1.f1.-d0.-f1.-d1.f1.f2.-d2.r2
1026,-r0.-f0.r0.f2.-d0.d2.-f0.d3.r1.f1.-d0.-f3.-r3.f2.-d3.-f1.-f2.d1.d2.f1.-d1.-f1.d0.f2.r1.-d2.-f1.d2.-f0.-f2.-d1.-r2.-d1.r2.d0.-r0.-d1.r0.d1.-f3.d2.f3.d1.-f3.-d2.-d3
1027,-r3.r1.f0.d0.f3.r0.-f3.r0.-f2.f3.-d2.-r0.-d1.d3.f2.-d3.-f0.-f0.d0.d2.f1.-r1.-d2.f1.r2.-f3.-r2.f3.-r1.-d2.-f1.d2.-f0.-r2.-r2.-d2.f0.f1.-d2.f3.-d2.-f3.f1
1028,r3.-f1.d0.-r2.-f0.-f3.r2.d0.-r0.r2.r3.-d3.r3.d0.-f3.d3.r2.r3.-f2.d0.r3.-f0.-r3.f0.-r0.f1.-r3.-r3.d2.r0.d3.-f1.-d3.-r0.r2.-f0.-f1.-r1.-f1.-r2.r1.f0.-d2.f1.r0
1029,-f2.-r1.d0.f3.d0.-f3.f0.f1.-d0.-f3.r1.-f0.d1.-f2.d0.r1.d3.-f3.r2.f3.-d0.r3.d3.-f0.-r1.-f0.-f0.-r0.r1.-d3.r2.d1.d3.-f2.-r1.-d3.f2.-d2.-f2.-d2.d3.f1.-r2.d2.-f1.d2.-r0
1030,d3.f0.r1.-d1.f1.-r0.-d2.-f0.-r3.f2.d3.r1.-f1.-r0.-f3.-r1.-d0.f1.f2.d0.-f0.-d3.r1.-d0.-f1.d3.-f0.-f2.-r3.f0.d1.f1.d1.-r2.r3.-f0.r1.d2.-r1.-d2.f0.-d1.-r3.-f1.r2.-d1
1031,d2.f0.d3.-f0.f1.-r0.r1.d0.f1.r1.d1.-r0.-d1.-d3.-f2.r1.f2.-r3.-f0.-r3.-r3.d3.f0.-r3.-r3.f3.d2.-r1.-f2.-r2.-d2.-f3.-d1.r1.d1.-r2.f2.-r1.-r3.-f2.-r1.-f2.-d2.-f2.d2.-r3.r1.r2
1032,-f1.-r3.f2.-d0.-d3.-f1.-d0.-f1.-f1.-r0.f0.r3.d3.-f3.d0.f2.-d0.-f1.-r0.-f3.-r2.f1.d3.r2.d0.f2.-d0.r3.-d2.r0.r1.-f3.-r0.f1.f3.-r1.-f3.f0.r0.r1.-f2.-f3.-d1.f2.d1.f3.-r0
1033,r1.d3.r1.f3.-d2.-r3.-d2.d0.-r2.f3.-r3.-d0.-d0.-f2.-d2.d1.f2.r3.-d2.f2.d2.-f3.-r1.d3.f2.f3.-r3.-d2.d0.d3.-f2.-d3.-f2.-d0.d1.f2.d2.f2.r2.f2.-r2
1034,-d0.f1.-r0.-r1.f3.-r3.-f0.d3.f1.-d0.f3.-r1.-d2.-d2.r1.d1.f3.d1.-r0.-r0.-d2.-d2.-r2.r1.-d3.r0.f0.-d1.-f3.d1.-f0.-d0.-d2.r2.-d0.-d2.-r2.d0.-r2.-d2.d0.r1.-d2.-r1
1035,-f3.d0.r2.-d1.r0.-d2.-f2.d3.r2.-f2.f3.-d0.f0.-d1.f2.-d3.-f0.d0.d1.r0.-d0.f1.r2.d2.r3.-d2.-r3.d0.-r2.-d1.-r1.-d1.r0.-f2.-r0.-f1.r1.-d1.-d1.-f2.-d1.-r1.f2.r0.f2.r1.f1
1036,-d0.f3.-d2.r1.-d1.d3.-r3.f0.d2.-f0.-d1.d0.-r2.d1.-f2.-d0.-d3.d1.f0.-r3.d3.r3.-f2.-d3.r0.f0.f3.d3.-r0.-r0.d3.r0.-d0.-r3.-f0.-f3.-r0.-f0.d0.-r3.d3.f0.d0
1037,r3.-f0.-r2.r0.-f0.-d2.r0.d2.-r1.-f3.f2.-r2.-f3.-d1.d2.-r3.-d1.-d2.-r2.-f3.f0.r2.-d1.r1.-d3.-f3.-r2.-f0.d0.d3.f3.d1.r0.-d1.-f3.-d0.d1.-f1.f0.-d1.f3.d1.f1
1038,-r3.f3.-r0.f1.-r0.r1.d0.f1.-d2.-d2.r1.f1.f2.-r2.d1.-f1.-r0.-f3.-d1.f3.-d0.-d3.f0.f3.-r2.-f0.f3.-d0.r0.-f3.r0.-f3.-d3.r3.d0.f0.r3.d0.f0.f3.r0.f3.-r0.-r3.-d0
1039,-d0.f3.-r3.f2.r2.d3.-r3.-f3.-r0.-d3.-r0.d3.-r0.-f1.-d2.-r2.-d0.-r0.f0.-d1.-f0.-r2.-d2.-r2.-r2.-d3.f1.-d2.-f1.r2.-d0.-d1.-r3.d0.f2.-r2.d3.-r2.d1.r2.d0.d3.-f1.-d0
1040,f1.-d3.-f0.-r3.-d0.-d1.-f0.d1.-r0.f2.r2.f2.r2.-f0.-f3.-f3.d1.-f0.-f1.-r1.f0.-d0.d2.-r0.-f3.-r0.-r0.f1.-d2.-f1.d0.-r0.f2.r0.-d0.-r0.d1.r1.f2.-r1.-f2.r1.d1.f1.d1.-r1
1041,f2.-r0.-f0.-d1.r0.-d3.-r0.-d0.-d1.r3.-d0.-f0.-f0.-f1.-d1.d2.f1.-d2.d0.f0.d2.f3.-r1.-d0.-r2.-f3.d0.-f1.f2.-d1.r0.-d2.r3.f2.-r3.-f2.d2.-r0.d2.-r0.-r3.-f2.f1.r0.-d0.-d3
1042,r2.d0.-f1.f2.d0.-f0.-r1.r0.r2.-f1.-r1.d1.r0.d1.r0.-f3.d0.d1.-r0.f0.r3.d3.r0.d0.r3.d2.-r0.-f3.-f3.r0.r3.-d3.-f3.r0.-f3.-r0.r3.-d3.-r0.f0.-r0.-f3.-d0.-f3.d3.-r3.d3
