initial_state_id,path,old_length,new_length
49,-r0.-f0.d3.-f0.-d1.d2.-r1.f0.f3.r0.-d1.-f2.f1.-r2.-d2.-r1.-d1.d0.-f3.-r2.-r2.-d1.-d1.-d2.f3.-d1.-d2.-d2.-r0.-r0.-f3.-r1.-d0.-d2.-r2.-r3.-r3.r1.f0.-d2.r3.d3.-f2.-r0.f0.f2,46,46
51,r0.d0.-r2.r0.d0.r0.-d3.f0.-d2.r1.-r2.f3.r1.f2.-d3.-r0.-d3.-r1.-d3.f2.-d1.r1.d1.-d3.f0.d1.f0.-r1.f0.f0.d3.-f2.d3.d1.f1.r2.-f1.-d3.r2.d1.-r2.d1.d1.r1.-f2.r0,46,46
53,-d1.f0.f2.-d0.f1.-d0.f0.r2.f0.-d1.r0.d2.-r2.f0.-r2.-f3.-r1.-r3.-f3.-r0.f1.-r1.-f3.r1.r2.-f1.f3.-r1.r2.-d0.f0.d2.-f0.d1.-f1.-d1.f1.d0.-r0.d2.-r2.-r2.-d2.r1.-f2.r2,46,46
56,d3.-f1.f2.r0.-d3.f0.d3.-r1.-d0.-f1.f0.-r2.-d2.f2.r2.-d0.-d0.r1.r3.-f3.-r1.-f2.-r3.-d0.-d0.f3.-r0.-d1.d2.r1.d1.-r1.-f3.d1.-f2.d2.-f1.-r2.f2.-d0.f1.d0.-f1.r2.d2.f1.-d2,47,47
57,-f0.f3.r0.-d3.-r3.-d3.r1.r2.-f1.-f3.d1.-f0.-d2.-r3.-f0.-d1.f3.-r2.f0.-r3.-d2.-r2.r3.-f0.-r1.d0.r0.-d2.-r2.f2.r2.f2.-d0.-d2.r1.d0.-r1.-f1.d2.-f2.-f2.f1.r1.f2.d2.f0,46,46
59,r1.-f1.r0.-f1.f2.-d2.f0.r0.-d1.d0.d3.-r3.r2.-d1.f2.-d1.-f2.-r2.-d3.-r2.-d1.r2.-f3.d3.f3.r1.-f2.-r1.-f3.r0.d3.-r0.-r3.f3.-d0.-f0.-d3.d0.-r3.-f0.d0.-r0.-f3.d0.f3.-r0.d3.f0,48,48
60,d0.r2.f2.d3.r2.-f0.-f2.-d3.r0.-d2.-f1.f2.-r2.-r2.d3.-r3.-d1.d3.r1.r2.f0.-r1.-f2.-r2.r0.d2.-r0.-d2.-r3.-d0.-r3.-d3.-f0.-f0.-d0.-r3.r0.-d0.f0.r0.f0.r3.-f3.f0.d0.-f0.-r3.d0.r0,49,49
61,d2.-r2.d3.f3.-d1.-r2.d0.-r1.-d0.-f2.-f2.-r2.f1.r2.-f3.-r2.-f0.-d3.f0.-r1.f2.r0.d3.-r0.-f1.-f2.r2.-f0.-d3.r3.d3.f3.d0.-f0.r0.-f0.-r0.-d0.d3.-f0.r0.-d0.-d0.-d3.r3.-f0,46,46
63,-f3.-d0.-f3.-r1.f2.-r0.-f1.f0.r1.-d1.-f0.f3.-d2.-f0.d2.r1.-d2.d3.-r0.d3.-f0.-d3.r0.d0.d1.f2.r0.f0.-r3.d0.r0.-f3.d0.f0.r3.d0.r3.-d3.d0.f0.r3.f0.-r3.r0.-d3.-d3.-r0.-r0,48,48
67,d1.d3.r2.-f3.f1.-d0.-r1.r0.f1.d2.d3.-r2.-f3.r0.f1.-r0.f0.-r1.-f0.d2.d3.f3.-d3.-r3.-d1.-d2.r0.-d0.-f0.-d2.d0.-f2.f1.-d3.r3.-d2.-r3.d2.d3.-f1.-d2.r1.d2.-r1.f0.f2.r1.-f0,48,48
68,f3.r2.d3.-r2.r3.-d3.d1.-r3.-d0.-f2.-r2.f2.d0.-r3.d3.-r1.-r2.-d0.-d2.-d3.f1.d0.f0.-d2.r0.r3.d2.-f1.-d0.r3.-d3.f3.d3.f0.-r3.d0.f0.-r3.f3.-d0.-r0.-r3.f3.-r3.-d0.r0.-f0,47,47
69,r1.-f0.r2.d2.-f0.-f3.-r0.r3.d1.f2.d0.d1.-f1.-d0.-d0.f3.-d3.-r0.r2.d3.-r2.-d0.f3.-r3.-d0.f0.d2.d3.f0.-d0.-r3.-r3.-d3.-f3.-r0.-f0.-r0.-f3.r3.f0.r0.r3.-d0.-d0.f3.-r0,46,46
71,f0.d3.r3.-d0.-f2.d3.f3.r1.f1.-d3.r0.r3.f1.d3.-r1.d3.r0.r1.d0.r2.d0.-f0.-d0.-f3.d3.f0.-r1.-f0.d0.r3.f0.-d1.f1.d1.-f0.-r3.f0.-r2.f3.r2.-f3.-r0.d1.-r1.-d1.-r3.-d0.-r1,48,48
72,-d0.-f0.d3.f3.-d1.f3.-r0.-r0.-d1.-r3.f3.-d3.-r0.f1.f3.-r0.-r1.f1.f2.-d0.-d0.f0.f2.-r0.-r1.-d3.r1.d3.r0.-f1.-f2.d0.r2.d1.-r2.f2.-r1.d1.d2.-f2.r1.-f0.-r1.f0.-d2.r1.f3,47,47
73,-d2.-f2.f1.r3.-d2.f1.r3.-d3.-f2.d0.f0.-r3.-f2.-r3.-f0.r0.r1.-d2.-f3.f0.-r1.-d1.f3.d3.-f3.d1.-f1.r2.f3.r1.f1.-d2.-f2.-d0.-r1.-f1.r1.-d0.-r0.d1.-f2.-d1.f2.r0.-d1.d0,46,46
75,-d3.-f3.r2.-f1.d0.-r0.d0.f3.d1.-r0.-d0.-d3.f3.-r0.-f1.-d3.-r2.-d0.-d0.-d2.f3.-d1.d3.-r3.-r3.d1.r3.-f3.-d0.-d0.-f0.f2.r2.-f1.f2.d3.r1.-d3.-r1.-d3.-r1.-r1.f2.r1.-f2.r1.-f2.f1,48,48
80,-r3.-f0.-f0.-d2.-f3.d0.-r3.f1.r1.f3.-r2.-r3.d2.r0.f1.r1.-f0.-d3.f3.-r0.-f2.-d2.-d2.f2.r0.-d0.-r0.-r1.f0.r1.-d0.-d3.f1.d3.f1.d2.f1.-d2.d0.-f2.-d0.f1.-d2.f1.d2.-f1.d0,47,47
80,-r3.f0.f0.-d2.-f3.d0.-r3.f1.r1.f3.-r3.-r2.d2.r0.f1.r1.-f0.-d3.f3.-r0.-f2.-d2.-d2.f2.r0.-d0.-r1.-r0.f0.r1.-d0.-d3.f1.d3.f1.d2.f1.d0.-d2.-f2.-d0.f1.-d2.f1.d2.-f1.d0,47,47
81,f0.d1.-f0.d0.-r0.d0.-r2.r1.-d1.-r1.f2.f3.-r2.r0.f3.-r2.-d3.-r3.-d0.-d0.r0.-f3.f2.r0.-f2.-r0.d0.r3.-f0.f3.-r3.-d3.r0.-f0.-d3.d0.r0.-f3.r0.-f3.-r0.r3.-f0.-f0.d3.r0,46,46
81,-r2.-f0.r0.-d2.-d0.f3.r0.d3.f0.r0.d2.r3.d3.-r1.-d3.f1.r3.-f0.r3.f0.r0.r3.-f3.-f3.-r2.f3.r2.-f3.-f3.-d0.-r3.f2.f2.r1.f2.-r1.-r0.d1.d2.f1.d1.-d2.r0.f2.-r0.d1.d1.r0,48,48
83,d3.r2.d2.r0.-d2.-r1.-f0.f1.-r3.-d0.f1.-d0.-d0.f3.-d0.-f0.-f2.-r0.-d0.r0.-f3.f2.r0.-f0.-r0.d3.r0.f0.f2.d0.f1.d3.-f1.-r1.d3.r1.f1.-d3.-f1.-f2.d0.-r2.d2.r2.-d0.r2,46,46
83,d3.r2.d2.r0.-d2.-r1.-f0.f1.-r3.-d0.f1.d0.d0.f3.-d0.-f0.-f2.-r0.-d0.r0.-f3.f2.r0.-f0.-r0.d3.r0.f0.f2.d0.f1.d3.-f1.-r1.d3.r1.f1.-d3.-f1.-f2.d0.-r2.d2.r2.-d0.r2,46,46
84,-d0.f3.d2.-r3.r1.-f2.f3.-d3.-r2.f0.-r2.-f0.-r1.-d2.f2.-r1.f2.-d1.r1.f2.d1.-r2.-d3.r1.-d2.-f2.d2.-r3.r2.d0.-r0.d0.r3.-f0.-d3.-d3.-r3.-f0.-r3.-d3.-d3.f3.-d3.-d3.-f0.-r0.-f0,47,47
84,-d0.f1.-r3.d3.f2.r2.-d3.-d0.f1.-r0.-r1.d2.r3.-d0.f2.f3.-r3.-r3.-d3.r2.f1.r3.r3.-f1.r3.-r2.f1.r3.f3.-d3.f1.r2.-d0.-r2.d0.f1.f1.-d3.-r2.r1.d2.-r1.d2.r1.r2.d3.-r1.-d2.r1.-d3.-d2,51,51
85,r2.-f3.-r3.f2.d3.-r3.-r3.d1.d3.-f2.-d0.-f1.-r2.-d0.f3.-d0.f2.r2.-d0.-d0.-r3.r2.-f3.-r3.-f1.-r2.-f3.-f3.f2.r2.-d1.-f0.-f3.f1.r1.f0.-d3.d1.d2.f2.-d1.r1.-d2.-f2.d3.f3,46,46
85,r2.-f3.-r3.f2.d3.r3.r3.d3.d1.-f2.-d0.-f1.-r2.-d0.f3.-d0.f2.r2.-d0.-d0.-r3.r2.-f3.-r3.-f1.-r2.-f3.-f3.f2.r2.-d1.-f3.-f0.f1.r1.f0.-d3.d1.d2.f2.-d1.r1.-d2.-f2.d3.f3,46,46
88,f3.d1.-f0.r0.f3.-d1.-r3.d3.f0.-d1.f0.f1.d1.-f0.r1.d3.r0.r3.-d1.d2.-r0.-d0.-r3.-r3.-d2.-r0.-r3.f0.f3.-d3.d0.d1.-r3.-f0.f3.d0.d3.-r3.r0.-f0.-r0.r3.-d0.d3.-f3.-d2.f3,47,47
88,f3.d1.-f0.r0.f3.-d1.-r3.d3.f0.-d1.f1.f0.d1.-f0.r1.d3.r3.r0.-d1.d2.-r0.-d0.r3.r3.-d2.-r0.-r3.f3.f0.d1.d0.-d3.-r3.f3.-f0.d0.d3.r0.-r3.-f0.r3.-r0.-d0.d3.-f3.-d2.f3,47,47
89,-d1.-f3.-d0.r0.r1.f3.d2.f1.-r2.r3.d1.-f2.-f3.r0.r3.-d1.-r2.r0.d0.-f3.-r0.d3.-f0.r1.d0.-r1.r0.-d0.f0.-d3.r3.f3.-r0.-f0.d3.f3.-r3.r0.d3.r3.-d0.f3.r0.f0.d0.r0,46,46
89,-r3.-d0.-r3.-f2.-d0.-f0.r0.f1.f2.d0.f1.-r3.-d3.f2.-d0.-f3.r0.-f3.r0.-d0.r1.-r0.-f1.-r1.-d1.-d0.-r2.-d0.r0.-r3.-f0.-d2.r0.d2.-r0.f0.r3.-r0.-f2.d1.-r1.f2.-d1.r1.-r3.d1.d2.-f2.-d1.f2,50,50
90,-r3.d2.f3.-r1.d1.f3.-d2.r3.-f1.-f1.-f2.-f2.-d3.-f3.f0.-d3.-r0.d0.d3.r3.-f3.-d1.-d1.f3.-d0.r0.-f3.-d1.d3.-r2.f1.r2.-f1.-d3.f3.r1.f0.-r2.d1.-f2.f1.r2.-d1.-f2.-f2.r2.-f2,47,47
90,-r3.d2.f3.-r1.d1.f3.-d2.r3.f1.f1.-f2.-f2.-d3.-f3.f0.-d3.-r0.d0.d3.r3.-f3.d1.d1.f3.-d0.r0.-f3.d3.-d1.-r2.f1.r2.-f1.-d3.f3.r1.f0.-r2.d1.-f2.f1.r2.-d1.f2.f2.r2.-f2,47,47
91,-r0.d3.-f3.f0.d2.-r3.d3.-f3.-d0.-r3.r0.d1.-r1.-f0.r0.d1.-f3.d2.r0.d0.r3.f2.r3.-f0.f2.-r3.d2.r3.-d2.-f2.f0.r0.r2.r3.d1.f2.-r0.f2.-r3.f2.r2.d1.-r2.-d1.-r3.r0,46,46
91,-r0.d3.-f3.f0.d2.-r3.d3.-f3.-d0.-r3.r0.d1.-r1.-f0.r0.d1.-f3.d2.r0.d0.r3.f2.r3.-f0.f2.-r3.d2.r3.-d2.-f2.f0.r3.r0.r2.d1.f2.-r0.f2.-r3.f2.r2.d1.-r2.-d1.-r3.r0,46,46
93,d2.f0.f3.d1.r2.-d2.d3.-f1.r3.-d0.r2.f3.-r1.d2.-r1.-r1.-d2.-r1.r0.-d2.-r1.-d1.-f3.d3.f3.-d0.d1.d3.r0.-f3.-d0.-d0.-r0.f0.-r3.d0.-r0.f3.d3.-f3.r0.-f0.-d3.f3.-d3.-d3,46,46
93,-d3.-d2.r3.r0.d0.-r2.-f1.-f1.d2.-f0.d2.-r0.-f2.f1.-d3.f3.d3.-f3.-r3.f0.-d1.f1.f2.r0.-f3.r3.d0.r1.-d0.-r0.-r3.d3.-f1.-d2.f2.r0.-d1.-r3.-r0.r2.-d2.-r2.d2.-r0.r3.-f2.d2.f2.-d2.r0,50,50
94,-d2.-f1.-r0.-d2.-f3.-r0.-f3.-d2.r0.-f2.f1.r3.-f1.-f3.r0.-f1.-f3.-r0.-f0.-r0.-r0.-r3.d0.r3.-f3.-d3.f1.d3.-r0.f1.-d3.f3.d3.f2.-d3.f0.-r0.-r0.-f3.-f3.d3.-f0.-d3.-f1.-f2.f3.d3,47,47
94,d2.-f3.d0.-d1.r3.d1.-d3.r3.-d3.-r1.f2.-d0.-r1.d0.-r3.-f2.-f0.r2.-f0.-r2.f0.r3.d0.-r3.-f1.d0.-r3.f3.r3.f3.d2.-f1.r2.-d2.-r3.-d1.-r2.d1.r3.f1.-f3.f0.d1.-f1.-d1.-f0.-r3,47,47
95,r0.d0.r3.f3.-r2.-d0.r1.-f0.-f2.d0.r3.f2.r3.d0.r1.-f3.d2.-f0.-d2.f0.-r2.f3.r3.-f0.r0.-f1.r1.d3.r1.d1.f2.d0.r1.-f3.d1.-f1.f2.-d1.f3.r1.f1.-d1.-f1.d1.-r1.-d1.-r1.-d0,48,48
97,-f0.-f2.r1.-d3.-r3.-r3.f3.-r3.-f3.-d1.-r3.-f3.-f0.r0.-f0.d2.-f3.-f3.-d2.r3.f3.d3.-r3.r1.-d2.f3.-f0.-f1.r3.-f1.-f1.-r3.f0.f0.-r1.-f1.r2.-f0.d2.f1.-d2.f0.-r2.-r1.-f3.-f0,46,46
98,-r2.-f3.r1.f1.-f0.f2.r1.-d3.-d3.-f2.-r2.f2.r0.d2.r0.d2.-f3.r2.-d2.d3.f2.-f3.r0.f1.-r0.d3.f3.-d0.-d3.r0.f0.-d2.-f0.f3.-f1.d2.-f3.-d2.f2.-f3.-r3.f2.-r2.-f2.r3.-f2.-r2,47,47
99,f2.-r2.d2.-f3.-d0.-r3.r1.-d1.f0.-r1.f2.f3.-r0.-f3.-d0.-d3.f1.-d3.r1.-f2.-r0.f2.-r2.-r2.f1.-r2.-r3.-f3.r0.-f0.-d0.-r0.-d0.-r3.f3.-d3.-r0.f0.-d0.r3.-f3.-d0.-d0.d3.-r3.f3,46,46
99,d3.-d0.r0.d0.r1.-r3.d0.d1.r0.-d3.-r2.f3.f1.-d1.-r0.-r0.f2.-f0.d3.d3.r3.-d3.-r3.-d3.-f0.d0.d0.d3.f1.d3.f0.d2.-r2.-d2.-f2.r0.d3.d0.-f1.d2.d1.-r0.f1.r0.f3.-r0.-d2.-d1,48,48
102,-r0.-d3.-r3.-d0.-f3.r2.-f3.d0.-r0.r1.-d1.-d2.-f3.f1.d2.-r2.f3.r2.-d0.-r2.-r3.r0.f3.r3.-d0.f0.r1.-d0.-f1.d0.f1.-d2.-r1.-f2.-f3.-d2.f3.-r1.-f2.-r1.d2.-r1.d1.f0.-d2.-f2.d2.-f0.-d1,49,49
102,-r0.-d3.-r3.-d0.-f3.r2.-f3.d0.r1.-r0.-d1.-d2.f1.-f3.d2.-r2.f3.r2.-d0.-r3.r0.-r2.f3.r3.-d0.f0.r1.-d0.-f1.d0.f1.-d2.-r1.-f3.-f2.-d2.f3.-r1.-f2.-r1.d2.-r1.d1.f0.-d2.-f2.d2.-f0.-d1,49,49
103,-f0.-f2.d3.-f0.-f0.-f1.-r0.-d1.-d1.-r1.-r3.d2.-r0.-r0.-d3.-f2.-r1.-d0.r0.d0.-f1.d0.f1.-r2.-d0.-d0.-r0.r3.-f0.-f0.r0.f0.d3.-f3.r0.-d1.-d2.r0.d3.-r0.d0.f0.-d0.-f1.-f2.d3,46,46
103,r2.f1.d3.-r2.r3.-d0.-f0.-r2.-f0.-d0.r1.d3.d0.f3.r3.-d3.f0.r1.-f3.-r3.-f0.-f1.r1.r3.-d2.f1.-d1.-f1.-r1.d1.f0.-f1.r1.f1.-r1.f0.-d1.-f1.-f1.-r3.-r1.d1.f1.r3.f1.-r3.f1.f1,48,48
105,-f1.f2.d1.-r0.-d3.d0.f2.-r2.f3.-d2.-d3.f3.r3.d2.-f3.d0.-r1.d3.f1.-d0.-r0.-d0.r0.f2.r0.-f2.-r0.f3.-r3.-d0.-f3.-d3.-f3.d3.f3.d0.f3.-r0.r3.-d0.-f0.-f3.-d0.-f0.-f3.-d0,46,46
105,f3.r2.-d3.-f2.r0.-r1.r2.-d1.-d3.-r2.-d2.-f2.r3.-d3.f2.d0.-f2.-d1.-f2.-r3.f1.-d1.f0.-d3.r3.d3.-f0.r1.-d3.-r1.-d3.f2.-d3.-d3.-f2.-f1.-r0.-d1.-f2.d1.-f2.d1.d3.-f2.-d1.f2.-d3.r0,48,48
109,d0.r0.r3.f3.-r2.r1.f2.f3.r3.-f3.-f3.r3.-d1.d2.f0.-d2.f0.d0.d1.f0.-r3.r2.-f0.-r2.f3.d2.-f2.-f3.-r2.-r2.f2.r2.-f3.-d2.f0.f3.r0.f2.d2.-f2.-r1.-r3.f2.r2.-f2.-r2.-r2.f1,48,48
109,d0.r3.r0.f3.-r2.r1.f2.f3.r3.-f3.-f3.r3.-d1.d2.f0.-d2.f0.d0.d1.f0.r2.-r3.-f0.-r2.f3.d2.-f2.-f3.-r2.-r2.f2.r2.-f3.-d2.f0.f3.r0.f2.d2.-f2.-r3.-r1.f2.r2.-f2.r2.r2.f1,48,48
111,-f0.-d1.-f0.-r2.d2.f1.r0.d3.f1.f3.r0.f1.f3.r2.-d1.-f3.f0.r0.r2.-f0.-f0.r1.-f0.d2.-f0.d0.f1.-r2.-d0.-f0.r2.-d3.r1.-d1.d3.-r2.-d3.r2.d1.-f1.-r1.-f0.-r2.r1.f1.-r1,46,46
111,-f0.-d1.-f0.-r2.d2.f1.r0.d3.f3.f1.r0.f1.f3.r2.-d1.f0.-f3.r2.r0.f0.f0.r1.-f0.d2.-f0.d0.f1.-r2.-d0.-f0.r2.-d3.r1.d3.-d1.-r2.-d3.r2.d1.-f1.-r1.-f0.-r2.r1.f1.-r1,46,46
112,-d3.-r1.f1.-r3.-f2.-d1.-d2.d0.-f1.-r1.-r2.-f1.d0.f1.d0.d1.r2.-f1.-r0.-f0.-f3.-r3.d0.-f0.-f3.-d2.-r3.f0.r3.-f3.-d3.-f3.r3.-f3.-r0.-r3.-f3.d0.-r0.-d0.r3.-f0.-f3.d0.f0.r3.-d0,47,47
112,-r3.-f2.-f1.-r0.-d3.-d2.-r0.f1.r2.f3.f3.r0.-f3.-f0.-f1.d0.-r3.-d2.-f1.-d0.r3.-f0.-d0.r2.r0.d0.f2.d2.f0.-f2.d2.r1.d1.f1.-d3.r1.-d2.-f1.-d1.-r1.d3.f2.-f1.-d1.-r1.-f2.d1.f1.d0,49,49
113,-f3.r1.-f2.-d3.-r3.-d0.-f0.-f3.r2.-f3.-d2.r2.f0.-r2.-r2.r1.-d3.-d3.-f0.-f1.r3.f0.-r3.f0.-d1.r1.f1.d0.-r1.-d0.d1.d2.-f2.-d1.-f3.-r3.f2.r3.f2.-d3.-f2.d3.-r3.-f2.r3.f2,46,46
113,-f3.r1.-f2.-d3.-r3.-d0.-f3.-f0.r2.-f3.-d2.r2.f0.r2.r1.r2.d3.d3.-f1.-f0.r3.f0.-r3.f0.-d1.r1.f1.d0.-r1.d2.d1.-d0.-f2.-d1.-f3.-r3.f2.r3.f2.-d3.-f2.d3.-r3.-f2.r3.f2,46,46
114,f2.-d3.r2.d2.-r3.r2.d0.-f0.-f0.d2.-r0.-d2.-r0.-r1.f3.r1.r2.-d1.-d2.-r0.-r3.-f1.-d0.-r1.-f0.-f3.r2.-d0.-d3.-r3.-f3.-r3.-f3.-r3.d3.-f3.-r0.-r0.-f0.-r3.d3.r0.f3.r3.-f0.r0.f3,47,47
114,-d2.-r1.-f0.d1.f1.-r0.-d3.-f2.d2.-f2.-r0.r3.d3.r2.-r3.d0.-r0.-d1.r3.-f0.r2.f3.-d0.-f3.-d2.-r2.-d1.-d1.-f2.-d3.d2.d1.-r2.-d0.r2.d1.-r3.-d2.-f0.d2.f3.f0.-d2.r1.d2.f0.-d2.-r1.d2,49,49
115,-d0.r3.f0.f2.d0.f3.r3.-d0.-r1.-f0.f1.r2.f2.-r0.-r1.-f1.d2.r0.f2.r1.d1.-f2.d0.f0.f2.-r2.-f2.-d0.r3.-f0.-f2.-r2.-d2.-r0.d2.f0.r2.f0.-d2.-f0.-r1.-f2.-r2.-d2.r2.f2.d2.r1,48,48
115,-d0.r3.f0.f2.d0.f3.r3.-d0.-r1.f1.-f0.r2.f2.-r1.-r0.-f1.d2.r0.f2.r1.d1.-f2.d0.f2.f0.-r2.-f2.-d0.r3.-f0.-f2.-r2.-d2.-r0.d2.f0.r2.f0.-d2.-f0.-r1.-f2.-r2.-d2.r2.f2.d2.r1,48,48
117,-f3.-r0.-f3.-r1.r2.-f0.r0.-d0.-d2.-f0.r0.-d1.-d1.-d3.r3.f0.f3.-d3.-f0.d3.-f1.-d1.-f0.r0.f0.r2.d1.-r2.-f0.-d2.d3.-r2.-f2.-d0.f2.r2.f2.-d1.-d2.-f2.r1.f1.-r1.-f1.-d3.d2.-r2.-f2,48,48
117,-f3.-r0.-f3.r2.-r1.-f0.r0.-d2.-d0.-f0.r0.-d3.-d1.-d1.r3.f0.f3.-d3.-f0.d3.-f1.-d1.-f0.r0.f0.r2.d1.-r2.-f0.d3.-d2.-r2.-f2.-d0.f2.r2.f2.-d1.-d2.-f2.r1.f1.-r1.-f1.-d3.d2.-r2.-f2,48,48
118,d3.-r2.f3.-r2.-d3.-r3.r2.f2.f3.-d1.-r2.r0.-d2.-r3.d2.-f1.-d1.r3.f3.-r1.-f3.-r0.d2.r3.-d2.-f0.-r1.d2.r1.f0.-r0.-r0.-f0.r2.-d3.-f0.d1.d3.-r2.-d3.-r1.f2.r2.-d1.-f2.r1.f0,47,47
118,d3.-r2.f3.-r2.-d3.r2.-r3.f2.f3.-d1.r0.-r2.-d2.-r3.d2.-f1.-d1.r3.f3.-r1.-f3.-r0.d2.r3.-d2.-f0.-r1.d2.r1.f0.-r0.-r0.-f0.r2.-d3.-f0.d3.d1.-r2.-d3.-r1.f2.r2.-d1.-f2.r1.f0,47,47
119,-f0.-d3.f0.-d1.r1.d3.-r3.-f3.r1.-d0.f2.d1.-f3.-f3.-d0.-d1.-f3.-d2.f3.-d2.f0.r0.r2.f0.d3.-r0.r2.f3.-r2.-f3.f2.-r2.-f1.d2.-f2.f1.-d1.r0.-d1.-f1.-d2.f1.d2.-f2.d1.f1,46,46
119,-f0.-d3.f0.-d1.r1.d3.-r3.-f3.r1.-d0.f2.d1.f3.f3.-d1.-d0.-f3.-d2.f3.-d2.f0.r2.r0.f0.d3.-r0.r2.f3.-r2.-f3.f2.-r2.-f1.d2.-f2.f1.-d1.r0.-d1.-f2.d1.-f1.-d2.f1.d2.f1,48,46
120,-f2.f3.-r3.f3.d0.r3.f1.-d0.-f1.r0.d1.-f0.-d1.-f0.d0.f1.r1.d3.-f1.-d0.-f0.-d2.-d3.f2.d2.-f2.-d2.-d3.r3.d2.f2.d1.f2.r0.f2.d1.-f2.-r0.-r2.-d2.-f2.-d1.-f3.-d1.-f2.d1.f3,47,47
120,-f2.f3.-r3.f3.d0.r3.f1.-d0.-f1.r0.d1.-f0.-d1.-f0.d0.f1.r1.d3.-f1.-d0.-f0.-d3.-d2.f2.d2.-f2.-d3.-d2.r3.d2.f2.d1.f2.r0.f2.d1.-f2.-r0.-r2.-d2.-f2.-d1.-f3.-d1.-f2.d1.f3,47,47
121,-r3.d0.-f3.r3.f3.-r3.-r3.f2.d2.r0.-d0.r2.-r3.d2.-f2.-d1.f0.f1.r3.f0.f1.-d3.r0.-d1.-d1.-r0.d3.-r3.-d3.f2.d3.r1.-d2.-f1.-d1.-r0.d1.-r1.r0.f2.-d1.-r1.f2.d2.f2.r1,46,46
121,r0.-d1.-f3.f0.-d3.f0.-r1.f1.-r0.-d1.-f3.-f3.-r0.-d1.-r0.d1.f1.-d0.-r2.-d1.r0.f1.f1.d0.r0.r1.f0.-r1.-f2.f0.r3.-r2.-d2.-r3.r2.d2.f0.f2.f0.d3.f1.d1.-f3.r1.-f1.-r1.f3.-d3,48,48
123,-r0.-d0.-d3.d2.f3.d0.-r0.f1.d2.r3.d3.-f3.f0.-r0.-f0.-d3.-r3.r0.f0.-d1.-r3.-d0.-f3.d2.f3.r1.-d0.-r1.-f2.d1.f2.d0.-f1.r1.-d1.-d3.f2.d3.-f1.-r1.f1.-d1.d3.-f1.d1.f1.-d3.f1,48,48
123,-r0.-d3.d2.-d0.f3.d0.-r0.f1.d2.r3.d3.-f3.f0.-r0.-f0.-d3.-r3.r0.f0.-d1.-r3.-d0.-f3.d2.f3.r1.-d0.-r1.-f2.d1.f2.d0.-f1.r1.-d3.-d1.f2.d3.-f1.-r1.f1.-d1.d3.-f1.d1.f1.-d3.f1,48,48
125,d0.r3.-d1.f0.-d3.-f2.f0.-r1.-d1.d3.f3.-d2.-d2.-r0.-r0.-f3.-r2.-r2.-f3.-f3.f0.-d3.-d3.d2.-f3.d1.-r0.f3.r3.-d0.-d0.-f0.-f0.-r0.-d0.-d3.f3.-r0.f0.d3.-f3.-r0.f0.r3.-d0.-f0,46,46
125,-f1.r0.-r3.f0.f0.r2.-d2.d3.-r1.d1.-f3.-r0.-d1.r3.-d3.f3.-r3.f2.d0.-f0.-f3.d0.f3.-d0.-f0.f1.d0.d0.-f1.d0.d1.-f1.-d1.f1.d0.-d1.-f3.f0.-d2.-f2.f3.-r2.-f3.d2.f3.r2.r1.-f0,48,48
126,-f1.-r3.-d2.-d3.d1.r3.-f2.-d0.-f1.f0.d3.-f0.f2.d2.-r0.-r1.-f0.-r3.f0.-r3.-f2.r3.-d0.-f0.-r3.-f2.f0.d1.f1.f2.r2.-f1.r3.f1.f2.r3.-d0.-f2.d0.-r3.-f1.d1.-r2.-r2.-f2.f1.r2,47,47
126,-f1.-r3.-d3.-d2.d1.r3.-f2.-d0.-f1.f0.d3.-f0.f2.d2.-r1.-r0.-f0.-r3.f0.-r3.-f2.r3.-d0.-f0.-r3.-f2.f0.d1.f1.f2.r2.-f1.r3.f1.f2.r3.-d0.-f2.d0.-r3.-f1.d1.r2.r2.-f2.f1.r2,47,47
127,f3.d3.-f2.f3.r3.-d1.-f3.-r3.d1.f0.d1.-f2.-f3.d0.f1.-r0.r1.-f0.-f0.f2.d3.f0.f3.d0.d3.-r0.d2.-r0.-r3.-f0.-f1.-f1.r0.-d2.r3.d2.-r0.-r3.-f0.-f1.-f1.-r0.-d1.r0.d1.f0.-d1.d3,48,48
127,f3.d3.f3.-f2.r3.-d1.-f3.-r3.d1.f0.d1.-f2.-f3.d0.f1.r1.-r0.f2.-f0.-f0.d3.f3.f0.d3.d0.-r0.d2.-r0.-r3.-f1.-f1.-f0.r0.-d2.r3.d2.-r0.-r3.-f1.-f0.-f1.-r0.-d1.r0.d1.f0.d3.-d1,48,48
130,-r0.-f0.-d0.d2.r3.f1.-r0.-f2.-r0.r1.-f2.-d1.-f2.-r1.d3.f2.-d3.-f2.-f2.d0.f0.r3.d3.-r2.f3.-r3.r2.-f3.r0.f3.-d3.-r0.-f3.d0.f0.d3.r0.d0.r3.-d0.-d0.-f3.r0.f0.d3.r0.-d3,47,47
130,f1.-f3.d3.-r2.d3.-r1.f3.-r1.-f0.r2.-d2.-d2.r1.d0.-f0.f2.d1.-f3.d3.r0.d0.r3.-d0.-r3.-f0.-r1.f0.-r0.f3.d2.f2.r3.f1.-r3.d1.-r0.d2.-f1.-d2.r0.-f1.-f2.-d3.-d2.f2.-d2.-f2.d3.-d1,49,49
131,f2.-d3.-f1.d1.r2.-f1.-d1.r2.-f0.d0.f2.r0.d3.f0.-d0.-f0.-d0.-f0.d3.-r0.d1.f0.-d0.-d0.-f0.f3.-r1.-f3.d2.r2.d1.-f0.-r1.-r2.-r2.-d2.-d2.d1.-r2.-f0.-r2.-f1.r2.f0.f1.r1,46,46
131,f2.-d3.-f1.d1.r2.-f1.-d1.r2.-f0.d0.f2.r0.d3.f0.-d0.-f0.-d0.-f0.d3.-r0.d1.f0.-d0.-d0.-f0.f3.-r1.-f3.d2.r2.d1.-f0.-r2.-r2.-r1.-d2.-d2.d1.-r2.-f0.-r2.-f1.r2.f1.f0.r1,46,46
132,-r0.-d0.r3.d2.r3.f0.d1.f2.d0.d1.-r3.-f2.-r3.f3.-d0.-d2.-f3.-f3.d1.-f3.-d3.r0.d2.-r0.r3.-f2.-r0.r3.-d2.-d2.-r3.-f1.-r0.-r2.-f1.r0.d1.f2.-d2.r1.d1.r1.r2.-f1.r1.-d1.d2,47,47
132,-r0.-d0.r3.d2.r3.f0.d1.f2.d0.d1.-r3.-f2.-r3.f3.-d0.-d2.-f3.-f3.d1.-f3.-d3.r0.d2.-r0.r3.-f2.-r0.r3.-d2.-d2.-r3.-f1.-r2.-r0.-f1.r0.d1.f2.-d2.r1.d1.r1.r2.-f1.r1.d2.-d1,47,47
134,-f3.d1.-f3.r1.d3.f1.-f0.r0.d0.-d2.-d1.-r2.r0.-f2.f1.-d1.r2.-d0.-f0.-r1.f0.d1.-f0.-r3.-f3.f0.d0.-f0.-f2.d0.-f3.d0.f2.-d0.f3.d0.r1.d1.-r1.d0.-r2.f1.d0.-r2.-d0.-f1.d0.r2.-f3,49,49
134,f0.r1.-f2.-f2.r3.-f1.-d2.-r0.-d2.r1.d0.r3.-d3.d1.-r0.d3.-r0.-f0.-r0.d3.-r0.-f0.r0.f0.r0.d3.-r0.-r0.d3.-f0.-d0.-r3.d0.-f3.-f3.d2.f3.d0.-f3.-d2.-d2.-f3.-f3.-r3.-r3.d1.-r3.-d1.f2,49,49
135,r0.f0.r3.d0.r3.f3.-r3.-d3.-f3.-d0.-f2.-d1.-r1.-f3.r2.-f3.r0.d2.r0.r1.r2.f1.r1.r3.-d1.r2.-d3.-r3.-d0.-d1.d2.-f2.d0.r1.-f1.-d1.-r1.-d1.-r1.-d1.-f3.-d0.-d3.f2.d0.d3,46,46
135,r0.f0.r3.d0.r3.f3.-r3.-d3.-f3.-d0.-f2.-d1.-r1.-f3.r2.-f3.r0.d2.r2.r0.r1.f1.r1.r3.-d1.r2.-d3.-r3.-d1.-d0.d2.-f2.d0.r1.-f1.-d1.-r1.-d1.-r1.-d1.-f3.-d0.-d3.f2.d3.d0,46,46
136,-d1.-f0.-r1.-d1.-f0.r3.-d1.-f2.d0.f3.r3.-f3.-d0.r3.-d0.-f3.-d0.-d0.f0.d1.-f3.r0.d0.-r3.d0.-r3.-r3.-d3.r1.-d0.-d0.r2.d3.-r2.-d1.-d2.d3.r1.r2.d3.f2.-d1.f1.-d3.-f1.d1.f1,47,47
136,-d1.-f0.-r1.-d1.-f0.r3.-d1.-f2.d0.f3.r3.-f3.-d0.r3.-d0.-f3.-d0.-d0.f0.d1.-f3.r0.d0.-r3.d0.r3.r3.-d3.r1.-d0.-d0.r2.d3.-r2.-d1.d3.-d2.r2.r1.d3.f2.-d1.f1.-d3.-f1.d1.f1,47,47
137,-r2.-f1.d3.-f2.-f2.d3.-f2.-d3.d0.d1.-f3.-d3.-d3.-r3.d2.r0.d1.-f1.d1.-f2.d0.r3.d1.d2.d3.-r1.-r2.-d1.-f3.d1.f0.-d1.d2.f0.-r2.f1.d2.-f1.r2.f3.-r1.-f0.d2.-r1.-d2.r1,46,46
137,-r2.-f1.d3.-f2.-f2.d3.-f2.d0.d1.-d3.-f3.-d3.-d3.-r3.d2.r0.d1.-f1.d1.-f2.d0.r3.d2.d3.d1.-r1.-r2.-d1.-f3.d1.f0.d2.-d1.f0.-r2.f1.d2.-f1.r2.f3.-r1.-f0.d2.-r1.-d2.r1,46,46
140,r2.-f0.r3.-d2.-r1.d0.-f0.d1.-f0.d1.-r1.-r2.-f2.d3.f2.-r0.-r1.r2.f1.r3.d0.r0.-d0.-r1.f3.-r3.r1.d3.-f0.r0.r3.f3.r0.d0.-f0.d0.r3.-d0.-f0.r3.-f0.-r0.-f0.-d3.f0.r3.f0,47,47
140,-r2.r0.d0.-r1.f0.-d2.d1.r2.-f3.-d0.-f1.-r2.-r1.-d2.-r3.d2.d3.-f1.d3.r1.-d2.r3.-f3.-r2.d0.-r1.d3.r1.-d0.-r3.f2.-r1.-f2.r0.r2.f0.-d3.-r2.f2.r2.d3.-f0.d3.r1.f2.-r1.-f2.-d3.-f2,49,49
141,f3.r1.d0.-r3.-d0.f1.-r1.f2.d3.-f0.-d1.-r0.-r3.f3.-d1.-f3.r0.d0.f3.-d0.-r3.-f2.-f3.-r1.f2.-d1.r1.r2.-d0.r0.f1.-r0.d1.r1.f2.-d1.-f2.-d1.-d1.f1.-d1.f3.-d1.-f1.d1.d2,46,46
141,f3.r1.d0.-r3.-d0.f1.-r1.f2.d3.-f0.-d1.-r3.-r0.f3.-d1.-f3.r0.d0.f3.-d0.-r3.-f2.-f3.-r1.f2.-d1.r1.r2.-d0.r0.f1.-r0.d1.r1.f2.-d1.-f2.-d1.-d1.f1.-d1.f3.-d1.-f1.d2.d1,46,46
145,-f1.-r1.-r2.-d2.d0.-r3.f0.d3.-f3.-r2.d3.-f2.-r2.f0.-d3.f0.r0.-f0.d3.f3.r3.d3.f1.d0.-f1.f0.-d1.-f0.f1.-d0.-r3.r2.d2.r0.-d2.-r2.d1.r1.-d1.f1.d2.-f1.-r0.-r1.-f1.-d2.f1.d2,48,48
145,-f1.-r2.-r1.d0.-d2.-r3.f0.d3.-f3.-r2.d3.-f2.-r2.f0.-d3.f0.r0.-f0.d3.f3.r3.d3.f1.d0.-f1.f0.-d1.f1.-f0.-d0.-r3.r2.d2.r0.-d2.-r2.d1.r1.f1.d2.-f1.-d1.-r1.-r0.-f1.-d2.f1.d2,48,48
147,d1.-r3.r1.-f0.d2.r2.-f1.r1.r3.-f0.-r3.r2.-d1.-r0.-r2.d2.-f3.-f3.-r1.f3.r3.-d0.-f0.r1.f3.r2.-f3.d3.f3.r0.-f3.d0.r3.d3.f0.f3.-r0.-f0.-d0.-d0.r3.-d0.-r3.d3.-r3.-f3,46,46
147,f1.d3.-r0.-d1.-d2.-r1.-f3.d3.f1.-d0.f0.f1.-d2.-r3.-f3.-r2.r0.r0.d1.r0.-f0.r0.r0.f1.-r0.f0.r0.-f1.r2.d3.-f3.-d3.-d1.-r0.d1.-r3.d2.-r2.-d3.r2.-d2.-f2.d1.f2.-d1.-r0.f2.r0,48,48
148,d1.-r0.-d3.f3.-r0.-r0.f1.-d3.f2.d0.-f0.-d1.-r1.f2.d0.d0.r0.r2.-d0.-r2.-r0.d2.d3.-f2.r2.-d0.-r0.-d2.-f1.r2.r2.f1.r2.-f1.-d2.f2.-r0.f2.r0.f2.r2.-r0.f2.-r2.f2.r2.r0,47,47
148,r2.-r0.d0.-f0.-d2.-f1.r1.f3.f3.-d2.f2.-r2.f0.-r1.d3.d3.-f3.f0.d3.r3.-r1.d0.r1.-d0.r2.r1.f0.d0.f0.d0.r3.-d0.-r1.-d2.-d1.f1.r1.-f3.-r1.-f1.r2.d1.-r2.-f0.-f0.r2.d2.-r2.f0,49,49
149,r3.f3.d3.f3.-d0.f2.-r0.-f0.-r2.f0.d3.-r3.r1.-f0.r3.d1.-r0.-f0.-d0.r2.-f3.-d3.-r2.-d1.-d2.d3.-r2.-f3.d0.d3.-f2.d1.-r0.-f2.r0.-f2.-d1.-f2.-r1.d2.r1.-f2.d1.r3.d1.r2.-d1.-d1,48,48
149,r3.f3.d3.f3.-d0.f2.-r0.-f0.-r2.f0.d3.-r3.r1.-f0.r3.d1.-r0.-f0.-d0.r2.-f3.-d3.-r2.-d2.d3.-d1.-r2.-f3.d3.d0.-f2.d1.-r0.-f2.r0.-f2.-d1.-f2.-r1.d2.r1.-f2.d1.r3.d1.r2.d1.d1,48,48
151,-f3.-d3.-r0.-r0.-d0.-r3.-d0.d1.-f0.d2.r2.f2.-r0.r3.-d2.-f0.-d0.f2.r2.d0.f0.-d0.d2.r3.-f2.-d0.-d2.-d2.-d3.f2.d0.-f2.d3.-f1.r2.-f2.-f2.f3.-r1.d2.r1.-f2.-f3.-r2.r3.d0,46,46
151,-f3.-d3.r0.r0.-d0.-r3.-d0.d1.-f0.d2.r2.f2.-r0.r3.-d2.-f0.-d0.f2.r2.d0.f0.d2.-d0.r3.-f2.-d2.d1.r2.-d2.-d3.-d1.-f2.d3.-f1.r2.f2.f3.f2.-r1.d2.r1.-f2.-f3.r3.-r2.d0,46,46
152,-d3.-r0.f0.-d0.-f0.-d0.-r2.d3.-r2.-f1.-r1.-f0.-f1.-r1.f2.-r1.f3.r1.d0.-f0.-d0.-f0.r0.-f2.-r3.f2.r3.d3.-r3.r2.-f0.r2.f0.-r2.-f1.-r0.d2.-r1.-r2.-f2.r2.f2.-d2.-r2.-r3.d1.r3,47,47
152,-d3.-r0.f0.-d0.-f0.-d0.-r2.d3.-r2.-f1.-r1.-f0.-f1.-r1.f2.-r1.f3.r1.d0.-f0.-d0.-f0.r0.-f2.-r3.f2.r3.d3.-r3.r2.-f0.r2.f0.-r2.-f1.-r0.d2.-r2.-f2.r2.f2.-r1.-d2.-r3.-r2.d1.r3,47,47
155,-d2.-d2.-f2.-d3.r1.-f1.d1.-r1.d2.r0.d2.-r2.-d2.f1.d2.-f3.-d2.-f1.r2.-d3.-d3.r0.-d3.-r2.-r3.-r3.d3.r3.f3.r3.-f3.-d0.-d0.-d3.-r0.-r0.-d3.-r3.-f3.d3.-f3.f0.d0.f0.f3.d0,46,46
155,r3.-d1.f1.-r1.r0.f1.d1.-d3.r3.r3.-f2.r1.r0.-f3.-r0.f3.d0.-r1.-r2.-d2.d0.r1.-d0.f2.-r1.r3.d2.r1.r2.-f2.-d1.-d3.-d2.-r1.-f1.-r0.-r3.f2.r1.-f2.-d3.r0.-d0.-r1.d0.-r0.d3.r0,48,48
157,-d0.f3.-r0.d1.f0.d0.d2.-r0.d1.r3.f1.-d0.-d3.d1.f0.f2.-d0.-d3.f1.d0.-r1.r3.-f0.d0.d3.f2.d3.-r0.-d0.r0.r3.d0.-f2.-d0.-f3.-r2.r0.-d2.d1.f1.-d1.d2.-r0.r2.f3.-r3,46,46
157,-d0.f3.-r0.d1.f0.d0.d2.-r0.d1.r3.f1.-d0.-d3.d1.f2.f0.-d0.-d3.f1.d0.-r1.r3.-f0.d3.d0.f2.d3.-r0.-d0.r0.r3.d0.-f2.-d0.-f3.-r2.r0.-d2.d1.f1.d2.-d1.r2.-r0.f3.-r3,46,46
158,d3.-f1.r0.d0.-r3.-d2.-d2.-r2.-d2.-d3.-r2.r3.d0.-f3.-d0.-d0.f2.-r1.-d1.r1.d2.f1.d3.-f3.-r1.f3.d0.-r2.-f0.f3.r1.-f3.r0.r2.-d3.-r0.r1.-f2.r1.f0.-r2.f2.r2.-f0.-r1.-r1.-r2,47,47
158,d3.-f1.r0.d0.-r3.d2.d2.-r2.-d3.-d2.-r2.r3.d0.-f3.d0.d0.f2.-r1.-d1.r1.d2.f1.d3.-f3.-r1.f3.d0.-r2.f3.-f0.r1.-f3.r2.r0.-d3.r1.-r0.-f2.r1.f0.-r2.f2.r2.-f0.-r2.r1.r1,47,47
159,-f0.d0.-f2.r3.d0.f1.-d2.-f0.-f2.-d1.-f0.-f2.f1.-d0.-d2.-f2.-f3.f0.-d0.-r3.d0.f2.-r0.d0.r0.-d0.f2.-r1.d0.r1.-f0.-r3.d1.-r1.-d0.-r0.-f0.r1.f0.r0.d0.-f0.-r1.f0.r1.-d1,46,46
159,-f0.d0.-f2.r3.d0.f1.-d2.f1.f3.r2.-f1.f3.-f1.d3.d1.-f0.-f0.f1.-r0.d0.r0.f2.d3.r0.-d3.-r0.f2.d2.r0.-d2.f3.f2.f1.-r3.d1.-r1.-d0.-r0.-f0.r1.f0.r0.d0.-f0.-r1.f0.r1.-d1,48,48
160,-f2.-d0.f1.-r0.-d2.-f3.r3.-f2.f0.d3.r1.d2.-f2.d0.r0.-d1.f0.f3.d1.-r1.-r2.-f3.-r1.-r3.-f3.r0.r1.-f3.-f3.-d3.r3.-f0.d3.r3.d3.-r0.-d3.-f0.d0.f0.-d3.f3.r0.-d0.-f0.r0.-f0,47,47
160,-r0.-d0.-r3.-d3.f0.-r0.-r2.f0.-d0.-r2.f1.-d1.r0.-f3.-r3.-f0.d1.-f3.-f3.-f0.r0.d0.-f0.-d2.-r0.d2.r0.-d2.-r0.d1.-d2.r1.r1.r0.d2.d2.r1.r1.d2.r3.d1.f1.-d3.-f1.-d0.-d1.f1.d3.-f1,49,49
163,r0.d0.r0.d1.-r0.d2.-r2.-f3.f0.-r1.-f2.-f2.r1.d1.d3.f0.-d1.-r2.-d0.-d2.-f2.d3.r3.d3.f3.-r3.f2.r3.f1.r3.-d0.-f0.d3.-f3.-r3.-d0.f0.-d0.f0.-r0.-d3.-d3.d0.f3.d3.-r3.-f3.-r3,48,48
163,-f0.-r0.d1.f0.-d0.-f2.-r1.-d3.-f1.-r3.-f2.d0.-r1.-r3.-f0.-f1.r3.d0.r3.-d0.r3.-d0.f3.r3.-f1.d0.r2.r2.d1.f0.-r2.-f0.-d1.-d0.-r2.d1.r2.d1.-f1.r2.d1.-f0.-d1.-f0.-r2.f1.-d2.r2.d2.f0,50,50
164,f2.-r0.-d1.d2.-f0.-r3.f0.f3.r1.d3.f2.r2.-d1.r0.d2.f3.-r1.f0.f3.d0.-r3.d3.r2.r3.f2.-r3.-r3.r1.d0.-f3.r3.f0.d3.-r0.d0.f0.d0.-r0.f3.d3.-r3.d3.f0.-d0.f3.-r3.-f3,47,47
164,d2.-r0.d0.-f3.r0.-d1.-d0.-r3.-r1.-d0.-d2.d1.-r1.f3.r1.d3.f0.f0.-r1.r2.-r3.d3.-f1.-d3.r1.f2.-r1.r3.-d1.r0.d1.r2.-r3.f1.-d0.r2.r2.-f1.d3.r1.d1.-f1.-d1.-r1.f1.d0.-f1.-d0.f1,49,49
165,d2.-f2.-r0.f0.f1.-d0.-f3.-r1.r3.-d2.-f2.f3.d2.-r0.r2.-d1.-f1.r1.d0.f3.-r3.f2.r3.-d0.-f3.-d2.r1.-f0.d2.-r1.f0.f3.r2.r3.f1.r1.-f1.-r3.f1.-r2.-f0.-r2.-d1.r2.d1.f0,46,46
165,d2.-f2.-r0.f1.f0.-d0.-f3.r3.-r1.-d2.-f2.f3.d2.r2.-r0.-d1.-f1.r1.d0.f3.-r3.f2.r3.-d0.-f3.-d2.r1.-f0.d2.-r1.f3.f0.r3.f1.r1.-f1.r2.-r3.f1.-r2.-f0.-r2.-d1.r2.d1.f0,46,46
166,r3.f1.-d3.-r2.-r3.f1.r0.-d0.r1.f0.r3.f0.d3.-f2.-f2.-d3.-r3.-f3.r0.-f2.-f3.-r0.-f2.-r3.-d3.r1.d2.-r2.-d3.f2.d3.-r1.-r1.-d0.r1.d0.f2.-r1.d2.-f0.-r2.-f0.r2.f0.-d2.f0.r2,47,47
166,r3.f1.-d3.-r3.-r2.f1.r0.-d0.r1.f0.r3.f0.d3.-f2.-f2.-d3.-r3.-f3.r0.-f2.-f3.-r0.-f2.-r3.-d3.r1.d2.-r2.-d3.f2.d3.-r1.-r1.-d0.r1.d0.f2.-r1.d2.-f0.-r2.-f0.r2.f0.-d2.f0.r2,47,47
167,-d0.-f0.r0.f2.-r0.f2.d0.r2.-f3.-d3.-r3.-r3.-d1.d2.-f3.d2.-r1.-f3.d0.r1.f0.-r1.-f0.-d0.-f0.r3.f0.-d1.-d2.f0.-d3.f0.-r0.-d3.d0.r0.f0.-d1.-d1.-f0.d1.-r0.d3.r0.d1.d3,46,46
167,-d0.-f0.r0.f2.-r0.f2.d0.r2.-f3.-d3.r3.r3.d2.-d1.-f3.d2.-r1.-f3.d0.r1.f0.-r1.-f0.-d0.-f0.r3.f0.-d2.-d1.f0.-d3.f0.-r0.-d3.d0.r0.f0.-d1.-d1.-f0.d1.-r0.d3.r0.d3.d1,46,46
169,f2.-d0.-r0.f1.r3.-d3.-f1.-f3.d2.-f1.d3.-f3.-d3.-f3.f0.d2.f0.d3.-f0.d3.-r0.-d0.r1.-d1.-r0.-d2.r3.-d3.r0.d1.d3.-r1.-d3.-r0.d3.-f2.r1.-f3.-d2.r1.d2.-r1.f2.f3.d2.f0.-r1.-f0,48,48
170,r0.f0.d3.r0.-f0.-f1.-d1.r0.d3.r1.f1.d0.r3.f1.f3.r1.r3.-f0.-r3.-f1.d0.r1.f3.r0.f1.-d0.r1.d0.d2.-f1.d0.-f1.-r1.f1.-d0.f1.r1.-d3.f2.r2.d3.-r1.r2.f2.-r2.-r2.-f2,47,47
170,r0.f0.d3.r0.-f1.-f0.-d1.r0.d3.r1.f1.d0.r3.f1.f3.r3.r1.-f0.-r3.-f1.d0.r1.f3.r0.f1.-d0.r1.d2.d0.-f1.d0.-f1.-r1.f1.-d0.f1.r1.-d3.f2.r2.d3.r2.f2.r2.r2.-f2.-r1,47,47
171,f1.d2.r3.-f0.-r2.r1.-d1.f0.-d3.f3.-d3.-f2.f0.-d0.-r3.-d0.f1.-r0.-f0.r3.d0.f0.d3.-f2.r3.-d3.-f2.-r3.-f2.-d1.f2.d0.-r2.d2.r2.-f1.-r2.f1.-d0.d1.-f2.-d2.-r0.d2.r0.-f2,46,46
171,f1.d2.r3.-f0.-r2.r1.-d1.f0.-d3.f3.-d3.f0.-f2.-d0.-r3.-d0.f1.-r0.-f0.r3.d0.f0.d3.-f2.r3.-d3.-f2.-r3.-f2.-d1.f2.d0.-r2.d2.r2.-f1.-r2.f1.-d0.d1.-f2.-d2.-r0.d2.r0.-f2,46,46
172,-f2.d3.-r0.-d3.-f0.r1.d1.f1.-d2.d1.-f0.r3.-d1.d3.-r0.-r0.-d3.-r0.-d2.r0.-d0.-r2.f1.-d2.r2.d2.-f1.-r3.d0.-f3.f0.-d3.d0.-f0.-d3.-r3.f3.d3.-f3.-d3.d0.-f3.d3.f0.d3.f3.d3,47,47
172,d1.r0.-f2.-r1.-d3.r2.r1.-f0.d0.r3.f0.r2.-f0.-d1.f3.-r2.f3.-d0.-r0.-r0.-f2.d2.f2.d3.f3.r3.-f3.d0.-f3.-f3.-r3.f3.-f1.-r1.f2.r2.f1.d1.d3.f2.-d1.-f2.-d0.r1.-d2.-r1.-d3.d0.-r2,49,49
173,d3.-f0.-r3.d0.r3.-f0.-d0.-f0.r2.d1.r3.d3.r0.r1.d3.-f3.r1.r2.-d2.-r3.-d2.-r1.-f2.-d2.-r2.-f2.r2.-d2.-r0.-f2.-d2.-d3.-f2.d3.f2.r0.d0.r2.-d0.-r0.-f0.-r2.-f2.r2.f2.r2,46,46
175,-r3.d2.r1.d1.r0.-d0.-f3.d3.-f3.r2.f1.-d0.-d1.-f0.r3.-f0.d0.r1.r2.f3.-r0.-f1.-r1.d2.f0.-r1.r2.d1.f3.-d1.-f3.-r2.-d3.r1.d3.-f2.f1.-r1.-f0.-d0.f0.f1.-r1.-r1.-f0.-f1.d0.f2,48,48
175,-r3.d2.r1.d1.r0.-d0.-f3.d3.-f3.r2.f1.-d1.-d0.-f0.r3.-f0.d0.r2.r1.f3.-r0.-f1.-r1.d2.f0.r2.-r1.d1.f3.-d1.-f3.-r2.-d3.r1.d3.-f2.f1.-r1.-f0.-d0.f0.f1.r1.r1.-f1.-f0.d0.f2,48,48
176,r3.-d0.r3.-f2.-r0.f3.-d0.d2.r2.f3.-d0.-r0.-d3.-r3.-f1.r2.-d0.-r2.-f2.-d0.-d2.-f0.-f3.-r1.d2.f0.d0.f3.d0.-f0.-f3.-r1.r3.f1.-r2.-f1.-d1.r1.r3.f1.-r3.-r3.r2.-f1.-r0.f1.-r2,47,47
176,r3.-d0.r3.-f2.-r0.f3.d2.-d0.r2.f3.-d0.-r0.-d3.-r3.-f1.r2.-d0.-r2.-f2.-d2.-d0.-f3.-f0.-r1.d2.f0.d0.f3.d0.-f3.-f0.r3.f1.-r2.-f1.-r1.-d1.r1.r3.f1.r2.-r3.-r3.-f1.-r0.f1.-r2,47,47
177,-r3.d3.f1.d1.-r2.-f3.d2.f3.-r3.-f0.r0.-f1.d0.f1.-d0.r1.-f2.f1.r0.f1.f3.-d0.f1.d0.-f1.r0.-f0.-f0.d3.f0.-r0.d3.f0.f3.r3.f3.-d0.-d3.-f3.-d3.f3.d0.-f0.-r0.f3.-d0,46,46
177,f3.-d3.r2.d2.-f3.-r3.f1.-d2.d0.f0.-d0.r1.r2.-f0.d0.f0.-d0.r0.d0.-f0.r3.-d1.-r3.d2.-d3.-r1.-d2.d3.f0.r0.-d3.-f0.-r3.-r3.-d1.-r2.-f2.-d2.r0.-d2.f2.d2.-r3.-r0.-d2.r3.d2.r2,48,48
178,-r1.f3.d1.d2.-r0.-d3.-d3.r1.f2.r2.-d2.d3.r0.f3.r0.f1.d2.r1.d3.r3.d0.-f1.-r3.d1.-r1.-d3.-r2.d0.d1.r2.-d0.d1.-f2.d1.-f2.-f2.r1.f0.-r1.f3.-r2.f0.-r1.d1.-f2.r1.-f0,47,47
178,-r1.f3.d1.d2.-r0.-d3.-d3.r1.f2.r2.-d2.d3.r0.f3.r0.f1.d2.r1.d3.r3.d0.-f1.-r3.d1.-r1.-d3.-r2.d0.d1.r2.d1.-d0.-f2.d1.f2.f2.r1.f0.-r1.f3.-r2.f0.-r1.d1.-f2.r1.-f0,47,47
179,d1.f3.-r0.r3.-f0.d2.r2.f2.-r1.-d3.-f3.-r2.-f2.-r0.d2.-f0.-r0.-d0.-d3.r3.-d2.r0.d0.f0.d3.f2.d0.f0.r3.d0.-f0.f3.d0.-f0.r0.f0.-r3.f0.-r3.d3.-f0.-f3.d0.d3.-r0.f3,46,46
179,-r0.d1.f3.-r0.r3.-r1.-d0.-f2.-f2.d2.r3.d3.-r2.-d3.r0.d0.-r1.d2.-r3.-d3.-r3.-d2.f0.d3.f2.-d1.d2.-d3.f1.f2.-d2.-f1.-d0.f3.r1.d0.-f2.d1.-f0.r2.f2.-r3.-f1.-f2.-r2.-r2.f2.f1.r3.-f2,50,50
180,-r2.d3.-f0.-r0.-d3.r0.f2.d0.d1.-f1.-f1.-d3.-f3.r0.r1.f1.f3.r0.f1.d2.-r1.f3.r1.d0.r1.-d0.-f0.-d2.r2.-f2.-r2.-f2.-f3.f0.-d1.f2.-d3.d1.f2.-d1.d2.r1.-d2.-d2.-f2.d0.d1,47,47
180,-r2.d3.-f0.-r0.-d3.r0.f2.d1.d0.f1.f1.-d3.-f3.r0.r1.f1.f3.r0.f1.d2.-r1.f3.r1.d0.r1.-d0.-f0.-d2.r2.-f2.-r2.-f2.f0.-f3.-d1.f2.d1.-d3.f2.-d1.d2.r1.d2.d2.-f2.d1.d0,47,47
182,-r1.-d0.-r2.-r2.-r3.-f0.r0.-f3.f1.r3.-f0.-d1.-d1.-f0.-r0.-d2.-r1.-d3.r1.r2.-d3.r1.d1.d3.-r2.f1.-d2.-r0.-d2.r0.f2.-d3.-r1.d2.-f0.d0.f0.-r2.-f0.r2.-d0.d2.f2.r2.-d2.-r2.-f2,47,47
182,-r1.-d0.r2.-r3.r2.-f0.r0.f1.-f3.r3.-f0.d1.d1.-f0.-r0.-d2.-r1.-d3.r2.r1.-d3.r1.d1.d3.-r2.f1.-d2.-r0.-d2.r0.f2.-d3.-r1.d2.-f0.d0.f0.-r2.-f0.r2.d2.-d0.f2.r2.-d2.-r2.-f2,47,47
183,f0.-d1.-f3.r1.f1.-d1.r3.-f3.-r2.f0.f3.-r0.r1.d1.-r1.r3.d2.-r1.-r1.r2.-d2.-f2.r2.-d1.-r2.d1.-r0.-f3.d3.r3.-f0.-d3.-r0.-f0.-d0.-f0.d3.-f3.-r3.-d3.r0.d0.-r0.d3.r0.f3,46,46
183,-r3.-f0.f1.-d1.-r2.-d3.-r1.d0.f3.-r2.-d0.r2.-d0.-r1.f3.-d0.-f1.-r1.d1.d0.-r3.-d0.-f0.d2.-f0.-d2.f0.f0.-r1.d2.-r1.-d1.-r1.-f0.d1.r2.-d1.f0.-d2.f2.d2.-r0.-f2.d1.-r1.f2.-d1.r0,48,48
185,-r0.-d3.f3.-r3.d0.f2.r1.d1.-f1.-r0.d3.-f0.-f2.-d0.-d3.r3.-d0.-f1.-f3.-d0.-d2.r1.r3.-f0.-f2.-f2.d1.f0.r1.-f2.-r0.-r2.-d1.-d1.-f1.r0.-f2.-r0.d1.-r3.-d1.r1.f2.d1.-f2.r1,46,46
185,-r2.-f0.-r0.d2.r1.-d0.d1.f1.f2.-r3.-d0.-r2.-f3.r0.f0.-d3.f2.f1.f2.-d0.-r0.d0.r0.-d0.-f1.d2.r0.-d2.-r2.d2.-r3.r1.d2.-r0.-f0.-d2.f0.-r1.-f3.-d2.-f0.d2.f3.r2.-d2.-r2.f0.r2,48,48
187,-r0.f0.-r0.d0.-f0.-d0.r1.d2.-f0.d0.-r2.-f1.f3.d0.-r2.d0.-r3.-d1.r2.r3.-f3.f0.r2.f0.-r2.-f1.f3.-r3.r1.-d3.-f1.d3.r3.-d2.r2.-d2.-r2.d2.f1.-r3.d2.r3.-f1.-f1.-r1.-r3,46,46
187,-r0.f0.-r0.d0.-f0.-d0.r1.d2.-f0.d0.-r2.f3.-f1.d0.-r2.d0.-r3.-d1.r2.r3.-f3.f0.r2.f0.-r2.f3.-f1.-r3.r1.-d3.-f1.d3.r3.-d2.r2.-d2.-r2.d2.f1.-r3.d2.r3.f1.f1.-r3.-r1,46,46
189,d3.-r1.-r3.-d2.f2.-r1.-r1.-d3.r0.-f1.-d3.-d3.-f2.-f2.-r3.-f1.d1.-f2.-r2.f0.d0.r1.r2.-d1.d3.r0.r3.-f1.-r3.f3.-d0.-r0.d0.-f3.r0.d3.-r3.f3.r3.-f3.d3.-r0.r3.f0.d3.-r0.d0.-r0,48,48
189,d1.-r2.d0.-r0.-f3.d0.-f2.-d2.r3.-r1.-d2.-r1.d0.-r1.-r0.f3.-r2.r3.d0.-f0.-d0.r3.-f0.r2.f0.-r3.d3.-f2.-r2.-d3.r2.-d0.-r1.d0.-f0.-d0.-f0.-r2.f0.r1.-r2.d0.r2.-d0.f0.-r1.-d0.r1.d0.f0,50,50
192,r0.-d1.-r1.r2.-d0.f0.-r0.-r1.f2.r0.r2.-d3.d0.d2.-f3.r3.f3.d3.-f3.-r3.-f1.-r3.-d0.d2.d3.r0.f1.-d2.d1.-f1.d1.r1.f1.-r1.-r2.d1.r0.-f1.-r0.-r2.-f1.r2.-d2.d1.-r2.-r2.d2,47,47
192,r0.-d1.-r1.r2.-d0.f0.-r1.-r0.f2.r2.r0.d0.-d3.d2.-f3.r3.f3.d3.-f3.-r3.-f1.-r3.d3.d2.-d0.r0.f1.-d2.d1.-f1.d1.r1.f1.-r1.-r2.d1.r0.-f1.-r2.-r0.-f1.r2.d1.-d2.r2.r2.d2,47,47
194,-f3.-d3.f2.-d2.-f3.f2.d3.-r3.-r3.r1.d0.r0.-d3.-r0.-d0.r3.d0.r3.d2.-r3.f0.f2.-r2.f2.f3.-d3.f2.-d0.-f2.d2.-f2.-r2.r1.f1.-d2.-r3.d1.r2.-f2.r1.r2.-d2.-f2.-r2.f2.-r2.-d1,47,47
194,-f3.-d3.f2.-d2.-f3.f2.d3.-r3.-r3.r1.d0.r0.-d3.-r0.-d0.r3.d0.r3.d2.-r3.f0.f2.-r2.f3.f2.-d3.f2.-d0.-f2.d2.-f2.r1.-r2.f1.-d2.-r3.d1.r2.-f2.r1.r2.-d2.-f2.-r2.f2.-r2.-d1,47,47
195,d0.f2.-r3.-r3.d1.f3.-d0.-f3.-d0.-f3.f0.f1.d0.-f0.-f0.r2.-f0.r2.f2.-r0.-f3.-r2.f3.d0.f0.d2.-f0.-f1.f2.r1.-d2.f1.d2.f2.r1.f1.r1.-d0.d2.-f2.-d2.-r2.-d2.r2.-d3.f1,46,46
195,d0.f2.r3.r3.d1.f3.-d0.-f3.-d0.f0.f1.-f3.d0.-f0.-f0.r2.-f0.r2.f2.-r0.-f3.-r2.f3.d0.f0.d2.-f0.-f1.f2.r1.f2.-d2.f1.d2.r1.f1.r1.d2.-d0.-f2.-d2.-r2.-d2.r2.-d3.f1,46,46
196,f0.r3.-d0.r2.-d1.f1.d2.r1.-f1.f0.r0.f0.-r3.-f0.-f2.r1.d0.f0.r3.-f3.-d0.-r1.d1.-f1.-d1.-f2.r1.-f0.r3.f0.-r3.-d1.r3.f3.-f2.-r1.-d0.-d1.f1.d0.-d1.-f1.f2.f2.d1.d1.f1,47,47
196,r0.r3.-f3.-r3.f3.d0.-r1.r3.-f0.-r2.-d3.-f3.-d0.-d1.f3.-d0.-r1.d0.f2.-d0.-d1.-f1.-d3.-r3.d3.-r0.r3.-d1.r0.d0.d1.r3.-d1.-r0.d1.r3.-d1.-f1.r1.f1.r2.d1.r3.-d1.-r2.r0.d1,47,47
197,-d1.f1.d0.-f3.r1.d0.d1.-r3.-f0.-f2.-r0.-d1.-r2.r3.-d2.-f2.d0.f1.-d0.r2.f3.-d0.-r0.d3.-r2.-d3.-f3.r0.-d3.d0.-f2.d0.-r1.d1.-f0.f2.-d1.-f3.r1.f3.-r1.-f2.r1.f0.-d1.r1,46,46
197,d0.d1.-f3.-r2.-d3.-f3.r1.-d2.r3.-f3.d1.r1.-f3.-d2.-r2.-d0.-f1.-r1.-r2.r3.-f1.-d2.f1.-r0.d2.-f1.-d2.r0.-f0.d0.-f3.d2.f0.-r2.-d1.r2.d1.f0.f0.r0.f0.r2.-f0.-r0.-f2.f0.-d2.-d0,48,48
198,r1.-f1.-r0.d3.-f1.-r1.f3.-d1.-r0.-d2.-r0.r2.-f1.f2.r2.d1.-r0.f3.-d0.-d2.-r0.d1.r0.-d2.f2.d2.-r0.d2.r1.f3.-r0.d3.r3.-f3.-r3.-f3.f2.r0.-d1.r0.d1.-r0.-r0.-f2.r0.-d1.-d3,47,47
198,r1.-f1.-r0.d3.-f1.-r1.f3.-d1.-r0.-d2.r2.-r0.-f1.f2.r2.d1.-r0.f3.-d2.-d0.-r0.d1.r0.-d2.f2.d2.-r0.d2.r1.f3.-r0.d3.r3.-f3.-r3.-f3.f2.r0.-d1.r0.d1.r0.r0.-f2.r0.-d3.-d1,49,47
199,-f1.-r2.d1.r0.-d2.r1.f0.f1.d1.-r3.d2.f2.d3.f2.f3.r3.-d1.-d3.-r0.-d0.d1.r0.-d1.r1.d0.-f3.-r2.r3.f0.d2.r2.-d2.-f0.-r3.-f2.-r0.f2.-r3.d2.-f2.-d0.d1.f2.-d2.-f2.d0,46,46
199,-f1.-r2.d1.r0.-d2.r1.f1.f0.d1.-r3.d2.f2.d3.f3.f2.r3.-d3.-d1.-r0.d1.-d0.r0.-d1.r1.d0.-f3.-r2.r3.f0.d2.r2.-d2.-f0.-r3.-f2.-r0.f2.-r3.d2.-f2.d1.-d0.f2.-d2.-f2.d0,46,46
201,-d2.r2.f1.f2.-r2.r0.d0.f2.d0.-f2.d1.-r3.d3.f3.r0.f3.-d3.r3.d3.r2.r3.-d0.f3.-d3.-f3.-r3.f0.d1.-f0.-d1.-d2.-d2.-f0.r3.-f0.r3.-d1.-r3.-d3.-r1.-f2.r1.-f3.-r1.f2.r1.-d2.-r3,48,48
201,-d2.r2.f1.f2.-r2.r0.d0.f2.d0.-f2.d1.-r3.d3.f3.r0.f3.-d3.r3.d3.r2.r3.-d0.f3.-d3.-f3.-r3.f0.d1.-f0.d2.d2.-d1.-f0.r3.-f0.r3.-d1.-r3.-d3.-r1.-f2.r1.-f3.-r1.f2.r1.-d2.-r3,48,48
202,d2.-f1.f0.r0.f2.f3.-r3.d3.r0.-d1.d0.f1.d2.-f3.-d3.d2.-r3.-f1.-d2.-f2.-r2.-f1.-d3.-f3.-d1.f3.d3.-f1.-f3.r0.f2.-d1.f1.r0.f1.d2.f1.-r0.-d2.f1.r2.-f1.r0.f1.-r0.-r2.d1,47,47
202,d2.f0.-f1.r0.f2.f3.-r3.d3.r0.d0.-d1.f1.d2.-f3.d2.-d3.-r3.-f1.-d2.-f2.-r2.-f1.-d3.-f3.-d1.f3.d3.-f3.-f1.r0.f2.-d1.f1.r0.f1.d2.f1.-r0.-d2.f1.r2.-f1.r0.f1.-r2.-r0.d1,47,47
203,-d3.-f3.-r0.f2.-d2.-f0.-d3.d2.-r3.f1.f2.-d3.-r3.r0.-d0.f1.r0.d0.-r0.-f0.r3.-d0.-r3.-r3.d0.-r3.-d0.-f3.-f3.-d1.f3.-d0.-d0.d1.-r0.-d1.r0.-f0.-r0.-d3.-r0.-f0.-r0.f0.r0.f0,46,46
203,-d3.-f3.-r0.f2.-d2.-f0.d2.-d3.-r3.f1.f2.-d3.r0.-r3.-d0.f1.r0.d0.-r0.-f0.r3.-d0.r3.r3.d0.-r3.-d0.-f3.-f3.-d1.f3.d1.d0.d0.-r0.-d1.r0.-f0.-r0.-d3.-r0.-f0.-r0.f0.r0.f0,46,46
204,-d2.-f0.r2.d0.f3.-d3.f3.r3.d0.r2.r3.d1.r0.f1.r0.-f2.-r2.f2.-d0.-f3.-r2.-r2.f1.r2.r2.d0.-r1.-f3.r0.-r2.-f1.-r0.d2.r3.-f2.r1.r3.f0.-r1.-f3.-d3.f2.d3.f3.r1.-f0.r2,47,47
204,-r0.f0.-d2.-d2.-f2.r2.r3.f0.r2.-d0.-f0.r0.r3.-f1.-r0.f3.-r0.f0.d1.-f0.r3.-d1.f3.-d0.-f1.-r2.d2.f3.-d2.-f3.r2.-f2.r2.f2.-r2.-f3.r2.-d2.d1.-r0.-d1.-d2.f2.d1.-f2.-r2.d2,47,47
205,f3.-r2.d1.-r2.d3.-r2.-d2.-d3.-r0.-d0.d3.r1.d2.-f1.-f1.d1.-f1.-r3.f1.-d1.r3.-d1.-r3.f3.r2.-f1.-r2.d0.f0.d3.-f3.-r3.d3.-r3.f3.-r3.d0.-r0.-f3.d0.-f3.-d3.r0.d3.-f3.-r0,46,46
205,d0.d2.f2.r3.d3.f2.-r2.d0.-r3.-f1.r2.-f3.-r0.d1.-r3.f3.-r3.d2.f3.r2.-d2.r0.d3.d0.-r1.-d3.r0.-d0.r1.d0.-r0.-d0.r3.r0.d0.f3.-d0.-d0.-r1.-r2.-f1.r2.-r1.f1.d0.f1.-d0.r1.r1.d0,50,50
206,-d3.r1.d0.-f3.d0.r1.-f1.-f3.-r1.-f1.f0.f2.-r3.-d0.-r0.-r2.-d2.r1.f2.-r2.-r2.f1.r0.-f1.-r2.d0.f1.-d0.-r0.r3.d3.-f0.r3.f3.-d0.-r3.d3.f0.r3.-f3.-f3.-d0.-d0.r3.d0.-f0.-d3,47,47
206,f1.-r1.d1.-f3.-d3.-r0.r1.f0.d3.r1.d0.-d1.r0.-f0.r0.d3.f0.d0.r3.r2.d3.-r3.-d0.-r2.-d3.f3.f3.-d0.r0.f0.-r0.-f3.-d0.-f3.-f0.d3.f2.r0.-d2.-d1.f2.d2.d1.-f2.d0.-r0.-d3.-d0.f2,49,49
207,-f1.r2.r3.-d1.-f3.r3.f2.-d0.-d0.-f1.-f3.-r3.d1.-r3.-r3.d3.r1.-f0.-d1.d2.-r1.d3.r0.f2.-r0.f1.-r1.-f1.-f2.r1.d3.-f2.d2.-r1.-d3.-d3.f1.-d0.-d3.-r1.d1.r1.-d1.d3.-f1.-d2.f1.-d0,48,48
207,-f1.r3.r2.-d1.-f3.r3.f2.d0.d0.-f3.-f1.-r3.d1.-r3.-r3.d3.r1.-f0.d2.-d1.-r1.d3.r0.f2.-r0.f1.-r1.-f1.-f2.r1.d3.-f2.d2.-r1.-d3.-d3.f1.-d3.-d0.-r1.d1.r1.d3.-f1.-d2.f1.-d1.-d0,48,48
209,d2.-r1.-f3.-d2.r0.d1.-r3.d0.-r2.r0.r1.f2.-r1.d0.d2.f0.-r0.-f2.-d2.-r1.d2.r0.-d2.-r3.r1.d2.r3.d3.f0.-r3.f3.r3.-d3.-f3.f0.-d0.-f3.d0.-f0.f3.d3.f3.r3.f0.r3.d0,46,46
209,f3.-d3.-d2.f0.d0.-f3.-d3.f1.d0.f3.r3.r3.d0.r2.d0.-r3.-f3.r2.-f3.-r0.f3.r0.f3.d2.-f1.-d2.-f2.-d2.f1.-r2.-f3.f0.-r0.-d0.f1.r1.d2.-f1.-r3.-d2.f2.d2.-f2.r3.-d2.-r1.d0.r1,48,48
211,-f0.f1.r2.-d3.-f0.-d1.d3.-f3.f1.d0.r2.-f2.r1.-d2.-f0.-f3.-d0.r3.-d0.-f0.f3.-d1.-f0.-f0.d0.-r0.f3.-d0.-f3.-r2.r0.r1.-d3.f1.-r2.d1.-f1.d2.d3.-r1.-d1.r0.-f1.-r2.f1.-r0.-d2.r2,48,48
211,f1.-f0.r2.-d3.-f0.-d1.d3.-f3.f1.d0.r2.-f2.r1.-d2.-f3.-f0.-d0.r3.-d0.-f0.f3.-d1.f0.f0.d0.-r0.f3.-d0.-f3.r1.r0.-r2.-d3.f1.-r2.d1.-f1.d3.d2.-r1.-d1.r0.-f1.-r2.f1.-r0.-d2.r2,48,48
212,r0.-d1.-f3.-d2.f0.d0.r1.-d2.-d2.r0.-f1.-f1.-d2.f3.-r0.-r2.-d2.r1.-f0.-f3.f1.-r1.-f1.-f3.-d0.f3.-d1.-f3.-f3.-r0.-r3.-f3.d0.f0.d3.f3.d3.f3.-r0.-d0.-r3.f3.-d0.-d3.-f3.-f3.r3,47,47
212,-f3.-f3.r3.-d3.-r1.-f1.r3.-d1.-r0.-f3.-d2.-f0.f1.r0.-f1.f3.-d1.-f0.d0.r2.f0.-r3.-f0.-r2.f0.-r0.f3.d0.d3.f3.d3.f1.-d3.-f1.r2.-f3.r0.f1.-d2.r1.-d1.-r1.r2.d2.-f1.-r2.-f2.d1.-r0,49,49
213,-f1.f0.d0.-r2.-f0.-f1.-d2.-d2.r3.f3.d1.f2.r0.d3.r3.-d3.f3.-r1.r3.d3.-r3.-d3.f3.-d1.r3.-d0.d1.-f3.-r0.-d0.f0.r0.-d3.r3.-f3.r3.d0.r0.r3.f0.-r3.-d3.-d3.-f3.-r3.d0,46,46
213,d0.-r3.d0.-f0.-f2.-r2.-f1.f3.-d1.-r1.-f3.-d1.f3.d3.r3.r1.-d3.-r3.d3.f3.-d3.f2.r1.d3.d3.r1.-f1.-r1.-d3.r3.f3.-d3.-f3.r2.d0.-r2.-d0.f2.-d0.-f2.d3.d0.-d1.d3.-r1.f2.r1.-f2.d1.f0,50,50
219,r1.f3.-d3.f3.r2.-d3.d1.f2.-d3.f2.-r3.-f0.-f2.-f2.f1.-d3.r1.-d1.r1.-d3.d0.d1.-r1.-f2.-r3.r1.d3.r3.-f3.-d3.r0.f3.-d0.d3.-r0.-r0.-d0.-r0.d3.-r3.-f0.r3.d3.f0.d0.-f3,46,46
220,d1.f2.r0.d3.-f3.r0.r3.d0.f0.-r1.-f0.r1.-f0.r2.-f2.-d1.d2.-f3.r3.f2.d3.r3.-f0.f3.-r0.-r2.f3.r0.r2.-f3.-d0.-r0.-f0.-f0.-r0.d0.f3.-r3.f3.-d3.r3.-f0.-r3.f0.-d3.-f0.d0,47,47
221,-r1.-d1.-r0.r1.f1.f2.-r0.-d1.d2.r2.-d0.f2.r0.d0.-r1.-f2.-f3.-f3.r2.f1.f2.-r3.-d0.-f3.d0.r3.-f1.-r3.r1.d0.r0.-f3.-f3.d3.-f0.r3.f0.r0.-f3.-r0.-d0.r3.-f0.f3.d0.r3.f0.d0,48,48
223,r0.-f1.d1.-r3.-f0.-r3.-d3.-r3.-f1.d0.f1.-d0.d2.r2.r3.-f0.-d1.d0.-f1.-f3.d0.f1.-d0.f3.r2.f1.-d3.f3.d0.-r0.d0.-f0.d0.r0.-f0.-d0.-r0.-r0.d0.-r3.f3.-r3.-f0.-r3.-r3.r0,46,46
225,r2.f0.d0.f1.-r3.-f1.-d0.-r1.-d0.d2.-f3.-d1.-d2.-f1.-d0.d1.r2.r3.d1.-f3.r3.d1.-r0.d3.r2.-d0.-r1.-r2.-d3.-r3.f2.-r0.f1.-d1.f1.-d1.-d1.-f3.-d0.f1.r2.-f1.-r2.d0.-f1.f3,46,46
227,-f2.-d3.r0.d0.f0.-r2.d3.-r0.f1.-d2.-f3.r1.d3.-r3.f3.-r2.-r2.-d0.-d1.-r2.-r2.r3.-f3.-f3.d1.f2.-r1.-r3.-f3.-r2.d2.-f1.-d2.-r2.-r2.-f2.-r2.f1.-r1.-f1.r1.-f3.r2.-f0.f2.f3,46,46
228,-d3.-f2.f3.d1.r1.-d0.d3.-r0.-d1.d2.r0.-f1.-d3.f1.f2.r2.f0.-d1.-r3.-r3.r0.-f3.d3.-f3.d3.f0.d1.f0.r3.-d3.d0.f3.d0.d3.-f0.r0.d0.r0.d0.f3.d0.-f0.f3.-r0.-f0.-d3.d0,47,47
229,r1.f3.r3.d1.-r0.-f3.f1.-d2.-f3.r0.-f2.f3.-r3.-d3.d0.f3.-d0.f3.-r3.-d3.r1.d3.-f1.-r0.-r1.-d3.r0.d3.f0.f1.-d3.f3.d1.-f2.-d3.-r1.-f1.-d0.-d0.r1.d2.-r1.-d0.-d0.-d2.f1.d3.f2,48,48
230,f1.-r1.-d2.-f0.d3.-r1.-d0.-f1.-d0.-d2.f1.r1.d0.-r0.r2.d1.-r2.-r3.-f2.-r2.f0.f2.d1.r1.-f2.-r1.-d1.-r0.r3.-d0.f0.-d0.f3.-d0.f3.d3.-f0.-d0.-f3.-r3.f3.-d0.-f0.-r3.r0.-f3.-d3,47,47
233,-r3.f0.-r3.-d1.-f1.d2.-r0.-r0.-f3.-f3.d1.-r2.f0.-r3.d3.r0.-d1.f1.-d0.-f3.-d3.-f3.-d1.-r0.-r2.-d2.r1.f1.-r1.d1.d2.f3.-d0.r2.d0.d3.-f3.d1.-f1.f2.r2.f1.-r2.f3.d0.f1.-d0.-f2,48,48
234,-f3.f2.r0.d2.-f1.f2.d3.-r3.-r3.-d0.-f0.f1.-d3.-d3.-r1.d3.f1.d3.f1.-r1.f1.r1.-f1.-r0.-r0.r3.d0.f2.-r1.f1.d0.-r1.d1.r1.-d1.d2.-r1.-r2.-f1.-r3.r1.f0.-r0.-d2.r0.-f0.r3,47,47
235,d1.r0.f0.f2.r2.-f1.-d3.-f0.r1.-f1.d2.-r0.-r0.r3.-d0.-d0.r3.-f0.-f3.-r1.-d2.-r1.f0.-r0.-f0.r1.-d3.-f0.f3.-d3.f0.f3.r3.f0.-d3.-r0.d0.f3.d3.-r0.-f3.r0.r3.-f0.d0.d3,46,46
237,-f1.-r1.-f0.r3.-d0.f3.-d2.d1.f3.-d0.f2.d1.f3.-d1.-d3.-f2.-d1.-f1.-f3.-r0.r3.d1.-f3.d0.-f3.-d0.-f3.d2.-r0.-f3.-r0.f0.-d0.r0.d0.-f3.-d3.-r0.-r0.r3.f3.d3.-r0.-r3.d3.-r0.-f3.-f3,48,48
238,d1.-r0.-f2.r3.-d0.-r0.-d3.d1.f3.-r2.r1.-d3.-r1.d1.f0.f2.-r2.d0.-r2.-d0.-r1.-f0.-d3.-f2.f0.-r2.f2.-r0.-d0.-f0.-d2.-f1.-d1.r1.r2.r3.f1.d1.-r2.-f2.r2.-d1.f0.d1.f2.-d1.f2,47,47
240,-d2.-f3.-d2.-r3.f1.d0.-r3.r0.d3.r3.-f0.-f0.-d3.-f0.d3.-f0.-f3.-r0.-d1.-d1.-r0.-d1.-r3.-d1.-r0.d1.-f2.-f2.-d0.r2.-d1.-f1.-r1.-d1.-d2.f1.-r2.d1.-f3.f0.-r1.-d2.r1.d1.-f1.-r2.f1,47,47
241,-f2.r3.d2.r3.-f1.-r2.-f0.r0.d2.-r2.-f2.-r2.-d0.r1.-f3.-r0.d1.d2.r2.-f0.-f3.-r3.f0.f3.-r1.-r3.d0.-r0.-f0.-d0.f0.d3.-r3.-r3.-f3.f0.d0.d3.f3.r0.-f0.-d3.f0.d0.f0.-r0,46,46
242,-r3.-f0.-d3.d2.-f1.-r2.r1.d0.r0.-f2.-f3.-r2.-d0.r0.-d2.-r3.f3.r3.-d0.-r0.-r1.r3.-d3.-r3.-f3.r0.d2.r3.-f3.-r0.f0.-r3.-f0.-d3.r3.-f3.-f3.d3.-f3.f0.d0.r0.f0.-r0.d3.r0.-d3,47,47
243,d2.f0.f1.-r2.d2.-r2.-r3.-d3.d1.-f1.-f3.f2.d2.-r2.-d2.f1.-d2.-f1.f3.r2.f0.r0.-f0.-r0.f0.-r2.r0.-f3.-f3.d0.f3.-d0.d3.-f0.d0.-r0.-d3.r0.-d3.-r3.-d3.-f3.d0.r0.d0.f0,46,46
245,-r0.-r2.d3.f2.-r0.-r2.-f2.r0.f0.-d2.-d2.-d3.f1.r0.-d2.f0.r0.-f1.-r0.f1.-d3.r3.-f3.-d0.-r0.d0.-f3.-r3.d0.r3.d1.-r3.f3.d0.r3.-d0.-f3.-d1.r3.d1.-f3.-d3.f3.-d1.d0.d3,46,46
247,-f2.-r0.-d2.-f2.r3.-d2.d0.f0.-d0.-r1.-f0.-f3.-r1.-d3.-f3.f0.d3.f1.d0.f3.d0.-f3.f0.-d0.r3.f1.f3.-r0.f0.d0.-r3.f3.-r3.-r3.f3.-r0.f0.r3.-f3.-r3.-f3.-r0.-f0.-r3.d0.r3,46,46
248,f0.f1.d0.d1.r0.d3.f1.-r3.d2.-r3.-f2.r3.d1.-f3.-r1.-r3.r0.-f3.d1.d3.r1.-f2.-d0.-d2.-f2.r1.d0.d2.f2.-r1.-f2.-f3.-d2.f2.-r1.-r1.f2.-d1.-d1.-r0.-d1.-r1.-r1.d2.r1.-d2.d1.r0.d2,49,49
250,-d3.-r0.-r0.-r3.d0.-r2.-f0.-r0.-r1.f0.d0.f3.-d1.r0.-d2.d0.d3.-r1.-d3.-f3.d3.r1.-f0.-r1.-f0.-d2.-r2.-f2.d0.-r2.-d0.r2.f2.r1.r2.d2.-f1.-r1.f0.f1.-d1.-r1.-d3.-d3.r1.d1.-r1.d3.-f1,49,49
251,-d3.d0.-r2.-f0.r0.-d0.-d2.-f1.-r3.-d2.f0.-d1.f1.-d1.d2.-r0.-d3.f3.-d0.-d1.-r2.d1.r2.r3.f3.-r2.r3.d0.r3.f0.-r3.-f3.-d3.d0.-f0.-f3.-d0.f3.r3.d3.-r3.-f0.-f0.r3.-f3.r0,46,46
252,-r0.d1.-f2.d2.-r2.d0.-r2.-r3.d1.f1.d1.d2.-f0.-f3.-r1.f0.f3.d3.r3.-d0.-d3.r2.d0.-f0.-r0.-r2.-d3.-d3.-f0.-f0.-r0.r3.f3.-d3.f0.r0.-d3.r0.d0.d3.-r3.-d3.-r0.-r0.-d0.-f3.-d0,47,47
255,-f0.d2.-r0.-r2.-d2.r0.f1.-d1.-r2.d0.r3.-d1.-r1.-f1.-f2.-r0.f2.-d1.-r1.-r2.-f1.-f2.r1.-d2.-f2.d2.-f3.r3.d3.r3.-d3.f3.-d0.-f3.-r0.r3.-f0.-r3.-d0.r0.f3.-r0.-r0.f0.-d3.r0,46,46
257,r3.-d2.-f3.-d0.-r1.-d0.-d1.f1.-r0.f2.-d0.-d1.r1.f0.r3.-d0.f3.-r1.-f3.d0.f2.f3.d3.-r1.d2.-f2.d2.-r1.-r1.r0.f2.-r0.-r1.-d2.-r1.-d1.-r1.-r2.f1.-r2.r1.d1.r2.-f0.r1.-f1,46,46
257,r3.-d2.-f3.-d0.-r1.-d1.-d0.f1.-r0.f2.-d1.-d0.r1.f0.r3.-d0.f3.-r1.-f3.d0.f2.f3.d3.-r1.d2.-f2.d2.r1.r0.r1.f2.-r0.-r1.-d2.-r1.-d1.-r1.-r2.f1.r1.-r2.d1.r2.-f0.r1.-f1,46,46
261,d3.-r1.-r3.-f2.-f3.-d1.-r3.-d1.d3.-r3.-d3.d0.-f0.d1.f3.r0.r1.d1.d3.f3.d0.r3.-f1.-d3.f1.r3.-d3.-d3.-r0.r3.-d0.-d0.r3.-f3.f0.r0.-d3.f0.d0.r3.-d0.r3.-f3.-r0.-f3.-f3,46,46
261,d3.r2.f2.-r3.d0.-f0.d0.-r1.d3.-f0.-d2.r2.-r3.-f1.-d1.r3.f2.-r0.-f2.-r0.d2.r2.-d2.-r0.-d0.-r0.-f3.-r1.d0.-f1.-d0.f1.r1.f3.-f1.f0.d0.f1.d2.-f2.-d0.-d2.r0.d2.-r0.d0.-f1.-d0,48,48
264,r1.r2.f3.d3.-f1.d3.f1.-d2.d1.-f3.d3.f0.-r3.-f3.f1.r1.-f1.-r3.-r3.-d1.r2.-f0.d2.-r1.-d0.d1.-r2.d0.d3.-f1.-r2.d3.-r1.-d3.-r3.f0.r3.-f1.-r3.r1.-f0.-r1.r3.f1.-d2.f1.r1,47,47
264,r2.r1.f3.d3.-f1.d3.f1.d1.-d2.-f3.d3.f0.-r3.f1.-f3.r1.-f1.-r3.-r3.-d1.r2.-f0.d2.-r1.-d0.d1.-r2.d3.d0.-f1.-r2.d3.-r1.-d3.-r3.f0.r3.-f1.-r3.r1.-f0.r3.-r1.f1.-d2.f1.r1,47,47
265,-r0.-r2.-f2.-r0.d0.-r2.-f1.d1.r3.-f0.-r0.f2.-r1.-r3.-d1.r2.-f0.-r0.-f3.d1.-f3.f0.-d3.r0.-f0.-d1.-d3.f0.-d0.f0.-d3.-r0.f3.d3.-r0.r3.-d3.-r0.f3.d0.r0.-d0.-f0.f3.d3.-f3,46,46
265,r0.f3.-r1.-f1.d1.-r2.f3.-r3.-f1.-d0.-f3.d2.-f1.-r3.d3.-r1.-r0.d3.-f1.-f2.-d2.-d1.f1.-r0.f2.-d2.r0.-d1.-d1.-r0.-r0.-d2.r0.d2.d1.-r3.-f2.r3.-d3.f3.-f2.-r0.d1.r1.-d1.-r1.r0.f2,48,48
266,-f2.-d3.r2.-d3.f0.-d1.-f3.-d0.-d0.f1.r0.d1.d3.f0.-d0.-r0.f2.-r2.d1.f0.-r3.-d1.-f0.-d0.f2.d0.-f1.r2.-f2.f0.-r1.-f2.f1.d1.d2.-f2.-f2.-d2.r2.d0.d3.r0.d2.f1.-d2.-r0.-d0,47,47
266,-f2.-d3.r2.-d3.f0.-d1.-f3.-d0.-d0.f1.r0.d3.d1.f0.-d0.-r0.f2.-r2.d1.f0.-r3.-d1.-f0.-d0.f2.d0.-f1.r2.-f2.f0.-r1.f1.-f2.d2.d1.-f2.-f2.-d2.r2.d0.d3.r0.d2.f1.-d2.-r0.-d0,47,47
267,d0.f1.-r1.d1.-f0.-d1.d2.-f2.r0.-d1.f3.-d1.r3.-d3.-d3.d1.r3.-f1.-f2.-r2.r3.-d0.-f2.-r0.-f3.r0.d0.f0.-d2.f3.r2.-f3.-d0.f2.-d1.-f2.-r2.d2.-r2.r0.-d1.-r2.-d1.-d1.-r0.f2.-r2.-r2,48,48
267,d0.f1.-r1.d1.-f0.d2.-d1.-f2.r0.-d1.f3.-d1.r3.d1.-d3.-d3.r3.-f1.-f2.-r2.r3.-d0.-f2.-r0.-f3.r0.d0.f0.-d2.f3.r2.-f3.-d0.f2.-d1.-f2.-r2.d2.-r2.r0.-d1.-r2.d1.d1.-r0.f2.r2.r2,50,48
269,f0.-r0.-d0.-f0.-d2.-f3.f0.-d1.d2.-r3.f3.-d3.r3.d0.r0.r1.-f1.-r1.r0.d2.-f2.r1.f2.-d0.r0.-f0.-r0.-f2.-f3.r0.d0.f0.d3.f1.-d3.-f0.d1.f0.-d0.-f0.-d1.f0.-r0.-f0.f2.f3,46,46
269,f0.-r0.-d0.-f0.-d2.f0.-f3.-d1.d2.-r3.f3.-d3.r3.d0.r1.r0.-f1.-r1.r0.d2.-f2.r1.f2.-d0.r0.-f0.-r0.-f2.-f3.r0.d0.f0.d3.f1.-d3.-f0.d1.f0.-d0.-f0.-d1.f0.-r0.f3.f2.-f0,46,46
271,f3.r3.f2.-r1.r2.f3.-d3.r1.-f0.-r2.-d2.f1.r3.-d0.-d2.f1.f2.-d1.r3.d1.-f1.f3.r3.-f1.-f2.f0.r0.r2.d2.-r0.f1.-d1.-d1.-f1.-f2.f3.-r1.-f1.-f3.f2.-d1.-d1.-f1.-f1.f0.d1,46,46
271,r1.f0.-d2.-f1.-r2.f3.-d3.r2.f0.-r0.-r2.d2.-f0.-d2.r0.d3.r0.-d1.r1.-d3.f3.d1.f2.f3.-r1.-f0.-r1.-f2.f0.d1.-f3.d3.f3.f1.-f2.d1.-f2.-r2.-f2.-d3.f2.-d1.-f2.d1.d3.r2.-f1.-d3,48,48
272,-d0.d2.-f1.r3.d3.r3.-f2.-f3.r2.d3.-r0.-d2.r3.-d0.-d2.-r0.-f0.r0.-d3.-f0.-r0.-r3.-f0.r3.-d0.-f0.f2.r3.d2.-r3.-f2.-d0.r0.d0.-f3.r3.f3.-d0.f0.d0.f0.f3.r3.d3.-r0.f0.-d3,47,47
272,d2.-d0.-f1.r3.d3.r3.-f2.-f3.r2.d3.-r0.-d2.r3.-d2.-d0.-r0.-f0.r0.-d3.-f0.-r3.-r0.-f0.r3.-d0.f2.-f0.r3.d2.-r3.-f2.-d0.r0.d0.-f3.r3.f3.-d0.f0.d0.f0.f3.r3.d3.-r0.f0.-d3,47,47
273,-r3.d0.f3.r1.-d0.-d1.r1.-f0.-r3.d1.d2.r3.-f0.r3.-d0.-d0.-f1.-f2.-d0.f1.r3.-f3.-r0.-f0.-r1.-f3.-r3.r1.d1.f3.-d2.f2.d2.f0.d2.r2.-d2.d3.f1.-r1.f1.r1.d2.-r1.-d2.r1,46,46
273,-r3.d0.f3.r1.-d0.-d1.r1.-f0.-r3.d2.d1.r3.-f0.r3.-d0.-d0.-f1.-f2.-d0.f1.r3.-f3.-r0.-f0.-r1.-f3.r1.-r3.d1.f3.-d2.f2.d2.f0.d2.r2.d3.-d2.f1.-r1.f1.r1.d2.-r1.-d2.r1,46,46
275,r3.-d1.-d3.-f0.r0.f1.f3.d1.-f0.f3.r2.-d2.d1.r1.f0.f3.r0.-d1.r2.-d2.-r3.d1.-r3.d2.-r3.-f0.-r3.-f3.d3.-r0.-d0.-r0.-f3.-d3.-f0.-d0.f3.d3.r3.-f3.-r0.d3.f3.-d0.-r3.-d3,46,46
275,f0.r3.f0.r3.-f0.d3.-r1.-r1.f1.r1.-r3.d1.f0.d1.-r3.-r3.-r0.d2.-f0.-r3.-f3.r2.-f1.-f2.d0.-r1.-r1.f2.-r1.-r2.-f2.f3.-f0.-r1.d2.r0.f1.r1.-d2.-f2.-r0.d2.-f1.-f1.-d2.f1.r0.f2,48,48
278,r2.d3.f0.-r1.-d0.-d0.-f1.r1.r2.-d2.-d0.f1.-f3.r3.d3.r0.r3.-d3.r2.d3.-f3.r1.-f3.d0.-f3.-r3.f3.-r1.r3.d0.-f1.-d0.r1.-f3.-f1.-d2.d0.r2.d2.-r0.-d1.-r3.f1.-r2.-f1.r3.-r2.d1.r0,49,49
279,-f0.-r1.-d0.-f0.-f3.r2.d0.-r1.d0.-f1.d2.-f2.d2.-f0.-f2.-f2.-d0.-d0.-f2.-r0.r3.f0.f3.r3.-f1.-r0.-d3.r3.d0.-f0.-r0.r3.-d0.-f0.-f3.r3.-d0.f3.r0.-f0.f3.d0.-f0.r3.d3.r3,46,46
279,d1.f1.r3.-d3.r0.r3.d3.f3.r1.f2.d3.-f1.-d1.f0.-r0.-r1.-f1.d2.-d1.f1.-d0.r2.-d1.-r2.-d0.f1.d1.f1.r1.d1.-f1.f0.-d1.f0.f0.-d2.f0.d2.-r3.-f0.r3.d2.-r3.f0.r3.f3.f3.-d1,48,48
281,-r1.-d2.f0.-r0.-r0.-f0.-f0.d1.-r3.f3.-d1.r1.-f2.d1.r0.-f2.d0.-f0.-d2.-f0.d2.-f2.f0.-r2.-f0.r0.d2.f2.-d2.-r0.r1.-d0.-r2.f0.-d2.f1.-r2.d2.-f1.r1.r2.f0.-r1.-f0.-f0.-d3,46,46
282,r1.-d3.-r3.-f1.d1.-r3.f0.-d3.-r3.-f3.r0.d0.d3.r1.-d3.f0.-r0.-r2.-f3.-r0.r2.f0.-d0.d2.f1.-d0.r1.d0.-f1.d0.f2.-r1.f0.r1.-f2.-r1.f3.d3.-f0.-f3.-d2.-r2.-f1.d2.-r3.-d2.f1,47,47
284,-d0.f3.r0.f2.-r3.-d0.-r2.d0.-f0.-d0.d1.f1.-r1.-d0.-r2.-f2.f0.-d1.-r3.-r3.d0.-f1.d1.-r0.-d1.r0.f1.f3.d3.-f3.d0.-r3.d3.-r0.-f3.-f3.d0.-r0.d0.-f0.-r0.f0.-r3.-r3.f3.r0.f0,47,47
285,-f1.r0.f0.-d3.d2.-r0.-r2.d3.-r0.-f3.r2.-d2.r0.r2.f3.r1.-d3.r0.-f3.-r0.-r1.f2.f3.d3.-r3.-d3.f3.d3.-f1.-d3.-r2.-f2.-f3.f0.d2.r3.-f1.r3.-d2.-r2.d2.-r3.d2.r2.f1.-r2.-d2.-r3,48,48
286,-d0.-r3.-f3.-r0.f1.r0.-f3.-f3.-r1.-f2.-d0.-r1.-r1.-f2.d3.-r1.f2.r1.-d1.-r1.-d3.d1.-r1.-f2.r1.-d1.r3.f0.r3.d3.-f0.-d0.f0.-r3.r0.-f0.f3.r3.f3.-r0.-d3.-f0.d3.-r0.-d0.f0.d3,47,47
287,-d1.-r3.f1.r2.d3.r1.d0.f0.d0.f1.-d2.-f3.r2.d2.f3.r3.-d0.-f3.-d0.f2.-d0.r0.d0.-r0.-d1.-f2.r0.r1.-f2.-r1.f3.-d0.-r0.f1.d1.-f1.r0.-f2.-r1.d1.r1.f0.r1.-f1.-r1.f1.-d1.f2,48,48
289,r3.d2.-r0.f0.r2.f2.r0.d3.-f1.f3.-d0.f0.-r3.-f0.-r3.d2.-f3.f0.d3.f3.-d3.r3.-d0.r2.d0.-r3.-d0.d1.f2.-d1.f0.-d2.f0.d2.-f2.f1.-d1.r1.-d2.-f1.-r1.r2.-f1.-r1.d1.-f0.-d1.f1,48,48
290,d0.f0.-d0.d3.r0.-f3.d2.-r3.-d2.-r2.-d0.r2.f1.-d1.r0.-d2.f1.d3.r0.-f1.-r2.-f1.-f3.-r0.-d0.-f3.d2.f3.-d2.-d2.d0.f0.f3.r1.-r3.-d1.r1.d1.f2.-r1.-f2.-d2.r3.f1.r1.f2.r2,47,47
291,d1.f3.-d0.-f2.-r2.-f0.-d0.-d2.f3.d0.-r2.-d1.f2.-r3.-f0.-d3.-f2.f3.-r0.-f2.r0.f2.-d1.-f1.-d3.-d3.r0.f1.-r0.-d0.r0.-f1.-r0.d1.f1.r2.d1.-r2.-d1.d0.-r2.-d2.r2.d3.-r2.d2,46,46
293,r1.-f2.-r3.-f3.-r3.f2.-d0.d1.-f1.f0.-r0.-f2.-d0.-f0.-d3.f2.-d3.-f3.d0.-r1.-f1.-d1.r1.f1.d1.-r3.f0.r0.d0.r3.-f0.d0.f3.-r0.-r3.-f3.-f3.d0.r3.-f3.d0.f3.-r0.r3.-d0.r0,46,46
295,-f1.-f2.d1.f3.r1.d0.r3.-d2.-f2.-d1.d2.d3.f0.d3.f1.f2.-d0.d3.r2.-d0.-f0.r0.d3.-r3.d2.-f3.d0.f3.d3.-r3.d0.d1.-r3.-r3.-d0.-r3.-f3.-f3.d0.f3.d0.f3.-d1.-d2.-f3.d1.d2.-r3,48,48
296,d3.r2.f3.d3.r3.-r0.d1.-f3.d3.-r1.f0.-r3.-f2.-d3.r3.-f3.d0.-r2.-d1.-d0.r2.d0.f1.-d3.-f2.-r2.f1.-d1.-r2.-d1.-r2.-f1.d3.-f3.-d3.f3.-r3.-d2.-r2.d2.r3.-f2.-r2.f2.f2.f1.-r0,47,47
296,d2.r3.f3.r2.d0.-f1.r2.-d1.f0.-f3.-r1.r2.d3.-r3.r1.f1.-r1.-f0.d1.f0.d1.f3.-d1.f2.-d0.d1.-r3.-f3.r3.-d1.r3.-d1.-r3.-d1.f3.r3.-f3.-d3.-d1.-d1.-r2.d3.-f3.r2.-d1.f1.d1.-r2.f3,49,49
297,-f1.f3.r0.d2.-r2.-d1.-f0.-r3.d0.f0.-r2.-f0.f2.d1.r3.f2.-d1.r3.-f3.-f3.f1.-d0.r0.d0.r0.d2.-r0.f3.r3.-f2.-r1.f2.-r1.f0.-r1.r3.-f1.-f1.-r1.-r1.-f1.-r0.-r1.-f0.r1.f0.r0.-d3.f1.d3,50,50
297,f3.-f1.r0.d2.-r2.-d1.-f0.-r3.d0.f0.-r2.-f0.f2.d1.r3.f2.-d1.r3.f3.f1.f3.-d0.r0.d0.r0.d2.-r0.f3.r3.-f2.-r1.f2.-r1.f0.-r1.r3.-f1.-f1.r1.r1.-f1.-r0.-r1.-f0.r1.f0.r0.-d3.f1.d3,50,50
299,-r0.d2.-f3.-r0.f0.r1.-f3.-d0.r3.d3.r0.-d2.-d3.-f3.d2.-r3.f3.-d1.f0.d1.-f3.-d3.d0.-f3.d1.r2.d2.-r3.d1.r3.-d2.-d1.f3.d1.d3.r3.-f0.-d1.r2.-f1.-f1.-r2.f1.d1.f3.-f1,46,46
299,d2.-r1.f0.-d0.r2.-f2.f1.d3.f0.-f2.-d0.-r2.-r0.-f2.r2.r3.-f0.r3.-f3.-r3.-d3.f2.r1.f0.-r3.-r3.f3.d3.f3.-d3.-r2.-f3.-r3.f3.r2.-f3.d1.-r0.f2.-d1.-d1.-r2.-f2.r2.d1.r0.-d1.f1,48,48
301,d2.-f1.-r0.-f0.-d1.-r0.f2.-d0.r0.-d0.-d0.f1.-d0.-f1.f2.-d0.-r3.d0.-r0.f2.-d0.-f2.r3.d0.r1.-f2.-d1.f0.d1.-r1.-r2.-f2.-d3.f2.-d1.-r0.-r3.d3.f2.-d3.r0.r3.-f1.-f2.r1.f1,46,46
301,d2.f0.r0.r2.d3.r0.d0.-d3.f1.-f0.r0.d1.d0.f1.r0.d0.f0.-d3.f1.-r0.f2.r0.-r3.-f2.r3.-f1.-d1.-r3.-r0.f1.r0.-f2.-d2.r3.d0.f1.-d1.-r1.-f1.r1.-d0.-r2.-d1.r2.d2.d2,46,46
303,-f2.r0.f2.r2.-d0.d1.-r1.-d0.-f0.-f0.-f1.-r1.f3.r1.-d1.-d2.r1.f2.-d3.-d3.f1.-r3.d3.-r2.-d1.r2.d1.f0.r0.d3.-r3.-d3.r3.-f0.-r3.f3.d3.f3.r0.-f3.-d0.-r0.d0.d3.-f3.-r3,46,46
303,-r0.d3.d3.f2.-r2.d3.-f0.r2.-d0.d2.d3.-f2.r0.-f2.d0.-f0.-f0.-d2.r0.d3.-d2.-f0.f1.-f2.d0.r1.r2.f1.-r2.-d0.-r2.f2.-r0.-f2.-f3.-r1.f2.r1.r0.-f1.-d1.-r1.-d3.d1.f1.-d2.-f1.d3.d2.-r1,50,50
304,-d1.d3.-r1.d1.d3.-r3.-f0.-r0.r2.-f3.d0.-f0.-r0.d3.-f3.-d2.-r2.-d1.-f3.-d0.d3.r3.d2.-r3.d0.f3.-d0.-r2.-d3.-f2.d3.r3.-d0.-d1.r0.d1.-r0.d0.r2.-d0.f2.-d1.-f2.d0.-f2.d1.f2,47,47
304,d3.-d1.-r1.d1.d3.-r3.-f0.-r0.r2.-f3.d0.-f0.-r0.d3.-f3.-d2.-r2.-d1.-f3.-d0.d3.r3.d2.-r3.d0.f3.-d0.-r2.-d3.-f2.d3.r3.-d0.-d1.r0.d1.-r0.d0.r2.-d0.f2.-d1.-f2.d0.-f2.d1.f2,47,47
305,-d0.r2.d2.-r0.-r1.-d1.d2.r2.f0.d3.f0.d3.r0.-f2.-d3.-r3.d3.-r3.-d0.r0.r2.-f2.-r0.-d2.-f3.d0.f3.r1.-f3.-f3.r1.f3.-d0.-r2.-r3.-d2.-r1.d2.-f3.-d3.-f2.f3.-r2.d2.r2.f2.d3.-r1,48,48
305,-d0.r2.d2.-r1.-r0.-d1.d2.r2.f0.d3.f0.d3.r0.-f2.-d3.-r3.d3.-r3.-d0.r2.r0.-f2.-r0.-d2.-f3.d0.f3.r1.-f3.-f3.r1.f3.-d0.-r3.-r2.-d2.-r1.d2.-f3.-d3.f3.-f2.-r2.d2.r2.f2.d3.-r1,48,48
307,r3.-d3.-r1.-f2.-r3.-f2.-r3.-r3.-f1.r3.-d1.-f0.r2.-f3.-d3.-f0.-d0.-d1.f1.-r3.-f3.d1.-f3.-d2.-d3.f3.d2.-f2.-r3.d2.-r0.r3.-d1.d2.-r1.-d2.r0.-d2.-f1.d2.f1.r1.d1.f2.-d0.-d0,46,46
307,r3.-d3.-r1.-f2.-r3.-f2.-r3.-r3.-f1.r3.-d1.-f0.r2.-f3.-d3.-f0.-d0.-d1.f1.-r3.-f3.d1.-f3.-d3.-d2.f3.d2.-f2.-r3.d2.r3.-r0.d2.-d1.-r1.-d2.r0.-d2.-f1.d2.f1.r1.d1.f2.d0.d0,48,46
309,f0.r3.d0.-r3.r1.-f3.-d3.r0.f2.d2.r0.-f3.r1.-f1.-r3.d2.f2.-d1.f0.d2.f1.d1.-r2.-r3.-f3.-f3.r3.-f2.-f3.-r2.-r2.f2.r2.-f2.-r2.f3.-r3.d1.-f2.-d1.-f3.f2.r2.f3.-r0.f1,46,46
309,r0.f0.r2.d3.-f0.r3.d3.-r0.d2.-f0.-r0.-r2.-d1.f2.r2.d1.r1.-d0.-r3.-f3.-r3.-d0.-f3.d0.-d2.f3.-f1.d2.d2.-r1.-f1.d2.-f3.f1.f1.-d2.-f2.-d1.-d1.f0.-r1.-f0.-d1.f2.r3.f1.d1.-f1,48,48
311,f2.-d3.-f1.-r0.d3.-f1.-d0.f3.r1.-d2.f3.d2.r0.-d2.d0.-r1.-r1.-d1.f0.-d2.f2.-d0.-f0.d1.d2.f0.d2.-f3.-r1.d2.f3.-d3.r1.-d2.d3.-f0.-d3.-f3.r0.-d3.-f2.-r2.f2.d3.-r0.f3,46,46
311,-r1.-f1.-d3.r0.f2.r1.-d0.-f2.d3.-f3.r2.-d2.r3.-r2.-d1.f0.-r3.-f2.d0.r0.f2.-r0.-d2.-r0.-d0.-f3.d0.f3.r0.-f3.d0.d0.-d1.-f2.-d3.f2.d1.-f0.-f1.r2.-d2.-r2.-d2.f1.d2.f0.-r1.-d0,48,48
312,-d1.-f2.r2.f0.-r0.f2.-r0.-d0.-r0.d1.r1.-d0.-d0.-d3.-f0.f1.d1.-f1.-f1.-f2.-r0.f1.d1.r1.-d1.d2.f2.-r1.-r3.f3.-r3.-d3.f0.d0.-r0.-f3.r3.-f0.d3.-r3.r0.-d0.-r0.-r3.-d0.-f0.-r3.-d3.r3,49,49
312,r1.-r2.-r2.d1.f0.-d3.d2.f3.-r3.-f2.-r1.d3.-r1.f2.r1.d3.f1.-d0.-f1.d0.f0.-r0.-r2.-d0.-f3.-d0.r2.f3.r2.-d0.d1.-r1.r2.f0.-d2.-f0.r1.r2.d0.-f1.r2.-f2.-r2.-f3.f2.f2.r2.-f2.f1.-r2.d1,51,51
313,-d0.-f1.-r1.d0.-f0.-d2.f3.-d0.r0.-d1.-f2.r0.d1.-f3.d1.-f3.d1.r1.-d1.f1.-r1.d1.-r2.-d3.r0.-d0.-r2.d0.r0.-f2.-f2.-d3.-f2.-f2.d3.-f1.-d1.-r2.-r2.d1.r2.-f2.r2.d2.f1.-d2,46,46
313,-d0.-f1.-r1.d0.-f0.-d2.f3.-d0.r0.-f2.r0.d1.-f3.-f1.d1.r0.-f1.-f1.-r0.-f3.d1.-r2.-d3.r0.r0.-d0.f1.f1.-d0.-d1.-f2.d1.d0.f1.-r2.-d2.-r2.d2.f1.-r2.d0.f2.-d2.r2.d2.-r2,46,46
314,-f3.-d2.r2.d3.-f3.-d2.-f0.-d3.r0.d2.-f0.f3.-d1.r3.d3.-r1.-f3.-d3.f3.-d2.-r3.d2.r3.-d1.d3.r2.-d3.f2.d3.-f2.d3.r0.-d3.-r0.-f2.r0.d3.-r0.-f1.-r2.d1.r2.f0.-d1.f1.d1.f2,47,47
314,-f3.-d2.r2.d3.-f3.-d2.-f0.-d3.r0.d2.-f0.f3.-d1.r3.d3.-r1.-f3.-d3.f3.-d2.-r3.d2.r3.d3.-d1.r2.-d3.f2.d3.-f2.d3.r0.-d3.-r0.-f2.r0.d3.-r0.-f1.-r2.d1.r2.f0.-d1.f1.d1.f2,47,47
317,-r1.-r2.r0.-f2.-d0.-f3.f0.-d1.d3.-f1.-d1.-d2.-r1.-r1.r0.f1.-r0.d2.r0.-d2.-f1.d2.-f3.-d2.f3.d2.f0.-r0.-d3.f0.d0.-f3.f0.d0.r0.-d0.-f3.r0.-f0.d0.-r0.-d3.-f0.-r3.-d3.f3,46,46
317,-r1.f1.-r3.-f0.-f1.d2.-f0.-d3.d1.d0.-f1.-r3.-d1.-f0.r0.-r3.-d1.-f0.r1.f0.-r1.-d0.r0.-r3.-r2.f1.-r0.-d1.r2.d3.-f0.d3.r2.-d3.-r2.f0.f0.-f2.-r2.-r3.f2.-d2.-f2.d2.r3.f2.f2.-f0,48,48
319,f0.-r0.-f1.-r2.d0.-f2.f1.-d1.-f2.-r0.-f2.d2.-f3.f1.-r0.-r3.f0.-r0.-f2.-r1.d3.f2.d3.-f2.r1.f2.r3.-f0.r0.-d0.-r3.f0.d3.-r0.-d0.d3.-r0.d0.f3.r3.-f3.d0.f0.-d0.-f0.r3,46,46
319,-r2.-r1.f1.f0.-d0.r0.d0.-d3.-f0.r3.d1.-d2.-f0.-d2.-f2.f1.d0.r3.-f0.r3.r3.f0.r2.d0.-r2.-d0.-d0.-d3.-r2.-f3.r1.r3.-d1.r2.-r3.-d2.-d1.-r2.d1.r3.r2.d3.-f1.-d1.-r2.d1.r2.-d3.d1.-r3,50,50
321,-d2.f2.d3.-f3.d3.-r0.-r0.f3.-d1.-f3.d3.f1.d2.-r1.r3.f1.-d2.d3.-f1.-r2.d2.-f3.-r3.-r3.d3.r3.-f1.-d3.-f1.-d2.f1.d2.f1.d2.r0.d2.-f0.-f3.-r2.f0.r2.f3.d2.-r2.-d2.-d2,46,46
321,-d2.f2.d3.-f3.d3.-r0.-r0.f3.-d1.-f3.d3.f1.d2.r3.-r1.f1.d3.-d2.-f1.-r2.d2.-f3.r3.r3.d3.r3.-f1.-d3.-f1.-d2.f1.d2.f1.d2.r0.d2.-f3.-f0.-r2.f0.r2.f3.d2.-r2.d2.d2,46,46
322,-d2.-f0.-r0.d3.r1.-d0.-d2.-r1.-f1.-r0.r1.d3.-f0.-f0.-f3.-f3.r1.d3.-f0.r2.-d3.r3.-f0.-f3.-d3.f0.-r3.d1.d3.r3.-d0.f0.r3.d0.-r3.f3.r0.d0.-f3.-f3.-d3.-r3.-r3.-f0.-f0.-r0.-r0,47,47
322,r2.f1.-f0.-r1.d1.-r0.-f1.r3.r3.f0.r1.f3.f0.r3.f2.-d3.f3.r0.d3.f2.d0.f3.-f1.-d0.-d0.-r3.-f0.-f3.-d0.-f2.f1.-d3.-d3.-r0.-d0.f1.f2.d0.f0.r0.-r3.-d2.-f1.-r1.f1.r1.d2.r3.-r0,49,49
323,-r3.d1.-f3.r2.-d3.f2.-d0.-r1.r2.f3.-r0.r3.-f1.f3.d0.-f0.-f2.-r0.-r3.-f2.r2.-d3.-f3.r1.f3.-r1.d3.f2.-r2.-r3.-d2.-r3.-d1.d2.-r2.d1.r3.f2.-d1.-f0.r1.f2.-r1.f0.-d1.-d1,46,46
323,-r3.d1.-f3.r2.-d3.f2.-d0.-r1.r2.f3.-r0.r3.f3.-f1.d0.-f0.-f2.-r3.-r0.-f2.r2.-d3.-f3.r1.f3.-r1.d3.f2.-r3.-r2.-d2.-r3.d2.-d1.-r2.d1.r3.f2.-d1.-f0.r1.f2.-r1.f0.d1.d1,46,46
324,-f2.-d1.f3.-r3.d2.-f1.-d1.-d1.-d3.d0.r3.f3.d2.f0.-r3.f2.r0.-f0.r3.f0.-r3.-r3.-d1.r1.d1.r3.f0.r3.-f3.-r3.-f0.f3.r0.f3.d3.-r0.d3.-f0.r3.d3.f3.r0.-d0.f3.d3.r3.-f3,47,47
324,d3.-d1.r1.r2.-d3.-d1.r2.-d0.-r0.f3.-d3.-r0.-d3.-d3.-f3.r1.f3.r1.r1.d0.-f0.r0.f0.r1.r1.f0.d1.-f2.-d1.f2.-r0.-f2.-d2.-r1.d0.-r1.d2.-f2.-d2.-f2.-d3.-r1.d3.-d2.f1.-d2.-f1.-d2.f2,49,49
325,-f0.r1.f3.-d2.-r0.-d0.f1.r0.-f2.-r3.f1.r2.f0.f3.-r3.f2.-r0.-d0.-r3.-d2.r3.-d1.-f0.-d2.-f1.d2.-r3.d0.r3.-f0.d0.-f3.f0.-r3.-d3.r0.d3.-r3.f3.d3.-f0.-f3.-r0.-f0.-d0.d3,46,46
325,f1.d3.f3.-f0.-d0.-f1.d2.f2.-r3.-f0.r3.-r0.r3.-d1.f3.-d3.-d1.-f3.-r2.r0.r0.d2.d0.-f3.f0.-r3.-d1.-d1.-r0.r1.-f2.r0.d1.r3.d1.-f0.-f3.r3.-f2.r1.-f1.r1.d1.f2.-r1.-d1.f1.d1,48,48
326,d0.-f2.f3.r3.-d2.-r2.-f2.r3.-d1.d0.d2.-r1.-r3.d0.-r3.-f0.-f3.r0.d0.-f1.r0.-d0.f3.-d0.f1.-r1.r2.d2.-f1.r3.f0.-d2.-f0.r1.f2.-r2.d2.-f2.-d0.-d2.-f0.-f0.-d1.-f2.d1.-f0.-f0,47,47
326,d0.f3.-f2.r3.-d2.-r2.-f2.r3.d2.d0.-d1.-r1.-r3.d0.-r3.-f3.-f0.r0.d0.-f1.r0.-d0.f3.-d0.f1.-r1.r2.d2.-f1.r3.f0.-d2.-f0.r1.f2.-r2.d2.-f2.-d2.-d0.f0.f0.-d1.-f2.d1.f0.f0,47,47
327,d3.-r3.-d2.f3.d3.-r3.-f0.-f0.f2.d1.d3.r1.f2.d3.f0.-d3.-r2.-f2.-d3.-d3.d0.r0.-f0.-f3.-d3.-r2.r3.-d3.-r2.d3.r3.-d0.-d3.d2.r2.-d0.-d2.d3.-f2.-d0.-d0.r2.-f0.-r2.d1.r2.-d1.d0,48,48
327,d3.-r3.-d2.f3.d3.-r3.-f0.f2.-f0.d1.d3.r1.f2.d3.f0.-d3.-r2.-f2.-d3.-d3.d0.r0.-f0.-f3.-d3.-r2.r3.-d3.-r2.d3.r3.-d3.-d0.d2.r2.-d2.d3.-d0.-f2.-d0.-d0.r2.-f0.-r2.d1.r2.-d1.d0,48,48
328,f3.r1.-d2.-r3.-f1.-d2.f3.r1.d3.r0.d1.d3.r2.-f1.-r2.-f3.-d3.-r0.f2.-d3.d1.d2.-r0.d0.-f0.-d2.r0.f3.-d0.-f0.-f3.-r0.f3.d0.f0.r3.f3.d3.f0.-r0.f3.r0.-d3.d0.r0.f3.-d3,47,47
329,-r1.r0.-d0.r2.-f3.r2.f3.-d3.d1.r0.-f0.-r1.-d2.r1.f0.-d2.f0.-d3.r3.-d0.-d1.d3.-f3.-d2.r3.-f0.d2.-r1.-f1.r1.f0.f2.d1.r1.-f2.r1.d2.-r1.r2.-f3.-r2.f1.f2.r2.f3.-r2,46,46
330,-d2.r0.d3.f1.-d3.d0.-f0.r1.f2.-d0.r0.d2.r0.r2.-d2.-r2.d2.r1.f3.r3.f3.d1.-f3.-f3.-d2.-f3.d0.r3.-d0.-f0.r1.-f3.-r2.-r1.f0.d1.f3.f3.r2.-d1.-r2.-f3.r2.d1.-r2.-d3.-f3,47,47
331,-r3.-d0.-f2.-r3.r1.f3.r2.-f2.-f2.-r0.-r3.-d0.-r3.r1.d0.f0.d1.-f0.d2.r3.d3.-f3.-r1.-d1.-d2.-r3.-d3.-r3.-r3.-f0.d0.r0.f3.r3.-d0.f0.d0.r3.-f3.f0.-d0.-f0.-d0.d3.r3.d3,46,46
333,d3.r1.-f0.-r1.-f1.d1.d3.-f0.r3.d3.f2.r2.r3.-d2.d0.-f3.d2.-f0.-d3.-r3.f0.d1.f3.-d3.-f3.-d2.d0.d3.r0.-f0.d0.f3.d0.f3.d0.-r0.d0.-r3.f0.-d3.-r0.-d0.-r3.-f3.r3.f3,46,46
336,-d0.r1.r3.-d2.-f0.-r2.f1.d0.-r2.-d1.-f1.-r1.-d2.-d2.r0.d1.d2.-r1.f3.r1.d3.-f0.d0.r3.d2.f3.-d2.r3.-f0.d3.-f0.-f3.d3.-f3.-r3.r0.-f3.f0.-d0.-d3.f0.-r3.d3.-f0.d3.-f3.-r0,47,47
336,r2.d0.-d3.-f0.d2.-r3.-d1.-f0.-r1.-f2.d2.f2.r2.d1.-d0.r1.f0.-d2.f1.d2.-f1.r2.f0.-r3.d1.d2.-r2.d0.f0.r0.-f3.f0.-r3.-d0.r3.d1.f3.f0.d3.f2.-d3.-r3.-r0.d3.r0.r3.f1.r2.d3,49,49
337,-f1.d1.r1.d1.-f0.-r1.-d0.r2.d3.-r2.r3.-f1.-f3.r3.f3.r2.-d3.f0.-d2.f0.-r3.r0.-f0.d3.-r0.-r2.f0.f3.-r0.-r0.-d3.-f3.r0.f0.-r0.-f3.f0.-d3.d0.-r0.d3.r0.-f0.-r0.-d0.r0,46,46
337,-d3.f1.d0.-r1.f2.-d2.f1.-r1.-r3.d0.d1.r0.r0.-f0.r0.f0.-r3.-f3.d0.d0.-r3.-d0.d1.r3.-f1.r3.-f1.d1.d1.r0.-d2.-r3.-d2.-r3.d2.-f1.d1.f3.-r2.-f1.r2.-f3.-r0.-d2.r0.f1.-d1.-r0,48,48
341,-f3.-r2.f2.-d3.f0.-r2.d0.-f0.-d2.-d2.f1.r0.f2.-r0.f2.-r2.r0.-d0.d3.r1.-d0.-d0.-f3.r2.r3.-f1.r1.d0.-r2.-d0.-d1.r1.-d1.r1.f1.-d0.r3.d0.-f1.-d0.-r3.d0.-f1.r3.f1.-r3,46,46
341,-f3.-r2.f2.-d3.f0.-r2.d0.-f0.d2.d2.f1.r0.f2.-r0.f2.r0.-r2.-d0.d3.r1.-d0.-d0.-f3.r3.r2.-f1.r1.d0.-r2.-d0.-d1.r1.-d1.r1.f1.-d0.r3.d0.-f1.-d0.-r3.d0.-f1.r3.f1.-r3,46,46
342,-f2.f1.r1.-f3.-r0.-f2.-r2.f1.-d3.-r3.-f0.f1.d3.-r1.d1.d3.r1.-d3.r1.-f2.-d0.-r1.-r3.d0.-f3.d1.r2.d2.r0.-f2.d1.f2.-d1.f3.-d0.-f1.-d3.r1.d1.f2.d1.-r1.-f2.-d1.d3.-f1.d1.f1.d1,49,49
342,f1.-f2.r1.-f3.-r0.-f2.-r2.f1.-d3.-r3.f1.-f0.d3.-r1.d1.d3.r1.-d3.r1.-f2.-d0.-r1.-r3.d0.-f3.d1.r2.d2.r0.-f2.d1.f2.-d1.f3.-d0.-f1.-d3.r1.d1.f2.d1.-r1.-f2.-d1.d3.-f1.d1.f1.d1,49,49
343,f3.-r1.f0.d2.-r3.d2.d3.-f2.d3.-r2.r1.-f0.-f1.r0.-d3.r2.-f2.r3.f2.-r2.f2.r0.-d0.-d2.r3.d2.d3.r3.-f0.-d0.-d0.-r3.-d0.-r0.f0.-d0.-f3.-f3.d0.r0.-f0.f3.-r0.-d3.r3.-f3,46,46
343,-f2.-d3.-f1.r0.-f1.-r1.-d0.f3.r2.-d3.f3.d3.-f3.r3.-r1.-f3.-d1.f2.d3.f1.f3.r0.d1.-r2.-d1.-f1.r3.-d1.r2.-d2.d0.f2.d2.-d0.f2.d1.-r2.r1.-d2.-f2.-r2.-r0.-f0.r0.f2.-r0.f0.-f2.r2.f2.r0.-f2,52,52
344,-r0.-r0.-r2.f3.r1.d1.f1.d3.-r3.-f2.d0.-r3.f0.d1.r3.-d2.d3.-r2.-d0.d2.-r2.-f0.r3.d0.f0.-r0.r2.r3.-f0.-r0.f3.-d0.-d0.-r0.d3.-r3.-d0.d3.-f3.r0.-f0.-d3.r0.-d3.r3.-f0.r3,47,47
344,f1.-d0.-r0.d0.-f3.d3.f1.-r0.d2.-d1.-f2.-r0.d3.f2.-r0.f0.r1.r0.f2.f0.d0.-f0.r0.d1.f2.f1.r1.f1.-f2.d1.-f0.-r1.-r1.f0.-d1.-f1.d0.-f0.-r1.f0.-d3.r1.d1.-r1.-d0.r1.-d1.-f1.-r1,49,49
345,-d1.-d3.f0.-d1.r2.-d0.-r3.r1.f1.f2.-r2.r3.-f0.d0.-f3.-d1.-f1.-f3.r0.f3.-d0.-d3.-r0.-r1.f1.r0.-f1.r1.d3.-r0.f2.-r1.-d2.r0.d2.r0.r1.-f0.d2.d3.f2.-d3.f2.d3.f2.-d3.f2.-d2,48,48
345,-d1.-d3.f0.-d1.r2.-d0.-r3.r1.f2.f1.-r2.r3.-f0.d0.-f3.-d1.-f3.-f1.r0.f3.-d3.-d0.-r0.-r1.f1.r0.-f1.r1.d3.-r0.f2.-r1.-d2.r0.d2.r1.r0.-f0.d2.d3.f2.-d3.f2.d3.f2.-d3.f2.-d2,48,48
346,-r1.r0.d0.r1.f1.d0.f3.-r1.-f3.-f3.-d1.f0.-d3.r0.d2.r0.r1.-f2.d0.-r0.-r1.f3.-r0.-r1.-d2.-r1.-d3.r0.r1.d2.f1.r1.-f1.d3.-f0.r1.f0.f1.r1.-d1.-f1.-r1.-d3.-f1.-d2.f1.-d0,47,47
346,-r1.r0.d0.r1.f1.d0.f3.-r1.f3.f3.-d1.f0.-d3.r0.d2.r0.r1.-f2.d0.-r0.-r1.f3.-r0.-r1.-d2.-r1.-d3.r0.r1.d2.f1.r1.-f1.d3.-f0.r1.f1.f0.r1.-d1.-f1.-r1.-d3.-f1.-d2.f1.-d0,47,47
347,d2.r1.-f0.r0.-d2.-f0.-d0.-r3.d3.r1.r3.-d0.r1.-d0.r0.r2.f0.-d3.-r2.-f3.d3.-r2.-d3.-f0.-f0.r1.d1.d3.-r2.-f1.-r1.f3.d1.f1.-r2.f1.d1.f3.r2.-f1.r2.-f3.-d1.-r2.-r2.-d1.-d1.r2,48,48
347,d2.r1.-f0.r0.-d2.-f0.-d0.-r3.d3.r1.r3.-d0.r1.-d0.r2.r0.f0.-d3.-r2.-f3.d3.-r2.-d3.-f0.-f0.r1.d1.d3.-r2.-f1.-r1.f3.d1.f1.-r2.f1.d1.f3.r2.-f1.r2.-f3.-d1.r2.r2.d1.d1.r2,48,48
351,-r0.-d0.-f1.f2.r2.-d0.f2.-r3.f0.f2.-r0.-f1.-r1.d0.-r3.-d0.-d2.r0.-d2.-r3.r0.d2.-r1.-d2.r3.d0.r2.f3.d1.-f3.-r2.f2.-r3.r2.-f2.r3.-f3.-r1.d3.-f2.-d2.-d3.r1.-f2.-r1.f2,46,46
351,-r0.-d0.-f1.f2.r2.-d0.f2.-r3.f0.f2.-r0.-f1.-r1.d0.-r3.-d0.-d2.r0.-d2.-r3.r0.d2.-r1.-d2.r3.d0.r2.f3.d1.-f3.-r2.f2.-r3.r2.-f2.r3.-f3.-r1.d3.-f2.-d3.-d2.r1.-f2.-r1.f2,46,46
353,-f3.r1.-d2.r0.-f1.-r3.f0.-r1.-d0.-r0.r1.-f0.-f0.r3.d1.d2.d3.-f0.d3.f2.-d3.-r0.r1.r2.-d0.-f0.-r2.f1.d1.f2.-r2.-d1.-r1.r3.d2.-r0.-r3.-d2.r0.r2.-f1.r3.f2.r1.r2.f2,46,46
353,-f3.r1.-d2.r0.-f1.-r3.f0.-r1.-d0.r1.-r0.f0.f0.r3.d3.d2.d1.-f0.d3.f2.-d3.r1.-r0.r2.-d0.-f0.-r2.f1.d1.f2.-r2.-d1.-r1.r3.d2.r2.r1.-f2.-r1.-r3.-f1.r3.f2.r2.r1.f2,46,46
355,-f0.-d0.f2.-d1.r2.-d3.-f1.-d3.-d3.r0.-f3.r1.-f0.d0.f0.r1.-d0.-f0.-f1.-f1.-r3.f2.-r0.r3.-d3.r0.f0.-d0.-d0.-r1.f2.-r2.d1.-r0.-r3.f3.-d2.d0.-f2.-r2.d2.f2.-r1.-d2.r1.r2.-d0.-f0,48,48
355,-f0.-d0.f2.-d1.r2.-d3.-f1.d3.d3.r0.-f3.r1.-f0.d0.f0.r1.-d0.-f1.-f1.-f0.-r3.f2.r3.-r0.-d3.r0.f0.d0.d0.-r1.f2.-r2.d1.-r0.-r3.f3.d0.-d2.-f2.-r2.d2.f2.-r1.-d2.r2.r1.-d0.-f0,48,48
356,d3.-r0.d0.f0.-d0.-d3.f1.r3.f0.-d0.-r1.-f3.f1.d3.-r2.-d3.r3.-f3.f0.d1.-f0.-d1.-r1.-r3.-f2.f3.-d3.d2.f2.d1.-r2.-f2.d3.-f3.-d1.-f1.-f1.d1.f2.f3.r1.-d2.-f1.d2.-r1.r2.d3,47,47
356,d3.-r0.d0.f0.-d3.-d0.f1.r3.f0.-d0.-r1.-f3.f1.d3.-r2.-d3.r3.-f3.f0.d1.-f0.-d1.-r1.-r3.f3.-f2.-d3.d2.f2.d1.-r2.-f2.d3.-f3.-d1.f1.f1.d1.f3.f2.r1.-d2.-f1.d2.r2.-r1.d3,47,47
358,d1.-r1.-f0.f3.d1.d2.-r0.r2.f3.r0.d0.-f2.r1.r3.-f2.-r3.d0.-f2.r1.f0.r1.-d0.-r1.-d0.f2.-r3.f3.-r3.d1.-f3.-d1.-f1.-r1.-r3.-d1.r1.r3.-f1.-r3.d0.d3.-r1.-d1.r1.-d0.-f0.-f0,47,47
358,d1.-r1.f3.-f0.d2.d1.r2.-r0.f3.r0.d0.-f2.r1.r3.-f2.-r3.d0.-f2.r1.f0.r1.-d0.-r1.-d0.f2.-r3.f3.-r3.d1.-f3.-d1.-f1.-r1.-r3.-d1.r1.r3.-f1.-r3.d3.d0.-r1.-d1.r1.-d0.f0.f0,47,47
359,r1.-f0.d3.-r3.r1.-d1.-f2.-d1.-r3.r0.f0.-r0.-d0.f0.-d1.-d3.r0.-d1.-d2.-f2.-d2.-f0.-f0.d1.-f2.-r3.-f3.r0.f3.d1.r1.r2.-d2.-d2.-r1.-r3.-d1.r3.d2.f1.d2.r3.d1.-f2.-r2.f2.-d1.-r3,48,48
359,r1.-f0.d3.-r3.r1.-d1.-f2.-d1.r0.-r3.f0.-r0.-d0.f0.-d1.-d3.r0.-d1.-d2.-f2.-d2.-f0.-f0.d1.-f2.-r3.-f3.r0.f3.d1.r2.r1.-d2.-d2.-r1.-r3.-d1.r3.d2.f1.d2.r3.d1.-f2.-r2.f2.-d1.-r3,48,48
361,-r0.-f2.-f3.d1.f0.r2.-f0.-f0.d0.r0.-f1.f2.-d0.f0.f3.-r3.r1.f1.-r3.r1.d1.-f3.d1.-r1.-d1.r1.-f3.d3.f3.d0.-f3.r3.f0.f3.r3.-d0.-f3.-f3.-d0.f3.d3.-f3.-r0.d0.f0.-r3,46,46
361,-d1.r3.-d3.-r1.r2.-d2.f3.-d2.-r2.f2.d3.-d0.-f2.-f2.-f3.d1.r1.f1.r3.-f3.-f3.d2.d3.r3.-d0.r0.-f2.d0.-r0.-r2.-r3.d1.f0.r2.-f0.d2.-d1.r2.d2.-d3.d0.-f1.-d2.-d2.f1.-d0.f3.-r0,48,48
362,-r1.-d0.f0.d2.r0.d3.-f2.-f3.-r3.f1.f3.-r1.-d3.-r0.-r3.f3.-d0.-d0.-f3.-f3.r0.d1.f0.d0.-f0.-r2.-d1.f0.f1.-d2.f0.d2.r2.-f1.-r2.f3.-d2.-r3.d2.-r1.-f1.d2.r1.d2.-r2.d2.r3,47,47
362,-r1.-d0.f0.d2.r0.d3.-f3.-f2.-r3.f1.f3.-r1.-d3.-r3.-r0.f3.-d0.-d0.-f3.-f3.r0.d1.f0.d0.-f0.-r2.-d1.f1.f0.-d2.f0.d2.r2.-f1.-r2.f3.-d2.-r3.d2.-r1.-f1.d2.r1.d2.-r2.d2.r3,47,47
364,r3.-d3.f3.d2.-r1.-f0.-f1.-r2.-d0.d1.d3.f2.f3.d0.f1.r0.r1.-d1.-f1.-r0.f3.r0.d1.-r0.f3.r0.-d0.r3.f0.f1.d1.-r3.-d1.-f2.-r3.f2.r3.d1.r3.-d1.-f1.-f1.-d1.d3.-r2.d1.r2.-d3.f1,49,49
364,r3.-d3.f3.d2.-r1.-f0.-f1.-r2.-d0.d1.d3.f3.f2.d0.f1.r1.r0.-d1.-f1.-r0.f3.r0.d1.-r0.f3.r0.-d0.r3.f1.f0.d1.-r3.-d1.-f2.-r3.f2.r3.d1.r3.-d1.f1.f1.d3.-d1.-r2.d1.r2.-d3.f1,49,49
365,r0.-d0.-r0.-d3.-r1.f2.f3.d2.r0.-d1.-f3.r0.-d1.d3.-r0.f1.d1.-f1.d1.-r3.-d1.f2.-d0.-f2.d0.d2.-f3.-d1.f3.-d2.d1.-f1.d2.d3.f3.r2.-f3.-r1.d3.-r1.-d3.r1.-d2.f1.d2.-f1,46,46
365,r0.-d0.-r0.-d3.-r1.f2.f3.d2.r0.-d1.-f3.r0.d3.-d1.-r0.f1.d1.-f1.d1.-r3.-d1.f2.-d0.-f2.d2.d0.-f3.-d1.f3.d1.-d2.-f1.d2.d3.f3.r2.-f3.-r1.d3.-r1.-d3.r1.-d2.f1.d2.-f1,46,46
366,-d0.r1.-f0.-d1.d0.r2.-f0.-d0.-f1.r0.-f0.-f2.d0.r0.d3.f3.-r0.r2.-d1.-d2.f0.d1.r0.-d0.-r0.-d3.d2.r2.d3.-r2.-r3.-r3.r0.f0.-r2.-f0.r2.-f0.-f0.r3.f2.-r3.-f0.-f0.r3.d3.r0,47,47
366,-d0.r1.-f0.-d1.d0.r2.-f0.-d0.-f1.r0.-f2.-f0.d0.r0.d3.f3.r2.-r0.-d2.-d1.f0.d1.r0.-d0.-r0.-d3.d2.r2.d3.r0.r3.-r2.r3.f0.-r2.-f0.r2.-f0.-f0.r3.f2.-r3.f0.f0.r3.d3.r0,47,47
367,r1.-d1.d2.r1.d3.-r0.d2.r1.r3.-d3.r2.-d3.-r0.-d3.-f2.f0.-r0.-r0.-d1.r1.d0.-r1.r3.-d0.-r3.-d0.d1.-r3.-r3.-f0.-f0.-r3.f3.-r0.-f0.-r3.-f0.r3.-d3.-r3.d3.f0.-r0.r3.f0.d3,46,46
367,r1.-d1.d2.-r2.-d0.-f3.-d0.f0.-f2.-d3.-r3.f0.-d3.-r0.-f3.-r2.-f3.-r3.f3.-r1.f3.d1.-r0.-r0.-d3.-f0.d3.f0.f0.f3.-r2.f0.-f3.f0.-d3.r0.-d3.-f3.d1.-r1.-r2.-d1.f3.d1.r2.r1.-d1.-r2,48,48
368,-r2.-d1.f1.r3.-f3.-d0.d2.f1.-r3.r1.r2.-f2.-d1.-r0.-r1.f1.r0.f2.-r0.-r3.d3.f0.-r0.-r0.f3.-r2.-r3.f3.-d0.f3.-d3.d0.-r3.d3.f0.r3.d0.-f3.-r0.-r3.-d0.r3.-d3.-d3.f3.-r0.-r0,47,47
368,d2.-f3.-r3.d1.f0.d2.-d0.f1.-f3.-r0.f1.d0.-f2.-r1.r2.f2.f0.r3.f3.-f1.f2.r0.-f0.f1.-f3.r0.f1.-r0.d3.f1.d3.-f1.d0.f1.-d3.-f2.-r0.f1.-d2.f2.-f1.d2.r2.r3.-d1.-r1.d1.d2.-r2.-d2.-r3,51,51
371,-f2.-r1.-d0.-r3.-f0.-f0.d2.r3.f2.-d1.f0.f1.r1.-d1.-d1.-d2.-f3.-d1.-r0.r3.d1.-r3.f3.-r0.f2.-d1.d3.-r3.-r3.r0.-f3.d2.f3.d2.r3.d1.r2.-f2.r2.-d1.-r2.f2.-r0.-r2.-d1.-d1,46,46
371,-f2.-r1.-d0.-r3.f0.f0.d2.r3.f2.-d1.f0.f1.r1.d1.-d2.d1.-f3.-d1.r3.-r0.d1.-r3.f3.-r0.f2.-d1.d3.r3.r0.r3.-f3.d2.f3.d2.r3.d1.r2.-f2.r2.-d1.-r2.f2.-r2.-r0.d1.d1,46,46
372,r2.-d3.-r3.-d1.d2.-r1.r0.f1.f2.r0.-d0.-d3.r1.f2.d2.-r3.-f1.-r2.f1.d3.f3.-r3.-f0.d0.f3.-r1.-r3.-r3.-f3.r0.-d3.-f3.f0.r0.f0.-d3.-f0.f3.r3.f0.d0.f0.-d0.r3.-d0.-r3.-f0,47,47
372,f2.r3.-f3.-r1.f2.-d1.f0.-r3.d1.-d3.f2.-r2.-f3.f0.r0.d0.d3.r0.-d0.-r0.d2.f3.-d0.-r0.-f3.-d0.-r0.d3.-r3.-r3.d3.r0.r3.-d2.r3.d1.-r3.d2.-f3.r3.-d1.-f2.r2.-f2.-f2.-r2.-f2.r3.d1,49,49
373,-d3.d1.r2.-d2.-r2.-r3.f0.-d0.-d2.-r1.d2.-f2.-f3.r2.d0.-f3.r2.f3.-d2.-r2.-f3.d3.-r0.-r3.r1.d3.-r1.r3.-f3.-r0.f3.d0.-r0.r3.f0.d3.-r3.-r3.-d0.-d3.-f0.-f3.-d0.f0.-r3.-f3.-r0.-f3,48,48
373,-r0.-f3.r2.-r0.-f3.-d1.-r0.-r1.f3.r3.r3.f3.-r2.-d3.r2.-d0.-r0.f1.-r1.-f1.-r3.f0.d1.-f1.r0.d3.-r0.-d1.-r2.d1.r2.-d3.-f1.-d0.r2.-d2.d0.-f1.-f3.r2.-f1.-r2.f1.f1.-r3.d1.r3.-f1.-r3.f1,50,50
374,-f0.-d2.-r1.-f0.-f1.-r1.d2.r3.f3.d3.r1.f1.-r0.f1.r2.-d2.-r3.-d1.-d1.r3.f1.-r2.d1.-f1.r2.d2.-r3.-r3.f3.d3.f0.d3.r3.-d3.f3.-d0.-f3.d0.-r0.f3.r0.f3.-r0.f0.d0.-r0.-r0,47,47
374,-f0.-r3.-f2.r0.-d0.f0.-f2.-d3.-f0.-f3.r0.d1.r2.d1.-d2.f0.d3.d3.-f1.d3.r3.-f3.f2.f0.r3.f3.-r3.-f0.r1.f2.d2.f2.f2.-d2.-f2.r1.f2.r1.r2.r1.-f3.-r3.-r2.d3.-r2.-d3.r2.-d3.-r2,49,49
375,-r1.-d2.r0.d3.-f0.f1.f3.r3.f0.-r3.d1.-f2.-f2.-d0.-f1.-f1.-r0.f3.d1.f2.-r2.-r2.f1.-r0.-r0.r2.f0.-d2.f3.r0.-f3.d2.f3.-d1.-r0.-f3.r0.r3.d1.f1.-d2.-r0.-d1.r0.d2.-f1,46,46
375,-r1.-d2.r0.d3.-f0.f3.f1.r3.f0.-r3.d1.-f2.-f2.-d0.-f1.-f1.-r0.f3.d1.f2.-r2.-r2.f1.-r0.-r0.r2.f0.-d2.f3.r0.-f3.d2.f3.-d1.-r0.-f3.r3.r0.d1.f1.-d2.-r0.-d1.r0.d2.-f1,46,46
378,r0.-d3.d0.f2.-d2.-f2.-f3.-d0.-d0.d1.-r3.-f2.-r0.f0.-r1.f1.r1.r3.f3.r3.f0.-r3.-f1.-f3.d1.f1.d0.-r0.-r0.-d2.r3.d2.-r0.-r0.-d2.-f0.d1.r3.-f0.-r1.f1.d1.f1.r1.-f1.-f1.-d1,47,47
378,r0.d0.-d3.f2.-d2.-f3.-f2.d1.d0.d0.-r3.-f2.-r0.f0.-r1.f1.r1.r3.f3.r3.f0.-r3.-f1.-f3.d1.f1.d0.r0.r0.-d2.r3.d2.-r0.-r0.-d2.-f0.d1.r3.-f0.-r1.f1.d1.f1.r1.f1.f1.-d1,47,47
380,d3.-r0.r2.-d3.f3.-d0.-d3.d1.-f3.-r1.-r2.d1.f0.-r3.-d0.f3.r3.-f0.-d2.f0.-d0.-f3.-r0.d2.-r0.f1.-r3.f1.r2.r3.f1.r0.-f0.r3.-d2.-r3.-f1.f0.-d1.-f1.-f1.d1.-f3.f1.-r2.-d1.-f1.d1.r1,49,49
380,d3.r2.-r0.-d3.f3.d1.-d0.-d3.-f3.-r2.-r1.d1.f0.-r3.-d0.f3.r3.-f0.-d2.f0.-d0.-f3.-r0.d2.-r0.f1.-r3.f1.r3.r2.f1.r0.-f0.r3.-d2.-r3.-f1.f0.-d1.f1.f1.d1.-f3.f1.-r2.-d1.-f1.d1.r1,49,49
381,-d0.-f0.-d0.-f0.r0.-f2.f1.d3.-r3.-f0.-f3.-d3.-r0.d1.r0.-f2.f3.-r0.-r2.-d3.r1.d3.-f2.-f3.-r3.f2.-r0.d2.-f2.f3.r3.f1.d2.-f1.-r3.-f3.-r2.r3.-d2.-d2.-f3.r2.f2.-r2.f3.r2,46,46
381,-d0.-f0.-d0.-f0.r0.f1.-f2.d3.-r3.-f0.-f3.-d3.-r0.d1.r0.f3.-f2.-r2.-r0.-d3.r1.d3.-f2.-f3.-r3.f2.-r0.d2.f3.-f2.r3.f1.d2.-f1.-r3.-f3.-r2.r3.d2.d2.-f3.r2.f2.-r2.f3.r2,46,46
382,-f2.r3.-d3.r2.-d2.-r0.-d3.f0.f2.-r1.f0.d1.-f0.-f0.-r2.r1.-d1.r2.-f1.d3.-r1.-d0.-f1.-d1.-d2.f1.r3.d3.-r0.d0.-r0.-d3.d0.r0.d3.r3.d0.-r3.d0.-r0.-d0.r0.-d3.-r3.d3.f0.r3,47,47
382,-f0.r1.f1.-d2.-r2.d0.f3.f3.-d2.-d0.r0.-d1.-d1.f0.-r2.-d1.-r2.-f3.f0.d3.-f3.-d1.-f3.d1.d0.r3.-f3.r3.-d1.-r3.d1.f3.-f2.-d0.r1.-f3.r1.f3.r2.-d2.r2.r1.f2.-r1.-f1.-d1.-f2.f1.-r2,49,49
384,-d2.f0.-r1.f0.-d0.r3.f1.d0.-f3.-d3.-f0.d2.-f3.-d1.r1.f3.d0.r1.-d0.-r1.-d2.r0.-d1.-r1.d1.r1.-f2.-f2.r2.-f2.d0.f3.-d0.-r2.r1.d0.-r2.-d3.d1.-f2.r2.-d1.f2.d1.-r2.d3.-r2,47,47
385,f2.-d0.f3.-r0.d0.-r2.r3.-f3.r1.-d1.r1.-d0.-r0.f0.r0.-d3.r3.-f0.d2.-f3.-d3.d0.-r0.-d1.-f1.d2.-r0.f1.-r0.r3.f3.d0.d1.f2.d2.-f2.d3.-r3.-f1.-r2.f1.-r0.r3.-f2.-r2.f2.r0.r2,48,48
386,d0.-r2.-f3.-d1.-f0.-f0.-d1.d3.-r1.-d0.f0.f2.-d3.-r1.-f0.-d0.d2.f0.r3.-d3.-r3.-d2.d3.f3.r2.d2.-r3.-r3.-d3.f0.-r3.-f3.d3.f0.-r3.-r3.d0.-f0.-d3.-r0.f3.-r0.-r0.f0.r3.f3.d0,47,47
389,r0.r2.d1.-f3.-r0.d3.-r3.f1.-d0.r1.d3.-f1.r3.f1.r3.d2.r1.-f0.-d0.-d0.-f3.d1.f3.d0.f0.f2.-r3.d0.-f2.f1.-d2.-f2.-d1.r2.-f1.-f2.-d0.d1.r2.-f1.-d1.-d1.d2.-r1.f1.d1,46,46
390,d1.-f3.-d3.d2.-r1.-f1.-r2.-r3.d0.r3.f3.-d1.-d3.-f2.-f3.-r1.-d2.r3.-f0.-r3.-d3.r3.-d1.d2.f0.d0.d1.-f0.-d2.-f0.-f0.r1.r2.d2.-r2.-d2.f0.d3.f2.-d3.-f0.-r1.f0.f1.-d2.-f1.d2,47,47
393,-r1.f0.r2.-d0.d2.-f0.d0.-f3.r0.-f3.-d3.d0.f2.d2.d3.-r2.d3.-r0.f3.-r1.f1.-d3.-f1.d3.-r0.-d3.r1.-f3.-r3.f3.-d0.f3.d3.-f0.d0.-f0.r3.f3.-d0.f3.-r3.-f0.r0.d3.-f3.r0,46,46
393,-f0.r0.d2.-f1.-d0.r2.d0.r2.-r3.-d3.f3.-r0.f0.d1.r3.d0.f1.d0.-f1.-f0.d0.r0.-d0.r2.f2.-r2.-f2.r1.-r0.d3.-r1.-d3.-r0.-r1.-d1.r0.f1.r1.d1.-f1.r2.-f0.d2.f0.-d2.-r2.d2.f3.-d2.f1,50,50
395,-r0.-f3.r1.-f0.-r1.r0.-d1.-f3.-r2.-d0.-f3.f1.r0.-f2.d2.f3.-r0.r1.-f1.f3.r1.d2.r3.f3.-r3.f1.d2.r1.-f2.d2.-f1.-f3.-r1.d2.-f3.f2.-d2.-r1.-d2.r1.d2.f3.-r1.f3.r1.f1,46,46
395,-r0.-f3.r1.-f0.-r1.r0.-d1.-f3.-r2.-d0.-f3.f1.r0.-f2.d2.f3.-r0.r1.f3.-f1.r1.d2.r3.f3.-r3.f1.d2.r1.-f2.d2.f2.f0.-d1.-r1.f2.-f3.r1.-d1.r1.d1.-r1.-f1.-f0.-f2.-r1.f3.r1.f1,48,48
397,f3.-r2.-d0.-f3.f1.-d2.-f0.r3.d2.-r1.-d1.-r3.d0.r0.f0.-d0.-f1.f0.-r1.f1.f3.r1.-d2.-d3.r0.d2.f0.-d3.f0.r0.f0.d0.r0.f0.f3.-r3.-d0.-d3.-r0.d3.f0.-r0.-f0.-r3.-f3.r0,46,46
397,r3.r3.d0.-d2.-f1.-r1.d2.f3.r2.-d0.d3.-f1.-d3.-f3.d0.-r0.-f0.d1.r2.d0.r0.-d0.r0.-f3.-d3.-d0.f0.d0.-f0.-d3.f0.-d3.f0.d3.f2.-f1.d2.f1.-f2.d3.f3.-r2.-d2.f2.d2.-f3.-d2.-f2.-d3.-d1,50,50
399,f3.-r2.-f1.-r3.-d2.-r0.-r2.d3.r3.d3.f0.-d2.f0.-d1.f3.-r1.-f0.d3.f0.-d0.-d2.f3.d2.-f3.d0.-r3.r1.-d0.-r0.-r3.-f0.f3.r3.d3.-f3.d0.r3.-f3.-d0.f3.-d0.-f0.-d3.-f0.r0.-f0,46,46
399,r1.f1.-f3.-r2.-r2.-f3.d3.r0.-d1.f3.r0.f3.-d1.f3.d1.r2.r3.-f1.-d1.-r2.-f2.-r3.f1.f0.-r3.-f3.-d0.-f0.-d2.-f2.-r0.-r3.-d1.r3.d3.-r2.d1.r2.f2.-d2.r2.-d0.d2.d2.-r0.d1.f1.-d1.-f1.r0,50,50
402,r2.-d0.-d2.r1.-f1.-d3.f2.-r2.r0.f3.-d3.f0.-d1.-f1.d0.r1.-d0.-d2.d3.r2.-f3.-r2.d0.r0.d0.r2.f0.-d0.f0.-r0.-f0.f3.-d3.f3.-d0.-f0.-r0.-f3.-r3.r0.-d3.d0.f3.-d3.d0.f3.r3,47,47
402,r2.-f2.-d3.r0.f0.-d2.r0.r3.-r1.-d3.-f0.-r0.f1.f0.r2.-r0.-f3.d0.-f3.d3.d0.-f3.-d3.r3.-d2.-r0.-r1.d2.-r3.d2.-r2.-d2.f3.r3.-d2.r1.-f1.-f3.-d0.-f1.d0.f1.-d0.f1.r2.-f1.-r2.d0.f3,49,49
403,d0.d1.-r0.d0.r2.-d1.r1.r2.f2.f3.-r1.r0.d2.d3.f0.-d3.-d3.-f3.d2.-f0.-f3.r3.-d0.-r3.d1.r3.f3.r3.-f3.f0.-d0.-f3.-d3.r0.d0.-f3.d3.-f3.r0.-d0.-f0.r3.f3.-d0.r0.-f0,46,46
403,f3.d0.-r2.-f3.-d2.-f1.d0.-d1.-r2.-r2.-f1.-r2.f3.-r0.-d1.-f3.-d0.r1.-f1.d3.d0.f0.d2.-f2.-f0.-r0.-d2.r0.d2.f2.r2.-r0.d2.f1.-r2.-d2.-r0.d2.-r1.-d2.r1.-r0.-d2.r0.-f2.-r0.d2.r0,48,48
404,d0.-r2.-r2.-r3.-d3.d1.r1.-f0.-r2.f1.d2.f0.-d0.r3.-f2.-r3.-d0.-f0.d0.-f2.-r0.-r3.f1.-d3.-r3.d3.f2.-r0.-f0.r0.d3.f3.r3.-d3.-r0.f0.r0.-d3.-f3.d0.-f3.-d3.r3.-d0.-f3.-d0.f0,47,47
404,-d3.f2.-d2.f0.d3.f0.r2.-d1.-d0.r3.-f0.-f2.r0.f2.f0.-r3.f1.f1.r0.-d0.r3.f0.-d3.r0.f0.d3.-f0.r2.d0.-r2.d1.-r2.d3.-f2.-d3.-d3.-d0.f1.r2.r2.f3.-f2.-r2.-f1.r2.-f3.d3.r2.-d1.-r2.-d3,51,51
405,r3.-f0.-f3.-d3.r2.f2.-r0.f3.-d1.-d1.d2.r2.-f2.-r0.r1.-f1.-r3.-f1.-f1.-f2.-r1.-d0.r3.d0.r1.r3.-f0.f3.d0.r0.f3.-r0.-r0.-f0.-f0.-r3.-r3.r0.d3.f3.-r0.r3.-d3.d0.f0.f3,46,46
405,f3.r0.r0.-d2.f3.-r0.-f0.-d0.r3.-d1.r1.-f0.d1.r2.-f2.r0.-d1.-r1.-r3.-d3.-f2.-d3.f2.d3.-d0.r0.-d0.f0.d2.-f3.-r0.-d0.-r2.d0.r0.f3.d0.-f0.-d1.-d2.-r3.f2.-d1.-r2.d1.-f2.r3.d1,48,48
407,-f2.-d3.r1.f2.d1.r1.-d1.-f0.r1.r3.-d0.-r1.-d2.-d2.r1.f1.-r3.-f0.-f3.-d1.r0.-f0.-f3.d1.d2.-f1.r3.-f3.-f3.d3.-r0.-d0.r0.-f0.f3.r0.-f3.-r0.-f0.-f3.-d0.-r3.d0.r0.-f0.f3,46,46
407,f0.-d3.d0.-f0.-r1.r2.-d1.-f0.-r0.f1.r3.r0.f1.-r0.-f0.r3.f2.-d2.-r1.-f3.-f2.-f3.d3.r1.-f2.-f2.r0.d1.r3.r2.f2.r2.f1.-r2.d1.-f1.r2.-d1.-f0.-d0.-r3.f0.-r2.d0.-r2.-d0.-f0.r3,48,48
408,f0.-r1.-d3.f1.-r0.d2.-f2.-r1.-f3.r3.f0.r0.-f2.-f3.r0.d3.-f3.-d3.-f3.f0.f2.-r3.-d2.r3.-d1.f3.-r0.-d2.r1.-f3.f2.d2.-r2.-d2.f1.d1.d2.-r0.-d2.r0.-d2.d1.-f2.-d1.-d1.f2.r2,47,47
408,f0.-r1.-d3.f1.-r0.d2.-f2.-r1.-f3.r3.f0.r0.-f3.-f2.r0.d3.-f3.-d3.-f3.f2.f0.-r3.-d2.r3.-d1.f3.-r0.-d2.r1.f2.-f3.d2.-r2.-d2.f1.d1.d2.-r0.-d2.r0.d1.-f2.d1.d1.f2.-d2.r2,47,47
409,r1.d3.-f3.f2.r2.-d3.-r0.-d2.-r0.f1.-d2.f2.-r1.r3.-f1.-d2.-f1.-d1.-d1.f1.-d1.-d1.-f2.d3.r1.r3.-d0.r0.f0.r0.-f0.f3.-r3.d0.-f0.-d3.f0.d3.f3.-d3.r0.-f0.-d0.r0.-d0.-r3,46,46
409,-d3.-d1.r3.-f3.-r1.-f1.d0.-r1.f0.-d3.-r2.r0.d2.-f1.d3.f2.r2.-d1.r3.r2.-f3.d0.f3.-r2.-f3.d1.-r3.f3.d0.-r1.d0.r1.-d0.-d1.-d0.f3.f1.f2.r2.-d1.-r2.d1.f0.d1.-r2.-d1.-f3.-d1,48,48
410,-f3.f0.-d3.d0.r0.d3.-r2.-f3.-r2.-f0.r0.d0.f3.-r1.-r2.-f0.r1.r2.-f0.-d0.f3.d0.-f3.r0.d2.f0.-r2.r1.-f0.-d1.r3.-d1.f0.r1.d1.-f0.d1.f2.d1.r2.d1.-r2.-f2.f0.-r1.-r1.r2,47,47
410,f0.-f3.d0.-d3.r0.d3.-r2.-f3.-r2.-f0.r0.d0.f3.r3.r0.d3.-r0.-r3.-f0.-d0.f3.d0.-f3.r0.d2.f0.r1.-r2.-f0.-d1.r3.-d1.f0.r1.d1.-f0.d1.f2.d1.r2.d1.-r2.f0.-f2.r2.r1.r1,47,47
413,f0.-r2.-r2.-d1.-r3.-r3.r2.f3.-d1.f3.-d3.-f1.-r3.-f3.-r1.f2.d3.-f2.-f3.d0.-r3.-r3.-d1.-f0.d1.-r3.-r3.-d3.-r3.-d0.r0.-f0.r3.-d0.-d0.-f0.r3.d0.-r3.f3.r0.r3.f3.-r0.-f0.-f0,46,46
413,f0.r0.f1.d0.-r1.r2.f3.-d2.-f0.-r1.d2.d3.r3.-f2.f1.-r3.-d0.-d3.-r3.f1.f0.-r3.-d1.-f1.-d2.-r2.-r1.d2.-d0.r3.-d2.-r3.f3.-r1.f2.d1.r1.-d1.r1.-f2.d1.-f0.d0.-f1.d2.f1.-d0.f0,48,48
414,-d0.f1.-r0.r3.-d0.-r3.f3.-d1.-d2.r1.d1.r1.r2.f2.-r0.f1.-r1.-f1.r1.f0.-r1.f0.d3.r1.-f0.-f0.-r1.f0.f3.-r3.-d0.r0.-f3.r3.d3.-r0.-f0.-d0.f3.r3.-f0.-d0.f0.-r0.d0.-r0.d0,47,47
414,f1.d3.-f1.d3.r1.-f2.-f0.d2.d3.-f0.d2.d2.r2.r0.f3.-r0.-r2.f3.-d1.-f0.-d3.f0.d3.d0.r0.r2.d1.-r0.-f3.-r2.d1.d2.f3.-d0.-f3.-d1.d2.d0.-f3.-d0.f3.-d2.-f3.-d2.f3.d1.-f3.-d1.f3,49,49
417,f0.-r2.d3.f1.d3.-f3.r3.-f1.r2.f2.d1.f3.-d0.d3.r0.-d0.-r0.-r2.-f1.-r3.r0.d1.r0.d2.d3.-r1.d0.r1.-d0.-f1.-d2.-d3.-r3.f1.-r0.-f2.d1.-f3.-r2.f3.-d1.r2.f2.r0.-f1.-r0,46,46
418,d3.r1.d2.-f1.-f2.-r0.-d3.-f0.-d1.f3.-r0.r3.f1.-r0.-r0.f0.-r2.f1.-r3.r0.-f2.-r0.-f1.-f3.-d2.r3.d2.-r3.f1.-d1.d0.-r2.-d0.-f1.d2.-f1.-d3.f1.-d2.-r2.-r2.-f1.-f1.-r2.d2.-r2.f1,47,47
419,-d3.-r1.-f1.r2.f3.-d3.-r0.d0.-r2.-d1.-f3.-r2.-f3.r0.d1.-r0.-r2.-f1.-r3.r0.-f0.r3.-d0.-d3.-r0.-r0.f2.-r3.-f3.-f3.-d0.-d3.-r3.-f3.f0.-r0.-d3.r3.d3.-r0.-d0.r0.f3.-d0.-d0.r0.-f3.-f3,48,48
420,f1.d1.-f0.r3.d2.-f3.d3.-r3.-r3.-f3.-d0.f2.-d0.f1.r1.r2.f1.-r2.-f0.r1.r3.d1.r2.f3.-d1.-f3.-r2.r3.-f0.-d0.-f2.d0.r2.d2.-r0.f2.r0.d0.-r0.-r3.f0.f1.f3.d0.d3.-r0.-f0.r0.-d3,49,49
421,-r0.-d3.r3.d2.-r3.d0.f0.r2.f2.-r0.-d2.r3.-d1.d3.-f2.-d0.f2.d1.-r2.d3.-f1.-r0.-r1.-d1.r0.r2.f1.f2.-r0.d0.d1.r1.-d0.-f1.d0.d1.f1.-d1.-r1.-d0.r2.-d1.d0.r1.-d0.f0,46,46
422,-r2.-d2.-r2.f0.-r1.-d2.-f3.r2.-f2.-r0.-d3.d0.r3.-d2.f3.-r3.-r3.-f3.-r3.-f3.-r0.-f3.-r3.-d3.d2.-r0.-r3.-f3.r3.-d0.-d2.f0.d0.-r3.-f0.-d0.r3.-f0.-r0.-f2.f0.-r3.d0.f3.-d0.r3.f2.-d0.-d0,49,49
424,d2.f0.r0.r1.-f2.r0.-f0.d3.r1.f0.r2.-d1.f0.-r2.d0.r0.-f1.f0.r0.-f0.d2.-r0.-f0.-d3.f0.-d2.f3.-d2.-f3.-d2.-r3.-d3.-r2.-d0.d3.r2.d0.r3.-d0.-r2.d0.d2.r3.-d2.-r2.d2.-r3,47,47
428,r1.-f2.-d3.-r0.r1.d0.-r0.f3.-d0.-r1.-d1.-f0.d1.-f1.d0.d1.-f1.-d0.r2.d2.r0.r3.-d2.r1.r2.f2.-d1.-r0.-d3.d0.-f3.d3.f0.-r3.-f3.-r3.-d0.r0.-d3.r0.-d0.d3.-f3.-r0.d3.f3.r3,47,47
429,d0.-r1.f3.-r2.d0.-f1.-d0.-r0.-d0.-r2.-d0.-f1.-f2.r1.r2.-f2.-d3.-r3.-f3.f2.d3.r2.d0.d2.-r2.f0.d2.f1.r3.-f0.-d2.-r3.r1.d2.-f1.-r1.f0.r1.-d2.-d2.-r1.-d2.-d2.-f0.-f2.-r2,46,46
431,r0.d0.-f3.-d0.-f2.-r3.f0.-d3.r0.-f3.-d1.-d1.-d3.-f3.-r3.-f3.r3.-f1.f3.r2.-d0.-d3.f3.r1.-f0.-r1.f0.-r2.d0.f2.-d0.-f2.f3.-r1.-f3.r2.-f0.-r3.d0.f0.-r2.-f0.r2.-d0.-r0.-r2,46,46
432,-d1.-f2.f3.-r0.-d0.-d2.-r0.-r2.-f2.-f2.f1.-d0.-r0.-f1.f2.d0.r0.r2.d3.-r1.-d0.-r0.-f3.-r0.d3.-f0.r0.r3.d2.r0.-f0.-f3.-r0.-r0.f0.r3.-f3.f0.d0.f0.-d3.f0.r0.d0.r3.-f3.d3,47,47
435,-r0.-d3.-f3.-r0.f1.r3.d0.-r1.-f3.d0.-f3.-r0.-f2.-r0.-f1.f0.-r2.-r3.-f3.-r3.-f0.-r3.f1.-r0.-d1.-d2.-f0.d3.f2.-d3.f0.d2.-f2.-r1.d1.f2.-d1.d0.r1.-d0.-d1.-d1.-r2.-d1.d0.-f3,46,46
437,-d2.f2.d0.-r2.d2.-r3.f3.-d1.d0.-r1.f0.f2.-r3.r0.f2.-r3.-f3.-f3.f1.d0.r0.-d3.d0.f2.-r0.-f0.-f2.-r3.f3.-r3.f3.-d3.-f3.-f3.r3.-f3.-d3.-r0.-d3.-f3.-d0.-d3.-r3.d3.-r0.-r3,46,46
438,-f3.-r2.-f3.d3.-r3.r1.-f3.-f3.-r1.-r2.-d0.d2.-r3.d3.-f0.d3.r0.-f0.-r2.-r2.r3.d2.-f3.-d2.f3.d2.-r1.r2.-d2.r1.f3.r3.d0.-f3.-r2.f3.-d0.-f0.-f1.-d1.f1.-r2.d0.f1.d1.-f1.-d0,47,47
439,r0.-d3.-f1.-r2.-f0.-r1.-r2.-d2.r3.f3.-r1.-d3.f3.-d3.f3.d2.-r0.f1.-r0.-f1.-f2.-f2.d0.r0.f1.-r3.-f2.-r0.d3.-f2.-d1.f2.-d3.-r3.-f1.d2.r3.-d2.r3.d2.-f3.d1.f2.-d1.-f2.f3,46,46
441,f2.r0.-d3.d1.-f1.-d0.-f1.f3.r3.f3.-d3.-f3.r0.d2.-f2.-d3.-r0.-f0.-f2.-d1.f0.-d0.-r1.-r1.d1.-r0.r1.f1.d1.-f1.f2.-d3.-f3.-r1.f3.-r0.-d1.-f3.r1.f0.f3.d1.-f0.-d1.-r1.d1,46,46
441,f2.r0.-d3.d1.-f1.-d0.-f1.f3.r3.f3.-d3.-f3.r0.d2.-f2.-d3.-r0.-f0.-f2.-d1.f0.-d0.r1.r1.d1.r1.-r0.f1.d1.f2.-f1.-d3.-f3.-r1.f3.-r0.-d1.-f3.r1.f3.f0.d1.-f0.-d1.-r1.d1,46,46
443,-d2.f3.r3.-f2.r3.f2.r2.f3.-d0.-r1.-f0.f2.-r3.r0.-f2.-r3.d2.-f1.-r0.-r0.-r1.-r3.d3.-f0.-d3.f0.-r2.-r2.-f3.d2.-f0.r1.d1.f3.-r1.f3.-r2.r1.-d1.-r1.r2.-f3.r1.f3.-r2.-d2.r2.f3,48,48
443,-d2.f3.r3.-f2.r3.f2.r2.f3.-d0.-r1.-f0.f2.r0.-r3.-f2.-r3.d2.-f1.-r1.r0.-r3.r0.d3.-f0.-d3.f0.-r2.-r2.-f3.d2.-f0.r1.d1.f3.-r1.f3.r1.-r2.-d1.r2.-r1.-f3.r1.f3.-r2.-d2.r2.f3,48,48
444,-f0.d1.f3.d2.-f1.f3.-r0.r2.-d1.-f3.-d0.-r0.f0.r3.f2.-r3.r1.-f0.-r3.-f2.r3.-f0.-r0.-r2.r1.d2.r1.d1.d3.r2.f2.d2.r2.-d2.-d2.d1.r2.-d1.d2.r0.-d1.-r1.-f2.-d2.-r1.-r1.d1,47,47
444,-f0.d1.f3.d2.f3.-f1.-r0.r2.-d1.-f3.-d0.-r0.f0.r3.f2.-r3.r1.-f0.-r3.-f2.r3.-f0.-r2.-r0.r1.d2.r1.d3.d1.r2.f2.d2.r2.d1.-d2.-d2.r2.d2.-d1.r0.-d1.-r1.-f2.-d2.r1.r1.d1,47,47
447,-f1.-r3.r2.f2.-d0.d2.f2.d1.d3.r1.-d3.-r3.-f0.f2.r0.-f2.-f2.-f3.-r3.f2.-r3.-f0.-f0.r0.d2.-r2.-d1.r3.-d2.r2.-d1.-f1.-r1.d2.-f2.r0.-f1.-f2.-d2.f1.-r0.-f2.d1.f2.-r3.r1,46,46
447,d0.-f1.-f3.-r0.-d0.-d0.r1.d3.-d1.-r1.-r2.d0.f0.-d0.r3.-d0.r3.r1.-f3.-f0.r0.d2.r0.-d2.r0.-f3.-d3.r0.-d3.-r0.-f1.d3.-f3.-d3.f1.r0.-d3.f3.d0.-f0.r3.-d2.-r3.f0.-d0.-f3,46,46
450,-d3.f2.d2.f3.-r1.d0.-f0.f2.-d3.-f3.-d3.-f0.-f2.d1.f3.-d3.-d3.d0.f0.-r2.-f3.-d1.-f3.-r0.f3.d1.r0.r3.-f3.-r3.-d3.-d3.r0.-f0.-d0.-r0.d3.-r3.-d3.r0.r3.-d0.r0.-d0.-r0.f0.r0,47,47
450,r2.-d1.f2.f0.r0.f1.-d0.-d0.r3.-r0.-f0.f1.r3.-f3.-r0.d1.-r0.d2.-d1.r0.d0.-r3.f0.r3.-f0.d3.r1.-f3.d2.-r1.f3.r1.f3.r2.-r1.-f1.-r2.-d2.f2.f1.d1.-f2.d0.-r2.-f2.-d1.r2.f2.r2,49,49
452,r0.d3.-d2.r1.-r2.-d2.-r0.-f0.d2.-r3.-d1.f3.-d0.f0.d2.f3.d1.-r0.-d1.-f0.r0.f0.r0.f3.d2.f1.d3.-f1.-d0.f3.-r0.f3.f3.r0.d0.d3.f3.r0.-d2.d0.f3.-d0.-f3.d2.-d0.-r0.f0,47,47
453,-d3.-r2.f1.-r3.d3.d3.-f0.r0.-d1.-r3.-f3.-f3.r1.d0.r0.d1.-r3.-r3.f1.r0.-r2.-f2.r2.-d1.-r0.r1.d2.-r3.-r1.-f2.d0.f3.-d0.-f2.d2.d1.-f2.d0.f2.-d2.-d1.f0.-f3.f2.f2.r3,46,46
454,d0.f0.r0.-r1.r3.d0.f1.f0.-d1.-f0.-f0.d0.r2.-d0.-r3.-f0.d3.-f0.r0.f0.d3.-f3.-r3.-d3.f0.-f1.d3.f1.d0.d1.-f1.-d3.f3.d1.f3.d3.f1.-d3.-f0.r2.f1.-r2.f0.-f1.-r2.f3.f3,47,47
455,d2.d3.-f3.f2.-r0.-d2.-r0.r1.-f0.f2.r1.f0.r1.f0.d0.f1.-d1.-r1.-f0.d0.-r0.r3.-f1.f3.-d0.f1.r3.f3.-d0.-r3.d0.-r0.d3.r3.f0.-d0.-f0.-d3.-d3.-r3.d3.-f0.f3.-r3.f0.r0,46,46
455,f2.r2.d1.-r3.-f0.d0.-r0.r1.f0.d1.-r0.d1.f2.-f3.-d0.f1.-f3.-f2.-r0.-f3.-r0.d1.r0.-f3.-d0.d2.-f3.d1.f3.d0.-f3.r3.d1.f0.r2.d2.-r2.f3.-f0.d2.d2.f1.-d2.-r2.-f1.-d2.r2.f0,48,48
457,r2.d1.d3.r0.d3.r1.-f2.d3.-r3.-f0.-d0.-f2.-d2.-f0.-f0.f2.-r1.f0.d3.-r0.r1.f3.d3.r1.-d3.-r1.f0.f3.r3.f0.-r0.f3.-d0.r0.f3.-r3.-d0.-f0.-r3.-d0.r3.d3.f3.r3.f0.d0,46,46
457,-f1.r1.-f3.-r3.-f2.-r3.f1.-d1.f3.r3.f3.d0.f1.-r2.r1.-r2.-f3.r1.r2.-d3.-r0.-d3.f0.d0.d0.-f2.f1.r0.-f1.-r0.-f0.d3.d0.-r1.d3.f2.-d3.r2.d3.r2.d2.-f2.-d2.-r2.-d3.r3.d2.-r3,48,48
460,-d1.f0.-r0.f2.-d1.-d1.-f0.d0.r0.r2.-f2.r0.d0.-r3.-d0.-r3.f0.r0.f0.d0.f2.-d0.-d1.r3.d1.r0.d3.-f0.-f3.-r1.-r1.-d3.f1.d2.-f1.-d2.f1.d3.r1.-f2.-f2.f1.d2.f2.r1.-f2.-f2,47,47
460,-d1.f0.-r0.f2.-d1.-d1.-f0.d0.r0.r2.-f2.r0.d0.-r3.-d0.-r3.f0.r0.f0.d0.f2.-d0.-d1.r3.d1.r0.d3.-f3.-f0.r1.r1.-d3.f1.d2.-f1.-d2.f1.d3.r1.f2.f2.f1.d2.f2.r1.f2.f2,47,47
461,f1.-d2.r1.f2.-r3.f3.-d3.-f1.r1.-d2.d1.-r3.f2.f3.r2.f1.-r2.r3.-d0.-r3.-f1.-r0.-f2.-d1.-f3.d1.f2.r0.f3.-d0.d3.-r0.-r0.r3.-d3.r3.-f3.-d0.r0.-f3.-r0.f0.d3.f0.-d3.d0.-f3.-d3,48,48
461,-f1.r2.d3.-d1.r3.-f3.r2.f3.d0.r3.-f0.-d1.-d0.-f1.-f2.-f2.d0.r0.f0.-r0.-d0.r0.d0.-f0.r3.d3.-f2.d0.r2.f0.-r2.-d0.f2.-d3.-d3.r3.-d0.f3.-r3.-d1.-f3.-r1.r3.-f1.r1.r1.f1.-r3.-r1.f3,50,50
462,-r3.-f1.f3.-r3.r2.d1.-f3.d1.-r1.f0.-d2.-r0.-r3.-d2.d1.-f2.-f3.-r0.-r3.d1.f3.r3.-d1.-d2.r0.-d0.-d2.-f0.d2.f3.d3.r3.d3.r0.-f0.-f3.r3.d3.r3.f3.-d0.r0.-f0.d3.-f0.r0.d0.d3.-f3,49,49
462,-d3.-d0.-r0.d3.f2.-d0.r0.f2.-d1.-r0.r2.-f1.r0.-f0.-d0.-f0.d0.r2.f1.-r3.-f1.-d3.-r3.-r3.-d0.r3.d0.-f0.-r3.f2.r3.f0.r3.-f2.r1.d1.-r1.d1.-f2.-f2.d1.-d0.r3.f3.f2.-r2.-f2.r2.-f3.-r3.-r2,51,51
463,-d2.f2.-r0.-r3.d3.-r3.-d1.r2.-d2.d1.-f2.-r3.r2.f1.-d2.-f1.d0.-r0.-r0.r3.-d1.-f2.r3.f2.-r3.d1.-r0.-d0.-r3.-f0.f3.d0.r0.-f3.-r0.-d0.d3.-r3.-f0.-d3.-r0.-r0.f3.-d3.r3.-f0,46,46
463,-d1.f3.-d3.f0.-d0.-r1.f0.-d3.-f2.-r0.d2.f1.f1.-r3.-f3.-f2.-r1.d0.f2.-r1.d0.-r3.-d1.-f0.-r0.f2.d2.r0.f0.r3.d1.r1.-d1.d2.r1.d1.-f1.-d2.f1.-f2.-r3.f2.r1.-f1.-f1.d2.-f3.d2.-f2.f1,50,50
465,-r1.d1.f0.-d1.-d2.-r3.r0.d3.-f0.d2.-f3.f1.f2.r1.-d2.-f2.f1.-r3.-f2.-r3.-f3.-r0.d3.r0.r3.f2.-r0.f3.-r3.-d0.-r3.f0.-r0.-f0.-d0.-r0.-r0.d3.-f0.-r3.-r3.r0.-f0.-d0.-d3.-d3,46,46
466,-d1.f0.d0.-d2.-f3.-r0.f1.f3.r0.-f0.-d1.d0.r1.-r2.d3.-f2.-d3.f0.-r0.-f0.-r1.-r0.f3.d0.-f3.d2.-d3.-f1.-f2.r2.f2.f1.-r2.-d2.d0.r3.r2.d2.r1.-f2.d1.d2.d2.-f2.d2.-r1.f2,47,47
469,f0.d0.f2.r1.d0.d2.-r3.-f3.r1.f2.-r0.-f1.d3.f1.d3.-r0.-r3.f0.r0.r1.-d0.-d3.r0.r3.d1.f3.-d1.d0.-r3.-f3.-f3.-r3.d3.r0.r3.f3.r0.-d3.-f3.d0.f0.-d0.d3.r0.-f3.d0,46,46
471,-f3.d3.-r2.r0.f3.-d0.r0.-d0.-d1.-f2.-f3.-r3.-d3.d2.-f0.d1.-f0.d0.f0.r0.d1.f0.-d1.r2.f1.-d0.d1.r2.-d2.-d3.f1.d3.-r0.-f1.-r0.-r0.-f3.-r0.f3.d2.-r2.r0.-d2.r2.d2.-r0.-f3.-r1,48,48
473,f0.f3.-d3.r2.r3.d2.f0.d2.-r1.-f1.r1.f0.r0.f3.-r2.-f3.f2.-r0.-f2.r0.f3.-r0.-r3.-r3.-f1.-r3.d3.-r3.d0.-r3.-d0.d3.-f0.-d3.-r0.d0.d3.-r0.-d0.-d0.r0.f3.d0.r3.d0.-f0,46,46
477,f0.-d1.-r2.d2.-f1.r3.f0.d3.-f0.-f3.d2.-f3.-f3.f2.-d0.-d3.d1.f0.-d2.d1.-f2.-d3.f2.d2.r0.f1.-r0.-f1.-d2.-f2.-r0.d0.-r3.f3.-d2.-f3.r3.d1.d2.-f3.d1.f3.-d1.-d2.f3.d2.-f3.r3,48,48
479,-f3.-r0.-r0.f1.d0.-f0.-d2.-f0.-r2.d0.d1.-r0.-d2.-f3.-d3.-r2.d2.-f3.r2.f3.d0.d3.f0.-r1.-f1.-f1.-r3.f1.d3.f1.-d0.r1.d2.r2.-d1.-r1.-d3.-r1.-d1.-d2.-r2.r1.-f2.r1.r2.d1,46,46
481,f2.-r1.d3.f3.-r3.f1.d2.-r1.-f3.f2.-r0.d3.f1.f2.r0.f0.-d0.-d0.d3.f3.-r0.r2.-d2.f3.d2.-f3.r2.d2.f2.-d2.-r0.d2.-r3.r0.d2.r0.-f1.-r1.f1.r1.-d2.-r0.-d2.-r2.d2.r0.r1.d2,48,48
484,r1.d0.-f3.-r1.-d1.d0.-f0.-d1.-d3.r2.f2.r2.-d3.r1.-d3.-f1.-r3.-d0.d3.-f2.-d3.-f1.r0.-d0.-r3.r0.f1.r3.f3.-r0.-r0.d0.r0.f0.-r0.d0.f0.d3.-f3.-r0.-r3.-f0.-r0.-f0.-f3.d0.-r0,47,47
485,-r2.f2.r1.d2.d3.-f1.d0.-f3.-r0.-d3.r1.d2.-r3.-d0.-d0.-r3.-r3.-d3.-f1.f3.-d3.f0.-d0.d1.-f3.-d1.-f3.-d3.-r0.f3.r0.r3.-d3.-f0.d3.r0.f0.r3.-d3.r3.-f3.-r0.-r0.-r3.-r3.-f3,46,46
488,f3.f1.r0.-f0.d2.-r2.f0.-r3.d2.f3.d1.-d3.f0.-d1.r0.f0.-d1.d0.-r0.-f1.-d0.-d0.-f2.-f1.-r0.-d1.f1.-r2.d1.r2.-r1.r2.-d0.r1.f1.r3.-d1.-r1.d1.-r3.d0.-r2.-r0.f2.r1.-f2.r0,47,47
489,d0.f1.-d2.-r3.-f2.r1.-d1.-r2.f2.-f1.d3.-r2.r1.d0.-r2.d3.-r3.-d0.f3.-d0.r0.r1.-f3.r0.r2.-f2.-r3.f2.-r0.r1.r1.d3.-f2.-d3.r1.-d2.-r1.d2.-r0.-r3.f2.r1.-d2.-f2.r3.d2,46,46
491,-r2.d1.f3.-r1.-r1.-d0.-d0.d1.f3.d3.-f0.-f1.-d3.-r1.-d1.d3.-r0.d1.f1.-r0.-r3.f2.-d3.-f3.d3.r1.r3.f0.-r0.f0.-d3.d0.r3.-f3.-d3.-r3.-d3.-f3.d0.f0.f3.-d3.-f0.-r0.-d0.-d3,46,46
493,r1.d2.-r0.-f2.-r3.r1.d2.-r3.d3.f3.-d2.-f0.r1.-d1.d0.-r0.f3.-r2.-r3.d3.r2.-d0.-d3.r0.d3.-r2.f3.r0.-f3.r0.-f3.-f3.-r3.-d3.f0.-r0.-r0.d0.-r3.-f3.-d0.f0.-r3.-d0.d3.-f0,46,46
493,r1.-d1.d0.r3.f0.d3.r3.f0.-d1.r3.-f2.-d3.-r1.-f0.-f1.d0.-d2.-f3.-f3.d2.f0.r2.-f3.d1.-d0.f2.d0.-f1.-d1.-f0.f1.r2.-d0.-f2.r0.-r3.-d1.-f2.-d1.f2.r2.-d1.-r2.-d1.-r0.f2.r3.r0,48,48
496,d2.f0.d2.-f2.f0.-d3.-r0.d3.-f3.d0.-f0.r0.-r1.f0.r0.-f0.d1.-r0.d2.-r1.r0.f0.-f2.d0.f3.d1.r1.-r2.d2.r2.r3.-d3.-r1.d3.r1.d3.-f2.r1.f2.-f0.-r1.f2.r1.f0.-r1.-d3.-r3,47,47
496,d3.-f3.-r2.-f2.-d2.-f0.d0.f3.-r3.-f0.-d0.r0.-d1.d0.-r0.-r2.d0.-r3.d1.-f3.-d0.-d3.r0.-f3.-d2.f3.d2.-r0.f3.d0.f3.-r3.-f0.-d3.-f3.-r3.-r3.d0.-f0.r3.-d0.-f0.-f3.-d3.r3.f0.f3,47,47
497,-f0.-f0.r3.-r0.r2.-f0.-d1.f2.-d1.f2.-d3.-r2.d3.d0.f1.-d2.f0.r3.r3.f0.-d1.r0.r3.d2.f3.-r3.-f3.-f2.-r0.d2.-f2.-d2.r0.f2.-r1.-r1.f1.f2.-d1.-f1.-f2.r0.d1.-r2.-r1.-r0,46,46
497,-r0.-d0.f0.-r0.-d1.-f2.f0.f1.f3.-d2.-d2.r0.d0.r0.-d2.f0.f3.-r2.-d0.-r0.-d0.-d3.-r1.-d3.r1.r3.f3.-r3.-f3.-d3.-r3.r0.-f0.-r0.r3.-f0.-r0.-r3.-r3.d0.f0.-d3.f3.-d0.f0.-r0,46,46
498,d3.f0.d2.f0.r1.f2.-r0.-f0.d3.-f1.-d0.-d0.d2.r0.-f1.d3.-r3.-f2.d0.d3.-r1.f2.-r3.f1.d1.d2.r3.-d0.r0.-f3.-r3.-f0.-d0.-d0.r0.d3.r0.f0.-r3.r0.-d0.f0.-d0.-d0.f3.-r3.-f3,47,47
498,r0.-f0.d0.r3.f1.d1.-f3.-r2.r0.-d1.-r0.f0.f1.-r0.-d0.f3.-d0.-d0.-f3.-r1.r0.f0.-r3.-r0.d2.r1.-d2.-f2.-f1.-r1.d0.r0.f1.-r0.d1.r0.-f1.-r0.f2.r1.-f2.r1.d1.-r1.-f2.-r1.f1,47,47
499,f0.d3.-r0.f3.r3.d1.-f3.f2.-r0.-r2.-d0.f2.-r2.f3.-f1.r0.-f1.r1.-r3.-r3.f1.f0.d3.r3.d0.r3.r0.-f2.-r0.-r3.-d3.f3.-r1.d2.-f3.r1.-d2.-r1.-d3.-d0.r3.d3.-f1.-r1.f1.r1,46,46
499,r3.d1.r0.-f1.-d0.-r0.-r2.-r2.d3.-f2.-f2.-r2.-r3.-d1.r2.-f3.r3.-f0.-r0.f3.-d0.-f2.f3.r0.f0.-r0.f2.r0.d1.f1.f3.d1.-f2.-f2.-d1.-f0.-f2.-d1.-f0.-f0.-f2.d2.-f2.-d2.f2.r2,46,46
501,-d0.f0.-r0.-d1.r1.-f3.r3.-d3.r0.-d0.d1.f1.d2.-f3.-f3.r3.r3.d2.r3.-d0.-f0.-f1.-r0.-f3.d3.f1.-d3.f3.-r0.d1.-r0.f2.d2.r2.d2.-f3.-r2.f3.f0.-r1.d2.r1.-f0.d2.-f2.-r0,46,46
501,-d1.-f0.-r0.d3.r1.f3.d3.r2.-f2.f0.d2.r2.-f3.-f3.-d0.-f2.-d3.-r1.r3.-f2.r1.-d0.r3.d0.-r3.f2.r3.-d3.-r3.d0.-f3.f0.r0.d3.-r3.f0.r0.d3.-f3.r0.-d3.-d3.r3.-d3.d0.-f0,46,46
503,f3.r3.d0.r2.-f0.r0.f0.r0.-r3.f3.d3.-r0.r2.r3.-d0.-d1.-f3.-d3.-d2.f3.-r1.f0.r3.f2.-r3.r0.-d2.f0.d2.-r1.-f0.-d2.-f0.d2.d2.r2.-d2.f0.-d1.-f1.-r1.f1.r1.d1.-r0.d2,46,46
505,d0.-f0.r0.f3.f3.-r0.r3.-d3.-r1.-d2.-d2.r0.-d0.-r3.-d2.f1.r1.f3.r2.f0.-d2.-r2.-d1.r0.d0.-r0.-d0.-r0.f2.-r3.-f3.-f2.r3.r0.-f3.d0.-f2.f0.-r2.-d1.r2.-f0.-f1.d1.r1.-d1,46,46
505,d0.-f0.r0.f3.f3.-r0.r3.-d3.-r1.d2.d2.r0.-d0.-r3.-d2.f1.r1.f3.r2.f0.-d2.-r2.-d1.r0.d0.-r0.-d0.-r0.f2.-r3.-f3.-f2.r3.r0.-f3.d0.-f2.f0.-r2.-d1.r2.-f0.-f1.d1.r1.-d1,48,46
507,d0.d3.-r2.d0.-r3.f0.-d2.r0.-f2.r0.-f0.-f1.-f1.r0.d1.d3.-f3.r1.-d0.r3.-f0.d2.r1.d0.-r1.-d2.r0.-d3.r0.f3.d0.f0.r0.d3.r3.-f3.-d3.r3.f3.d3.r0.d0.f3.-r0.-r3.-d0,46,46
507,d2.-d3.-f2.-f2.-r0.-f1.r3.-r1.-d2.r1.d3.r3.-d3.f1.-d2.f3.-d1.r0.-d3.-f0.-d3.-f3.-r3.-d0.-d0.f3.r0.r3.r3.d0.d3.-f0.-d2.f0.-r1.f2.d1.-f1.r1.-f2.f1.f0.r1.-d2.-r1.f3,46,46
509,f3.-d3.-d1.f3.d0.r1.d1.r2.f1.r1.f1.r2.-f3.-d0.-f3.r1.-f1.-f3.-d1.-f1.d1.-d3.-f0.-d1.d3.-d1.f2.f0.r2.f3.-d1.-f2.-d3.f1.d2.-f2.d2.-f1.d2.d3.d2.f2.r0.f2.-r0.f3,46,46
511,-d1.f1.d0.f1.r2.-d0.-r0.r3.-d0.d3.-r0.-d1.-f3.d0.f1.d0.f1.-d0.r0.-d1.-f3.r0.-f3.-f3.-d1.-r3.-d0.-d3.-r0.-d1.r0.d0.d1.f3.d1.-f3.-f3.-r3.-d3.r3.-d1.f0.d1.-f0.f3.d3,46,46
511,-d1.f1.d0.f1.r2.-d0.-r0.r3.-d0.d3.-r0.-d1.-f3.d0.f1.d0.f1.-d0.r0.-d1.-f3.r0.-f3.-f3.-d1.-r3.-d3.-d0.-r0.-d1.r0.d0.d1.f3.d1.f3.f3.-r3.-d3.r3.-d1.f0.d1.f3.-f0.d3,46,46
513,-r3.f2.-r0.d3.-f1.-r2.-d2.d3.-r1.-d0.-d0.-f1.d1.-f3.-r2.f3.r2.f1.f3.-r0.r1.-f0.-d0.f0.-r3.-d3.-f2.r3.-f3.f0.r0.-f3.r3.-f0.-r3.f0.-d0.f0.-r3.-d3.-r3.-d0.r0.-f0.-r0.-d0.r3.f3,48,48
515,r1.d3.r3.-f0.-r2.f2.-r3.-d2.-f3.-d2.-f0.f3.r0.r2.-d2.-f3.-r2.f0.r0.-f0.-r0.d2.-f1.r0.-d2.-f2.d2.r3.f2.r2.d0.d2.f2.d3.-r2.-d2.r2.-f2.-d0.r1.f2.-r1.d0.-r0.-r1.d2,46,46
515,r1.d3.r3.-f0.-r2.f2.-r3.-d2.-f3.-d2.-f0.f3.r2.r0.-d2.-f3.-r2.f0.r0.-f0.-r0.d2.-f1.r0.-d2.-f2.d2.r3.f2.r2.d2.d0.f2.d3.-r2.-d2.r2.-f2.-d0.r1.f2.-r1.d0.-r1.-r0.d2,46,46
519,f1.r3.-f1.d2.f0.-r2.-d0.f3.r2.-f2.-d0.-r1.-r1.f0.-d1.-r0.-f3.d0.-f2.-r2.f1.-d0.-f0.-r1.f0.-d3.f2.d1.-r2.-d1.r2.-d1.-d3.-d1.f2.f3.-d3.-f2.r1.-f1.-r1.f1.d3.r3.d1.-r3,46,46
519,f1.r3.-f1.d2.f0.-r2.-d0.f3.r2.-f2.-d0.-r1.-r1.f0.-d1.-r0.-f3.d0.-f2.-r2.f1.-d0.-f0.-r1.f0.-d3.f2.d1.-r2.-d1.r2.-d1.-d3.-d1.f3.f2.-d3.-f2.r1.-f1.-r1.f1.d3.r3.d1.-r3,46,46
521,f3.r3.r2.f3.r0.-f2.r1.-d2.r0.-d3.r2.f0.f1.d3.-f3.d0.r1.d0.r1.d0.-f0.r2.f0.-r1.-f0.d1.d1.r0.-f2.d2.-r2.-d2.-r0.d1.f2.-r0.d2.r2.-d2.r2.f2.d1.-f2.d1.-r2.d3,46,46
521,-f0.r1.-d0.f3.-d3.f1.f2.d0.r3.r1.-d2.-r3.d2.f0.r0.-f0.d1.-r3.f3.r3.r2.f3.-d1.-f0.d1.-r2.f0.-d1.-f0.-d1.r2.r2.f0.-r2.-d0.f1.f3.-r1.-f3.-r2.-f0.f2.r2.-f1.d2.-r2.d2.d2.-f2.f0,50,50
523,-d3.-f3.-d0.-r1.r0.-d0.d3.r3.-d1.-d1.d2.-f3.d3.f3.-d0.-r2.-d0.-r1.-d0.-r3.-f3.d0.d3.f2.d0.r0.d1.-r0.-d3.r0.f1.-d1.-f1.f0.d1.f0.-d1.-f2.d1.r1.-d1.-f1.-r1.f0.-d1.f2,46,46
523,-d3.-f3.-d0.-r1.r0.-d0.d3.r3.d1.d1.d2.-f3.d3.f3.-d0.-r2.-d0.-r1.-d0.-r3.-f3.d3.d0.f2.d0.r0.d1.-r0.-d3.r0.f1.-d1.-f1.f0.d1.f0.-d1.-f2.d1.r1.-d1.-f1.-r1.f0.-d1.f2,46,46
523,f3.-r2.r1.-d3.-r0.r3.-d2.f0.d3.r2.f1.-r3.d3.f0.-r2.f1.f1.-d3.d0.r0.r3.-d2.r2.f3.-r3.r1.d1.-r2.-d3.d2.-r1.-d0.-r1.d3.-d2.f1.-r2.-f2.-f1.-d2.r2.d2.r2.-d1.f2.d0,46,46
526,d2.-r3.-f2.f3.-d0.r2.-f2.-r2.r1.-d0.d3.r3.-d3.d2.-f0.d0.f0.d0.r0.r2.-f1.d3.r0.r2.-f0.-r2.-r2.f0.-r0.-d0.-r1.-r1.-r3.d0.-r1.d0.r1.d0.-f2.-f2.-r2.-f2.-f2.-r2.-r2.d0.r2,47,47
526,d2.-r3.-f2.f3.-d0.r2.-f2.-r2.r1.-d0.d3.r3.-d3.d2.-f0.d0.f0.d0.r2.r0.-f1.d3.r0.r2.-f0.r2.r2.f0.-r0.-d0.r1.-r3.r1.d0.-r1.d0.r1.d0.f2.f2.-r2.-f2.-f2.r2.r2.d0.r2,47,47
526,d2.-r3.-f2.f3.-d0.r2.-f2.-r2.r1.-d0.d3.r3.d2.-d3.-f0.d0.f0.d0.r0.r2.-f1.d3.r0.r2.-f0.r2.r2.f0.-r0.-d0.-r3.-r1.-r1.d0.-r1.d0.r1.d0.f2.f2.-r2.f2.f2.r2.r2.d0.r2,47,47
527,d1.-f0.r1.d0.-f3.-d0.-d2.r0.-f2.r2.-f3.f0.d0.-r3.f1.f3.r3.-d3.r2.f3.r1.-f1.r2.d0.r2.-f0.d3.-r2.f0.-r2.-f0.-d3.f0.d1.-r2.-d1.-d1.r2.-d3.-r2.-d0.-r1.d2.r1.d1.d3,46,46
527,d1.-f0.r1.d0.-f3.-d2.-d0.r0.-f2.r2.f0.-f3.d0.-r3.f3.f1.r3.-d3.r2.f3.r1.-f1.r2.d0.r2.-f0.d3.-r2.f0.-r2.-f0.-d3.f0.d1.-r2.d1.d1.r2.-d3.-r2.d1.-d0.-r1.d2.r1.d3,46,46
527,f0.r2.-d0.-f1.r2.d3.f3.-d1.-d1.r0.d2.-f3.-d2.-r2.r3.f1.-d3.-r0.d3.-f2.-r0.-f0.-r0.-f0.r1.-d0.r1.d0.r2.-r1.f0.-d3.-r1.-r2.d3.d0.-f2.-f1.r2.d3.f2.-d0.f0.d0.f1.-d0,46,46
529,-r2.-r3.-f0.-r2.-f0.d0.f1.r1.-d2.-f2.-r0.-d0.-r0.-d1.r0.f0.f1.d2.d3.-f2.-r3.-d1.-d3.-f0.-f1.d1.f2.-d1.r0.r2.-d2.-d2.-r2.-d3.d2.-f2.-d0.f1.f2.d0.-r3.-r3.-f1.-r3.-r3.d0.f1.d3,48,48
529,-r3.-r2.-f0.-r2.-f0.d0.f1.r1.-d2.-f2.-r0.-d0.-r0.-d1.r0.f1.f0.d2.d3.-f2.-r3.-d3.-d1.-f1.-f0.d1.f2.-d1.r0.r2.-d2.-d2.-r2.-d3.d2.-f2.-d0.f1.f2.d0.r3.r3.-f1.r3.r3.d0.f1.d3,48,48
529,f0.-r0.-f1.r1.-f1.-d3.f1.f1.r3.-d1.f0.d0.f3.f0.-d1.-f0.d1.r2.d0.r2.f0.-r0.r1.-r0.d2.d3.-r0.d2.f0.d2.-f0.-r0.d2.-r1.-d2.-r3.-d1.f1.d1.r3.f3.d1.f1.-d1.-f3.-r3.r2.r1,48,48
531,-f3.-f3.-r1.r3.d3.-f0.d0.r0.-d2.-f0.r2.d0.-r2.-d2.f3.-r0.-d0.-f3.r0.-d3.-f3.-f3.f2.-r0.-f2.-f2.f3.d0.f0.f3.-r3.d0.-f3.-d3.-r3.-d0.-r3.-d3.d0.-f3.-d3.r3.-d0.-f0.-f3.-f3,46,46
531,-f3.-f3.-d1.r2.-d2.-f0.-d0.r0.-r2.r1.-f2.f1.-d0.-r3.f0.-r0.-f0.f3.-d0.r0.r3.-f0.r3.r0.d3.f3.d0.r0.-d3.-r3.-r2.f0.r0.-f0.r2.-f1.-r0.f1.f2.-d2.-d1.-r2.d1.d2.f3.-f2.f0.d3,48,48
533,-f1.d2.-f0.r1.f0.-r0.-f0.-f1.-r2.r3.-f3.f2.d1.f2.f3.-d1.-r3.f2.-d2.d1.f1.d1.-r2.-f1.-r1.-d1.-r0.-r0.-d3.-f0.-d0.-f3.d3.-f3.d3.-f0.-f0.f3.-d0.f3.r0.-d3.f0.-r0.-d3.d0,46,46
533,r3.d3.d3.r0.-f2.d0.r0.d1.r0.-d0.r2.-r3.f3.-r0.-r2.d0.-d3.r1.-f3.-r1.-d0.-r2.-r2.-f3.-f2.-r3.-f0.-f1.-d2.f0.r1.-f2.f1.r2.f2.-r1.r3.-r1.d3.f2.-d3.-r2.d3.-f2.-d3.d2.r2.r1,48,48
534,f3.r0.-d1.f2.-d1.f0.d3.-f0.f1.r0.d2.d3.-f1.-d2.-r1.r3.d3.-r2.f3.d3.-r0.-f3.r0.f0.d2.-r3.-d3.-d3.f3.-d0.-f0.-f0.-d3.-r0.-f0.r0.-d0.-f3.f0.d0.d3.f0.d3.-r0.-r3.d3.f0,47,47
534,-r1.d0.f0.d2.-f3.d3.-f1.-r3.-d3.f3.d0.-f3.f1.d0.-f1.r0.f2.d0.r0.-f1.f2.f0.-r2.-f1.-d0.r2.r3.-d1.-r3.d3.-r2.-d3.-r0.-d3.-r1.-f2.r1.f3.d1.-f3.-d1.r2.-f3.-r2.d0.r2.f3.-r2.-d0,49,49
539,-d3.-r1.-f0.-r2.d1.-r0.d3.f2.-d1.-r3.-f3.f0.-d3.r3.-d3.d2.r1.d2.d3.r1.r2.-f1.-f2.-f3.-r3.-f1.d2.r3.-d2.f1.-d2.d0.r1.-d2.-f3.d2.f3.d2.-r3.-f3.d1.d2.-r0.-d2.r0.-d1.f3.r3,48,48
539,-d3.-r1.-f0.-r2.d1.-r0.d3.f2.-d1.-r3.f0.-f3.-d3.r3.d2.-d3.r1.d2.d3.r2.r1.-f2.-f1.-f3.-r3.-f1.d2.r3.-d2.f1.-d2.d0.r1.-d2.-f3.d2.f3.d2.-r3.-f3.d1.d2.-r0.-d2.r0.-d1.f3.r3,48,48
541,-r1.d0.-r1.-d3.f1.-d3.-f3.r0.d1.r0.d2.-r2.-f1.d0.r2.d0.-r0.d2.r3.f0.-r3.-f2.-f2.d0.-f3.-r1.f2.r1.f3.-d0.-d2.r3.f1.d1.-f0.f1.f2.-d1.-f2.r1.d1.-f1.f0.-d1.-f2.-d3,46,46
541,-r1.d0.-r1.-d3.f1.-d3.-f3.r0.d1.r0.d2.-r2.-f1.d0.r2.d0.-r0.d2.r3.f0.-r3.-f2.-f2.d0.-f3.-r1.f2.r1.f3.-d2.-d0.r3.f1.d1.f1.-f0.f2.-d1.-f2.r1.d1.f0.-f1.-d1.-f2.-d3,46,46
541,-r1.d0.-r1.-d3.f1.-d3.-f3.r0.d1.r0.d2.-r2.-f1.d0.r2.d0.-r0.d2.r3.f0.-r3.f2.f2.d0.-f3.-r1.f2.r1.f3.-d2.-d0.r3.f1.d1.f1.-f0.f2.-d1.-f2.r1.d1.f0.-f1.-d1.-f2.-d3,46,46
543,f0.-r3.f2.-d3.d2.r2.r3.d0.f3.r0.f3.d1.-r0.-d3.f3.d2.d3.-f3.f0.-r3.-d1.-r3.-r3.d1.-r3.-d2.f1.f2.d3.r1.r2.d2.-r1.-d0.-r1.f3.-d1.f1.d1.-f3.-d2.r1.-d3.-f2.d2.-f0.f2.r2,48,48
543,f0.-r3.f2.-d3.d2.r3.r2.d0.f3.r0.f3.d1.-r0.-d3.f3.d3.d2.f0.-f3.-r3.-d1.r3.r3.d1.-r3.-d2.f1.f2.d3.r2.r1.d2.-r1.-d0.-r1.f3.-d1.f1.d1.-f3.-d2.r1.-d3.-f2.d2.f2.-f0.r2,48,48
543,f0.r2.d0.r0.f3.-f2.-r0.-r0.-d2.-r1.r3.d3.d0.r2.-d0.f1.f2.-f3.-d0.-f2.r3.f3.-r3.-f1.r1.f3.-r1.-d1.-r2.f2.r1.d3.f1.-d3.-r1.f1.-r2.r1.d3.-r1.-d1.f2.-d1.f2.r1.-f2.-d3.-d1,48,48
547,-r0.r1.d2.r3.f0.r3.-d3.-r0.-d3.f0.r1.r2.d3.-f1.f2.r3.f1.f2.d0.f2.-d0.r2.d2.-f1.-d2.-r2.d0.d1.r2.-d3.-r3.-f1.-d2.-r2.-r2.f1.d2.r2.f2.-r0.-d2.r0.f0.-r0.d2.r0,46,46
547,r1.-r0.d2.r3.f0.r3.-d3.-r0.-d3.f0.r2.r1.d3.f2.-f1.r3.f2.f1.d0.f2.-d0.r2.d2.-f1.-d2.-r2.d1.d0.r2.-d3.-r3.-f1.-d2.r2.r2.f1.d2.r2.f2.-r0.-d2.r0.f0.-r0.d2.r0,46,46
549,f0.-f1.-r3.-r3.-d2.-r2.-f0.r0.d3.-f3.-d1.-r0.-f3.-r0.-d2.-d3.-d1.-d2.f3.d3.-d2.-f1.-d1.-f1.-d3.r3.-d0.-r3.-f2.r3.d0.-f2.d1.f2.d2.-f1.f0.d3.r2.d0.f2.d0.d3.-f2.d3.d0,46,46
549,f2.-r2.-d0.-d3.d2.-r0.-d0.-f2.-f2.d3.r3.f3.-d2.f1.-r1.-f2.f3.d3.f2.-r1.r3.f1.r0.-f1.-r3.r1.-d3.-f0.f3.-r0.f0.r3.f0.r0.d3.f0.-d3.-r0.-f3.d0.-r0.-f3.r3.-f0.-f0.-d3,46,46
549,-d1.-f0.-r0.f2.-d3.-f0.d3.f3.d3.-d2.r0.-f2.-f0.-r0.-f2.r2.-d2.-r2.-d0.-f2.r3.f0.r2.-d0.-r1.-r3.f2.d2.-r3.-d0.-r2.d0.r3.-f1.d2.f1.r3.-f1.-r3.r0.-f2.r3.f2.-r0.d2.-r1.-d2.r1,48,48
551,d3.f1.-r3.r2.-f2.r2.f1.r3.-f3.r0.f1.-d3.f3.-d3.-r0.f1.-r2.-d2.r2.f2.-r2.d2.f0.-d3.-f2.-d1.-r1.d1.-r1.f1.-r1.-r1.f1.f1.-r0.-d3.f1.r0.r2.d0.-r0.-f1.r0.-d0.-r3.-r0,46,46
551,d3.f1.-r3.r2.-f2.r2.f1.r3.-f3.r0.f1.-d3.f3.-d3.-r0.f1.-r2.-d2.r2.f2.-r2.d2.f0.-d3.-f2.-d1.-r1.d1.-r1.f1.-r1.-r1.f1.f1.-r0.-d3.f1.r2.-r0.d0.r0.-f1.-r0.-d0.-r3.r0,46,46
551,-r3.-f2.-d1.d3.r0.-f3.-d0.-d3.f3.-f2.r0.d2.-r1.d2.f0.r2.-d3.-f3.d0.-r3.d2.r3.f0.-d3.-f2.-r1.-d2.r1.-f3.d1.r3.-f2.d2.-r2.-d2.-r3.-r2.-f2.-d2.-r2.-f2.-r2.-f2.-f2.r2.-d1.f2.-r3,48,48
557,f2.-r0.d2.r1.r3.-d0.-r2.-r2.r0.-d0.f3.-r0.-r0.-d2.f3.d3.f3.d3.f3.-d3.-d3.d0.d1.-r3.-f0.d0.r0.d3.-f0.-d3.-r3.-f0.-r0.-d0.-d0.-f3.-r3.-d3.r3.f0.d2.r1.-d2.-r1.f3.r1.d2.-r1,48,48
557,f2.-r0.d2.r1.r3.-d0.r0.-r2.-r2.-d0.f3.-r0.-r0.-d2.f3.d3.f3.d3.f3.-d3.-d3.d0.d1.-r3.-f0.d0.r0.d3.-f0.-d3.-r3.-f0.-r0.d0.d0.-f3.-r3.-d3.r3.f0.d2.r1.-d2.-r1.f3.r1.d2.-r1,48,48
558,-r3.-d2.-d3.d1.f0.r1.-d3.-f3.-d2.f2.r3.f0.d0.-f1.-d3.r0.-d1.-d1.-f0.-f2.d3.f1.d3.-f0.-f0.-f1.d1.-f0.f2.r3.d3.r1.-d3.-r3.-f1.-f1.r2.d0.r3.-d1.r2.d1.-r2.-r3.-d0.-f1.f0,47,47
558,-r3.d1.-d3.-d2.f0.r1.-d3.-f3.-d2.f2.r3.f0.d0.-f1.-d3.r0.-d1.-d1.-f0.-f2.d3.f1.d3.-f0.-f1.-f0.d1.-f0.f2.r3.d3.r1.-d3.-r3.-f1.-f1.r2.d0.r3.-d1.r2.d1.-r2.-r3.-d0.-f1.f0,47,47
558,-r3.d1.-d3.-d2.f0.r1.-d3.-f3.-d2.f2.r3.f0.d0.-f1.-d3.r0.-d1.-d1.-f0.-f2.d3.f1.d3.-f0.-f1.-f0.d1.-f0.f2.r3.d3.r1.-d3.-r3.f1.f1.r2.d0.r3.-d1.r2.d1.-r2.-r3.-d0.-f1.f0,47,47
559,-d2.r2.f0.-r0.f2.d3.f0.r2.-d0.f1.-d0.-r2.r3.-f3.r2.-f1.f2.f0.-d2.-d1.d3.r2.-d0.-r1.d0.-f2.-r1.r0.d1.-r2.r3.f1.r2.d0.f1.-r1.-d1.-f1.r1.-d0.r1.r1.d1.r1.-f3.-d2,46,46
559,-f0.d0.-r3.r2.d2.f0.-r1.-r3.d2.-f1.f0.d3.-f0.-f2.-d2.d3.-f3.r2.d2.r1.d1.f3.r3.-d3.-r3.-f3.r3.-d2.-r3.-f3.r3.-d0.-r1.r3.-d0.-r1.d2.r1.d0.r1.f3.-r3.-r3.-f3.-d2.f3.d2.r3,48,48
559,-f0.d0.-r3.r2.d2.f0.-r3.-r1.d2.-f1.f0.d3.-f0.-f2.d3.-d2.-f3.r2.d2.r1.d1.f3.r3.-d3.-r3.-f3.r3.-d2.-r3.-f3.r3.-d0.-r1.r3.-d0.-r1.d2.r1.d0.r1.f3.r3.r3.-f3.-d2.f3.d2.r3,48,48
561,-r0.-r0.f1.-d3.f2.r3.d0.f1.-r2.-f2.-d0.-r1.-d1.f2.-d3.f3.d3.f3.-r2.-d3.d0.f2.d1.f3.-r1.-f2.r1.f2.d1.-r1.-f2.-r0.d1.r1.f2.-r0.-f2.r0.-f2.-d1.f2.r2.d3.-r2.-d3.r3,46,46
561,-r0.-r0.f1.-d3.f2.r3.d0.f1.-r2.-f2.-d0.-r1.-d1.f2.-d3.f3.d3.f3.-r2.d0.-d3.f2.d1.f3.-r1.-f2.r1.f2.d1.-r1.-f2.-r0.d1.r1.f2.-r0.-f2.r0.-f2.-d1.f2.r2.d3.-r2.-d3.r3,46,46
561,-r0.-r0.f1.-d3.f2.r3.d0.f1.-r2.-f2.-d0.-r1.f2.d0.r2.d2.r3.-r2.d3.r3.f1.-d2.d3.d3.f3.-r0.r3.d1.-r3.-d1.r3.f1.-d1.-f1.-r3.-r3.-f2.r3.f2.r2.d3.-d1.-r2.-d3.d1.r3,46,46
562,-r1.d0.-r1.-d1.f3.-r1.d0.d3.r2.-d3.-f0.-d3.-r0.-r1.-d3.f1.-d2.-d3.f0.-d1.-r0.-d1.r0.-d3.d2.r0.-f2.-r0.d1.-f0.-r1.-r1.-d2.-r1.-r1.-d3.f0.-r1.-f0.-d2.r1.d3.f2.d2.-r0.f0.d1,47,47
562,-r1.d0.-r1.-d1.f3.-r1.d0.d3.r2.-d3.-f0.-d3.-r0.-r1.-d3.f1.-d3.-d2.f0.-d1.-r0.-d1.r0.-d3.d2.r0.-f2.-r0.d1.-f0.-r1.-r1.-d2.r1.r1.-d3.f0.-r1.-f0.-d2.r1.d3.f2.d2.-r0.f0.d1,47,47
562,f3.-f0.d2.-r0.f0.d3.f3.r1.-d3.-d1.r2.d0.f2.r0.-d3.-r2.f0.d1.d2.-f2.-r2.d0.r1.d2.-r1.-d3.-r0.-d0.-r3.-r0.f1.-r0.r3.-r0.-f3.-r3.f3.f0.-d2.-f0.-f3.r3.-d1.f3.f0.d3.d0,47,47
563,-r2.d0.-r0.-r0.-d1.f3.f2.r0.d3.-f3.-r0.-d3.-d2.-f2.r1.d3.r2.d2.f1.-r2.-f1.f0.r3.r0.f1.-d0.-f2.d1.r1.d0.-f0.-d0.-f1.r2.-d1.-r1.f2.-r1.-r2.d2.r1.-r0.-f2.r0.-d2.-r0,46,46
563,-r2.d0.-r0.-r0.-d1.f3.r0.d3.-f3.r3.d1.-d3.-f2.-r1.d0.f2.d2.-d0.-f1.r1.-f1.-d0.-r2.d0.-f1.-d2.-f0.-d0.r1.-f1.-d1.-r3.d1.-f1.r1.f1.r0.-d1.f1.d1.-f1.r0.-d1.r1.d1.r0.-d1.r3,48,48
564,d1.f1.-r3.r1.-f2.-r3.f0.d0.r1.-d3.-f0.-f1.-d1.d0.f2.r2.d0.r0.d2.-r2.-d0.r2.-d2.-f2.-r2.r0.-d3.-d3.-r0.-r0.-d0.-d0.-d3.-f3.-r0.-r0.f0.-r0.d0.-r0.-d0.-f3.-r3.-d0.f0.r0.f0,47,47
564,r2.-d0.f0.-f3.-d1.-r0.-d3.-r1.-f2.r3.d3.-r0.f3.f0.r3.-r0.d0.r0.-f2.d0.f0.r3.f0.r0.r1.-f0.d1.-r2.f2.r1.-f1.-d2.r1.f1.d0.-r0.-d2.-r1.r0.-d0.r2.d0.r1.-d0.r1.f2.f2,47,47
564,d2.r3.-r0.d3.f3.-d1.-f0.-f2.r0.f2.-r2.-d3.-r0.f0.d3.f0.-d3.-r0.-d0.f3.-r3.r0.f3.f3.r0.f1.r3.-d2.r3.d1.-f1.-d1.r3.d2.-r3.d2.f1.-r0.d2.r1.-d2.-r0.-d2.r1.-d1.-f1.-r1.d2.d1.-r1.-d2,51,51
571,-r1.d1.f2.r0.-f0.f3.r2.-d1.d2.-f1.d3.-r1.d0.r3.-d2.d3.r3.-d3.f3.-r3.r1.-f2.-r1.-f3.r1.f2.-r0.-d3.-r0.f0.-r0.-f3.-r0.-r0.-d0.-r3.-f3.-f3.-r3.f3.-d3.f3.d0.r3.-d3.d0,46,46
571,-d3.-d2.-f0.-d3.f1.r2.f3.r0.r0.f3.f0.-d1.-d3.-f3.r0.-d0.f0.d0.f3.-r3.f1.r0.d2.f1.d1.d2.d1.f2.r0.d2.r3.d2.-f0.-r1.d2.f2.d0.-d1.r2.-d2.-r2.-d2.-d0.-f1.f2.d1.r1.-f2,48,48
572,r1.d3.-f3.-r0.f0.-d3.f3.-r3.f3.-f1.d2.r0.f3.r3.d0.-d1.-f3.-r1.-r2.d3.f3.d3.f3.r1.d1.-f0.r2.d1.-r2.-f3.r1.f2.-r1.-d1.-d1.-f2.-d3.d0.-d1.f2.-d0.-f0.-r1.f0.d0.-f2.-d0,47,47
572,r3.f0.d2.-r2.-d0.-d1.-f3.-r1.-r2.-d2.-d3.-f1.-r1.-r1.d2.-f1.-r1.f3.d1.d2.f0.f3.-d2.d3.-r1.d0.r1.-f0.-d3.f3.-r3.d0.-r0.-r3.-f3.d3.-f0.r3.-f3.f0.-r0.r3.d0.-f0.-r3.f3.r3,47,47
572,-f2.-r3.-d2.f3.-d0.-r3.d0.r3.d0.r0.-d0.f0.r1.-f2.d2.f0.-r1.-f2.d1.-f2.-r2.r0.-f1.r1.-f0.-r1.-r0.-f0.f2.d1.-f1.-f2.-r1.-d1.f3.-r0.-f3.d3.-r1.-d3.f3.r0.d3.f3.r1.-f3.-d3.f0.-d0,49,49
575,-d2.d3.-f3.-f3.-d3.-r2.f2.-r0.-d0.d3.r1.-f1.-r1.-f0.-r3.f3.-r3.r2.-f2.d3.r2.-f2.-f2.r2.f2.-r3.r2.-f0.r2.-f2.-r2.d0.-f1.r2.f1.-d0.r3.f1.f3.r2.-f1.-r3.f1.-d2.-r2.d2.-f1.-f1,48,48
575,-f1.f0.-r3.d2.r2.f3.-r3.f1.-d0.r0.r0.f1.d3.-f1.r0.f1.d1.f3.d2.r0.d0.f1.-d3.-f3.-d1.-f0.r1.f0.d1.-f1.f3.-r1.f1.-f2.-d3.f2.r1.-f2.d1.-f3.-d1.-f3.r1.f3.-r1.f3.d3.f2,48,48
575,d1.-d3.r3.-f3.-d2.r3.-d3.r1.-d3.r0.-d0.d1.f1.d2.-f3.d3.-f0.-f2.r0.-f1.-d3.-d1.-r2.-d2.-f2.-r1.d2.r3.d3.d1.r0.d2.-r0.-d1.d0.r0.d1.d2.-r2.-d1.d2.-r0.-d0.r0.-d2.-r0.-d3.-r3,48,48
576,-r0.-f1.-r2.-d0.f3.r2.-d3.f1.f3.-d3.-r2.-r2.f3.d2.-r1.-d1.-r3.d0.d1.-f2.d0.f1.f2.r2.-f1.r0.r2.f1.f3.-r2.f0.r3.-f0.r2.f0.-d2.r2.-f1.r2.-d0.-d2.-f1.d2.-r2.f1.r2.d0.-r2.-r3,49,49
576,-r0.-f1.-r2.-d0.f3.r2.-d3.f1.f3.-d3.-r2.-r2.f3.d2.-r1.-d1.-r3.d1.d0.-f2.d0.f2.f1.r2.-f1.r0.f1.f3.d2.f0.r3.-f0.-d2.f0.r2.-d2.-d2.r2.-d2.-f1.-d2.-r3.d3.f2.r1.-f2.-r1.-d3.-r2,49,49
576,-r0.-f1.-r2.-d0.f3.r2.-d3.f3.f1.-d3.-r2.-r2.f3.d2.-r1.-d1.-r3.d1.d0.-f2.d0.f2.f1.r2.-f1.r2.r0.f3.f1.-r2.f0.r3.-f0.r2.f0.-d2.r2.-f1.r2.-d0.-d2.-f1.d2.-r2.f1.r2.d0.-r3.-r2,49,49
577,r1.f2.r2.f0.-d0.-r2.-r3.-f1.-r2.d3.r1.f0.r0.r2.-f1.-f1.-r1.-r2.-r2.d0.f3.r3.-d0.-d3.-r2.-d0.r1.f1.d0.-r2.d1.-f1.r2.-d0.r0.-f1.-f3.r0.f1.-r0.-f2.-f2.f3.-r1.-f2.-f2.-r2.d2,48,48
577,r1.f2.r2.f0.-d0.-r3.-r2.-f1.-r2.d3.r1.f0.r0.r2.-f1.-f1.r2.-r1.r2.d0.f3.r3.-d0.-d3.-r2.-d0.r1.f1.d0.-r2.d1.-f1.r2.-d0.r0.-f3.-f1.r0.f1.-r0.-f2.f3.-f2.-r1.f2.f2.-r2.d2,48,48
577,r1.f2.r2.f0.-d0.r1.r0.d2.-r2.f3.r1.-d3.-r1.-r3.f1.f1.r2.-r1.r2.d0.f3.r3.-d0.-d3.-r2.-d0.r1.f1.d0.-r2.d1.-f1.r2.-d0.r0.-f3.-f1.r0.f1.-r0.-f2.-f2.f3.-r1.f2.f2.-r2.d2,48,48
578,-r2.r1.f0.r2.-f1.-r0.-d3.f1.f3.r1.-d0.-d3.f2.d3.-f2.d0.r1.f3.d0.-f3.d3.-r1.d0.-r2.d3.f1.-r0.-d3.-r3.-r3.-d3.d0.r0.-f3.-d3.r0.f3.-d3.-d3.d0.-f0.f3.d0.-r0.f3.-r0.d3,47,47
578,d3.-r0.-d2.f0.d0.-r3.-r2.-f3.d1.f1.d3.f0.r1.-d3.-d3.-r1.-r2.d2.f0.-r0.-f1.-f0.d0.-f2.-d0.-d3.-r1.-f1.-d2.-r2.f0.r2.d2.-f0.r2.f0.d1.-r2.-f0.d3.r2.-r0.-f2.r0.f1.-r0.f2.-r2.f0,49,49
581,-d1.-d3.f0.d1.f2.-d2.d3.-f1.f2.f3.-r0.-f0.-d1.-r2.-r3.-f3.-f3.-r0.-f2.f3.-r1.-f0.-d2.-f3.d2.-f1.d2.-f3.-r2.-d2.-f2.d0.-f3.-d0.-r0.-d3.-r3.f0.f2.-d2.-f0.d2.f0.f1.f3.d3,46,46
581,-d3.-d1.f0.d1.f2.-d2.d3.-f1.f2.f3.-r0.-f0.-d1.-r2.-r3.f3.f3.-r0.f3.-f2.-r1.-f0.-d2.-f3.d2.-f1.d2.-f3.-r2.-d2.-f2.d0.-f3.-d0.-r0.-d3.-r3.f2.f0.-d2.f2.f1.f3.-r1.-f2.d3,46,46
583,-r0.r1.-d1.-r0.f1.r1.-d3.-r0.d2.-r2.-d2.r1.-f1.-f1.d2.-r1.-r3.-r3.f2.-d3.-f2.-f2.r0.-f2.d3.-f2.-f3.d3.-r0.d0.r3.-f3.r3.-f3.d3.-f0.-f3.-d0.f3.-d3.-r3.f0.f3.d0.-r0.-f0,46,46
583,f3.-r3.d1.r2.d1.-f3.-f3.-d3.f1.r1.d2.f3.-r0.-r2.-r0.-d3.-f0.-d1.f0.-f3.d0.d0.-f0.-d2.-r0.-d3.-d0.f0.d1.-f3.-d1.-d0.-f0.d0.d1.f3.d2.-r1.-f2.-r2.-d2.f2.d2.r1.r0.-f2.r2.f2.-r0.d0,50,50
585,-r0.-d2.r3.f0.-d1.d2.d3.r1.-d1.-f3.-f3.-d1.r2.-d1.f3.-r0.d3.-d2.-d1.f1.d1.r0.-d1.-r0.f3.-r3.-r0.-d0.-r3.-f0.-r0.-d3.-d0.r3.r3.-d2.r3.-f2.-f2.d1.d1.-f2.-f2.d1.d1.r3.-d1.f0,48,48
585,f3.r0.-f0.-r3.-d3.-r2.f3.-d2.d0.-f0.-f0.f2.d3.-r3.-f0.d3.-f0.f2.-r3.-f3.-r0.d0.r0.r1.-d0.-r1.d0.r2.d0.r3.f3.-r3.f1.r3.f0.-d2.r2.f3.-r2.-f1.r2.-d1.-r2.d1.-f3.-d1.-f0.-f3,48,48
585,f3.r0.-f0.-r3.-d3.-r2.f3.d0.-d2.f0.f2.f0.d3.-r3.-f0.d3.f2.-f0.-r3.-f3.-r0.d0.r0.r1.-d0.-r1.d0.r2.d0.r3.f3.-r3.f1.r3.f0.-d2.r2.f3.-r2.-f1.r2.-d1.-r2.d1.-f3.-d1.-f3.-f0,48,48
590,-d0.d3.f1.f2.d0.d1.f3.-r0.-d2.-r1.r3.f2.-r3.-d1.-r1.d2.r3.-d0.-d0.-d3.-d3.f0.-r3.f0.d2.f0.-d2.-r0.-f0.-r3.d3.f0.-d0.f3.r3.f0.-r0.r3.-d0.-r3.-d0.f3.-d3.-r3.-d3.f0.r0,47,47
590,d0.-r3.f3.-d2.r0.-d0.-r0.r1.-f1.r1.-d2.d0.r1.-r3.-r2.d1.d3.r1.r0.f0.r0.r3.d0.-r0.-d2.d0.f0.r2.-f0.d1.-f2.r2.f2.-d0.d2.-f0.-d1.-r3.-r1.d2.-f2.-r1.f2.-d2.r3.-f2.r1.f2.r1,49,49
594,-d1.-r2.-d2.-d3.-r3.f0.r2.d0.-f2.d0.f0.-d3.d2.-r3.-f0.d0.f0.-r3.-r3.-d0.d3.r3.f0.-r3.f0.r0.r2.d0.f1.-d0.-r0.d1.-f1.f3.-d1.f1.r1.-f3.r1.d0.-f1.-r1.-f0.-f2.d2.f0.f2,47,47
594,-d1.-r2.-d2.-d3.-r3.f0.r2.d0.-f2.d0.f0.-d3.d2.-r3.-f0.d0.f0.r3.r3.-d0.d3.r3.f0.-r3.f0.r2.r0.d0.f1.-d0.-r0.d1.f3.-f1.-d1.f1.r1.-f3.r1.d0.-f1.-r1.-f0.-f2.d2.f2.f0,47,47
596,-r3.-f1.-f1.-d3.-r1.-r1.r0.f2.-d2.-r2.f0.d1.r1.f0.-d3.f3.-d1.d0.-r0.-d0.r2.r3.f0.f3.d1.f3.-d1.-f3.d3.r0.d3.-r0.f0.r0.-d0.-r3.r0.-f0.-r0.f0.-r3.-f3.-r0.d0.d3.-r0.d0,47,47
596,r0.f3.-r3.d2.-r3.f1.f0.r2.-f3.d1.-d0.d2.-f0.r0.-d1.r3.d3.r0.f1.r0.d3.-d1.f3.r0.-d2.r0.d1.f3.-d1.-f3.d2.-r0.-f0.f2.r1.-f3.-d1.-r1.f3.-r1.f0.-r2.f3.r2.-f1.-r2.f1.d1.-f3,49,49
599,-r0.-d3.-f1.-d0.-f1.f3.-d2.r0.-d0.r1.r2.f2.-r1.r2.f2.-r2.d3.r0.d0.-f3.-d2.-d2.-d3.f0.-d2.-r0.d3.r0.-d0.-d2.-r0.-f3.d0.-f3.d0.r3.-d3.r0.d0.-r0.-r3.f0.f3.-d0.r3.f0.d0.r0,48,48
599,d3.-r0.-d0.r0.-d2.-d1.r0.-r1.d2.-f3.r2.f0.r3.d0.d1.f1.f0.d1.d1.-d3.f2.-r2.-r3.r0.d2.d0.r1.-f2.-d0.-d2.-f0.-f1.r3.-f3.-d2.-f1.-r1.-d1.-r0.f1.r0.d1.r1.f1.-d2.d0.-f2.-d2.f2.-d0,50,50
602,-f0.-f1.-r0.-r0.d3.-f2.r0.d2.-r1.-d3.-d3.-f3.-f3.r0.-d1.-d3.-r0.d1.f3.d3.-r3.-f3.d1.-r2.-d1.d2.-f2.-f3.d1.f2.f3.r2.d0.-f1.-d0.-r2.-r2.-d2.-r0.-r1.-f1.-f1.-f2.r2.f2.r2.-f1,47,47
602,-f0.-f1.-r0.-r0.d3.-f2.r0.d2.-r1.d3.d3.f3.f3.r0.-d1.-d3.-r0.d1.f3.d3.-r3.-f3.d1.-r2.d2.-d1.f0.f1.-r2.-f0.-f1.r2.d0.-f1.-d0.-r2.-r2.-d2.-r1.-r0.-f1.-f2.-f1.r2.f2.r2.-f1,47,47
603,-r3.d3.-r2.-f1.-d2.-r1.-d0.d1.-r3.-r3.r0.-d1.-f3.-r1.-f2.-f2.r0.d0.-f2.-d1.-r0.-d0.-r0.-r2.r1.-f3.-f3.f1.f2.-r1.-d1.-f2.-r3.r1.-d1.-f1.r3.-d3.r0.f1.-r0.d1.d3.-r3.f1.-r3,46,46
603,-r3.d3.-r2.-f1.-d2.-r1.d1.-d0.r0.r3.r3.-d1.-f3.-r1.-f2.-f2.r0.d0.-f2.-d1.-r0.-d0.-r0.r1.-r2.f1.f2.f3.f3.-r1.-d1.-f2.r1.-r3.-d1.-f1.r3.-d3.r0.f1.-r0.d1.d3.-r3.f1.-r3,46,46
606,r1.r1.f3.-r3.r0.-d3.-r0.-d0.-r1.-d0.-f3.f0.r2.r1.f3.-d2.-f3.-r0.-d2.-r0.-r0.d1.-f0.r3.-f2.-f1.d3.r2.-d0.-d2.r1.d0.d0.-r1.d0.d3.d0.-f1.-r1.-f1.r1.-f2.f1.-r2.f1.d3.d0,47,47
606,-r3.-d1.f2.d0.r0.-d3.r3.-d2.f0.-r3.d2.-r3.d2.-r3.-d0.-r0.-r0.-d0.r0.-r2.d2.-r2.f3.-d2.-f3.d0.f0.d1.f2.-r1.f1.-f2.d1.r1.f2.f3.-d0.f3.-r1.-f2.r1.-f3.-d1.f2.d0.d0.-f2.d1.-d0,49,49
607,-r1.-d3.d0.-r3.d2.-r2.-f3.-r2.-d1.-f3.-d1.f2.d1.-r2.d1.f2.-r1.-d1.-r0.r3.-d0.-d3.-f1.r2.f1.r3.-f3.-d0.-r0.-d0.r0.-d3.r3.-d0.-d3.-r0.-r3.d0.-r3.-d0.r0.-f0.-f0.r0.r3.f3,46,46
607,d1.-r0.f2.-d3.r2.-f0.-d0.-r1.f1.d1.-d0.f0.f0.-r2.d2.-f1.-r3.d3.f0.-r2.r0.-d2.-r2.-d1.-r2.-f0.-d1.f0.-d3.-f2.r3.f2.-r3.f1.-d2.-r3.r0.-f1.-r1.-r3.f1.-r0.r3.r1.d2.r3,46,46
607,f1.-f3.-r1.-d2.-r0.f0.d3.r2.f2.d0.r3.d2.-r3.d0.-d2.-r3.-d3.r3.-d0.-r0.-r3.f3.-r1.f0.-d0.-d2.-r3.d0.d2.r1.r3.f3.-d1.-r3.-d0.f1.d0.-f1.f2.-d3.f1.d3.f0.d2.-r1.-d2.r1.-f2.-f0.-d2,50,50
609,-f1.r3.-f0.d1.f0.-r2.-f0.-f1.-r2.f1.-r1.-r1.d2.f0.-d2.-d2.r0.-f3.-f3.r3.d3.r0.r3.d2.-r0.-d2.f3.-d0.d3.r3.-f0.f3.d0.-f0.-r3.r0.-f3.d0.f3.-d0.-f3.d3.-r3.-r3.-f3.d0,46,46
609,f1.-r1.-r1.f1.-r0.f3.-d3.f0.f3.r0.-f2.f3.r3.d0.-f3.f0.-r1.d2.-d0.-r3.-f1.-d0.-f0.-f3.-d2.-r2.d2.f1.f3.-d1.-d2.f3.-d2.-f3.-f3.-d2.-f3.-d1.f3.d1.d2.-f3.d1.-f3.d2.-f1.-d2.-f3,48,48
609,f1.-r1.-r1.f1.-r0.f3.-d3.f0.f3.r0.-f2.f3.r3.d0.f0.-f3.-r1.-d0.d2.-r3.-f1.-d0.-f0.-f3.-d2.-r2.d2.f1.f3.-d2.-d1.f3.-d2.f3.f3.-d2.-f3.-d1.f3.d1.d2.-f3.d1.-f3.d2.-f1.-d2.-f3,48,48
613,r2.-f1.f0.-d3.d1.-r0.r3.-d0.f0.-r3.-f3.-d1.-f3.r1.-f0.-r0.f0.f2.d3.r1.-f3.r0.-d1.-r0.-d1.-f3.f0.f2.-r3.f2.r3.-f0.-r3.d2.-f2.-d2.-r1.-d2.r1.f2.-r1.d2.-r0.-d2.-r1.-d3,46,46
613,r2.-f1.f0.-d3.d1.-r0.r3.-d0.f0.-r3.-f3.-d1.-f3.r1.-f0.-r0.f2.f0.d3.r1.-f3.r0.-d1.-r0.-d1.f2.-f3.f0.-r3.f2.r3.-f0.-r3.d2.-f2.-d2.-r1.-d2.r1.f2.-r1.d2.-r0.-d2.-r1.-d3,46,46
613,r2.-f1.f0.-d3.d1.r3.-r0.-d0.f0.-r3.-f3.-d1.-f3.r1.-f0.-r0.f2.f0.d3.r1.-f3.r0.-d1.-r0.-d1.f2.f0.-f3.-r3.f2.r3.-f0.-r3.d2.-f2.-d2.-r1.-d2.r1.f2.-r1.d2.-r0.-d2.-r1.-d3,46,46
615,f1.-r3.-d0.-f0.-r3.-d1.-f0.-r2.r1.d3.-r3.d3.r1.r3.-f0.f1.-r3.d0.f1.d2.-r1.d0.r3.d3.-r3.r1.-d0.-r1.d3.-r1.-d1.r1.f1.-d0.-d3.f2.r2.f1.d0.r1.-d0.-f2.d0.f2.d1.-f2,46,46
615,f1.-r3.-d0.-f0.-r3.-d1.-f0.-r2.r1.d3.-r3.d3.r1.r3.f1.-f0.-r3.d0.f1.d2.-r1.d0.r3.d3.r1.-r3.-d0.-r1.d3.-r1.-d1.r1.f1.-d3.-d0.f2.r2.f1.d0.r1.-d0.-f2.d0.f2.d1.-f2,46,46
615,f1.-r3.-d0.-f0.-r3.-d1.-f0.r1.-r2.d3.-r3.d3.r1.r3.f1.-f0.-r3.d0.f1.d2.-r1.d0.r3.d3.-r3.d3.-f1.d2.f1.r2.-r1.-f2.-r1.-r1.f2.r0.d0.-r0.-f2.r0.-d0.-r0.-d3.-d2.-d0.-f2,46,46
616,d3.r1.-d2.d1.-r0.-r2.-d0.-f3.f2.-d0.-r3.-r3.d1.-r3.r1.-d1.d2.f0.f3.d1.-r3.-d1.-f0.-d2.r0.d0.-r0.d1.-r3.d0.f3.r0.-f0.-f0.-r0.f0.-d0.-f0.d3.f0.r3.-f0.r3.-f0.d3.-r0.d0.-f3.-r3,49,49
616,-d1.-d1.r3.-f0.-r2.-d0.d3.-r3.-d1.-f2.f0.f0.d3.-f3.-f3.-r3.-d3.f1.r0.-f3.d3.f3.d0.-d3.d2.f1.d1.f3.-d2.-r2.d2.-f1.-f0.d3.-d0.r3.f2.-r0.-f2.r0.-r3.-d3.d0.-f2.d2.f3.d2.f2.-d2.-f3.-d2,51,51
616,-d1.-d1.r3.-f0.-r2.-d0.d3.-r3.-d1.-f2.f0.f0.d3.-f3.-f3.-r3.-d3.f1.r0.-f3.d3.f3.d0.d2.-d3.f1.d1.f3.-d2.-r2.d2.-f1.-f0.d3.-d0.r3.f2.-r0.-f2.r0.-r3.-d3.d0.-f2.d2.f3.d2.f2.-d2.-f3.-d2,51,51
619,-f0.-r1.-d3.-f3.-d1.d3.-r3.-f2.d3.-r0.-r0.d0.r1.-f3.f0.d1.-f0.-d3.r0.-f3.-d0.f2.-r2.-f1.-f2.d0.-f0.-r0.f0.f3.d0.f1.-r3.-f1.r2.-f1.-r2.f1.-r2.-f1.r2.-f3.r0.d2.-r2.-d2.-r0.f1,48,48
619,-f0.-r1.-d3.-f3.-d1.d3.-r3.-f2.d3.r0.r0.d0.r1.f0.-f3.d1.-f0.-d3.r0.-f3.-d0.f2.-r2.-f2.-f1.d0.-f0.-r0.f3.f0.d0.f1.-r3.-f1.r2.-f1.-r2.f1.-r2.-f1.r2.-f3.r0.d2.-r2.-d2.-r0.f1,48,48
620,-d0.-r2.-d2.-r3.f1.f3.-r2.r1.d3.-r0.r1.-f1.-d2.-f2.r3.d1.r1.-d1.f2.-r3.-d2.-f2.-d2.f2.-d2.d1.r3.-d0.-f3.-r3.-f0.r3.-d0.d3.-f3.r0.d0.-r0.d0.f0.f3.-r0.-f0.-r0.-d3.-f3.-f3,47,47
620,d3.f1.-f3.d3.-d1.r0.-f2.d0.f1.d3.-r3.-d3.-r2.-d3.-r3.f3.d2.f0.-f3.d0.-f3.d0.f3.-r0.-d2.-d1.-r0.-f0.-r3.d1.-r0.-d2.r0.d2.r3.-f0.r0.f0.-r3.-d1.r3.-d1.f3.-d3.-d0.-f3.r0,47,47
620,-d1.r0.d1.-d0.-f3.f1.d1.-r3.-d3.-f2.-r0.-d2.f3.-f2.r1.-f3.-r0.f1.r0.f3.-d3.f1.d0.f0.d0.d3.-r0.-f0.d0.r0.f0.r3.-d0.-r0.d0.r0.r3.f3.-d3.r0.d1.f0.-d1.-f0.-f1.-f3.r1.-f0.-r1,49,49
620,-d1.r0.d1.-d0.f1.-f3.d1.-r3.-d3.-f2.-r0.-d2.f3.-f2.r1.-f3.-r0.f1.r0.-f0.-f2.d0.r0.-d0.-r0.-f1.-r3.f1.d3.f0.r3.d0.-r0.f3.d0.-f3.-r3.f1.d0.-f2.-d1.-d1.f2.d1.-d0.d1.f2.r0.-f1,49,49
621,-d3.r1.d0.-f2.-f2.f3.-d3.r2.f0.f3.d3.r1.f1.f3.d3.-f0.-d2.f1.f2.-r0.-r1.r3.d2.-f0.-f1.-d2.d1.-f1.d2.r2.d2.-f1.-f1.d3.-r0.d1.r0.-d2.-d3.-r0.-d1.r0.r2.-d2.r2.d2,46,46
621,-d3.r1.d0.f2.f3.f2.-d3.r2.f3.f0.d3.r1.f3.f1.d3.-f0.-d2.f1.f2.-r1.-r0.r3.d2.-f0.-f1.-d2.d1.-f1.d2.r2.d2.-f1.-f1.d3.-r0.d1.r0.-d2.-d3.-r0.-d1.r0.r2.-d2.r2.d2,46,46
621,-d3.r1.d0.f2.f3.f2.-d3.r2.f3.f0.d3.r1.f3.f1.d3.-f0.-d2.f1.f2.-r1.r3.-r0.d2.-f0.-r1.-r1.d1.-r2.d2.r3.-r1.-f1.-r3.d0.-d2.-r3.d0.f2.-r3.-f2.r3.-d0.r3.-d0.-r1.f1,46,46
621,-d3.r1.d0.f3.f2.f2.-d3.r2.f3.f0.d3.r1.f3.f1.d3.-f0.-d2.f1.f2.-r1.-r0.r3.d2.-f0.-r1.-r1.d1.-r2.d2.r3.-r1.-f1.-r3.d0.-d2.-r3.d0.f2.-r3.-f2.r3.-d0.r3.-d0.-r1.f1,46,46
624,-d0.f0.-r2.d1.f0.-r3.-d1.d0.-r3.-d1.-r2.-f1.-d3.r0.-d0.r2.-d0.-r0.-r0.-r2.f3.d1.f1.d3.-f1.-d1.-r0.-f0.f3.-r3.-f0.r0.d3.-r0.-d0.-f3.r0.-d3.-r0.-r0.f0.r0.-f0.-f0.-r0.d0.-f0,47,47
624,f2.-f3.-r0.-f0.r0.d3.-r2.-r1.d3.-f2.r3.-f2.r1.-d0.-f0.-r3.-r3.d2.f1.-d2.-d0.d1.-r1.-d1.r1.f3.-r3.-f3.d1.d2.f3.-r0.f3.-r2.-f3.f1.-r1.-f1.r0.r1.-d1.r2.d3.-r2.d1.r2.-d3.-d2.-r0,49,49
625,r2.-d1.r2.f0.r2.d0.r0.-d2.-f0.-f0.r0.d3.-f1.r3.-f2.f1.d1.d3.-r3.-f3.-d0.-d0.-r3.-f3.r3.-f2.r2.-d1.-d2.-f1.f2.-d2.-d2.-r2.-d0.-d2.r2.d0.-r2.f1.-d2.-r2.d2.f0.f3.-d2,46,46
625,r2.-d1.r2.f0.r2.d0.r0.-d2.f0.f0.r0.d3.-f1.r3.f1.-f2.d1.d3.-r3.-f3.-d0.-d0.-r3.-f3.r3.-f2.r2.-d1.-d2.-f1.f2.-d2.-d2.-r2.-d0.-d2.r2.d0.-r2.f1.-d2.-r2.d2.f3.f0.-d2,46,46
627,r3.-f1.f2.r0.-d2.-d2.-r0.f1.-d0.-f3.f1.-r0.-r2.d3.f1.d1.-r2.-f0.r2.-d1.-d1.-f1.d1.d2.r1.d1.d3.f3.d0.f3.-r3.d3.f0.-r0.-f3.-f3.d3.-r3.-d0.-d3.f3.d3.-f3.-r0.-f3.-d0,46,46
627,f1.-r2.-f2.-d3.f0.-d0.-r1.-r3.d3.f0.r0.f2.-f3.-d0.-d2.d1.-r3.d3.d0.f3.r2.-f3.-d3.r0.d0.f0.-d1.-r3.-f0.-d3.f0.r3.-f0.d3.f0.r3.f0.d1.-f0.-f0.r3.-d2.-r3.d2.f3.f0.-r3.-r0,48,48
629,-d3.r2.-d0.-d0.-r0.-f1.r1.-d3.-d1.d0.-r2.-r2.-f0.d1.d3.f0.-d1.-r1.-d3.-f1.-r0.d0.d0.f3.-r3.d0.f1.r3.r1.-f1.-r1.d1.-f1.-d1.r3.r0.r0.-d2.-r0.f1.-r2.d1.r2.-d1.-f1.r0,46,46
629,-d3.-f0.-f3.d3.r0.f0.-d3.-d1.r2.-f1.f2.-d1.d0.-r3.d0.-f1.-d0.-f2.-r0.-d0.d2.-f1.-d2.f0.d0.-f3.-r3.-f2.r3.f2.r0.-d0.f1.-d3.f2.d0.d0.-r2.d3.-r1.-d2.-r1.d2.-r1.-d3.r2.d3.-r1,48,48
630,-d3.-r3.-f1.-f3.-d2.-f2.d0.-f2.d1.d3.r1.-f0.-r1.-d3.-r3.r1.-d2.f3.d0.-f3.d3.f1.-r2.d1.r2.-d1.f2.f3.-r0.-d2.-f1.-r3.d2.-f1.-d2.r3.-f2.-r2.d3.-f1.-d3.r2.-d2.f1.d2.-f1.-r2,47,47
630,-d3.r2.r0.d0.f2.r3.-d2.-f2.-f3.-d2.-d3.-d1.-f0.-f2.-r3.-r2.f0.r2.-r3.-r1.f2.r3.-f1.r3.f1.-d0.-f1.d3.f1.-d3.r3.-f1.-r2.-d0.-d3.-r2.-d2.-d2.d3.f1.-d2.r2.-f1.d0.f1.r2.f1,47,47
631,d1.-r1.-f0.r1.-f1.r3.-f3.-r2.-r2.-d0.r1.d2.r0.-d3.f0.f3.d0.f3.f2.d0.-d3.r3.f2.-r3.d3.-r0.-f2.r0.f3.f2.r3.-d0.-r0.-d0.-d3.r3.r0.f2.r3.-f2.r3.r3.-r0.-f1.-r3.f1.r3.-f1,48,48
631,f3.d3.f1.r2.f0.-r3.f0.-d2.-d2.f2.r1.-d3.-f2.d0.-f0.-d0.-r0.-r0.-f0.-r0.-d0.-d0.f0.-d3.-f3.-d2.-f1.-f1.-d1.-r2.f3.-d1.f3.d2.-r3.d1.-r2.-r2.r3.-d2.-r2.-r2.-f3.r2.-f2.d1.-f1.f2,48,48
631,f3.d3.f1.r2.f0.-r3.f0.d2.d2.f2.r1.-d3.-f2.d0.-f0.-d0.r0.r0.-f0.-r0.-d0.-d0.f0.-d3.-f3.-d2.-f1.-f1.-d1.-r2.f3.-d1.f3.d2.-r3.d1.r3.r2.r2.-d2.r2.r2.-f3.r2.-f2.d1.f2.-f1,48,48
633,f0.-d2.-f1.-d3.-r2.r3.-d1.-f2.d3.-r3.f0.-d1.-d2.-r0.-f2.r0.-f3.-r1.d1.-r0.-d0.-d1.-r0.d0.r0.-f0.r3.d0.r1.-d2.-r1.-f0.r2.f2.-r2.f0.d1.f2.-d0.r2.f2.-d1.-f2.r1.-d1.-r2,46,46
633,f0.-d2.-f1.-d3.r3.-d1.-f2.-r2.d3.-r3.f0.-d1.-d2.-f3.-r1.d1.-r0.-d1.-d0.-r0.d0.r0.-f0.r3.-d3.-d1.f2.f1.-r1.f0.r2.f3.r1.-f3.-r1.-r2.d2.d1.-f2.-d2.r1.-f0.-d2.-f1.d2.-r1.d3.r1,48,48
633,f0.-d2.-f1.-d3.r3.-d1.-f2.-r2.d3.-r3.f0.-d2.-d1.-f3.-r1.d1.-r0.-d1.-d0.-r0.d0.r0.-f0.r3.-d3.-d1.f2.f1.-r1.f0.r2.f3.r1.-f3.-r1.-r2.d2.d1.-f2.-d2.r1.-f0.-d2.-f1.d2.-r1.d3.r1,48,48
637,f1.r1.-d2.-f1.d0.-f0.-d0.d3.r3.f2.-d3.d0.f3.-d0.-d2.d3.-r2.d0.r1.r2.-f0.-f3.d2.f1.-d2.r0.r3.-f3.r0.d3.-f0.f3.-d3.-f0.d0.f3.d0.f3.-r0.d0.-r3.-r3.f0.-r0.-f0.-r3,46,46
637,-f0.-d3.f0.-r3.f0.r1.-d3.d0.r1.r0.-f0.-d0.-r1.-r0.-f0.-r2.-f3.r2.f0.-d1.-r0.-f3.-r0.d1.-r0.d1.f2.-d1.f2.r0.d1.-r0.-r0.-f0.-r1.r3.f2.r2.f1.r1.-d1.-r2.d1.-f2.d1.-r3.f0.r3,48,48
637,-f0.-d3.f0.-r3.f0.r1.-d3.d0.r1.r0.-f0.-d0.-r1.-r0.-f0.-r2.-f3.r2.f0.-d1.-r0.-f3.-r0.d1.-r0.d1.f2.-d1.f2.r0.d1.r0.r0.-f0.-r1.r3.f2.r2.f1.-d1.-r2.d1.r1.-f2.d1.-r3.f0.r3,48,48
639,-f0.d0.-f3.r3.f2.r3.f0.-r2.d0.f2.r2.d1.-r1.r3.f0.f1.r2.r3.-f3.-d2.f3.d3.-f3.d2.-f3.-r3.-f1.d3.-f0.-r3.-d3.d0.r3.-f3.-r3.-f0.-f3.-f3.d0.d3.-r0.d3.-r3.-f0.d0.r0,46,46
639,f1.d2.-r0.-f1.-d3.-r3.-d1.r1.d1.-f1.d1.-d3.-r0.-f3.r0.-f3.-d1.-f1.-r1.f1.-d2.-d3.f0.d3.-f1.f0.-r1.f2.f0.r1.-f3.-f3.-d1.-d1.-f2.-d1.f0.r0.-f0.-r0.f2.r0.f0.r0.r0.-f2.r0.f3,48,48
639,f1.d2.-r0.-f1.-d3.-r3.-d1.r1.d1.-f1.d1.-d3.-r0.-f3.r0.-f3.-d1.-f1.-r1.f1.-d3.-d2.f0.d3.-f1.f0.-r1.f2.f0.r1.-f3.-f3.d1.d1.-f2.-d1.f0.-d0.f2.-r0.-f2.d0.-r2.-d0.r0.d0.r2.f3,48,48
640,d3.f0.-f3.r0.-r1.-d1.f3.d3.-f1.-r3.-r3.-f0.-d0.-d1.f0.d0.r3.-d3.r2.-f2.-r2.-r3.-d1.-f2.d2.d3.-r3.f0.r3.-d3.f2.d3.d1.-r3.-d1.d0.-f3.r2.d1.-f1.-r2.f1.-d1.f3.f2.-d0.f2,47,47
640,r3.d1.r2.-f1.-f3.d0.r0.-f1.f0.-r3.-f3.-d1.r2.d3.-r2.-r3.f0.-r0.-f2.-r3.-d3.r3.-d1.-d2.d3.-r3.r2.-f3.-d3.r3.d0.f0.-r0.f0.d3.f3.r0.f0.-d0.-d0.d3.-r3.-f3.-r3.r0.d3.-f3,47,47
640,f0.-d3.f0.r1.-d0.r1.f2.r3.f2.d0.-f3.d0.f3.r1.-f3.r0.-f2.f1.-d2.f1.r0.-f3.r3.f1.-r1.-f0.d1.-r2.-d1.-f1.f0.d2.f2.-r1.-d2.d0.-d1.-r1.-f2.r1.-d0.d2.f2.r1.r1.-d2.-r1.-f2.f1,49,49
641,-d2.-d3.f3.r2.r3.-d1.f2.d0.-f2.-d1.-f2.-d0.r3.-f0.-d2.-f0.-f2.-f3.-r1.r2.-d1.-f0.d1.r1.f2.d2.-f3.-f3.d0.-r0.-f3.-r3.d3.-r0.-d0.-f0.d0.r0.-f3.d3.-r3.f3.d3.-r0.-r3.f3,46,46
641,-r1.d2.f3.-f1.-d3.-f2.r1.-d1.f1.-r2.-f0.-d0.-f0.-r3.-f3.-f1.r1.-f3.r3.f3.-r0.d2.-f3.-r2.f1.-d2.f1.-d2.d1.f1.f1.-d1.-r0.-d2.f3.r0.-f3.r2.f3.d2.-r0.f1.r1.d2.d2.-r1.d2.-f1,48,48
641,-r1.-f0.-d1.-r0.-d2.-d2.f0.-f2.d3.-r0.-f3.-f3.-d3.-r2.-f0.r0.-f0.-d1.-f3.-d0.-f0.-f0.-d2.-f3.f0.r0.-f3.d2.f0.-d1.-f0.-f3.d3.d3.-r3.d3.f3.-d2.-f3.r3.d3.f3.d2.r3.f0.d2.-f0.-r3.-d2.f0,50,50
642,-d3.-d3.r1.f3.-r0.-d2.-d2.-f0.-r2.d1.f2.-d3.-r2.-d2.-r3.-d1.-f2.f3.-r2.-d1.-d3.-f1.-r1.-d3.d1.-r1.-r3.-d0.r1.r3.-d0.-r1.d1.-r1.f2.r1.f3.d1.f0.f1.-r2.-d1.-f1.-r1.d1.r1.r2,47,47
642,d3.d3.r1.f3.-r0.d2.d2.-f0.-r2.d1.f2.-d3.-r2.-d2.-r3.-d1.-f2.f3.-r2.-d3.-d1.-f1.-r1.-d3.d1.r0.r2.-f0.-r2.-r0.-d0.-r1.d1.-r1.f2.r1.f3.d1.f0.f1.-r2.-d1.-f1.-r1.d1.r2.r1,47,47
645,r2.-d2.f3.-d3.-r1.-d0.d3.-r0.-f2.r1.-d2.-r2.-f1.f0.r1.f1.-r2.-r2.f0.d3.-f0.d1.-f3.-f3.-r2.-f0.r2.d3.-r3.d0.-f3.-d0.-d0.r3.-f0.-d3.r0.f0.d0.-f0.-d0.-f0.-f0.r0.-f0.-r0,46,46
645,d1.f2.r3.-f0.-d3.-r0.-d1.-f2.d3.-r3.-d1.f2.-r2.-r0.-f0.d0.-r3.-r1.-f2.r1.-d3.-r1.d3.f0.-f3.-d0.f3.r3.d3.-d2.-f0.-d1.f1.d1.-f3.-d2.-d1.f2.d2.f3.f0.-d3.f2.r0.-f2.r2.f2.-r0.-f2.-r2,50,50
647,-r2.-f0.-d3.f2.d0.-f0.r3.-f0.-f2.-d0.d1.d3.r1.-d2.d0.-f3.d2.-f1.-f2.d0.-r0.-d3.-f3.-r0.f3.-r2.f0.f3.-r2.-f3.r2.-f0.-f0.f3.-d1.f0.d1.-f3.r0.-f3.r2.f3.-r0.-d1.r0.-d0,46,46
647,-r2.-f0.-d3.f2.d0.-f0.r3.-f0.-f2.d1.d3.-d0.r1.d0.-d2.-f3.d2.-f1.-f2.d0.-r0.-d3.-f3.-r0.f3.-r2.f3.f0.-r2.-f3.r2.-f0.f3.-f0.-d1.f0.d1.-f3.r0.-f3.r2.f3.-r0.-d1.r0.-d0,46,46
653,-f3.d1.r3.f2.-r0.f3.f3.-d1.-f1.d0.-r0.-f0.d1.f3.-d1.-f3.-f1.-d2.r1.d2.f3.d3.f1.f3.r0.-f1.-r0.f1.r1.-d2.-f1.-d0.-f2.-d1.f2.f1.d1.r2.-f0.r1.d1.-r1.-d1.-f1.d0.-r1,46,46
653,r3.-d0.-r0.-d2.f3.d0.f2.-r0.-f0.r2.r2.d2.-f3.-r1.f1.f2.-f3.r2.-d2.-r1.-d2.-f2.-r1.d3.f0.-r0.d3.-r3.d2.r1.-d2.r3.-d3.-f0.-r3.d2.r1.-d2.r0.-f2.r0.f2.r3.-f2.-r1.-r0,46,46
653,-d3.f2.d1.-r1.-d2.-r1.-f3.d0.d2.r2.-d3.-r3.-f1.f3.-r0.f1.r0.-r3.d0.f3.d0.f0.f0.-d0.-r1.f1.r1.-f1.f0.r1.d0.f0.-r2.d2.-d0.r2.f0.d0.-r0.-d2.r0.-d0.d2.r0.r2.-f2.-r0.f2,48,48
655,-f0.-d1.d2.r0.f2.-d2.-r1.-r3.-f0.-r1.-f1.d0.f1.-d2.r0.r3.-d0.-f1.d0.f3.-r0.-r0.-r2.-f3.r0.r2.-d0.-r0.-d3.d0.f0.-d0.-f3.-r0.r3.d3.-r3.-r3.d3.-r0.-f0.-f0.f3.-r3.-r3.-f3,46,46
655,d0.r2.-d3.-f0.-r1.d3.f2.-d3.f1.f1.f3.-d0.r1.-d3.r3.-f0.d3.r0.-d1.f3.d3.r0.-f0.r1.f0.-r3.-f1.d1.-r2.-d2.-f0.-f1.-f1.-d1.f0.-f1.d1.-f1.d2.r1.r2.-d1.r1.-d1.r1.r1,46,46
655,f0.r1.-d0.-f0.-r3.r0.-r2.-d1.-d0.-f2.r0.-d3.r1.-f3.d2.d1.r0.-f2.r2.-r1.-d0.-d1.-f1.d0.f3.-d0.f1.-d2.-d1.-r0.d0.d2.-f3.-r3.f3.-d2.f2.f2.-d1.-d1.-f3.-d1.f3.d1.f2.f2.d2.-f3,48,48
659,-d2.-f0.r0.d3.f0.d0.f1.r1.-f3.d0.d3.d0.d1.-f3.d3.-f0.f3.-r2.-f3.d2.f2.f1.r2.-d2.-d1.-f2.d1.-f0.d3.-r1.f3.f3.-r2.-f1.-r2.f1.r2.r2.-f3.d1.r1.d1.-r1.-d1.d0.-f2,46,46
659,d0.f3.d1.f1.r3.f0.-r0.-r2.-f3.-r1.f3.d3.r0.-d3.d2.-r2.r1.-d1.r2.f0.-r3.f0.-r0.-r3.-f0.-r0.-r2.-f0.r0.f0.-r3.-d3.r3.-f3.-r3.-f0.-r3.-d3.-f3.f0.-r3.-r3.-f0.-f0.-f3.-r0,46,46
661,r3.d3.-f1.-d2.r3.-d2.f3.-r3.r1.d1.-f0.-d2.r0.r1.f1.r0.f3.-r3.-f2.-f2.-r0.r3.f2.r3.f2.d3.-r2.-d3.r2.-f3.-r2.f2.r2.-d3.r2.-f2.-f2.-r2.-r2.-d2.d3.f2.-d3.-r3.r2.d3,46,46
661,r3.d3.-f1.-d2.r3.-d2.f3.r1.-r3.d1.-f0.-d2.r1.r0.f1.r0.f3.-r3.-f2.-f2.r3.-r0.f2.r3.f2.d3.-r2.-d3.r2.-f3.-r2.f2.r2.-d3.r2.f2.f2.-r2.-r2.d3.-d2.f2.-d3.-r3.r2.d3,46,46
661,r3.d3.-f1.-d2.r3.-d2.f3.r1.-r3.d1.-f0.-d2.r1.r0.f1.r0.f3.-r3.f2.f2.r3.-r0.f2.r3.f2.d3.-r2.-d3.r2.-f3.-r2.f2.r2.-d3.r2.f2.f2.-r2.-r2.d3.-d2.f2.-d3.-r3.r2.d3,46,46
663,-d0.-f2.-f2.-r0.-d2.d3.f0.d1.r0.-d0.-r0.f3.r0.-d2.f0.f3.d3.-r2.f1.r2.-f0.d0.-f1.-d2.r3.f1.-d0.-r2.-r3.f0.r2.-f0.-r1.r2.r3.-d0.r3.d0.d3.f2.d2.d1.f0.-d1.-f2.-r2,46,46
663,-d0.-f2.-f2.-r0.d3.-d2.f0.d1.r0.-d0.-r0.f3.r0.-d2.f0.f3.d3.-r2.f1.r2.-f0.d0.-f1.-d2.r3.f1.-d0.r1.r0.-d3.r2.d3.r1.-r0.r1.-d0.r3.d3.d0.f2.d2.d1.f0.-d1.-f2.-r2,46,46
663,f1.d3.-r1.f0.-r1.-f3.d0.-f2.-r0.-d1.-f0.-d2.-f0.-f2.-r0.r2.d2.f0.f2.d2.f2.-r2.-f2.-f2.-d2.-r3.r2.-d0.-f0.-f0.-d0.-d0.f0.-r3.-f0.r3.-f0.-d3.r0.-f0.-f3.-r3.f3.r0.-f3.r3,46,46
664,-f2.d3.-r0.-d1.d3.-f3.r3.r3.-f3.r1.-d1.r3.-f1.d1.d3.-r2.-r0.-r2.-f0.-f0.r0.r0.-f2.-d3.-f1.r1.f1.-d2.-r1.-f2.d3.f0.-f3.f2.f1.-d1.-d1.r1.-d1.-f1.-r2.d1.-d3.f1.d1.-f1.d3,47,47
664,d1.d2.-f3.-r2.f2.r2.-d0.-f3.-f3.d1.-f0.-f2.-d0.r0.f1.-r0.d0.-r2.d3.r2.-d0.-r0.-f3.-f3.r0.r3.-f1.r3.-d0.d3.-r3.-f3.-r3.-d0.-d3.-f3.-r3.d0.f0.-d3.-f0.r0.-d3.-f0.-d0.f3.r0,47,47
665,-r1.r3.-f3.d3.f2.d1.-r2.f0.d1.-r0.-r2.f1.-r3.-f1.f3.-r3.f1.f3.d3.f3.-r0.-r0.f0.f3.r2.r3.-d0.-r0.d3.-r3.-f0.-r0.-r3.-r3.-d3.d0.-r0.-f3.d0.r0.-f3.d0.-f3.-f3.d0.-r0,46,46
665,f0.-f3.r3.d3.r1.-f3.-f0.r3.f3.-d3.f0.-f1.f0.d3.-f0.-d0.-f1.-d2.-f2.r3.f2.-r1.-d1.-r2.f2.-r0.-f2.-f0.-d2.-f2.d2.f2.f2.d3.f3.r2.-f3.d0.-f2.-f1.-d1.f2.d2.d1.f1.-d0,46,46
668,f3.-d3.-f3.r0.d2.f0.-r3.d0.f3.d1.r0.-d1.-d1.f3.f3.d2.r2.f0.-r0.-d2.-r2.f3.-d0.r3.-d0.d2.r1.-d2.-r2.f0.d1.-f0.r2.d1.-r2.-r1.d0.-f2.-d1.-r1.-r1.f1.-f0.r1.f2.-r1.f0.-r1.-d1,49,49
669,-f1.-r0.d0.-r2.-d3.r2.-d1.-r0.-r2.f0.f1.-d1.f0.d0.-r1.-f0.r1.f1.-r1.-d1.-f1.r1.-d0.-r1.d0.-r3.r2.d0.-r3.-f0.r3.-d3.-d3.-f3.-f3.-d3.d0.r3.d0.r0.-d0.f0.-d3.-r0.-f0.-r3,46,46
669,r1.r1.r0.-d2.-f2.-r2.d0.r1.-d3.r2.r0.-r3.f0.-d1.-f3.-d3.f3.r2.-r0.d2.f0.r0.-f2.-f2.-r0.f3.f1.-d2.-r0.d2.f0.r1.-d2.-r1.-f0.r1.-d2.-r1.-d3.r0.r0.d2.f1.-d2.-f1.-r0.d3.-f2,48,48
673,-f3.-f3.-f1.r1.d0.r0.-f1.d3.f3.-f2.d0.-f0.-r1.-d2.-r0.f3.d2.-f3.r3.d0.f2.-r3.f0.-r0.-r1.-r2.-d1.-f1.d2.r2.-d2.f1.r3.-f1.-f0.d2.f0.-d2.-r3.r1.f2.r2.-f2.-r2.-d2.r3,46,46
675,-r0.-d1.r3.f1.d0.-d3.-d3.-f2.f3.-f1.d0.-r0.d3.d2.-f2.f1.-d1.r2.f3.-r0.-r2.d0.d2.-f3.r2.-f1.r2.f1.r0.f2.-d3.f2.-r0.-d2.r0.d3.-f0.-d1.-r2.-d3.-r2.d1.r2.-f2.d3.r2,46,46
677,d0.-f0.-r1.d0.r2.f2.d0.f2.f0.-r1.-d1.f2.-d1.-f2.-d3.r3.r3.r0.-f3.-r3.d0.f3.d1.-f3.-r3.f2.r3.-d3.-r3.d3.f1.-r1.r3.f2.-d2.-d2.-f2.d2.r3.d2.r1.-f1.r2.-d2.-r3.d2,46,46
679,-d3.-f3.d2.r0.f0.-d1.d0.r1.-f0.-r3.r2.d1.-f0.d1.r0.f1.-r0.-d0.-r0.d1.r0.-f3.-d1.f3.r1.-d1.-r1.f1.-r0.-d2.f2.d1.-f2.d1.f2.-d0.-f2.d2.r1.f3.r1.f2.-r1.-f3.r2.-d0,46,46
679,-d3.-f3.d2.r0.f0.-d1.d0.r1.-f0.r2.-r3.d2.f1.-d2.d1.-f0.d1.-d0.-f0.d1.f0.r0.f1.r0.r0.f2.-r1.d1.r1.r2.-d0.-r2.-f1.r1.-d1.f1.f1.-d1.r2.-f1.r2.d1.f0.-d1.-f0.-d0,46,46
680,-f0.-d3.f3.-d1.f1.-r1.f3.-r3.-f3.-d3.-d3.d0.-f0.-f0.-r0.-r1.d1.d3.-r1.-d3.-f1.-f3.-d1.f0.f3.-r2.-d1.-r3.-d0.-f1.-r1.f3.r1.f1.-r1.-d1.-d1.r1.d1.r3.-f2.-d2.-d3.r2.d2.d3.f2,47,47
680,-f0.-d3.f3.-d1.f1.-r1.f3.-r3.-f3.d0.d3.d3.f0.f0.-r0.-r1.d3.d1.-r1.-d3.f0.f2.r2.-f1.-f2.-r2.-d1.-r3.-d0.-f1.-r1.f3.r1.f1.-r1.-d1.-d1.r1.d1.r3.-f2.d1.d0.-f1.-d1.-d0.f2,47,47
683,d3.-r3.d0.-r1.-f2.f3.-r2.-d2.r1.-d0.d3.-r2.-d1.r1.d0.-r0.-f1.-r1.-f3.-d0.f1.f3.r0.f3.-r2.d0.-r1.-f0.-f2.d1.r2.-d1.f0.d3.r2.d2.-r2.-d3.-f2.-d2.f0.f2.d1.f2.-d1.-f0.-r2.-r2,48,48
683,f3.r0.-d3.r2.f3.r1.-f1.-r0.r1.d0.r1.f2.f0.f0.d3.-d0.d3.f2.-r0.-d3.f0.r0.-f2.f0.d2.r2.d2.d0.r3.f2.r0.-r3.-f2.-r0.-d0.-f1.r0.-r2.d2.-r0.r2.f2.r2.r0.-d2.-r0.f1.-r2,48,48
685,-d0.f1.-d0.r3.r0.d0.r3.-f0.r1.-f2.d0.f1.-r0.d1.r1.d0.-f3.-r0.d3.r0.-f3.-d2.-f1.r3.r1.-r0.-f1.-f1.r2.f1.r0.-d2.-d3.f0.-d2.-f0.-r2.-f2.r2.f2.-f0.d2.-r2.-d2.f0.d3,46,46
685,d2.-r0.r3.d1.-f3.-r2.-d1.-f3.-r2.-d3.-f1.d0.d3.-f2.-r2.r3.-d0.-f2.-r2.-f2.r2.-f3.f2.-r0.-f2.-r0.-r0.f1.-r3.-d1.f1.d1.-r3.-d2.-f1.d1.-f3.-r1.f3.r1.-f1.d2.-f1.-r1.-f3.f1,46,46
686,-f3.f1.-d1.r1.-f2.-r0.f0.r2.f0.-d3.r3.-d2.d3.-f0.r1.r2.-f3.r1.f3.r3.-f3.d3.-r0.-d2.f1.-r1.d2.-r3.d3.-f3.d2.r1.-d0.r3.-d2.-r3.d0.f2.r3.d2.-f2.-r1.f2.-r3.-d2.-f2.-d2,47,47
686,f1.-f3.-d1.r1.-f2.-r0.f0.r2.f0.-d3.r3.d3.-d2.-f0.r1.r2.-f3.r1.f3.r3.-f3.d3.f2.-r0.-r0.f1.-r3.-f1.r0.-d0.-r2.-d2.r2.d0.f1.-r1.-f1.-d2.f1.d3.-f3.-r1.f3.d2.-f3.-d2.r1,47,47
687,r2.-d1.-f2.f1.d3.-r2.d1.-r3.-f2.f1.d2.-f2.r1.f2.-r1.d3.f2.-d3.-d3.-r2.r1.-f3.-r2.-f2.-r3.-r3.r2.f3.d3.r3.d0.d3.r3.d0.r0.-d0.-f3.d3.f0.-r0.f3.d3.-r0.d0.f0.-d0,46,46
687,f2.r2.-d3.r0.-f0.-f2.r0.-f2.-d3.-f1.-f2.d3.r0.d3.-f0.d3.r0.-f3.d3.-d2.r3.f2.r1.-d1.-d1.-r3.f2.r3.-d1.f0.-f2.d2.r3.-f1.-r3.d0.-d2.f2.-r0.d1.-r2.d1.r2.d1.d1.-r1.r0.-d0,48,48
689,-d2.r2.d1.r2.-d3.r3.f0.-r3.-f3.-d3.-f1.-f1.d0.r0.-d2.d0.r1.-d1.-f3.-f3.d1.f1.-r2.-f1.-r0.r2.-d3.-r3.-f0.-f3.r3.-d3.r0.f0.d3.f0.r3.-d3.r0.d0.-r3.r0.f3.d0.f3.d0,46,46
689,-d3.-f1.-r0.-d3.f0.d3.-r3.d2.-d3.-f3.r1.f1.d3.-f2.-r3.-r0.d0.f3.d0.r0.-f0.-d0.-r0.r2.f3.r1.r2.-d2.-d2.-r1.d2.d2.-f0.-r2.-f3.f0.r2.f3.d2.d2.-f0.-f3.r2.f0.-r2.-r1.-f0.-r0,48,48
689,-r0.-d2.-f2.-r0.f0.d2.r1.d0.r3.f2.-r2.-f3.r1.-f3.-d3.d0.r1.-d0.-f2.-d3.r0.d2.f3.-d2.-r1.d0.-d3.r1.f1.-r1.-d0.d2.-r2.-d3.-d3.-r1.-d3.r1.r2.r3.d0.-r3.-r3.d3.f1.-d3.-f1.r3,48,48
691,-d2.-d3.r0.-f1.-r3.d3.-r1.-r3.-f1.-f3.-r1.-r1.r2.d0.d3.-r3.-f0.-r1.-f0.-f2.-d3.-f3.-d3.r0.f1.-r0.-f1.-f3.-d3.-r0.d3.-r3.-d0.-d3.-r0.f3.d3.r0.-f0.d3.-f3.r0.r3.-f3.-d0.-r3,46,46
691,r0.-f1.r3.-f0.-r0.-r0.d0.-r3.-f3.-d2.f2.f0.-r1.d0.d2.f3.r3.-f2.r1.-d3.r0.-f0.-r2.d2.r2.-d2.-r0.-d0.f0.-f2.d1.f2.d2.-f0.-d2.f0.-r1.d0.r1.-f1.d2.-r3.f2.-d2.-f2.-r1.d2.r3,48,48
692,r0.r1.f3.r0.d3.-f1.-f1.d0.-f0.-r2.d0.-r3.-r3.d0.r3.f2.r3.-f0.r1.r2.-d0.-r0.-d0.-r1.f2.d0.f3.-d0.-d0.-f3.-d3.r1.d2.-r1.-r1.-d0.-r2.d0.r1.-d0.r1.r2.-d0.-r1.d3.r1.d0,47,47
692,r0.r1.f3.r0.d3.-f1.-f1.d0.-f0.-r2.d0.r3.r3.d0.r3.f2.r3.-f0.r2.r1.-d0.-r0.-d0.-r1.f2.d0.f3.d0.d0.-f3.-d3.r1.d2.r1.r1.-d0.-r2.d0.r1.-d0.r1.r2.-d0.-r1.d3.r1.d0,47,47
692,r0.r1.f3.r0.d3.-f1.-f1.d0.-f0.-r2.d0.r3.r3.d0.r3.f2.r3.-f0.r2.r1.-d0.-r0.-d0.-r1.f2.d0.f3.d0.d0.-f3.-d3.r1.d2.r1.r1.-d0.-r2.d0.r1.-d0.r2.r1.-d0.-r1.d3.r1.d0,47,47
693,-d1.-f1.r3.-f0.-f0.r3.-d3.-r1.-f0.r0.-d3.-d0.-f2.-d3.-d2.-r1.-r0.d1.-f0.r0.-d2.-d0.r1.-d2.r1.d2.r2.f0.-d1.f2.r1.-f3.r1.f2.r1.f3.f2.d1.f0.f3.-d1.-f0.d1.-f2.-d1.-f2,46,46
693,d2.-f2.r3.-d0.-d1.-f0.-f0.-f3.-r0.-f2.d1.f2.-d0.-d3.-d3.f2.-r2.r0.f0.-r0.-d0.r3.d2.r0.-d2.r3.-f0.-r3.-f3.d3.f0.-r0.r3.-d3.f0.-d0.-d3.-f3.-d3.-r0.-r0.-d0.f3.-r3.-r3.f3,46,46
693,d1.-f1.-d2.-r0.-d1.d0.-r0.f3.-r2.-r0.d0.-r0.-d3.d0.-f0.-f0.r0.d3.-r0.-r3.-f3.d3.-f2.-r3.-d0.r3.f2.r1.f3.-r1.-d3.-d0.f1.r1.d3.-r2.d0.-r1.-r1.f2.-r2.-r1.-r1.f2.-r2.-f2.r3.-r2,48,48
696,-d1.f0.r3.-f3.-d3.d0.f1.-r3.-d2.r2.d1.d0.-f2.r1.-f0.-d2.-r2.f1.r2.-d3.r0.-r3.d2.f1.-f3.f2.d3.-f2.-d3.-f2.f3.-d1.-r1.-f2.r1.-d2.r2.d1.f2.-d2.f2.f2.-d0.f2.d3.d2.d0,47,47
696,d1.f0.-r0.f0.-d1.d2.f0.r1.-d1.f0.d0.f2.d0.-d3.f2.d3.f0.f3.f3.-f1.-d3.-d3.-f0.f3.d3.-f3.-d0.-r3.-f1.r3.f1.-d3.-r1.-d1.r1.-d3.d1.d0.f2.-d3.-r3.-r1.f1.-d2.r1.d2.f2.d1.-f2,49,49
697,-d1.-r3.-r3.d2.f3.-f1.-d2.r2.d0.f3.d3.-d1.r0.f2.-f1.-d1.-d1.f2.-d0.r1.-r0.f2.d2.-r1.f3.d1.-d3.r1.d3.r2.f0.-r1.-f0.-r2.f2.-d1.-f2.d3.-r2.d2.d1.-r2.f2.r2.r2.f3,46,46
697,-d1.-r3.-r3.d2.-f1.f3.r2.d0.f3.d3.-d1.r0.-r1.-d1.f2.-f1.-d1.d2.f2.d1.r1.d3.d1.-f2.-d1.f3.f2.r3.-d0.f3.-d3.r1.d3.d2.f2.-d2.r0.f2.r3.-f2.-r0.f2.r3.-f2.d2.f2.r3.r3,48,48
698,d3.r1.f0.-r0.-r0.-d3.-r1.-r3.-f0.-f0.d2.-f2.-f3.r0.d1.r3.-d0.-r3.-d0.f2.d0.f1.d1.-f1.d0.f3.r1.-d1.-r1.f1.-r0.d0.r1.-d2.f1.d2.-f1.-r1.-d0.-f2.-r0.-r3.-f2.-r3.-r3.r0.-f1,47,47
698,d3.r1.f0.r0.r0.-d3.-r3.-r1.f0.f0.d2.-f3.-f2.r0.d1.r3.-d0.-r3.-d0.f2.d0.f1.d1.-f1.d0.f3.r1.-d1.-r1.f1.-r0.d0.r1.-d2.f1.d2.-f1.-r1.-d0.-f2.-r0.-r3.-f2.r3.r3.r0.-f1,47,47
699,-f2.r1.-r3.-f2.-d3.f3.-d2.-r3.f3.d1.-f1.r3.f2.d0.-d1.r3.r0.d1.-r2.d1.r2.f1.d0.f3.-d0.-r3.f2.-d3.-r2.d3.r3.r2.r2.f0.r2.-f1.-r2.f1.d0.r2.-d1.f1.d1.-r2.-d0.-f1,46,46
699,-f2.r1.-r3.-f2.-d3.f3.-d2.-r3.f3.d1.-f1.r3.f2.d0.r3.-d1.r0.d1.-r2.d1.f1.d0.f3.-d0.-f3.-f1.r2.f3.-r3.f2.r3.r2.-d0.-d1.r2.d1.d0.r2.f0.r2.f0.f0.r2.-d1.-r2.d1.f0.f0,48,48
702,f3.d1.-f1.f3.d1.-r1.r0.-f3.-d0.-r0.r1.d3.-r0.-r0.-f0.f3.-r0.-r1.-f0.-d1.d2.-f3.d1.r3.-d2.f0.-r1.-r3.-d1.-r2.d0.-r1.-f2.-d1.r1.-d0.r1.-d2.f2.r1.f2.d1.-r1.r2.-f1.-f2.d2,47,47
702,f3.d1.-f1.f3.d1.-r1.r0.-f3.-d0.r1.-r0.d3.-r0.-r0.f3.-f0.-r1.-r0.-f0.-d1.d2.-f3.d1.r3.-d2.f0.-r1.-r3.-d1.-r2.d0.-r1.-f2.-d1.r1.-d0.r1.-d2.f2.r1.f2.d1.-r1.r2.-f2.-f1.d2,47,47
707,-r3.-d2.r2.-f3.-d0.-f1.r1.f0.d3.-f3.-f1.d0.f0.-r3.-r0.-d2.r0.r1.f1.r3.-f1.r2.-f2.-r0.f0.d0.-f0.f2.-d2.-r1.-r2.-d3.f3.d1.-f3.-d3.f2.d2.-f2.d3.-d0.r1.d0.f3.d2.-f3,46,46
707,-r3.-d2.r2.-f3.-d0.-f1.r1.f0.d3.-f3.-f1.d0.f0.r1.r2.-f2.-r3.-r2.f1.r3.-f1.r2.-f2.-r0.f0.d0.-f0.f2.-d2.-r2.-r1.-d3.f3.d1.-f3.-d3.f2.d2.-f2.-d0.d3.r1.d0.f3.d2.-f3,46,46
707,r3.-f1.d1.-f3.f0.-r3.f2.-d2.-r3.d0.-r2.f0.f2.d3.-d0.-r1.-d0.-r0.f0.r1.-f0.d0.r1.-d3.r1.-f3.-r3.f3.-r2.d2.d1.r2.d3.r0.r1.-f0.-f3.-d1.-f3.d1.-f2.-f1.d3.f3.r1.f2.r1.-f2.r1.r1,50,50
708,r1.-d1.-d3.r3.f0.r3.-d1.-f3.f2.-r1.-d0.f3.-d1.-r1.-d3.-r2.-d2.f1.d1.d3.f0.d0.f2.d2.-r1.-d2.-f2.f0.r0.f0.-d0.f3.r0.d3.-f0.-r0.-d3.-r0.r3.-f3.r0.-d0.-f3.-r3.f3.-r0.-r0,47,47
708,f0.d1.-d3.-r3.f0.-r1.r3.-d3.r0.-f0.-d1.-f0.-r2.f1.r2.-r3.-f2.-r3.f2.-d2.f2.-f1.-d3.-r2.d3.f0.d2.-r0.f1.r0.-d3.f1.d3.f1.-d2.f1.-r1.-d1.f1.d1.-d3.r1.d3.f1.-d2.-d3.-r2.-f1.r2,49,49
709,-r2.f3.-r1.r0.-f0.-f2.f1.-d2.-d3.r3.f1.-d3.-r0.-r3.-d3.-r0.-f0.-r0.f3.d0.-r0.d3.r1.d1.-r3.-d1.-r2.-r1.-f1.r2.d1.f1.-f3.f0.d0.r2.-d0.f3.r3.r0.d0.-r2.-d0.-r3.-r0.-f0,46,46
709,f0.-d0.f0.-r2.-f1.f3.f0.d1.-d0.-f3.f0.-r3.d3.-r2.-f0.d1.-r2.-f2.r2.d1.-d3.d0.-f2.-d1.-f0.f2.-d2.-d0.r1.f0.-r1.d0.r3.-d1.-r3.-d0.-f0.-d1.-r3.d2.r3.d1.d2.-r3.-f3.r3.-d2.-r3,48,48
710,f0.r1.f3.d3.-r0.f2.-r0.-f0.-d0.d3.-f3.f2.-d0.-f0.-d3.-f0.-f3.-r1.d0.-r2.-d0.-r3.-d3.d0.-f0.-d0.-f3.-r1.-r1.-d0.r2.d0.-r2.d0.f3.-d0.-r1.f3.-d0.-d3.-r2.d0.d3.-f3.d0.f0.-d3,47,47
710,f0.r1.f3.d3.-r0.f2.-r0.-f0.d3.-d0.-f3.f2.-d0.-f0.-d3.-f0.-f3.-r1.d0.-r2.-d0.-r3.d0.-d3.-f0.-d0.-f3.-r1.-r1.-d0.r2.d0.-r2.d0.f3.-d0.-r1.f3.-d0.-d3.-r2.d0.d3.-f3.d0.f0.-d3,47,47
711,-f3.d0.f3.r3.f3.-d3.f0.-r2.r3.-f2.d2.-r2.-f3.-d3.d1.f1.d0.-r1.-f1.f0.d0.-f0.-d0.-d0.d3.-f2.-d2.-r2.d1.r2.d0.r2.-f2.d1.f2.r2.f1.d2.-r2.-d1.-r3.d1.-r2.-d1.r3.d1,46,46
711,-f3.d0.f3.r3.f3.-d3.f0.r3.-r2.-f2.d2.-r2.-f3.-d3.d1.f1.d0.-r1.-f1.f0.d0.-f0.-d0.-d0.d3.-f2.-r2.d1.r2.d0.-d2.r2.-f2.d1.f2.r2.f1.d2.-r2.-d1.-r3.d1.-r2.-d1.r3.d1,48,46
713,-r2.-f3.-d0.r3.-f1.-r3.-f2.d3.-f0.d1.f0.f1.d2.-f3.-d2.-r0.r3.f3.-r0.d1.-f3.d0.-f3.-d0.-r0.-d0.r0.r2.-f2.r0.r1.f2.-d1.-r1.d1.-r0.f0.-d1.-f0.f2.d2.f2.-d2.-r1.-f2.r1,46,46
717,d3.-r3.-r2.-f2.-f0.r3.f2.-r3.-f2.d3.-d0.-r2.d3.-f0.-r2.d0.-f0.-d0.-f3.d1.r2.r1.d1.d0.-f2.d3.-f3.-f0.-r1.f3.-d1.-f1.d1.f1.-r1.d1.f0.d1.-d3.d0.f1.-d1.-f1.-d0.f2.-r1,46,46
718,-d2.d1.-f1.-d3.-f3.-d2.d0.d3.-r0.f1.-r0.-d3.-f3.r2.-f3.-d0.-r2.-d3.-r0.r2.-d3.r3.-f3.-d3.-f0.-d1.-r0.f0.-r3.f3.d0.r0.d0.f3.d0.r3.-f0.-f0.-r3.f3.r0.f0.d3.-r3.-f0.d3.-f0,47,47
718,-d3.f0.r3.-d0.d3.-r2.-d3.-f1.-d3.-f1.f0.-r2.-d3.-d2.r3.d3.f0.d0.-r0.-r0.-d3.f0.-f3.d2.f1.-d2.-d3.r2.d3.f0.-d1.f0.f3.f0.-r1.f0.-d3.f2.d3.r1.-d0.-r1.-f0.r1.f0.d0.r3,47,47
719,d0.-r0.f1.d0.r3.-f1.-d3.d2.-r1.d3.-f3.d0.-f2.-f1.d0.-r0.d0.-r0.-f3.-r0.f3.f1.d3.-f1.d2.-r3.d1.r3.d3.d0.-f1.-d3.-r1.r0.d3.f1.-d3.-f1.-r0.f1.-r0.-r3.-f1.r0.r0.f1,46,46
720,r2.-d0.-f3.d1.-r3.-d2.-f1.-r3.f2.d3.r3.d2.-f3.-r0.-f0.-d0.-f1.-r0.r1.r3.-f2.-d0.f2.r2.f0.r0.f0.d2.-r1.-d2.f2.f3.-r2.r1.-f1.-r2.-r2.-f1.-d2.f1.-d2.-d2.f1.-d2.-f3.d2.-f2,47,47
720,r2.-d0.-f3.d1.-r3.-d2.-f1.-r3.f2.d3.r3.d2.-f3.-r0.-f0.-d0.-f1.r3.-r0.r1.-f2.-d0.f2.r2.f0.r0.f0.d2.-r1.-d2.f2.f3.-r2.r1.-f1.-r2.-r2.-f1.-d2.f1.-d2.-d2.f1.-d2.-f3.d2.-f2,47,47
721,-f2.-d2.-r2.d1.-f1.f3.-d0.r2.-f0.d2.-f3.-d1.-f1.d1.f3.-d0.-f1.-d3.-f2.r0.-d0.-r3.r0.-f3.r0.f2.-r0.d3.r3.-f3.-d3.d0.r3.-f0.r3.-f3.-r0.d0.-r0.d0.-r3.f0.r0.d0.d3.-f3,46,46
721,-r1.d3.-r1.-f3.-d3.-d3.-r0.d2.d1.f3.-r0.-d1.f0.-f1.r1.-f2.d3.-r1.-f0.-f1.-r1.f0.-r0.-f2.-d2.-f1.-d2.-r2.f1.d2.r2.r3.-r1.d3.-f3.-d3.r1.-r3.-f3.-r3.d3.r3.f3.-f1.d2.-f3.f2.f1,48,48
723,d0.-r0.d2.-f0.-d2.d3.-r0.-f1.f2.-r0.-f1.r3.-f3.-d3.f3.f0.r1.r0.-f2.-r0.d0.r1.f3.d2.-r3.-r0.-f2.d3.f1.-d3.-d2.-r3.d2.r0.-d2.r3.r3.-d1.f3.r0.r3.-f1.-r3.-r0.d1.-f3,46,46
725,d3.-f0.-f2.d0.r0.f2.-d0.d2.f2.r2.-d2.-f1.r2.-d1.-r0.f3.r0.d1.-r2.-d1.-f0.-f0.-f3.-d2.-r0.d2.-f0.-d3.r3.f3.-r3.-f0.d3.f0.f3.-d3.f3.r3.f0.-r0.f0.d3.-f3.-r0.-f3.-r3,46,46
725,-d3.f3.-r2.d3.-f3.d3.f0.r1.d0.-r1.-f2.-r3.f0.f3.f3.f0.-r1.-f2.-d1.-f3.d1.r0.-f0.-r0.-f3.-r3.-d2.r3.f2.d2.-d1.r3.r2.d1.r2.d2.f2.f2.-r2.f2.f3.r2.r2.-f3.-d2.f3.r2.-f3,48,48
727,f1.d1.-r1.-r1.f3.-d0.f1.-r3.-r3.-d0.-d1.r0.-d1.f2.d3.-f0.d0.f1.-r3.-d3.-r3.d3.r3.-f1.-r2.f1.-d3.f0.-d0.-r0.f3.r3.-f0.-d3.-r3.-d0.f0.-d0.-r3.-d0.-d3.f0.-r3.-d0.d3.-r0,46,46
727,-f3.-d0.-f1.-f1.r3.f1.-r1.f0.-d2.r3.f2.-r0.-f0.r2.-f0.-r2.d3.-r0.r2.r1.-d0.f3.-r2.-d2.r2.-f0.d2.r2.-r0.f2.-d2.-f2.-r2.f1.d1.f1.-d1.r0.f2.-d3.f2.d3.r3.-d3.-f2.d3.-r3.-f3,48,48
729,d2.-d3.f3.-r3.r0.-d0.-f2.-r0.-f0.-d1.f2.-f1.-d3.r2.f3.r0.-f3.d3.-r3.d3.-d0.-d2.-d1.r3.-d0.f2.d0.-r3.-f1.d2.-f3.-f0.-r3.f3.-r2.-d0.r2.f3.r1.r1.r3.f1.r1.-f1.-r3.r1,46,46
729,-f3.d2.r1.-d0.-f2.d0.f0.d3.-r2.f0.r0.r0.-f1.f0.r2.f2.r2.d3.-r2.-d3.f1.-f2.r2.-d0.f3.f0.-r3.-f3.d3.f1.-d0.-f0.d0.-f1.d0.-r2.d0.f0.-d0.f1.f1.d0.-r3.-d0.r3.f1.f1.r3,48,48
733,-f0.d0.-f2.-r3.-d2.f1.d0.r1.-f3.-r2.-d2.f3.-d1.f3.-d0.-r2.r0.r3.d3.r2.d2.f3.-d3.f2.-d2.-f2.f3.-d3.-r0.d3.-r3.-f0.d3.f3.r3.-d0.-r0.-f3.d3.-r3.f3.-r0.f0.-d3.d0.f3,46,46
733,d0.r0.d0.-r3.-d3.-f3.f0.d3.f2.-r1.-r1.d2.-f1.-r3.f1.d3.r0.d2.r0.f3.f3.-d0.-r2.-r2.-d1.r2.-r1.f3.-r2.f3.r2.-f3.-d2.f2.f1.d1.r1.-r2.-f1.-r2.-d1.f1.d1.-f3.-f1.d1,46,46
733,d1.-f1.d3.-f2.-d0.-r3.f3.d1.d1.f3.-r3.-r1.d3.d2.-r0.d0.f0.-d2.f1.d0.-d2.f1.d0.d0.-f1.d2.-d1.r0.d1.-r0.f2.r0.f2.r0.-d1.-f2.r3.-d1.-f2.-r1.f2.-d1.-r3.d1.f2.r1.-d1.f2,50,48
734,-d1.-d3.r1.r2.-f1.f2.-d0.f0.r2.f0.f2.-d2.d3.-r3.d2.f1.f2.r2.-f1.r3.-f2.f0.f1.-r3.-f3.r3.-f0.-f1.r3.-f0.d0.f0.-d0.-r2.-r2.d3.r2.-d2.-f2.r2.f0.r2.-f0.f2.d0.f0.-r2.-f0.d2,49,49
734,-d3.-d1.r2.r1.f2.-f1.-d0.f0.r2.f2.f0.-d2.d3.-r3.d2.f1.f2.r2.-f1.r3.f1.-f2.f0.-r3.-f3.r3.-f0.-f1.r3.-f0.d0.f0.-d0.r2.r2.d3.r2.-d2.-f2.r2.f0.r2.-f0.f2.d0.f0.-r2.-f0.d2,49,49
734,d2.r1.-r3.f2.-d2.f3.-d3.r0.-r2.r3.-d3.-r3.r0.-f3.f0.-d1.-d1.-f3.-f0.-d1.-d3.-r3.-d0.r3.-d2.-r1.-d0.d1.-r2.d0.-d1.-r3.d1.-f1.r0.-d2.f2.r1.d0.r1.-d0.-f2.d0.-r1.-f1.-d0.-r1.d0.f1,49,49
735,-r2.-r3.-f2.d3.-r3.r2.-d1.-f3.-r0.-d0.r2.d2.-r3.r0.-f0.-r1.-f1.f3.d2.r1.-f2.-d2.-f1.-r1.-d3.f2.r1.f0.f1.-r2.-d0.r2.d0.-r1.-r0.d1.-f0.r2.d1.-r2.-d0.r2.-d1.-r2.-d1.f0,46,46
735,-r0.-r0.d0.r3.d1.-d2.-r1.-d3.-r2.f2.-d3.-f3.d3.-f0.-r2.-f2.d0.-r1.-r2.d1.f3.r1.f0.d3.-f1.d1.d3.r3.-d1.f3.-f1.-r2.f1.f1.f2.-r1.-f2.-f1.r1.-f3.-r3.r1.-r3.-d2.f1.d2.-f1.r3,48,48
737,-f2.d3.-f0.-f0.d0.-f3.r3.-d2.-f0.d0.d2.f2.d2.r2.-r0.-f1.-f1.-r2.d1.r1.r2.d0.f1.-d1.f0.r3.f3.f0.-d1.-d1.f0.f0.-r1.-r0.-f0.-r3.d0.f2.-d0.-r0.-f2.-r2.f2.d0.r0.-d0,46,46
737,r2.-d1.r0.-r1.d3.f1.r2.d2.-f2.-r3.d3.f3.f0.-d2.f0.-d0.f3.-d1.-f3.r0.f0.-r0.-f0.d2.f3.-f0.-d1.f0.-f3.-r0.-f3.r0.r3.r3.-d1.r0.r0.d2.r3.r3.-d2.-r1.-f1.d2.f1.-d2.r1.r0.d2.-f0,50,50
741,-f3.-r1.r3.f1.-d0.-r2.-d2.r3.-d3.d0.d2.f1.f2.-r3.d3.f3.-d1.f2.-r1.d1.-r2.-f0.d0.r0.r1.-f0.-f2.d2.f1.d2.-f1.-f1.-r2.-f3.r3.-f0.-f2.-r2.f0.f3.r2.-f0.-r2.-f2.-f2.f0,46,46
741,-f3.-r1.r3.f1.-d0.-r2.-d2.r3.d0.-d3.d2.f2.f1.-r3.d3.f3.-d1.f2.-r1.d1.-r2.-f0.d0.r1.r0.-f0.-f2.d2.f1.d2.-f1.-f1.-r2.-f3.r3.-f2.-f0.-r2.f3.f0.r2.-f0.-r2.f2.f2.f0,46,46
741,-f3.-r1.r3.f1.-d0.-r2.-d2.r3.d0.-d3.d2.f2.f1.-r3.d3.f3.-d1.f2.-r1.d1.-r2.-f0.d0.r1.r0.f3.f1.-r1.f1.-r1.-f1.-f1.-d2.-f3.d3.-f2.-f0.-d2.-f1.-f2.r2.-f0.-r2.f2.f2.f0,46,46
742,-d0.d3.f0.d1.-r0.r2.-f1.f0.d2.r1.-f3.-r1.r0.-f0.-r1.-r1.d1.r1.f3.-r0.-d2.-f0.d3.-f2.-d3.r3.-f1.-r2.-r3.d0.-f2.r1.d1.f2.-r1.r2.-d0.-r3.f2.d0.-r2.d2.f2.-d2.-f2.-d0.r2,47,47
742,d3.-d0.f0.d1.r2.-r0.-f1.f0.d2.r1.-f3.-r1.r0.-f0.-r1.-r1.d1.r1.f3.-r0.-d2.-f0.d3.-f2.-d3.r3.-f1.-r2.-r3.d0.-f2.r1.d1.f2.r2.-r1.-d0.-r3.f2.d0.-r2.d2.f2.-d2.-f2.-d0.r2,47,47
742,d3.-r3.f3.r2.-d1.-f3.-r0.f3.-f1.d3.r1.-r0.-f0.-d1.-f0.-d3.d1.r3.-r0.f2.-f1.-d0.-f3.-d3.-d1.f2.d2.f0.r2.-f0.d1.-f1.-d2.-f0.-f3.f1.d1.-f3.f0.-f3.d2.-f3.-f0.r2.r2.-f3.-d2,47,47
745,d1.-f2.d0.-f2.d0.-r2.-r0.d0.d0.-d2.-r2.-f2.d2.-r2.-f1.-r0.-f0.f2.d0.-d2.-f0.-f2.-r0.d2.f0.f2.-d2.f1.d2.-f1.-r2.-f1.f3.d2.f1.-r3.f3.-f1.-r1.-f3.r1.f1.r3.-f3.-d2.-d0,46,46
745,-f2.r3.f3.-f1.-r2.-f0.-d0.r3.-f1.r2.-r0.-d1.r0.-d3.-r0.d3.r3.-f2.-f3.-r2.-f3.-d0.-f3.r2.-f3.-f3.d0.-r1.d1.r3.-r2.-d0.-r3.-d1.r3.d0.-r0.-r3.-r2.f2.d2.-f2.r2.d0.-d2.-f2.r2.f2,48,48
747,-r2.-d1.r0.-f2.r0.d3.-f1.r2.-f3.f0.-d3.-r0.-f0.r3.-d0.f0.-d1.f3.r0.d1.-f0.-r0.d1.f0.d2.r3.f0.-r0.r3.-d3.-f0.-r0.-r0.-d3.-r0.-d0.r3.-d0.r3.d0.-f3.-f3.r0.r3.d0.-f3,46,46
747,r0.-d1.-r3.-d3.d1.-r0.f0.f3.f0.r3.-d3.r0.r3.f3.r1.-d2.f3.-r1.-f1.-r3.-d3.f0.d1.-r2.f1.r2.-r3.d2.r3.d0.r1.-d0.f1.f2.-r1.-f2.-d2.-d1.-r1.d3.d2.-r1.-f1.-d3.r1.d3.f1.d1,48,48
750,f2.d0.r1.f3.r0.r1.f3.-d3.f1.-d1.-r1.-d0.-f0.-r3.d0.f0.-d1.r2.-d2.-f0.d1.d2.-r0.-f3.f0.r0.f3.d2.-r2.-f3.d1.r0.f1.d2.f2.-r1.-f0.-f1.d2.f2.-d2.-f2.-f2.f0.-d2.r0.-d1,47,47
750,f2.d0.r1.f3.r0.r1.f3.-d3.f1.-d1.-r1.-d0.-f0.-r3.d0.f0.-d1.r2.-d2.-f0.d2.d1.-r0.f0.-f3.r0.f3.d2.-r2.-f3.d1.r0.f1.d2.f2.-r1.-f0.d2.f2.-d2.-f2.-f1.f0.-f2.-d2.r0.-d1,47,47
750,f2.d0.r1.f3.r1.r0.f3.-d3.f1.-d1.-r1.-d0.-f0.-r3.d0.f0.-d1.r2.-d2.-f0.d1.d2.-r0.-f3.f0.r0.f3.d2.-r2.-f3.d1.r0.f1.d2.f2.-r1.-f0.d2.f2.-d2.-f2.-f1.f0.-f2.-d2.r0.-d1,47,47
751,f2.-r2.f2.d0.-r1.-f2.-d3.-r0.-d0.r3.-f0.-f0.-r2.d1.-r3.-r3.d2.-r3.-d0.-d2.r3.d0.-r3.-d3.-d3.-r2.d1.f1.-d1.-d3.-r1.d3.r1.-f1.d1.-r1.-d1.d2.r3.-d1.-r2.r3.f2.-r2.-f2.-r3,46,46
751,f2.-r2.f2.d0.-r1.-f2.-d3.-r0.-d0.r3.f0.f0.-r2.d1.-r3.-r3.d2.-r3.-d0.-d2.r3.d0.-r3.-d3.-d3.-r2.d1.f1.-d3.-d1.-r1.d3.r1.-f1.d1.-r1.-d1.d2.r3.-d1.-r2.r3.f2.-r2.-f2.-r3,46,46
751,f2.-r2.f2.d0.-r1.-f2.-d3.-r0.-d0.r3.f0.f0.-r2.d1.-r3.-r3.d2.-r3.-d2.-d0.r3.d0.-r3.-d3.-d3.-r2.d1.f1.-d1.-d3.-r1.d3.r1.-f1.d1.-r1.d2.-d1.r3.-d1.-r2.r3.f2.-r2.-f2.-r3,46,46
752,-r3.f0.-r3.-f1.-d2.r0.-d0.-f1.-d1.r2.f0.d3.f0.-r0.d2.-f1.r3.f2.-r0.f2.r0.-r2.r0.d0.-r2.f1.r0.-d0.-r0.f2.-f1.r0.-r2.-d3.-f2.d3.d2.f2.-d2.d1.-r2.-d1.-f2.-r2.-d0.f2.d0,47,47
752,-r3.f0.-r3.-f1.-d2.r0.-d0.-f1.-d1.r2.f0.d3.f0.-r0.d2.-f1.r3.f2.r1.r3.-d1.-r0.-r0.f0.-r2.r0.-f0.-r0.-r2.-f0.r2.f0.-r3.r2.-f2.r2.r3.-f2.-d1.f2.-r1.f3.r2.-f3.-r2.-r3.-f2,47,47
752,-r3.f0.-r3.-f1.-d2.r0.-d0.-f1.-d1.r2.f0.d3.f0.-r0.d2.-f1.r3.f2.r3.r1.-d1.-r0.-r0.f0.r0.-r2.-f0.-r0.-r2.-f0.r2.f0.-r3.r2.-f2.r3.r2.-f2.-d1.f2.-r1.f3.r2.-f3.-r3.-r2.-f2,47,47
753,-r0.f0.-r3.-f2.f3.d3.r1.f2.-r1.-f2.r2.-d1.f3.r0.-f1.-d0.d3.f3.d0.r0.d0.d2.-f1.-d0.f1.-d0.-d0.-d2.-f3.r3.f3.d0.d3.r3.-d0.d3.r3.f3.d3.f0.-d0.f0.-d3.f0.-d3.d0,46,46
753,-f3.-r3.f0.-r0.f3.r2.f3.d2.-r0.f0.-d0.f2.-d1.f2.-d1.r1.f0.d1.-f1.-f2.-r3.d3.d0.r0.d3.-f2.-d3.-r0.-f0.-f3.-d3.f0.r0.r1.d1.r2.d0.-d2.-f2.-d0.-r1.d2.r1.f2.-d1.-r1.f3.-r0,48,48
753,-r3.-d1.r2.-d0.-r0.-d1.-f1.-d3.-f3.-d0.-r1.-f0.r0.d2.f1.-d2.r0.f0.r1.d3.f0.-r1.d0.f2.-r1.-f2.d1.r1.-d3.-f2.-d0.-f2.-d3.-d3.f2.f0.-d3.-r2.d3.-r2.-f2.-f2.r2.f2.r0.-f2.-d3.r2,48,48
755,d0.-r3.-d2.r2.-f3.f1.-d0.-f0.d3.-f2.r1.-d0.d2.-r0.-r2.-f3.r3.f1.r3.-f2.f0.f3.-d3.-d3.-f2.-r0.f1.r0.-d3.f2.-d3.r3.f0.-r2.-r2.f3.-d2.-f3.-r2.-f0.-d2.r2.f1.d2.-f1.d2,46,46
755,d0.-r3.-d2.r2.-f3.f1.-d0.-f0.d3.-f2.r1.-d0.d2.-r0.-r2.-f3.r3.f1.r3.-f2.f0.f3.d3.d3.-f2.-r0.f1.r0.-d3.f2.-d3.r3.f0.-r2.-r2.f3.-d2.-f3.-r2.-f0.-d2.r2.f1.d2.-f1.d2,46,46
755,d0.d3.-r0.-r2.d0.f0.-r0.f0.-d1.-d1.-r0.-d0.r0.-r3.d2.r1.r3.f1.r1.-r3.d0.f2.f1.f1.d1.-r3.d3.-r0.-r2.-d0.r1.d2.f3.-d1.-r1.d3.r1.d1.-r1.-f2.-d3.-f3.-d2.-d1.-r1.d1,46,46
756,r1.-f0.-d0.r0.d1.-r1.-d0.d3.r3.-d3.-f0.-d2.-f3.f2.d1.-r0.-r3.-f1.f3.d3.r2.d0.r1.-f3.-r1.-r2.-f0.f1.-r0.-f0.-f3.d0.r3.-f0.-r3.-d0.-d3.r0.r3.d0.f0.d0.-r0.-f3.f0.-d0.r3,47,47
756,d2.r2.-f3.-d3.r0.f0.d3.r1.-r3.f2.-d1.r2.-r1.d0.r1.r2.r1.-f3.d2.d2.f1.-f3.r1.-f1.-f2.r3.-d1.-f0.-r1.-d2.-r0.-f1.r2.-f2.r2.f3.f1.r0.-f2.-r0.f0.f2.-d2.f2.d1.d1.-f2.-d1.-f0,49,49
757,-f3.r2.-f1.d0.-f0.-d3.-r3.f2.f3.-d0.d1.r2.-f3.r1.d1.-r1.-r2.-f0.-f2.d2.-f3.-d1.-d2.r2.f0.f3.-r2.f0.-r3.-d3.f3.d3.f0.d0.f0.d3.f0.-d0.f3.-r3.r0.d0.r3.-d3.-d3.-r0,46,46
757,r2.-d2.f1.-d0.r3.d2.d0.-f0.f2.r1.-r0.-f2.d3.f3.-r0.d3.r0.d1.-d3.f3.d0.-f3.d2.-f0.-d0.r2.f3.-r2.-d3.-r2.-f0.-f2.d1.-r2.-d1.f2.r2.-f3.r3.-r1.f2.r1.f2.-r2.-f2.-r3.-r0.-d2,48,48
761,r3.-f0.r3.-d1.-f1.-f3.-f3.-r0.r3.f3.d1.r3.-f3.-r3.-f3.f2.-r1.-f2.d0.-r1.-f2.d2.r1.-d2.f0.-r1.r2.f0.r1.r2.-f2.-f2.-r2.f2.r3.-f0.d2.-d1.-d1.-f1.-d1.f1.-d1.-r2.d3.f0,46,46
763,-f2.d2.-r1.-d3.-f0.-d0.f2.-r3.d0.-f1.r2.-d3.-r1.-f1.-f2.-r0.f1.f2.-r2.d1.-f3.r3.-f3.-d1.-r3.-d3.d0.d1.-f0.-d3.d0.-r0.-f0.-f3.-r0.r3.-f0.d3.-r0.f3.r0.-f3.r3.-d0.-r0.d3,46,46
764,d3.-r0.r2.-d0.-d1.-r3.-f0.d3.r2.f3.-d0.-f1.-r3.d2.-r1.-r2.-d2.d1.r0.-d2.-f1.-f2.-d1.-d2.f0.-d0.-d3.-f1.r3.-f3.-d0.-r0.-r3.d0.-r3.d3.f3.-d0.r3.-f3.-d3.-f3.r3.-f3.d3.-r0.-f0,47,47
766,f3.-r0.f2.-r3.-r3.-f3.-d0.-d1.d3.-f0.d3.-r1.-r3.f0.-r1.r2.r3.d3.-f3.-d3.-r1.r0.f0.-r0.-r1.f1.f2.-d1.-f3.-r1.-f2.r1.-d1.-f1.r1.d3.-f1.f3.-r1.-f3.r1.f1.-d1.-d3.-r1.d1.f3,47,47
767,-r2.-f1.r2.d3.f2.-r3.f2.d0.-f3.-r3.f0.-d1.-d2.f2.r0.-f3.-r0.-d2.-r3.d2.r3.d2.-r3.d0.-f0.-f0.-r0.f3.-d0.-f1.-f3.-r1.r3.-d2.-r3.d2.-r1.-r1.r0.-d2.-f3.-r1.f1.r1.f3.-d0,46,46
772,d3.-f2.r3.f3.-r0.f3.-r1.r2.f2.d3.-f2.d2.-f0.f2.f3.d1.f1.d3.-r3.d3.r0.r3.-f2.f0.-r0.-f1.-r3.-f0.-f3.-d0.-d3.f0.r3.-f0.-f0.-r3.f3.-d3.r0.d3.f0.r0.f0.d0.-f3.-r3.-r3,47,47
772,f0.r0.r0.-f3.-d3.-f2.r2.d1.r3.d2.-f3.f1.r3.-d3.f3.-r3.-d2.r3.f2.d0.r0.-d3.d2.f3.f0.-r1.-f3.d0.-f0.-d2.-d2.r2.-d0.r1.-f0.-r1.d0.r1.d1.r1.r1.-d1.r1.-r2.-d0.f1.d2,47,47
772,-d0.-f2.-d1.-f3.-r0.d1.-r2.r3.-f0.-r2.d0.-r2.-r0.-f3.r3.r3.f0.r0.f3.d2.-f3.d3.r3.-d1.-r0.-d1.-r3.-d0.-d0.f0.d0.d0.r3.d1.-r3.-d1.-f0.d1.r3.-d1.-r3.-r0.d1.r0.-d1.r3.d1.d1.-r3.r0.r0,51,51
773,-d2.d0.f3.r3.d1.-r2.r1.-f1.-r0.-f0.r0.-d2.-f0.d3.-f3.-d2.f2.-d1.-f1.f0.-r3.-d3.-r2.d3.-d0.r3.-d1.-f1.d1.d0.f1.-f2.-r3.-f1.r3.-f1.-d3.-f1.-d2.r1.-d2.f1.f1.-r1.-f1.d3,46,46
773,r0.-d3.f3.d1.-r2.-d0.r3.f2.d2.f2.-r2.-f2.-f2.d3.r2.d0.r1.r2.-f0.r1.d0.-r1.-r2.-r2.f0.d2.-r0.-d0.r3.-f0.-d3.-d3.f3.r3.d3.-r0.-f0.-r0.-r0.r3.f0.-r0.f3.-r0.f3.d3,46,46
773,-d1.-f0.-d2.-r1.-d3.r3.f0.d2.-r1.-d1.-r0.-d1.f0.d2.f3.d0.-d3.-r3.f0.d3.-f0.-d0.f2.-f3.r2.-f1.-d1.-d3.r3.d3.r0.-f0.-f3.d1.f3.-d1.f0.-d3.-f2.d1.f2.-d1.d3.r2.d1.-r2.-r0.d1,48,48
775,-r1.-r2.-f1.r3.-f3.-d0.-f2.-r0.-d1.-r0.-f0.f3.r3.-f0.-f3.-r2.-r3.f3.d2.-r3.f0.-d2.f0.-d2.r2.d2.-r1.-f0.-r2.-d1.-r2.-f3.-r2.f3.d1.-r2.-r3.-d3.r2.d3.-r2.-d2.-f2.d1.f2.-d1,46,46
775,-r2.-r1.-f1.r3.-f3.-d0.-f2.-r0.-d1.-r0.f3.-f0.r3.-f3.-f0.-r3.-r2.f3.d2.-r3.f0.-d2.f0.-d2.r2.d2.-r1.-f0.-r2.-d1.-r2.-f3.-r2.f3.d1.-r3.-r2.-d3.r2.d3.-r2.-f2.d1.f2.-d2.-d1,46,46
775,f3.d3.-f1.r0.r0.-f2.-d3.-r1.f2.f0.d0.r2.-f0.r3.f0.d2.-d0.d3.f1.f3.-d1.-f3.d0.f3.-d2.-f1.-d0.f1.d1.-f1.r2.r0.f0.-f1.r3.-f0.f2.r3.-f2.-r3.f0.-r3.f1.-f0.-r3.f2,46,46
776,-r3.f2.-r3.f1.-r2.-d0.r1.f3.r0.f2.-f0.-d2.-r2.f2.d3.-f2.d2.-f1.d3.-d2.-f0.d0.r1.-d0.-f2.-r3.-r1.f0.-r0.r2.d1.r1.d1.-r2.d2.-f3.-f2.-r1.f3.-r2.r1.-d2.-r0.d2.r2.-d2.r0,47,47
776,f1.d0.f3.-r0.f2.-r3.d3.f2.r3.-f3.d0.-r3.-d0.-d2.r1.r3.-f3.r3.f1.d1.-f1.r0.r1.d1.-r3.-d1.r2.-d3.-f3.-r2.f3.d1.-r1.f1.-d1.-f1.-r2.r3.f1.r1.r3.-f1.-d1.-d1.-r1.r2.d1,47,47
776,f1.d0.f3.-r0.f2.-r3.d3.f2.r3.-f3.d0.-r3.-d2.-d0.r1.r3.-f3.r3.f1.d1.-f1.r1.r0.d1.-r3.-d1.r2.-d3.-f3.-r2.f3.d1.-r1.f1.-d1.-f1.r3.-r2.f1.r1.r3.-f1.d1.d1.r2.-r1.d1,47,47
777,-r3.-f0.-f2.d2.-r0.-f3.-r2.d3.f3.-d2.d0.-f0.-r2.d2.f3.d2.d3.f0.r1.f0.-r3.d2.-f0.-d1.d3.-f3.r1.-f0.-r1.d2.f0.f3.r1.-d1.-d3.-r2.-f1.-d1.-f3.-r1.f3.r1.f1.d1.r2.-d1,46,46
777,-r3.-f2.-f0.d2.-r0.-f3.-r2.d3.f3.d0.-d2.-f0.-r2.d2.f3.d2.d3.f0.r1.f0.-r3.d2.-f0.d3.-d1.-f3.r1.-f0.-r1.d2.f0.f3.r1.-d3.-d1.-r2.-f1.-d1.-f3.-r1.f3.r1.f1.d1.r2.-d1,46,46
778,-r3.-f1.r0.-f3.-r3.d3.r1.-f1.-d2.r3.f0.f1.-r3.r2.r2.-d0.-r2.-r2.-r0.-d2.d0.-f2.-d3.-f1.d3.r0.d2.r1.-r0.f1.-d0.-f1.-r1.-r0.-r1.-d2.r1.-d0.r2.-f1.-r2.f1.r0.f1.r2.-f1.-r2,47,47
778,d0.-f0.r0.-f0.d2.-r1.-r3.-d3.d0.-f2.r2.-f0.-f1.-r0.-r1.f2.d0.d3.-f2.-r2.d2.r2.-f0.-f3.f2.-d2.d3.f0.d2.-f3.r3.-d3.f0.-r3.-d0.-f3.r3.-d3.-r0.f0.-r3.-f0.r0.d3.-f3.d3.-r3,47,47
778,-r3.-f1.r0.-f3.-r3.d3.-f1.-r2.-r0.-d3.f2.f2.-d2.-f3.-d2.-r0.-f2.f3.-d0.-f0.f1.-r2.f0.-f1.-d0.r1.-d0.-d0.r2.-f0.d3.r3.d1.r0.d2.-d1.-r3.f0.r1.r1.-f0.d1.f0.-f2.-r1.f2.-r1.-f0.-d2,49,49
782,-d2.r0.-d2.-d1.f1.-r2.r1.-d2.-f3.r3.f1.d3.r0.-f1.d3.r2.f0.-r2.-d3.f1.r1.d3.d0.r3.-d3.-r3.-f1.f2.r0.r1.-d1.-r0.f1.-f2.r0.d1.-r0.-f1.-f2.-f2.-r1.-f1.-f1.d2.f1.f1.f0,47,47
782,-r1.-r1.-d0.d2.r3.-f0.-f3.f2.-r2.-d1.r2.d3.r3.-d2.r0.d2.-f0.-r1.-d0.-d3.f0.r3.f3.-r3.d0.f3.-d2.r3.-f3.-r3.-f0.f3.-d0.d3.-r0.-d0.-d3.-f0.-r3.-d0.-f3.f0.-r0.-r0.-f3.-d3.f3,47,47
782,d2.-r2.-d1.-f3.f0.d1.-r3.-r3.f0.-f3.-r0.-r2.-f3.-d3.f0.f0.d0.d3.f1.r1.f2.-r3.-r1.f1.f1.-d3.f1.d3.-d1.-d2.f1.-d3.r2.d2.f1.d3.d0.-f1.d1.f1.d0.f1.-d0.-f0.d0.-f1.-d0.r3.-d3,49,49
783,-r3.f0.-r3.-f0.-r0.-d3.d2.-f0.-r0.-f1.-r0.d3.-f1.d0.-f3.-d1.-f2.-d0.d3.-r1.f1.f3.-d1.-d1.r1.-d3.f1.f3.r1.-d0.-f3.d3.-f1.-d1.f1.-d3.r1.-f1.-r1.f1.f3.d0.d1.-r3.-d1.r3,46,46
783,-r3.f0.-r3.-f0.-r0.-d3.d2.-f0.-r0.-f1.-r0.d3.-f1.d0.-f3.-d1.-f2.d3.-d0.-r1.f1.f3.d1.d1.r1.-d3.f1.f3.r1.-d0.-f3.d3.-f1.-d1.f1.-d3.r1.-f1.-r1.f3.f1.d0.d1.-r3.-d1.r3,46,46
783,-r3.f0.-r3.-f0.-r0.-d3.d2.-f0.-r0.-f1.-r0.d3.-f1.d0.-f3.-d1.-f2.d3.-d0.-r1.f3.f1.d1.d1.r1.-d3.f1.f3.r1.-d0.-f3.d3.-f1.-d1.f1.-d3.r1.-f1.-r1.f1.f3.d0.d1.-r3.-d1.r3,46,46
784,f0.d3.f2.d3.f1.f2.-d0.d2.-r2.-f1.-f2.-r3.r0.f1.-d0.-r1.f3.d0.f1.d2.f1.-d2.-d3.-r2.d3.-r2.-d3.-f3.d1.-r1.f0.f3.r2.d1.r2.f1.f2.-r2.-f3.-d1.f2.r2.-d1.-f1.-f1.d1.f1,47,47
784,f0.d3.f2.d3.f2.f1.d2.-d0.-r2.-f1.-f2.-r3.r0.f1.-d0.-r1.f3.d0.f1.d2.f1.-d2.-d3.-r2.d3.-r2.-d3.f0.-f2.d1.r2.-f2.-d1.-r2.-f3.d1.d1.-f2.-d1.-r1.-d1.f1.f2.r2.-f1.r1.-d1,47,47
784,f0.d3.f2.d3.f2.f1.d2.-d0.-r2.-f2.-f1.r0.-r3.f1.-d0.-r1.f3.d0.f1.d2.f1.-d2.-d3.-r2.d3.-r2.-d3.-f3.d1.-r1.f3.f0.r2.d1.r2.f2.f1.-r2.-f3.-d1.f2.r2.-d1.f1.f1.d1.f1,47,47
788,-d2.-f3.d0.-r0.f2.-r3.-f1.-f1.r0.r1.-d1.f3.-d0.-d0.f3.r0.r1.f3.d0.-f3.d3.r1.d3.-r1.-f3.d0.-f3.f0.-r3.-f0.-r0.-f0.-d0.f0.-r3.-d0.d3.-f1.-d0.f0.d0.f1.-d0.-f0.-f0.-r3.-f0,47,47
788,-d2.-f3.d0.-r0.f2.-r3.f1.f1.r0.r1.-d1.f3.-d0.-d0.f3.r0.r1.f3.d0.-f3.d3.r1.d3.-r1.-f3.d0.-f3.f0.-r3.-f0.-r0.-f0.-d0.f0.-r3.d3.-d0.-f1.-d0.f0.d0.f1.-d0.f0.f0.-r3.-f0,47,47
788,d0.f2.-d1.f0.r3.f2.-d3.r1.d3.-f2.-d0.d1.r3.r0.-f0.-d1.d0.f1.d0.r0.-d0.-r0.-f1.d0.r2.-d1.-r2.d0.-r1.r2.-d1.-d2.r2.-f2.r2.d0.f1.-d0.f2.-r2.f1.d0.-r0.-f1.r0.f1.-d0,47,47
789,d1.-r3.r0.-f0.-d1.-r0.-d3.f2.d2.r0.d0.-r1.-f1.-f2.-r0.f1.-r2.-r2.-f2.-f2.-r2.d2.r1.-d2.-r0.-r1.f3.-d3.-f0.r3.-f3.-d0.-d0.d3.r3.-d0.r3.-d3.r3.-d3.r3.-f3.d3.f0.d3.r3,46,46
789,-d2.r3.-f3.r0.f0.r3.r0.-d2.d0.r2.-f3.-f0.-r0.-f3.r0.f3.-r3.f0.d0.f0.-r0.-f0.r3.r0.f2.-r0.-r2.-f2.f1.r2.r3.-f1.-r2.-d1.-f1.r3.f2.-r3.d1.-r2.-d1.-r2.f1.d0.r2.-d2.-r2.-d0,48,48
796,d1.-f0.-f0.r2.-d2.-r0.-d0.d3.f0.-r0.d2.-d3.r2.f0.f3.d1.r0.d3.d0.r1.d1.-f0.-r1.-f1.r1.-d3.-d0.r1.-f1.-r1.d0.-d2.-r0.d1.r0.-d2.-r0.d3.r1.-d1.-r1.f3.r0.d0.f2,45,45
796,-r3.-r3.r2.-d0.f0.-d1.-r1.d3.r0.r2.d2.-f3.d0.-r0.d0.r1.r3.f3.r0.f0.r2.-d2.-r3.d1.d2.-r2.-f3.-d0.r3.-f3.r3.-f3.-r3.-d3.-f0.f3.d0.r0.-d3.r3.-f3.-d0.-r0.-f0.-d0.-r3.-f0,47,47
798,-d3.d0.r2.-r3.f1.-r0.-r0.f3.-d1.d2.f2.-r2.f2.-d3.-d0.f3.-d2.-f3.r3.-f3.-r0.-d1.-r3.d3.f3.-d3.f3.-d2.f0.-r3.-f0.d2.-f3.r0.f0.r3.d3.r0.r3.-f3.-r0.-f0.d0.d3.f3.-r3.-d3,47,47
799,d3.r1.f0.-d0.-r3.-d2.-f2.-r0.f1.d0.-f0.d0.-d2.-r1.f2.r3.-f2.-f2.d3.-r2.f2.r3.-d3.-r2.-d3.r1.f1.-r1.-f1.-r2.-d3.f1.-r3.-d1.-d2.-r2.f2.d3.-r2.-f2.r2.r1.d2.-r1.-d3.r2,46,46
801,-d2.d3.-r3.-d1.-r0.-d0.-r0.-d3.-d3.r1.r2.-f2.f3.-r2.-r3.d3.f3.-r2.-f2.-f3.r1.f2.-d3.-r2.r0.-f2.d1.r2.d0.-r0.-d0.-d3.-f1.d1.f1.-d1.-d1.f2.d3.f3.-r1.d0.-r2.-d0.r1.r2,46,46
801,d3.-d2.-r3.-d1.-r0.-d0.-r0.d3.d3.r1.r2.-f2.f3.-r3.-r2.d3.f3.-r2.-f3.-f2.r1.f2.-d3.-r2.r0.-f2.d1.r2.d0.-r0.-d0.-d3.-f1.d1.f1.-d1.-d1.f2.d3.f3.-r1.d0.-r2.-d0.r2.r1,46,46
801,d3.-d2.-r3.-d1.-r0.-d0.-r0.d3.d3.r1.-f2.r2.f3.-r3.-r2.d3.f3.-r2.-f3.r1.-d3.r0.-f2.-d3.-r2.-f2.-f2.r2.-d2.-f2.-f0.-f2.d2.-d0.d3.r2.d0.f3.-d1.d0.-r1.d1.r1.d0.d0.-r2.d0.r2,48,48
803,-r3.d2.r0.d3.r2.-f3.r2.d1.-r0.-f3.-d0.-f0.-r0.-d3.-f2.-d3.f0.f2.r2.d0.-r2.f1.-r1.d0.r1.-f0.-f0.r2.-f0.-r2.d0.-f1.d1.r2.-f1.-r2.-f0.f1.-d3.-r2.-f0.-d1.f0.r2.-d0.d3,46,46
803,-r3.d2.r0.d3.r2.-f3.r2.d1.-r0.-f3.-d0.-f0.-r0.-d3.-f2.-d3.f2.f0.r2.d0.-r2.f1.-r1.d0.r1.-f0.-f0.r2.-f0.-r2.d0.-f1.d1.r2.-f1.-r2.-f0.f1.-d3.-r2.-f0.-d1.f0.r2.d3.-d0,46,46
805,-d3.f3.-d2.-d3.-r0.r1.d2.-f1.-r1.-d3.-f3.d3.f2.-r1.-f2.d3.f0.f3.-d3.f3.-d0.f2.-d3.-f0.d3.f0.-d1.-r3.-d0.r0.-d0.-f0.-f3.-f3.-r3.d0.f3.-d0.-r0.r3.f0.-d0.d3.r0.-d3.-f0.r3.-d3,48,48
805,-f0.d0.d1.-r0.-f1.-r3.-f2.-r3.-d2.-f1.-r1.r0.f2.f3.-r3.r1.-f0.-f2.r0.f2.f0.d3.f1.-d3.f2.r3.-f0.d3.f0.-d1.r3.r3.-d3.-f2.-r0.-d2.r0.d3.r3.d1.-f0.-f2.-d2.-f2.d2.-f2.d2.f2.-d2.f0,50,50
807,-d2.f2.f0.r3.-f3.-d2.-r2.r3.r0.-d2.r3.-f0.-d0.-r2.d0.d3.r3.-f3.-r0.r1.d2.-r1.-f1.f3.-r0.f1.r1.-d1.-d1.d0.-r0.r1.-f2.-d1.f2.-r0.r1.-r0.-f2.r1.-f3.-d2.r1.d2.f3.f2,46,46
807,-d2.f2.f0.r3.-f3.-d2.-r2.r3.r0.-d2.r3.-f0.-d0.-r2.d0.d3.r3.-f3.-r0.r1.d2.-r1.-f1.f3.-r0.f1.r1.d1.d1.d0.-r0.r1.-f2.-d1.f2.r1.r0.r0.-f2.r1.-f3.-d2.r1.d2.f3.f2,46,46
807,-d3.-d1.-f1.-d3.d2.f3.r0.f0.r1.f0.d0.-f1.-f0.-r3.d0.f0.d3.-d2.-f2.d2.-f0.d2.d2.r2.d2.r2.d2.r3.-d0.r3.-f3.-d1.-d2.f3.-d2.-f2.f3.d2.r2.-f0.-r2.-f3.-f3.r2.f2.f0.-r2.-f2,48,48
808,-d3.r1.-d0.-f2.f1.d3.-r3.r0.f0.-d1.r0.f0.f1.r3.d3.r2.f1.-r2.-d1.-d3.r1.-f0.-r1.-r3.d0.-f2.-d0.-f0.-r0.-f3.r3.d1.r1.r2.-d1.r0.f2.-d2.d3.r1.-d0.-r1.-d3.d0.d2.-f2.-d0,47,47
813,-f3.d0.f0.r1.d3.r2.f2.r0.f0.f3.r3.-d0.-r1.-r1.-d0.-f1.-f3.f2.d1.-f0.r2.r3.d3.f0.-d3.f1.-r1.-f1.-f2.-r1.f2.-r0.-r1.d1.-r3.-d2.d1.-r3.d2.r3.-d1.-r0.-r1.-f2.r0.r3,46,46
817,d0.-r3.r1.-f0.-d0.f3.-d2.-f0.-d1.-f1.-r3.d1.-r3.-r1.-d0.-f2.d0.f2.d0.r2.-r3.d3.-r0.r2.d2.r3.-f0.-d1.-d1.f0.-r3.-d1.-f1.-r1.f1.d1.-r1.d1.-r1.-d2.r0.d2.-r1.d2.d2.r1,46,46
817,d0.-r3.r1.-f0.-d0.f3.-d2.-f0.-d1.-f1.-r3.r0.f0.-r2.-r3.-f2.-r2.f3.-r0.-f0.-r2.-r2.-d1.-r2.f1.-r2.-d1.-f3.-d2.f0.f3.-r3.-d2.-r2.-f1.r2.f1.f3.-r3.-f3.d1.f3.r3.-f3.d2.-r1,46,46
817,d0.-r3.r1.-f0.-d0.f3.-d2.-f0.-d1.-f1.-r3.r0.f0.-r3.-r2.-f2.-r2.f3.-r0.-f0.r2.r2.-d1.-r2.f1.-r2.-d1.-f3.-d2.f3.f0.-r3.-d2.-r2.-f1.r2.f1.f3.-r3.-f3.d1.f3.r3.-f3.d2.-r1,46,46
823,-d1.-r2.d0.r0.-d1.r3.d0.-f0.-f2.-f2.r3.f1.f3.r0.-f1.-r3.f0.-d3.f0.-r0.-f0.-d3.d1.-f0.-r1.-d1.-d3.-r2.f1.-d0.-d1.-f1.f2.r2.d3.r3.f1.-r3.-d3.-f2.d1.r0.-f2.-r2.f2.-r0.-d1.d0,48,48
823,-d1.-r2.d0.r0.-d1.r3.d0.-f2.f1.f3.d3.-f0.-f2.r0.-f1.-r3.f0.-d3.f0.-r0.-f0.d1.-d3.-f0.-r1.-d3.-d1.-r2.f1.-d0.-d1.-f1.f2.r2.d3.r3.f1.-r3.-d3.-f2.d1.r0.-f2.-r2.f2.-r0.-d1.d0,48,48
823,-f1.-d2.d0.-r1.-d2.-f0.-r0.-d0.r3.f0.-d0.r2.-d3.-d2.f0.f1.d3.-f0.-f0.r2.f1.f0.-r3.f3.d3.r3.-d2.-d1.-r3.r0.r0.d1.r0.-d1.-f1.-f2.d1.-r3.d3.-r1.-f1.r1.f1.f2.f2.-d1.f2.f2,48,48
825,r0.-f2.-d0.-f3.f2.r0.f3.-d0.-r2.r1.-f2.-r2.-f2.r3.f2.-r3.f3.-r0.-r0.r1.-d0.-r0.-d0.r2.f0.-r2.d1.d2.d3.r3.-f1.-r0.-f0.r1.f1.r0.-d2.-r1.f1.r2.-f1.-r2.d0.-f1.r1.f1,46,46
825,r0.-f2.-d0.-f3.f2.r0.f3.-d0.r1.-r2.-f2.-r2.-f2.r3.f2.-r3.f3.r1.r0.r0.-d0.-r0.-d0.r2.f0.-r2.d3.d2.d1.r3.-f1.-r0.-f0.r1.f1.r0.f1.r2.-f1.-r2.-d2.-r1.d0.-f1.r1.f1,46,46
826,-r0.f0.d0.r1.-d0.-f1.-d3.-f2.-d3.-f1.-r0.-d2.r2.-d2.-f0.r2.-f0.d2.r0.f0.-r3.d1.-r0.-d1.r0.r3.d2.r0.-f0.-r0.f2.-d1.-r0.d2.r0.-f2.d1.r0.f2.-r0.-r2.-f1.-r2.f1.-d2.r2.-d2,47,47
826,-r0.f0.d0.r1.-d0.-f1.-d3.-f2.-d3.-f1.-r0.-d2.r2.-d2.-f0.r2.-f0.d2.r0.f0.-r3.d1.-r0.-d1.r3.r0.d2.r0.-f0.-r0.f2.-d1.-r0.d2.r0.-f2.d1.r0.f2.-r0.-r2.-f1.-r2.f1.-d2.r2.-d2,47,47
826,-r0.f0.d0.r1.-d0.-f1.-d3.-f2.-d3.-f1.-r0.r2.d2.d2.-f0.d2.r2.-f0.r0.f2.f0.-r3.d1.r3.-d2.f2.r3.-f2.-r3.d2.-r0.d2.-r3.-d1.-d2.r0.-r2.-r1.-d0.f0.r1.-f0.r3.f0.-r1.-f0.r1,47,47
828,-d2.-f3.r1.-d3.f1.-d1.-d3.f1.-r2.-d3.f0.-d0.-r0.-r0.-d0.r2.-f0.-f2.r3.-f0.-r3.r0.f0.d1.-f0.-d1.-r0.d0.-r3.-d0.r3.-d0.f3.-d0.f0.-r3.f0.d3.f0.r0.-f0.r3.-d0.d3.-r3.-d3.-r0,47,47
828,r0.-f2.-r1.-d3.d2.r0.f1.-r1.d0.-r1.r0.-f3.-f3.-d3.-f3.d2.-r3.-r3.f2.d3.d1.-f2.-r0.d0.f2.-d1.-r2.-f2.-d0.-r1.f2.d0.-d2.f1.-d0.f0.r1.-f1.-r1.-d0.-f2.-r2.f2.-d0.f2.-d2.-f2.d2.-d0,49,49
829,-f1.-f0.-f0.-r1.-f3.d3.r0.d3.f0.d1.f1.d0.f0.d3.-r1.-f0.r0.-d3.-r3.-f0.-f3.r0.-f0.f1.d2.f0.d3.-r1.-d3.r1.d1.f0.-d2.r2.d2.-d1.-f1.-r1.-d2.f1.-r0.d1.r1.r0.-f3.-f1,46,46
829,f0.r1.-f0.d3.r2.-d2.-f0.f1.-r0.f1.d0.-f3.d3.f1.f2.d3.-f0.-r3.-f0.-r1.-r1.-f0.r3.-f2.-f2.-r0.-d3.r3.f3.-r0.f0.-r3.f3.d3.-r0.f0.-d3.-r0.-d0.d3.-f3.-d3.-r3.-d0.-d0.r3,46,46
829,r2.r0.f2.d0.-r0.-f3.-r2.d3.-r3.-f3.-r1.d3.-f3.-f3.-r3.-f3.d0.-f3.r0.f3.-r3.-r3.f3.r2.-f3.r3.-f1.r1.-d0.d3.-r1.d0.-r1.-f1.-d2.f1.d2.d3.f2.-d3.-f0.-d1.-d0.f0.r1.-f0.d1.d0,50,48
831,d0.-r3.r0.-d2.f0.-d2.-r1.f1.-r3.-d3.d1.-f2.d1.-f0.f3.d2.f0.r3.-d2.r2.f2.r1.-d0.-f2.d3.-f1.-d3.-r1.-r2.-r2.-d1.r1.r2.f0.r2.f1.f2.r0.-f2.-d2.-r2.d2.f2.d0.r2.-f1,46,46
831,d0.r0.-r3.-d2.f0.-d2.-r1.f1.-r3.d1.-d3.-f2.d1.-f0.f3.d2.f0.r3.-d2.r2.f2.r1.-d0.-f2.d3.-f1.-d3.-r2.-r1.-r2.-d1.r2.r1.f0.r2.f1.f2.r0.-f2.-d2.-r2.d2.f2.d0.r2.-f1,46,46
833,-r1.-d0.-f2.-d1.f0.r2.-f1.-f2.-d1.-r3.-r3.f0.-r2.-f2.r3.d1.-r0.-r0.d3.r0.-d1.-r3.-r3.d2.f3.-d2.r3.f3.d0.-r0.-f3.r3.-f0.d3.-r3.-f3.-d3.d0.-r3.d0.r0.d0.d3.-r3.-d0.f3,46,46
833,d3.-f0.-f3.d2.-f0.d3.-f2.f1.d3.r0.d2.-f3.f1.-f2.r0.f3.r2.f3.r2.d3.-r2.-r0.-f3.d2.d1.-f1.r1.d2.-r1.d0.r1.f1.r1.-d0.-r3.-f1.r3.d1.-d2.-r2.f1.r2.d2.-f1.-d1.d0.-f1.d2,48,48
834,-d3.f3.-d0.-r2.f1.-d1.f0.-r0.r3.d1.-f2.-r0.-d1.d0.f0.-d3.r1.-d0.d3.r1.-d0.r1.-f2.f1.-r1.-f1.d2.-r0.f1.-r1.-r2.-d0.r1.r2.-d0.-f1.d0.f0.d0.r1.-d1.d0.f0.d1.-f0.-d0.-d0,47,47
834,-d3.f3.-d0.-r2.f1.-d1.f0.r3.-r0.d1.-f2.-r0.d0.-d1.f0.-d3.r1.d3.-d0.r1.-d0.r1.-f2.f1.-r1.-f1.d2.-r0.f1.r3.r0.-f0.-r3.-r0.-d0.-f1.d0.f0.d0.r1.d0.-d1.f0.d1.-f0.d0.d0,47,47
835,-f1.d1.f3.-d3.-d3.f3.-r1.r0.d0.-r1.d0.r0.-f2.-f2.f0.-d0.-d2.-d3.r0.f2.d2.-r0.-r3.-f0.f1.-d2.f2.-r2.-r2.f2.r2.f2.r2.d2.f2.d2.-r2.r0.-f2.-f2.-r0.-f0.r0.f2.-r0.-d3,46,46
835,-f1.d1.f3.d3.d3.f3.-r1.r0.d0.-r1.d0.r0.f0.f2.f2.-d3.-d2.-d0.r0.f2.d2.-r0.-r3.f1.-f0.-d2.f2.r2.r2.f2.r2.f2.r2.d2.f2.d2.-r2.r0.f2.f2.-r0.-f0.r0.f2.-r0.-d3,46,46
836,-d3.-r0.r1.d3.r3.d3.-r2.f0.d3.-r1.-f3.r3.d0.-f1.-f1.d0.r3.-f3.f0.-r2.-d1.-r1.f0.f1.-r2.-f0.-r1.-f0.-r1.-f3.d1.-f2.f0.d1.f0.-d1.-f0.f3.-r1.f2.-d1.-r1.-f2.-r1.-r1.f2.-r1,47,47
836,-d3.r1.-r0.d3.r3.d3.-r2.f0.d3.-r1.-f3.r3.d0.-f1.-f1.d0.r3.-f3.f0.-r2.-d1.-r1.f1.f0.-r2.-f0.-r1.-f0.-r1.-f3.d1.-f2.f0.d1.f0.-d1.f3.-f0.-r1.f2.-d1.-r1.-f2.r1.r1.f2.-r1,47,47
837,-r3.f0.-d1.r2.d0.-r0.-f1.r3.d0.-f0.-f1.-r0.-r2.d3.-r3.d0.-f0.r0.d2.-f1.-f3.-r1.f1.f3.-d2.r0.-f0.-r0.-r3.f0.d3.r0.-f3.f0.-d3.d0.f0.-r3.-d0.-d0.f0.r3.-d0.f0.d0.f3,46,46
837,-d3.f2.d2.-r0.-d3.f1.-r3.d1.f0.-f3.d2.f1.d3.d1.-r3.-f1.-r0.-d0.-f0.-d0.-r3.d0.r3.f2.d3.f1.d0.d1.-f1.-r1.-f3.d2.f3.f2.-d1.r1.f3.-r1.d2.r2.-f1.f2.r1.-d2.f1.-r2.-r1.-f2,48,48
839,f0.r0.f1.-r1.-f2.f0.f1.-d3.-f2.-d0.f0.-r2.-r3.d2.-r1.d0.d3.f0.-r3.-d2.f3.-d0.f3.d0.-r3.-d3.r3.-f1.f2.-r1.d0.-f1.r1.-d0.-r1.-d3.d0.f1.-d0.-r1.-f1.d3.f1.-d3.r1.d3.-f2.f1,48,48
839,f0.r0.f1.-r1.-f2.f1.f0.-d3.-f2.-d0.f0.-r3.-r2.d2.-r1.d3.d0.f0.-r3.-d2.f3.-d0.f3.d0.-r3.-d3.r3.f2.-f1.-r1.d0.-f1.r1.-d0.-r1.-d3.d0.f1.-d0.-r1.-f1.d3.f1.-d3.r1.d3.-f2.f1,48,48
845,-d2.-r0.-f3.-d2.-r1.-f3.-r3.-f3.-r1.-r0.-d3.-f1.r3.-r1.f0.-r1.d2.f0.-r1.-r3.-d0.r3.-r2.-f0.f3.-d2.f3.r1.f3.f0.d1.f3.r2.f0.-d1.-f0.d0.-d1.f0.r3.-d0.r2.d0.-r3.-f0.d1,46,46
847,-f0.-r1.d0.d3.-r2.-f0.-f2.-d0.d2.f3.-r3.-r3.f1.-d3.f3.-r0.r2.-d3.-r0.-d3.-r1.r0.d0.f3.d1.-f3.-d0.-d0.-r2.-d1.-r2.-r2.f0.r1.-d2.-r1.-f0.d0.f0.f1.d2.-f0.-d2.-f1.r1.d2,46,46
850,-f1.d2.-r2.-d2.f2.d2.d3.r0.d1.-f2.d0.f2.-r1.-d2.-d2.-r1.-d2.r1.d2.-r0.-d3.r0.d2.d3.-f2.-f3.r1.-d3.-r0.f0.r3.-d3.-f0.-f3.-d3.r3.-f3.-f3.-d3.-d3.-r3.-r3.-d3.r0.d0.r0.r3,47,47
850,d0.f3.d1.r2.-d2.r0.-f1.-d2.f3.r3.d2.-f0.d1.r3.-d0.-f1.-d1.r3.-d1.r3.-f1.-d2.-f1.f0.f0.r1.d0.-d2.r1.-d1.r0.d3.-r1.-d2.-d1.-r1.-r1.-d0.-d3.-d3.-f0.-f1.d1.d3.f1.-d2.-f1,47,47
854,-f1.r1.f2.-d1.r0.d2.f3.-r2.d3.-r3.-f1.d0.-f2.-d1.-d3.-d3.-f3.f0.-d2.d0.-f0.f3.r0.-f3.f0.d0.d2.-f1.-d0.f0.r3.-f0.r3.-d0.-f0.-f0.f3.d3.-f3.d3.-f3.-r0.d0.r0.-f0.-d3.-r0,47,47
855,-f3.-d3.f1.r2.-f0.-d1.-d1.d2.r3.f0.r2.-d1.-d1.r2.-f2.-d1.-r2.d1.-f2.-r2.-d0.-r3.r0.d0.d3.f3.-d3.r2.d0.-f3.r0.-f0.r0.-f0.-r0.-r3.-d3.r3.d0.r3.-f0.r0.-d0.r0.-f3.r3.d3.-f0,48,48
858,r2.d2.r3.f0.d0.f3.d3.d2.-r0.d2.f0.-d1.r3.-d1.f0.r3.-d0.f3.-d1.-d2.-r2.f1.-d1.f1.d1.-d3.-r2.f1.-d1.-r2.-d0.d2.r2.-d2.r2.f2.d1.-f1.-r0.-f2.r0.f1.-r2.-d3.f2.d3.-r2,47,47
867,f0.-d1.-r1.-d0.d3.-f0.r2.f1.-d2.-d3.-r0.-d3.-f1.-d3.-f1.d3.r0.r2.d1.d2.-r0.-r1.r2.d0.f0.r3.d1.f3.-d1.d2.-f1.-f3.r1.-f3.-r1.-f2.-r1.f2.d1.r1.-d1.-f0.-r1.-f2.-r1.-r1,46,46
867,f0.-d1.-r1.-d0.d3.-f0.r2.f1.-d2.-d3.-r0.-d3.-f1.-d3.-f1.d3.r0.r2.d1.d2.r2.-r1.-r0.d0.f0.r3.d1.f3.d2.-d1.-f1.-f3.r1.-f3.-r1.-f2.-r1.f2.d1.r1.-d1.-f0.-r1.-f2.r1.r1,46,46
867,r2.r2.f0.d0.d0.f2.r3.-d3.d2.-f0.d0.-f3.-f2.d1.-f1.-d2.-f0.r0.f1.f0.r1.-d0.-f1.r1.d3.-d0.r2.d0.-d3.-f3.d2.r2.f3.d0.-f1.d1.-d2.f1.-d1.-r2.-d1.r2.d1.-d0.-r1.d2,46,46
868,-r3.r2.f0.-d0.-r3.f3.-r3.f0.d2.f1.d1.-r0.-f3.r0.d0.r1.-d3.-f0.-d3.-f3.r3.d2.-f0.r1.-f3.d2.r1.f0.-d1.-r1.-d2.d1.r1.-d2.-r1.f0.d1.f1.r1.-f1.-r1.-f0.-d1.d2.-r1.f3.r1,47,47
868,f1.d0.-r1.-f2.d2.r0.f3.-d2.r0.-f1.-d0.-r1.-f0.r0.f0.r1.f1.d1.-f1.r1.d2.d0.-r1.-d0.r3.-d3.-r3.r1.-f1.-d1.r1.r1.-d1.f0.d1.d0.f0.d0.-f0.-d0.r3.f1.r0.-f1.-r3.-r0.-f0,47,47
868,r2.-r3.f0.-d0.-r3.f3.-r3.f0.d2.f1.d1.-r0.-f3.r0.d0.r1.-d3.-f0.-d3.-f3.r3.d2.-f0.r1.-f3.d2.r1.f0.-r1.-d2.r1.-d1.-d2.-r1.d1.f0.d1.f1.r1.-f1.-r1.-f0.-d1.d2.-r1.f3.r1,47,47
873,-f2.d0.-f0.-f1.-f2.-r3.f1.-d0.-d0.d2.r3.f3.r3.-f2.-r0.-r3.-f2.f0.-d2.f2.r2.d0.d3.-r2.d2.-r3.-f3.-r3.-d0.r3.f3.d0.-r3.f0.d0.r0.-d3.d0.f3.-d0.-d3.-f3.r3.f3.-d3.-r0,46,46
873,d0.r3.d1.f2.-r2.d2.f3.-r0.-d3.-d1.r2.d1.-r0.-f2.f0.-r2.f3.d1.f1.-d0.-f0.d0.-f2.-f2.-d0.-d1.-r3.-r3.-d3.-r1.d0.r1.r1.-d0.r3.d3.f1.-d2.-d2.-f1.d0.f2.f2.-d2.r2.f2.-r2.-f2,48,48
873,f3.r3.f0.-r2.-f3.r2.-d3.-f2.-d3.-f0.d2.d0.r0.-d3.f0.r2.-f0.-f0.-d0.-r3.d0.r0.d3.-r0.f0.d3.-f3.f0.r3.-r2.f3.r2.-f3.r0.r3.-f3.r1.-f3.-r1.f3.f3.-r0.-f3.-r3.-d3.-r1.d3.r3,48,48
875,d1.-f0.d3.f3.-d1.-d1.-f1.r3.-f1.r3.-f3.-r1.-r2.r3.-f2.-d3.-d3.-r3.-d0.r3.f1.f2.r2.-d2.-f3.-d3.d2.-f1.d3.f2.-d2.-f0.-f1.-r2.f1.f3.d0.-f3.r2.f3.-d0.f0.-d2.-d2.-f2.-f2,46,46
875,d1.-f0.d3.f3.-d1.-d1.-f1.r3.-f1.r3.-f3.-r2.r3.-r1.-f2.d3.d3.-r3.-d0.r3.f1.f2.r2.-d2.-f3.d2.-d3.-f1.d3.f2.-d2.f3.f2.-d2.f1.-f3.-r3.f3.d2.-f3.r3.f3.d2.d2.f2.-f1,46,46
875,d1.-f0.d3.f3.d1.d1.-f1.r3.-f1.r3.-f3.-r1.r3.-r2.-f2.-d3.-d3.-r3.-d0.r3.f2.f1.r2.-d2.-f3.d2.-d3.-f1.d3.f2.-d2.-f1.-f0.-r2.f1.f3.d0.-f3.r2.f3.-d0.f0.d2.d2.f2.f2,46,46
876,-f1.f3.-r0.-f2.-r3.-r3.-d0.d2.-r3.-f2.-f3.-d1.r3.-d0.-f2.f0.-r3.d2.r2.-f1.-d2.-r2.f1.-r3.f2.r3.-f0.-d0.-f1.r3.d0.r0.d1.-f1.-f1.-r0.-r3.-d0.r2.d1.-r1.d1.-f0.-r2.f2.r2.f0,47,47
876,f3.-f1.-r0.-f2.-r3.-r3.d2.-d0.-r3.-f3.-f2.-d1.r3.-d0.-f2.f0.-r3.d2.r2.-f1.-d2.-r2.f1.-r3.f2.r3.-f0.-d0.-f1.r3.d0.r0.d1.f1.f1.-r3.-r0.-d0.r2.d1.-r1.d1.-f0.-r2.f2.r2.f0,47,47
876,f3.-f1.-r0.-f2.r3.r3.d2.-d0.-r3.-f2.-f3.-d1.r3.-d0.-f2.f0.-r3.d2.r2.-f1.-d2.-r2.f1.-r3.f2.r3.-f0.-d0.-f1.r3.d0.r0.d1.f1.f1.-r3.-r0.-d0.r2.d1.-r1.d1.-f0.-r2.f2.r2.f0,47,47
877,d1.f3.-r3.-d0.-r1.r0.f3.f0.-d0.f3.-d0.d3.r0.-r3.d0.-r2.-f3.r0.r2.f1.-r0.-f1.-r1.-r1.-d1.-d0.-r0.d1.-r1.-f3.-r1.f3.r2.-f1.d3.-r2.d1.r2.-d3.f1.d2.r1.-d2.-r2.-f0.d2,46,46
877,d1.f3.-r3.-d0.r2.f0.r3.-f3.-d3.-d3.d0.-f0.-d0.f1.-d2.d3.r1.d1.d2.-f1.d2.f1.-d3.-f3.f0.-r2.-d3.f1.d0.-f0.d1.f0.f2.d0.-r2.-d0.-f2.-d0.-f1.r2.-f3.-r2.f2.r2.f3.-d0,46,46
877,d1.f3.-r3.-d0.r2.f0.r3.-f3.-d3.-d3.d0.-f0.-d0.f1.d3.-d2.r1.d2.d1.-f1.d2.f1.-d3.-f3.f0.-r2.-d3.f1.d0.-f0.d1.f0.f2.d0.-r2.-d0.-f2.-d0.-f1.r2.-f3.-r2.f2.r2.f3.-d0,46,46
883,f3.-r3.f2.d2.-r0.r1.d2.f2.-r2.-d3.-r3.f0.-r3.r0.r2.-d0.-f1.-f2.-r3.d1.f2.-d1.d0.d3.f1.r3.-d0.-d0.-f0.-d0.r3.-d0.-r0.-r3.d0.d3.r3.d3.r3.f3.d0.r0.-f0.d3.-f3.f0,46,46
883,-f1.f3.d2.r1.d2.r0.r1.-f2.-f3.-d3.f1.-r1.d0.-r3.-d0.-f3.-d0.-f0.r3.f0.-r0.d3.-r0.-f0.f3.-r0.-d1.-f3.-d2.f3.-d2.r2.r0.f2.-d2.-f0.d2.-f2.-f3.d1.-r2.d2.-f3.f2.-r2.-f2.r2.f3,48,48
888,-r0.-f1.-f0.r1.-f2.-d0.-f3.d2.r0.r1.f2.f2.r0.-f3.-r0.-f3.-d3.-f0.d1.r0.f0.r2.d3.d1.-r0.-f2.r0.-d3.-r2.-f0.-r1.-f0.-r2.f0.-d2.-r3.d2.-r0.d1.-d3.-f2.-d1.f2.d3.-d2.r3.d2,47,47
888,-r2.r3.-f1.-d1.-f1.-d2.-r3.-f0.d1.r3.-d1.d2.-f0.d0.-f3.d3.r3.-d0.-r3.-f1.f0.d0.-r3.-r3.-d0.-r3.r1.-f0.-r3.-f3.-r3.-f0.r3.-f3.-d0.-f0.d3.f0.-r0.-f0.-r3.f0.-d0.r0.r3.-d3.f3,47,47
892,-r0.-d3.f3.-r1.r3.f3.-r2.d3.-d2.r2.d3.f3.-d3.r0.f2.-r3.-f2.-f2.f0.-r3.r1.-d2.-f2.-d3.-f1.-d1.f1.-f2.-f2.-d0.f2.d0.-r2.d2.-r2.-f0.-d0.-f2.d0.f0.-r2.-f0.-r2.-f2.r2.f0.-r2,47,47
896,-d1.d2.d3.-f2.d3.r3.-d3.-r0.-f3.-f3.r2.-d3.-f0.-f3.d1.d2.r0.-f3.f0.r2.-d3.f1.-d0.-d3.-r1.f2.d0.d3.-f2.-f3.-d1.d3.-f2.d1.d2.f3.-d2.f0.f2.-d3.r0.-d2.-r0.d2.d3.-f0.-f3,47,47
896,d3.-d1.d2.-f2.d3.r3.-d3.-r0.f3.f3.r2.-d3.-f0.-f3.d2.d1.r0.-f3.f0.r2.-d3.f1.-d3.-d0.-r1.f2.d3.d0.-f2.-f3.d3.-d1.-f2.d2.d1.f3.-d2.f2.f0.-d3.r0.-d2.-r0.d3.d2.-f3.-f0,47,47
899,f3.r3.f2.-d3.f1.d0.-f3.-r2.f0.d3.-r2.-d0.-d2.r3.-d0.r0.d0.f0.r1.-d2.-r1.-f2.-f2.-r3.f1.-d2.-f1.-r3.r2.-d0.-d2.d1.-r2.d3.r2.d1.r2.d0.r2.d2.r2.d1.r2.d1.-f1.d1,46,46
899,f3.r3.f2.-d3.f1.d0.-f3.-r2.f0.d3.-r2.-d0.-d2.r3.-d0.r0.d0.f0.r1.-d2.-r1.-f2.-f2.-r3.f1.-d2.-f1.r2.-r3.-d0.d1.-d2.-r2.d3.r2.d1.r2.d0.r2.d2.r2.d1.r2.d1.-f1.d1,46,46
901,f3.r0.-f0.f3.d3.-f3.d2.r3.-d2.-r3.r0.f0.r1.-d2.-r3.-r3.-d0.d3.-r2.d0.f0.-r3.r2.d1.-r2.r3.d1.-r2.f1.-r3.d1.r3.f1.-d3.r0.r2.d3.-r2.-f1.d1.r2.-d3.-r2.-d1.d3.r2,46,46
901,f3.r0.f3.-f0.d3.-f3.d2.r3.-d2.r0.-r3.f0.r1.-d2.r3.r3.-d0.d3.-r2.d0.f0.-r3.r2.d1.-r2.r3.d1.-r2.f1.-r3.d1.r3.f1.-d3.r0.r2.d3.-r2.-f1.d1.r2.-d3.-r2.d3.-d1.r2,46,46
902,r1.d3.-r2.r3.f0.r2.-d3.-f1.-f1.-r3.f3.d2.r1.f0.-r1.f3.r2.-f0.d1.f2.-r2.-d1.r2.f1.d0.d1.r1.f0.-r3.d3.f3.-r0.-f2.r0.-f3.-d1.d3.-f1.r2.f1.-r2.-f0.-d1.f1.d1.f0.-d2,47,47
902,r1.d3.r3.-r2.f0.r2.-d3.-f1.-f1.-r3.f3.d2.r1.f0.-r1.f3.r2.-f0.d1.f2.-r2.-d1.r2.f1.d0.d1.r1.f0.-r3.d3.f3.-r0.-f2.r0.-f3.d3.-d1.-f1.r2.f1.-r2.-f0.-d1.f1.d1.f0.-d2,47,47
904,d2.-r0.-d3.-d3.-f1.-d0.-r3.-f3.d0.-f3.r1.d3.-f2.f3.-r0.-f2.-f3.-r3.-f3.f0.-d3.-f2.f3.r1.-d1.d3.-f2.d1.-f2.r0.-d2.f2.-r0.-f2.-r3.r0.d2.-r0.-r1.-d2.r2.r3.d2.r1.f2.-d2.f2,47,47
904,d2.-r0.d3.d3.-f1.-d0.-r3.-f3.d0.-f3.r1.d3.f3.-f2.-r0.-f2.-f3.-r3.-f3.f0.-d3.-f2.f3.r1.-d1.d3.-f2.d1.-f2.r0.-d2.f2.-r0.-f2.r0.-r3.d2.r2.r3.-f2.-r1.-r0.d2.r1.f2.-d2.f2,47,47
905,d0.f2.r0.-f2.-r3.d1.-r1.-f3.f1.d1.d3.r0.-f2.r2.f2.-d3.r3.f3.-d3.-f3.-f3.d3.r1.-d0.-r1.r3.-d0.-r3.-d0.-r0.f3.r0.d0.-r0.-f0.-f0.r3.d0.r0.r3.f3.r0.d3.-f3.d0.-r3,46,46
905,r0.f3.-f0.f1.d0.r3.-f3.-f3.-r3.-d2.r0.f3.d3.f2.r0.-r3.d0.r3.-r1.-f2.-r3.-r3.f3.-d0.d1.-r2.-d0.d2.r2.-d0.-r2.-d0.-d2.-r3.-f2.r1.r2.f2.r3.-d1.r3.r3.f2.-r2.-f2.r3.r3.d3,48,48
906,d3.r0.-f3.f1.-d1.-d1.f0.-r0.f1.-d2.d1.-f2.r2.-d1.r1.-d3.-r0.d1.-r0.-f0.-r0.f1.r3.-d0.-r3.-f1.d0.-r0.-d0.-r0.-f0.-f0.r0.f3.-r1.-r2.d0.-f0.-d3.r0.-d0.-f3.-d3.-d3.-r0.d0.-f0,47,47
906,-f0.-r3.f3.-d2.r2.r2.f2.-f3.f0.d1.-r2.-f0.d0.r0.r3.-f3.-f0.-d3.f3.d3.f3.d3.-r0.-d0.r0.-f3.-r3.-f2.r3.-d3.-f3.-r3.-f0.-f1.r3.f3.f3.-r3.f0.r3.-d3.d2.r1.d2.-r1.d3.-d2.r2.-d2,49,49
907,d0.r2.-f0.-r2.f3.-r0.-f2.d0.r2.-d2.f1.d3.f3.d0.-f3.f0.-d0.-r0.r3.-f2.-r0.-d0.r0.-f0.r0.-d3.-d3.-r0.-r0.r3.-d3.-d3.r3.-d0.-d0.r0.d0.-f1.r0.f1.r3.-f1.-r0.f0.f1.r0,46,46
907,d0.r2.-f0.-r2.f3.-r0.-f2.d0.r2.-d2.f1.d3.f3.d0.f0.-f3.-d0.r3.-r0.-f2.-r0.-d0.r0.-f0.r0.d3.d3.r0.r3.r0.-d3.-d3.r3.d0.d0.r0.d0.-f1.r0.f1.r3.-f1.-r0.f1.f0.r0,46,46
909,f0.d1.d2.-f3.-d0.-r3.f2.r1.d2.-f0.d1.-f1.d3.-f0.f3.-r0.-d3.-r0.f0.-d3.d0.r2.d3.-r2.-d0.f3.r2.d2.f1.r3.-d1.-r3.d2.-f1.-r1.-r2.d0.d1.r2.-f1.-r1.-r2.-d1.d2.f1.d1.r1.-d0,48,48
909,f0.d1.d2.-f3.-d0.-r3.f2.r1.d2.-f0.d1.-f1.d3.f3.-f0.-r0.-d3.-r0.f0.-d3.d0.r2.d3.-r2.-d0.f3.r2.d2.f1.r3.-d1.-r3.d2.-f1.-r2.-r1.d1.d0.r2.-f1.-r2.-r1.d2.-d1.f1.d1.r1.-d0,48,48
910,-r3.f0.-r0.-d2.-f3.-d0.-r3.-f1.f3.r3.d1.-f0.r1.r3.-f3.-r3.f2.d0.r2.-f0.r1.-d1.r2.-d3.r0.-d3.-r3.-r3.f1.-r0.-d0.-r3.-f1.r3.d0.-r2.-r3.f1.-d3.r3.-f1.-r3.d3.-r3.-r3.-f0.-r0,47,47
910,-r3.f0.-r0.-d2.-f3.-d0.-r3.f3.-f1.r3.d1.-f0.r1.r3.-f3.-r3.f2.d0.r2.-f0.r1.-d1.r2.-d3.r0.-d3.r3.r3.f1.-r0.-d0.-r3.-f1.r3.d0.-r3.-r2.f1.-d3.r3.-f1.-r3.d3.r3.r3.-f0.-r0,47,47
911,-r2.f2.d2.-r3.-d1.f1.-r0.-d3.r3.-f0.-r0.r3.-f3.f0.r2.d1.r0.r1.-d0.r2.-d3.d1.-r0.-d1.r0.-f3.d1.-f2.-d1.-d1.f2.d3.-f2.-d1.f2.-d1.d3.f1.-d3.f0.f3.d3.-f1.-d3.-f0.d3,46,46
911,-r2.f2.d2.-r3.-d1.f1.-r0.-d3.r3.-f0.-r0.r3.f0.-f3.r2.d1.r1.r0.-d0.r2.d1.-d3.-r0.-d1.r0.-f3.d1.-f2.-d1.-d1.f2.d3.-f2.-d1.f2.-d1.d3.f1.-d3.f3.f0.d3.-f1.-d3.-f0.d3,46,46
915,-d3.-r3.-d3.f2.d2.f3.r0.d3.f2.-r0.r1.f2.-r0.-d0.r0.f0.f3.-d0.-d0.-r3.-f3.r2.-d1.r2.d1.f1.-d0.f1.-d2.-f1.-f1.d0.d2.-r0.-d0.r2.-d3.-r0.d3.-r2.d0.-r2.d1.-f3.-d1.-d2,46,46
915,-d3.-r3.-d3.f2.d2.f3.r0.d3.f2.r1.-r0.f2.-r0.-d0.r0.f3.f0.-d0.-d0.-r3.-f3.r2.-d1.r2.d1.f1.-d0.f1.-d2.f1.f1.d2.d0.-r0.-d0.r2.-d3.-r0.d3.-r2.d0.-r2.d1.-f3.-d2.-d1,46,46
919,-f0.-f3.-d0.d3.r0.f1.d0.-r1.-d1.r3.d0.f1.-r0.d2.r3.f3.-r1.f1.-d2.r3.-d2.f1.d2.r1.-f3.d1.-r2.-r2.-d1.-d1.r2.d2.-r3.-d2.f1.d2.r3.-f3.-d2.r2.d2.f3.-d2.-f1.-f3.d2,46,46
919,-f3.-f0.-d0.d3.r0.f1.d0.-r1.-d1.r3.d0.f1.-r0.d2.r3.f3.-r1.f1.-d2.r3.-d2.f1.d2.r1.-f3.d1.-r2.-r2.d1.d1.r2.d2.-r3.-d2.f1.d2.r3.-f3.-d2.r2.d2.f3.-d2.-f3.-f1.d2,46,46
920,-f3.r3.d0.r1.-d2.f0.r0.-f0.r1.f3.r3.f1.-d0.r0.-f0.f3.-r0.r1.-f0.r3.f0.r0.r2.-d2.r1.r3.f2.d2.-f2.-f3.d3.-r2.d1.r2.d0.f0.-r1.d2.r2.-f1.-r1.f0.-r1.f1.r1.-f0.r1,47,47
921,-r0.-f1.r2.f0.-r3.f1.-d2.d1.-r3.f0.d2.-f1.r0.f0.d3.r1.-f0.f2.r2.-d1.r0.-f1.r2.f1.r3.-d0.-r2.-f2.d1.f2.-r2.-r2.d0.-f0.-r2.f0.f3.d3.-f1.f3.d2.r1.-d2.-r1.-f3.-r3,46,46
922,-d1.-r3.r0.-d3.f3.-r3.f1.d1.-r2.-d2.-d2.-f0.-r1.-r3.-d0.-r2.-f0.-r0.-r2.-f1.r0.-d2.d0.-r1.d0.-f1.-d0.-f1.r0.r3.-d2.-r0.r1.-f2.-r2.-d2.r1.r2.-d2.-r2.r1.d0.f3.-d2.-f3.-d0.r1,47,47
924,-d2.r1.f0.d3.r0.-d1.-f0.f2.-r0.-f0.-d3.d0.-r2.-f3.r1.-d2.d3.-f0.d1.d2.-f1.-d1.-r2.d3.f0.d0.-f0.f2.r2.d1.f1.-r0.-r2.-r3.-d2.r3.-d1.r0.f1.r0.-f1.-f2.-d2.f2.d2.f0.-d0,47,47
925,-d0.-d0.f1.-r3.-d2.-r1.-d1.f1.d3.-r0.r2.r3.-f0.-r2.r0.d1.-r3.-f1.-d3.-d3.f1.-d0.-d3.-r0.r2.f2.-r1.f2.-r2.r3.f0.r0.r1.-f0.-r2.f0.d1.-f0.-r1.-d1.-f1.-f1.r2.-d2.-f1.d2,46,46
927,-f0.r3.d3.-r0.-d2.f2.r3.f2.-d3.r1.-d0.-r0.f3.-d3.d1.-r0.f3.-r0.-f1.-f2.-d1.-d1.r0.-d1.-d1.-f3.-d0.-d0.-d3.-f1.d3.-f0.-f3.-r0.d0.r0.-d3.f1.-d0.f1.d0.-f1.d0.d3.f3.-d0,46,46
930,-d3.-f2.-d0.-f0.-f0.-f2.d3.-r2.r1.f0.d1.-r2.f1.-r3.-f3.-r3.-d0.-d2.-f1.-r0.-f1.-r2.r1.d0.d2.-r1.f2.r1.f1.-d0.-d2.-r0.r2.f1.-r1.r0.r3.-f1.-f3.-d2.d1.f2.d2.-f2.r1.-d1.-r1,47,47
930,-d3.-f2.-d0.-f0.-f0.-f2.d3.-r2.r1.f0.d1.-r2.f1.-r3.-f3.-r3.-d0.-d2.-f1.-r0.-f1.r1.-r2.d0.d2.-r1.f2.r1.f1.-d0.-d2.r2.-r0.f1.r0.r3.-r1.-f3.-d2.f2.d2.-f2.-f1.d1.r1.-d1.-r1,47,47
933,-r1.-r3.-f2.-r0.-r0.f0.-d1.f1.-r0.f0.-d2.-d3.-f3.-r2.-f3.-f3.r1.r3.-d2.-r1.r3.d2.r3.f1.-r3.-f3.r2.r3.-f0.-f3.f1.d2.-r2.-f1.r2.-d0.f1.-d1.d0.-f3.d1.f1.-d1.f3.-d2.d1,46,46
933,-r3.-r1.-f2.-r0.-r0.f0.-d1.f1.-r0.f0.-d2.-d3.-f3.-r2.-f3.-f3.r1.r3.-d2.r3.-r1.d2.r3.f1.-r3.-f3.r2.r3.-f0.f1.-f3.d2.-r2.-f1.r2.-d0.f1.-d1.d0.-f3.d1.f1.-d1.f3.-d2.d1,46,46
934,f3.r3.f3.r1.f0.-r0.-d0.-d0.-r2.r1.-f3.-d2.f1.-d0.d1.f2.-r0.-r1.f1.r1.-d1.-f1.-r1.d0.r3.-d1.-r2.f0.d1.r3.-f1.-d0.-d1.-r2.d0.-f0.d1.-r3.-d1.r3.f0.r2.-f0.-r3.d1.r3.f1,47,47
935,-f2.r1.d0.-r1.d0.-f2.f0.-d3.d2.r1.f1.-d3.-f0.r1.d0.-r1.r3.-f2.d0.-r3.-d3.-f0.-f0.r1.-f0.-r0.-r1.f3.r3.-d0.-d3.r3.-d0.-d3.r3.-f0.-d3.-f3.f0.-r0.f3.r0.d0.r0.f0.-d3,46,46
938,-r0.-r2.-f0.-d2.r3.f3.r3.-f3.-r0.-f3.-r1.-d3.r2.-d2.-r3.d3.f1.d2.r0.r3.f0.d2.-f0.-r3.-r3.-d2.d1.r0.r1.-d1.-r0.d0.d2.f2.-d1.-f2.-r1.-d0.-f1.-f2.d0.d3.r2.f2.-d0.-d3.f1,47,47
938,-r2.-r0.-f0.-d2.r3.f3.r3.-f3.-r0.-f3.-r1.-d3.r2.-d2.-r3.d3.f1.d2.r3.r0.f0.d2.-f0.r3.r3.d1.-d2.r1.r0.-d1.-r0.d0.f2.-d1.-f2.d2.-r1.-d0.-f1.-f2.d0.d3.r2.f2.-d3.-d0.f1,47,47
939,-r2.d0.f0.r0.f3.-r2.d3.-r3.r1.-f3.f1.-d1.d2.-r1.-r2.f0.-d3.-r3.-d0.r1.d0.d1.-f0.-d2.f2.-d0.f0.d0.d2.-f2.-r3.-d2.-r3.-f3.-d2.f3.d2.r3.d1.f1.-r1.-f0.-f1.-d2.f0.d2,46,46
939,-r2.d0.f0.r0.f3.-r2.d3.r1.-r3.-f3.f1.d2.-d1.-r1.-r2.f0.-d3.-r3.-d0.r1.d0.d1.-f0.-d2.f2.-d0.f0.d0.d2.-f2.-r3.-d2.-r3.-f3.-d2.f3.d2.r3.d1.f1.-r1.-f0.-f1.-d2.f0.d2,46,46
945,-r3.d3.-r1.d3.-r1.d2.-r0.-d3.d2.-r2.f3.d1.-r1.-r3.-f1.d2.-f3.r0.d0.-r0.r1.d0.r3.f2.-r3.-f2.-d2.-d2.r2.d3.f1.-d0.d2.-r3.r1.d1.-r1.-d1.r3.-f0.f1.-d1.-f1.d1.f0.-r1,46,46
945,-r3.d3.-r1.d3.-r1.d2.-r0.-d3.d2.-r2.f3.d1.-r1.-r3.-f1.d2.-f3.r0.d0.r1.-r0.d0.r3.f2.-r3.-f2.d2.d2.r2.d3.f1.d2.-d0.-r3.r1.d1.-r1.-d1.r3.-f0.f1.-d1.-f1.d1.f0.-r1,46,46
945,-r3.d3.-r1.d3.-r1.d2.-r0.d2.-d3.-r2.f3.d1.-r1.-r3.-f1.d2.-f3.r0.d0.r1.-r0.d0.r3.f2.-r3.-f2.d2.d2.r2.d3.f1.d2.-d0.r1.-r3.d1.-r1.-d1.r3.f1.-f0.-d1.-f1.d1.f0.-r1,46,46
947,-f0.r3.-f3.f0.r2.f2.-r1.f3.-r3.-d0.d1.-f0.d0.-d1.-d1.f1.-f3.-d1.f3.-d1.-d1.-f0.r1.d3.-f0.-r0.-f0.-r1.-f1.r1.f1.r0.-f0.-f1.d3.-r2.-r3.-f0.-r1.-d1.-f1.r0.r1.f1.-r0.f0,46,46
947,f2.-r1.r2.-d2.-d2.r0.-d3.-d3.d2.-r2.r3.f0.f1.-d0.-f1.-r3.f1.-r1.-d0.-d0.r3.-d2.-f0.d0.d1.f2.-d2.r0.-f2.-r0.-f2.-r0.d2.r0.r2.-d2.-f2.-r2.-f2.d2.-f2.-f2.-d1.-d2.d0.r3,46,46
947,f2.-r1.r2.-d2.-d2.r0.-d3.d2.-d3.r3.-r2.f0.f1.-d0.-f1.-r3.f1.-r1.-d0.-d0.r3.-d2.-f0.d0.d1.f2.-d2.r0.-f2.-r0.-f2.-r0.d2.r0.r2.-d2.-f2.-r2.-f2.d2.-f2.-f2.-d2.-d1.d0.r3,46,46
948,r1.-d2.-f3.-r1.-d3.-f1.r0.-d1.-f1.-f2.-d2.d3.-r1.-r2.r0.-f1.r0.f1.-d0.-f3.d0.-r2.-f3.r2.-f3.-r0.-f1.r0.-f3.-r0.-r2.f1.-r1.-d3.r3.f1.f3.-d0.-d2.-r2.d0.r2.d2.-f1.d2.-r2.-d2,47,47
948,r1.-d2.-f3.-r1.-d3.-f1.r0.-d1.-f1.-f2.d3.-d2.r0.-r1.-r2.-f1.r0.f1.-d0.-f3.d0.-r2.-f3.r2.-f3.-r0.-f1.r0.-f3.-r2.-r0.f1.-r1.-d3.r3.f3.f1.-d2.-d0.-r2.d0.r2.d2.-f1.d2.-r2.-d2,47,47
948,f0.d1.r0.d2.-r3.-f2.r1.-d3.-r0.f1.-f2.-d0.-d0.r3.-d3.-f1.-r3.f1.-r0.f2.d2.-r3.f0.r0.-f1.-r0.d3.-f0.-d3.-r3.d0.-r2.f1.f2.d1.-f2.-f1.-d0.-d1.-f0.d0.r2.-d0.f0.f1.d3.-f1.-d3.f3,49,49
953,-d3.-f0.r0.d0.-f3.-d1.-f0.r3.-f0.-d3.r0.-f1.d0.-f0.-r0.f3.-r1.d0.-r2.-r2.f2.-r0.r2.f2.r0.-f2.r1.r2.d3.-r1.f2.-d0.f1.-d1.d2.-f1.-f1.r1.d1.d2.f1.-d2.-d2.d0.f3.-d3,46,46
953,-d3.-f0.r0.d0.-f3.-d1.-f0.r3.-f0.-d3.r0.-f1.d0.-f0.-r0.f3.-r1.d0.-r2.-r2.f2.r2.-r0.f2.r0.-f2.r2.r1.d3.-r1.f2.-d0.f1.-d1.d2.-f1.-f1.r1.d2.d1.f1.d0.d2.d2.f3.-d3,46,46
953,-d3.-f0.r0.d0.-f3.-d1.-f0.r3.-f0.-d3.r0.-f1.d0.-f0.-r0.f3.-r1.d0.r2.r2.f2.r2.-r0.f2.r0.-f2.r1.r2.d3.-r1.f2.d3.r1.-d1.d2.-r1.-r1.f2.d1.-f2.-d2.-f2.r1.-d3.f3.-d3,46,46
959,-d3.-r2.-f2.d1.r3.f2.-d3.d1.-r3.d0.-f0.-r0.-d0.r0.-f2.-d3.-f0.-f0.r3.-d1.f0.f2.-d2.f2.d2.f2.-d1.f2.d1.r0.f1.-d1.f1.-r0.d2.r0.-d2.-f1.-f1.f0.d3.-f0.-d1.f0.-d3.-f0,46,46
959,f0.-d3.-r3.r1.f3.-d1.-f2.-r2.-r3.-d1.-f0.r3.r0.-f1.r0.f1.-r3.-r3.-f1.r3.d3.-f1.-d0.-f3.d0.-f3.f2.-d1.-f2.r1.d1.-d0.-f2.d0.r3.-d0.f1.-r0.f2.-r2.-f2.-r2.r0.-f1.-d1.r2.f1.r2,48,48
961,r3.f3.-d2.r1.r2.-f0.-f1.-r1.r3.-f1.f3.-d1.f2.r1.d0.-r1.-r3.f2.-d1.-r1.f0.r1.f0.-d1.r2.d2.f3.r2.f0.r2.d2.-r1.-r1.-r2.d2.-r1.r2.r3.-f2.r2.f2.-r2.-f2.d3.-r3.r2,46,46
961,r3.f3.-d2.r2.r1.-f0.-f1.-r1.r3.f3.-f1.-d1.f2.r1.d0.-r1.-r3.f2.-d1.-r1.f0.r1.f0.-d1.r2.d2.f3.r2.f0.r2.d2.-r1.-r1.-r2.d2.-r1.r3.r2.-f2.r2.f2.-r2.-f2.d3.-r3.r2,46,46
963,-f2.d0.f2.-r3.-d3.d2.f0.d3.-r2.-r2.-d0.-f2.r3.f3.-d3.-f0.-f2.d3.-f0.-f2.-r2.f0.r1.r2.d1.-r2.r1.f0.r2.-f2.-d0.-f1.d0.d3.r2.-f1.-d1.f1.d1.f2.-d0.f1.d0.-f2.-r2.-d3,46,46
963,-f2.d0.f2.-r3.-d3.d2.f0.d3.-r2.-r2.-d0.-f2.r3.f3.-d3.-f2.-f0.d3.-f2.-f0.-r2.f0.r2.r1.d1.-r2.r1.f0.r2.-f2.-d0.-f1.d0.d3.r2.-f1.-d1.f1.d1.f2.-d0.f1.d0.-f2.-r2.-d3,46,46
964,-d1.f0.-r2.f0.r3.-f1.d0.-f0.r1.r2.f3.-r0.f1.-r0.r1.-d2.-f1.-d0.d2.r0.-f1.-d2.f0.-r3.-d2.r3.d2.-f1.f0.-r1.d0.f1.d2.f0.-d2.r2.-f1.-f1.-d1.f1.-r2.-d0.f2.r1.-f2.d1.f1,47,47
964,-d1.f0.-r2.f0.r3.-f1.d0.-f0.r2.r1.f3.-r0.f1.r1.-r0.-d2.-f1.d2.-d0.r0.-f1.-d2.f0.-r3.-d2.r3.d2.-f1.f0.-r1.d0.f1.d2.f0.-d2.r2.-f1.-f1.-d1.f1.-r2.-d0.f2.r1.-f2.d1.f1,47,47
967,d0.-f1.-d1.-d2.f0.-d0.-f0.-r0.-f1.f3.-d0.r0.-f2.d3.f1.-r3.f0.d3.f1.r0.-f2.f1.-r0.f3.-r1.-f3.-r2.-f1.-f1.-r3.r0.d1.-r1.r2.d2.-r3.f0.-d1.-f0.r1.d1.r3.f1.-d2.-f1.d2,46,46
967,d0.-f1.-d2.-d1.f0.-d0.-f0.-r0.-f1.f3.-d0.r0.-f2.d3.f1.-r3.f0.d3.f1.r0.f1.-f2.-r0.f3.-r1.-f3.-r2.-f1.-f1.-r3.r0.d1.-r1.r2.d2.-r3.f0.-d1.-f0.r1.d1.r3.f1.-d2.-f1.d2,46,46
967,-r3.f1.r0.-d2.-f3.r1.-d0.r0.-f0.d1.d3.-r3.-f3.d0.d3.r1.r0.r3.-d0.-f3.r0.-d0.f2.d1.-r0.-f2.r0.-d1.f3.-r3.f1.r3.d3.f0.r1.-f1.-f0.-d2.f1.d1.d0.-r1.d2.f2.r1.-f2.d2.r1,48,48
971,r2.-f0.d0.f1.d0.r3.d3.-f2.r0.d2.f3.r3.-f2.-d0.-d2.-r1.d0.-f3.-d2.f3.-d3.f2.r1.f0.-r1.-d1.-f2.r1.f1.-d2.-r1.-d3.-r0.-f1.-d3.f1.-r3.r1.-f1.-r0.f1.-r0.-r0.-r3.-r3.d1,46,46
971,r2.-f0.d0.f1.d0.r3.d3.-f2.r0.d2.f3.r3.-f2.-d0.-d2.-r1.d0.-f3.-d2.f3.-d3.f2.r1.f0.-r1.-d1.-f2.r1.f1.-d2.-r1.-d3.-r0.-f1.-d3.f1.-r3.r1.-f1.-r0.f1.r0.r3.r3.r0.d1,46,46
971,r2.-f0.d0.f1.d0.r3.d3.-f2.r0.d2.f3.-d2.r3.d3.-d1.f2.d3.-f2.-d0.-f0.-d2.-f3.-d2.f3.-f2.d2.f1.f0.-d2.-f1.f2.r0.f0.-r0.-f3.d1.f1.-r2.-f2.r3.-f1.f0.d1.f1.-d1.-f0.-r3.f2,48,48
972,r2.d2.-r0.-d3.-r2.-d1.d0.r3.-d2.r1.d0.d2.r3.f1.-d0.r0.f0.-d2.-f0.-d3.-r3.-d3.-r3.f1.d3.-f1.r0.-d0.f3.-d3.-r0.-r0.-d0.-f0.-r3.-f3.d0.f0.r3.f3.-d0.-f0.r3.-d3.-r0.-r0.f3,47,47
972,-f3.r0.-f1.f0.f2.-r2.f2.r3.-d2.-d2.-f2.d0.f1.-d1.f0.-d0.-r2.-d0.r2.-f2.-r2.r3.-f2.-r3.d0.-r3.-d0.-r1.f2.r0.d1.r1.d1.-f2.d0.-r2.f2.r2.-f3.r2.-f2.-r2.f3.-f2.r2.f2.-d1.-f3.-r1,49,49
972,-f3.r0.f0.f2.-f1.-r2.f2.r3.-d2.-d2.-f2.d0.f1.-d1.f0.-d0.-r2.-d0.r2.-f2.r3.-r2.-f2.-r3.d0.-r3.-d0.-r1.f2.r0.d1.r1.d1.-f2.d0.-r2.f2.r2.-f3.r2.-f2.-r2.f3.-f2.r2.f2.-d1.-f3.-r1,49,49
973,f1.r0.d3.r2.f3.-r2.-f1.r1.d2.r2.-d3.-r3.-f3.-d3.-r0.-d1.-d2.-f3.-d0.r0.d2.f0.-d0.-d3.d1.d2.r3.-d2.r3.d2.-f3.d1.f3.r3.f0.-r3.f0.-d2.f0.r3.-f3.r3.-d2.-r3.d1.r3.d2.-r3,48,48
973,f1.r0.d3.r2.f3.-r2.-f1.r1.d2.r2.-d3.-r3.-f3.-d3.-r0.-d2.-d1.-f3.-d0.r0.d2.f0.d1.-d0.d2.-d3.r3.-d2.r3.d2.-f3.d1.f3.r3.f0.-r3.f0.-d2.f0.r3.-f3.r3.-d2.-r3.d1.r3.d2.-r3,48,48
973,r2.-d2.-r1.-f3.-r0.-f0.-d2.f3.r0.-d1.f2.-d1.-f3.-d2.-r0.d0.-f3.-f3.d2.-r0.-d2.-r0.-r0.-r2.-d2.f3.-r3.-f3.-d2.-f2.r3.d2.-r3.d2.r0.-d3.f2.r1.-f2.-r1.d3.-r3.-d2.f2.d2.-f2.r3.r2,48,48
979,r2.-d0.-d2.r1.-f3.-d1.f1.d1.-r0.d0.-f3.d1.-f2.r3.d1.f3.d0.d1.-f0.d1.-f0.r1.-f0.-d0.-r3.-f3.d0.-f3.d0.-f1.-r1.f1.r2.f2.r1.d0.f2.-d0.-r2.-d0.-f1.f2.r1.-f2.f1.d0,46,46
979,r2.-d2.-d0.r1.-f3.-d1.f1.d1.-r0.d0.-f3.d1.-f2.r3.d1.f3.d1.d0.-f0.d1.-f0.r1.-f0.-d0.-r3.-f3.d0.-f3.d0.r2.-f1.-r1.f2.f1.r1.d0.f2.-d0.-r2.-d0.-f1.f2.r1.-f2.f1.d0,46,46
979,-r2.f3.r1.-d0.f3.d0.-f3.d3.r2.-f3.-r1.-f3.-d2.d3.r0.-r3.f1.r1.f3.r2.d3.f0.f0.f1.-r0.-d0.r0.f0.d0.f0.-r0.-f3.r2.-d1.-r2.-f2.f1.d1.f2.-r2.f3.r2.-f1.r0.f1.-r2.f1.f1,48,48
983,f2.-d1.f3.d0.-r1.-r3.-d1.-d3.r0.-d3.-f0.r0.d3.-r2.d0.-f2.-d0.f3.-r3.-f3.-d3.-f1.-r1.-d1.-f2.-d2.-d3.f1.-r2.-d0.-d0.-d3.r1.-d3.d1.-r1.-d3.d0.f1.r1.r2.f1.-d1.d2.-r1.-f1,46,46
983,f2.-d1.f3.d0.-r1.-r3.-d1.-d3.r0.-d3.-f0.r0.d3.-r2.d0.-f2.-d0.f3.-r3.-f3.-d3.-f1.-r1.-d1.-f2.-d2.-d3.f1.-r2.d0.-d3.d0.r1.-d3.d1.-r1.d0.-d3.f1.r2.r1.f1.d2.-d1.-r1.-f1,46,46
986,-d3.d0.-f1.r0.r1.f0.-r0.f0.r0.d3.-f3.d2.r1.r2.d2.-r0.f1.-r3.-f3.r2.f3.-r3.f2.-r0.-f1.r0.-f2.f0.-r3.f2.-r1.-d3.f3.-r1.d1.r1.-f1.-d1.-f3.f1.-r1.-f1.-f1.-r1.-f1.-r1.-d1,47,47
986,d0.-d3.-f1.r1.r0.f0.-r0.f0.r0.d3.-f3.d2.r2.r1.d2.-r0.f1.-r3.-f3.r2.f3.-r3.f2.-r0.-f1.r0.f0.-f2.-r3.f2.-r1.-d3.f3.-r1.d1.r1.-f1.-d1.f1.-f3.-r1.f1.f1.-r1.-f1.-r1.-d1,47,47
986,-f3.-r0.d1.-d3.-r3.-f2.-r3.-d0.-r1.d2.-r1.-f3.-d2.-f2.r3.r1.f2.f1.-r0.d3.f3.-d2.r0.r1.d2.-r3.-d2.r2.f2.-r1.-f0.d2.-f1.d2.f1.f2.-r2.-f3.-r2.-f0.-r2.-f2.f0.-f2.r2.d2.d2.-r2.d2,49,49
989,f1.-r1.r3.-f2.f1.-r3.d1.d3.r3.-d0.d1.r0.-d3.-r0.-d2.r0.-f0.-r0.-f0.-f0.-d3.r0.d3.-f0.-d2.f0.-d1.-f0.f3.-d1.-f3.-r1.-f1.f3.d1.-f3.f1.-r1.f1.-r1.-d3.f1.d3.r1.-d3.r1,46,46
989,f1.-r1.r3.f1.-f2.-r3.d3.d1.r3.d1.-d0.r0.-d3.-r0.-d2.r0.-f0.-r0.-f0.-f0.-d3.r0.d3.-f0.-d2.f0.-d1.-f0.f3.-d1.-f3.-r1.f3.-f1.d1.-f3.f1.-r1.f1.-r1.-d3.f1.d3.r1.-d3.r1,46,46
989,f1.r3.-d0.f3.-r3.f2.r1.f3.d3.d3.-r3.f1.-f3.d3.f3.-r0.d0.d1.-f2.r3.-f2.r3.r3.-d1.-f1.f2.-d2.-f3.r2.-f2.d2.d1.f2.-d1.-r1.-d1.-r0.-f2.r0.f1.-r3.d2.r1.d2.-r2.d2,46,46
991,-f0.d0.f0.r0.d0.-f0.f2.-d1.-r0.-r0.d2.f0.-d2.-r1.d0.-f1.-d0.r1.d0.r1.f0.-r0.f3.d1.-r2.f3.-r1.f1.-d1.-f3.f2.r2.d0.d1.f1.r2.-f1.-r2.f0.-d1.-f0.r2.d2.f2.-d2.-f2,46,46
991,-f0.d0.f0.r0.d0.-f0.f2.-d1.r0.r0.d2.f0.d0.-d2.r1.-f1.f0.-r0.f3.d1.-r2.f3.-r1.-f3.-f0.-r1.-f3.r1.-d1.r0.-r1.-d1.r1.-f2.f0.r1.f1.-f2.-r1.-f2.r2.-f2.-r2.-r1.f3.f2,46,46
991,-f0.d0.f0.r0.d0.f2.-f0.-d1.r0.r0.d2.f0.-d2.-r1.d0.-f1.-d0.r1.d0.r1.f0.-r0.f3.d1.-r2.f3.-r1.f1.-d1.-f3.f2.r2.d0.d1.f1.r2.-f1.-r2.f0.-d1.-f0.r2.d2.f2.-d2.-f2,46,46
993,-d3.f2.-r3.-f0.-r3.-f1.-d0.-r1.r0.-f3.-f3.d2.d3.-r2.r1.-d1.r1.r2.d3.-f3.r3.-d1.-r3.-d0.-f3.-f3.-d2.f3.-d3.f3.-d1.-f0.d0.f0.-r0.-f0.-d1.-f3.-d3.f3.-d0.d1.-f3.d3.f0.f3,46,46
993,r0.-d3.-r3.-d2.f3.d1.-r3.-d2.-d2.d1.-f3.d1.f0.d1.-f1.-f3.d0.f1.-d0.-d0.r0.d0.-r3.-f3.-r1.-f3.-r0.f3.r0.-d3.-r0.-f1.-d3.-r2.d3.r2.d3.f1.r1.-d1.-d3.-r2.d1.r2.-f2.d1.f2.d3,48,48
994,r3.-f0.r3.f1.d0.-f0.r3.d1.-f1.d0.-r0.-f2.-d1.-r1.-f0.f3.d1.-f2.-f3.d2.r2.f2.-d0.-f2.-d2.r3.f2.-r3.d2.-f2.d0.-f1.r2.-d2.-r2.f1.d2.-r3.f1.-r1.-f1.r3.-d2.-r3.d2.-f3.r3,47,47
994,-d3.f3.d0.-r3.f1.-d0.-r3.f2.d2.f3.r0.d0.-f0.r3.f1.d3.-f3.-r2.-d3.-f1.r0.f3.d0.d3.f2.r2.r2.f1.r1.-r2.-d3.r3.-d1.f2.-d2.-f2.-r2.d1.d2.-f2.d3.-r2.-d3.-r3.d3.r3.r2.f2.-r3,49,49
995,-f2.r2.-d1.-f2.-d3.f2.f3.-d3.f2.-r3.-f1.-d3.-f1.-f1.-d0.-d3.r0.r1.-f0.-r0.r3.-f0.d3.f1.-d0.-d0.f0.f3.-r0.-r0.f3.r3.-d3.f0.-d3.f3.-d3.-f0.-f0.r0.-d0.r3.-f3.d0.f3.-d0,46,46
995,f0.d3.-r3.-r3.-f3.r3.-d1.-f1.-f1.f2.-d1.f3.d0.r3.-f1.-r0.-r0.-d2.-f3.d2.f1.-r1.-f1.d1.r1.d1.d1.r2.d0.-r3.-r2.-d0.-r1.f2.-d0.r1.-f2.-d0.f2.-d0.-f2.-r1.f2.d0.-f2.-d0.r1.d3,48,48
995,f0.d3.-r3.-r3.-f3.r3.-d1.-f1.-f1.f2.-d1.f3.d0.r3.-f1.r0.-r2.-r3.f1.-r1.-d3.-f1.-r1.-f2.r1.-f2.-f2.r2.-f3.r0.r1.-d0.-r1.f2.-d0.r1.-f2.-d0.f2.-d0.-f2.-r1.f2.d0.-f2.-d0.r1.d3,48,48
996,-r3.f1.d3.-r2.-d0.-r1.d1.-r1.-d2.-f0.-r3.d3.r3.-f1.r2.d3.-f1.-r0.d1.-d3.-f0.d0.f2.-d0.r3.r1.f0.r2.-f1.-r2.f1.-r0.-d3.-f1.d3.f1.-d3.f1.d0.-f2.-d1.f2.d3.d3.-r1.-d1.r1.-d3.-d0,49,49
996,d0.-f0.-d1.r0.-f3.d3.-f1.-d2.-f3.-d0.f3.d3.r2.-d1.d0.f2.-d2.f1.-r3.-d0.f3.r2.r3.-f2.-r2.-f3.d0.d1.f2.-d3.-f2.-d3.d0.-d3.-d2.-r1.-f1.r1.d2.-d0.r1.d1.d3.r0.-f2.r1.f2.-r0.-d1,49,49
996,d0.-f0.-d1.r0.-f3.d3.-f1.-d2.-f3.-d0.f3.d3.r2.-d1.d0.f2.-d2.f1.-r3.-d0.f3.r2.r3.-f2.-r2.-f3.d0.d1.f2.-d3.-f2.-d3.d0.-d3.-d2.-r1.-f1.r1.d2.-d0.r1.d3.d1.r0.-f2.r1.f2.-r0.-d1,49,49
996,d0.-f0.-d1.r0.-f3.d3.-f1.-d2.-f3.-d0.f3.d3.r2.-d1.d0.f2.-d2.f1.-r3.-d0.f3.r3.r2.-f2.-r2.-f3.d0.d1.f2.-d3.-f2.-d3.d0.-d3.-d2.-r1.-f1.r1.d2.-d0.r1.d3.d1.r0.-f2.r1.f2.-r0.-d1,49,49
1001,d0.f0.d1.-r1.f0.r1.-f3.-d0.-d0.f3.-r3.-d0.f0.-d0.-r3.r1.r2.f3.r1.d3.-f2.d0.-f1.d1.-f3.-r1.f1.-d1.f2.-r2.-d0.-d1.r1.-f3.-r1.-r1.-r3.f3.-r1.-f3.-r1.r3.-f0.r1.f0.f3,46,46
1003,-f2.f3.-d1.-r3.-f3.r2.-d0.-d0.f2.-r3.-d3.-f0.-r3.r2.-f0.-f0.r3.-d2.f1.-r0.d1.r0.-d2.-r1.d1.r2.-d1.-d3.-r2.-d0.r2.f3.r2.d2.-f2.d1.-r2.-f1.f0.f2.r2.d2.f1.-d2.-f1.-r2.d2,47,47
1005,-r1.f1.-r0.-f1.-f2.-d3.r0.f3.-d3.d1.f1.-r0.d1.f0.-d0.d2.-r3.-f2.-r1.-d1.-r0.-r1.-f1.r0.-f3.-r0.r3.-f1.-r3.f3.-r2.f0.f3.d2.f2.r2.-f3.d2.f1.d0.-f3.-d1.-f1.d1.f3.-d2,46,46
1006,r3.-d3.-r2.r1.-d1.r3.f2.-d0.f3.d2.-f2.d1.-f2.-d1.-d2.-r0.-r3.-f1.-d3.-r0.-d0.-d0.-d1.f0.r1.-f0.r2.-f3.-d3.-r3.-d3.-r3.-d0.-r0.-r0.-f3.-f3.f0.-r0.r3.d0.-f3.-f3.d3.f0.d3.r3,47,47
1012,-f3.f0.-r2.d2.-r0.-d3.-f3.r0.f0.d2.f2.-d0.-r1.-d1.-r2.d0.r2.f0.-r1.-d2.-d2.-r1.-f2.-d2.f2.-r1.-r3.-d0.r3.d3.-r0.f0.d0.-f3.-r3.-d0.f0.d0.-r3.-d3.f3.-d0.f0.r3.f0.r0.f3,47,47
1013,-r0.f0.-d2.-r2.-f1.-r2.r0.f1.r3.-d1.-f3.-d2.-d3.-r0.-f1.-d3.-f0.-f3.f1.-d2.-f0.-f0.-r0.-d1.-f0.d1.-r0.-d0.-d2.f0.-r3.d1.-r3.-d2.r3.-d1.-d2.d0.r1.r2.-d2.-d2.-r1.-r2.-d0.-d2.r0.-d1,48,48
1014,-f0.-f1.f2.r3.-d2.-f2.-d1.-d2.-r0.-d2.-f1.d0.-f2.-r2.-d0.r2.r3.-f0.-d3.r3.-f0.r0.r1.f3.-r0.r2.d0.-r0.-f3.-r0.-d0.d3.r0.d0.r3.-d0.-f0.-r3.-d0.-d3.r3.f0.-r0.r3.-d3.-f0,46,46
1018,r3.-f1.d0.r1.f0.-d0.f2.-r0.r1.-d2.f1.f2.-r2.-f2.-r3.d3.-r0.d2.f3.r0.-f0.-d0.-r0.f0.-d2.d1.r3.-d0.d3.-r3.f3.r0.f0.-d0.-r3.-r3.-d3.-f3.-f3.d3.f0.-r3.-r3.-f3.-d0.-f3,46,46
1018,f3.d3.f3.-r0.f0.r3.d3.f2.r0.d0.f1.d1.r1.d3.f2.-d0.r1.-f2.-r0.-d2.f3.-d1.-f3.d1.-f2.-r0.f2.d3.-d1.-r1.d2.-d1.r3.-f2.-r3.d1.r1.d1.d0.f2.r2.-f2.r2.r2.r3.f2.r2.d2,48,48
1019,-r1.-f2.-d0.f3.-r1.f2.d3.r2.-d2.r2.-f1.r2.d1.-r0.-r2.r1.d3.f3.-d3.-r0.-r0.-f2.d1.-r2.-d1.f2.r0.d3.-r0.-r0.-r3.-d3.-f0.-f0.r3.-f0.r0.f3.-r3.d0.f0.d0.f0.r3.f3.d3.r0,47,47
1019,-d2.-d3.r3.d3.-r0.r2.-d1.d3.f0.d2.-f1.f0.-r3.f2.-f0.r1.-f1.d2.r2.-d2.f0.-r1.d0.d2.r2.-d2.-d0.-f1.f0.d0.-f0.-d0.r1.d2.-r1.-f1.d0.r2.-f1.-d0.f1.d0.f1.d2.-f1.-d2.-f1.-r2.r0,49,49
1020,-f3.-d1.-f1.-f2.d2.f1.-d0.r1.f1.-d0.-f3.-d3.f3.r0.f0.d0.f0.-d0.f0.r3.d3.f1.d0.-f0.-d0.f2.r3.d3.-r3.-d0.-d3.r1.-f2.d0.d3.-f1.-f3.r0.d2.-r3.-d2.-r0.r3.f1.f3.-r3,46,46
1020,-f3.-d1.-f2.-f1.d2.f1.-d0.r1.f1.-d0.-f3.-d3.f3.r0.f0.d0.f0.-d0.f0.r3.d3.f1.d0.-f0.-d0.f2.r3.d3.-r3.-d0.-d3.r1.-f2.d3.d0.-f3.-f1.r0.d2.-r3.-d2.-r0.r3.f3.f1.-r3,46,46
1024,-r3.-f0.f2.d2.-r3.-f0.f3.-r1.d3.r1.d2.f0.d2.-f0.-f0.f2.-d1.d2.-f0.-d2.-d2.f1.-d1.-r3.-d0.-d3.-f2.-r1.-d3.-f1.-d2.f1.-d2.r1.f3.-d2.-r1.-r1.d2.r1.-f3.r3.f3.-r1.-r1.-f3,46,46
1024,-r3.-f0.f2.d2.-r3.-f0.f3.-r1.d3.r1.d2.f0.d2.f2.-f0.-f0.d2.-d1.-f0.d2.d2.f1.-d1.-r3.-d0.-d3.-f2.-r1.-d3.-f1.-d2.f1.-d2.r1.f3.-d2.r1.r1.d2.r1.-f3.r3.f3.r1.r1.-f3,46,46
1025,-d2.-r2.-r3.d3.-r3.f0.-r3.-d3.f3.-d0.f0.-d0.-f0.-f2.-r3.f1.-r0.r3.-f3.-r3.-d1.r1.r3.-d3.d2.-f1.-f3.d1.f3.d1.-f2.d0.r2.f1.-d1.-r2.-f1.d1.f1.-d0.-f1.-d1.f1.f2.-d2.r2,46,46
1025,-d2.-r2.-r3.d3.-r3.f0.-r3.-d3.f3.-d0.f0.-d0.-f0.-f2.-r3.f1.r3.-r0.-f3.-r3.-d1.r3.r1.d2.-d3.-f1.-f3.d1.f3.d1.-f2.d0.r2.f1.-d1.-r2.-f1.d1.f1.-d0.-f1.-d1.f2.f1.-d2.r2,46,46
1026,-r0.-f0.r0.f2.-d0.d2.-f0.d3.r1.f1.-d0.-f3.-r3.f2.-d3.-f1.-f2.d1.d2.f1.-d1.-f1.d0.f2.r1.-d2.-f1.d2.-f0.-f2.-d1.-r2.-d1.r2.d0.-r0.-d1.r0.d1.-f3.d2.f3.d1.-f3.-d2.-d3,46,46
1026,d0.r1.f2.-r0.-d3.r3.-f3.d3.f1.d2.f0.r2.-d1.-r3.-r3.f1.-d3.-f0.d3.-f1.d1.d2.-f1.-d0.-f0.d0.f1.f1.r0.f0.-f1.r0.-d3.d0.-r3.-f3.-r1.-f0.r2.r1.d0.f3.f0.-d0.-r2.d0.r3.-d0.r2.d0,50,50
1029,-f2.-r1.d0.f3.d0.-f3.f0.f1.-d0.-f3.r1.-f0.d1.-f2.d0.r1.d3.-f3.r2.f3.-d0.r3.d3.-f0.-r1.-f0.-f0.-r0.r1.-d3.r2.d1.d3.-f2.-r1.-d3.f2.-d2.-f2.-d2.d3.f1.-r2.d2.-f1.d2.-r0,47,47
1029,-f2.-r1.d0.f3.d0.f1.f0.-f3.-d0.-f3.r1.-f0.d1.-f2.d0.r1.d3.-f3.r2.f3.-d0.r3.d3.-f0.-r1.f0.f0.-r0.r1.-d3.r2.d3.d1.-f2.-r1.-d3.f2.-d2.-f2.-d2.d3.f1.-r2.d2.-f1.d2.-r0,47,47
1030,d3.f0.r1.-d1.f1.-r0.-d2.-f0.-r3.f2.d3.r1.-f1.-r0.-f3.-r1.-d0.f1.f2.d0.-f0.-d3.r1.-d0.-f1.d3.-f0.-f2.-r3.f0.d1.f1.d1.-r2.r3.-f0.r1.d2.-r1.-d2.f0.-d1.-r3.-f1.r2.-d1,46,46
1030,d3.f0.r1.-d1.f1.-r0.-d2.-f0.-r3.f2.d3.r1.-f1.-r0.-f3.-r1.-d0.f1.f2.d0.-f0.-d3.r1.-d0.-f1.d3.-f2.-f0.-r3.f0.d1.f1.d1.-r2.r3.-d1.r1.d2.-r1.-d2.-f1.-r1.f1.-r3.-f1.r2.r1.-d1,48,48
1031,d2.f0.d3.-f0.f1.-r0.r1.d0.f1.r1.d1.-r0.-d1.-d3.-f2.r1.f2.-r3.-f0.-r3.-r3.d3.f0.-r3.-r3.f3.d2.-r1.-f2.-r2.-d2.-f3.-d1.r1.d1.-r2.f2.-r1.-r3.-f2.-r1.-f2.-d2.-f2.d2.-r3.r1.r2,48,48
1031,d2.f0.d3.-f0.f1.r1.-r0.d0.f1.r1.d1.-r0.-d3.-d1.-f2.r1.f2.-r3.-f0.-r3.-r3.d3.f0.r3.r3.f3.d2.-r1.-f2.-r2.-d2.-f3.-r2.-d1.r1.d1.f2.-r3.-r1.-f2.-r1.-f2.-d2.-f2.d2.-r3.r2.r1,48,48
1032,-f1.-r3.f2.-d0.-d3.-f1.-d0.-f1.-f1.-r0.f0.r3.d3.-f3.d0.f2.-d0.-f1.-r0.-f3.-r2.f1.d3.r2.d0.f2.-d0.r3.-d2.r0.r1.-f3.-r0.f1.f3.-r1.-f3.f0.r0.r1.-f2.-f3.-d1.f2.d1.f3.-r0,47,47
1032,-f1.-r3.f2.-d3.-d0.-f1.-d0.f1.f1.-r0.f0.r3.d3.-f3.d0.f2.-d0.-f1.-r0.-f3.-r2.f1.d3.r2.d0.f2.-d0.r3.-d2.r0.r1.-f3.-r0.f1.f3.-r1.f0.-f3.r0.r1.-f3.-f2.-d1.f2.d1.f3.-r0,47,47
1035,-f3.d0.r2.-d1.r0.-d2.-f2.d3.r2.-f2.f3.-d0.f0.-d1.f2.-d3.-f0.d0.d1.r0.-d0.f1.r2.d2.r3.-d2.-r3.d0.-r2.-d1.-r1.-d1.r0.-f2.-r0.-f1.r1.-d1.-d1.-f2.-d1.-r1.f2.r0.f2.r1.f1,47,47
1035,-f3.d0.r2.-d1.r0.-d2.-f2.d3.r2.f3.-f2.-d0.f0.-d1.f2.-d3.-f0.d0.d1.r0.-d0.f1.r2.d2.r3.-d2.-r3.d0.-r2.-d1.-r1.-d1.r0.-f2.-r0.-f1.r1.d1.d1.-f2.-d1.-r1.f2.r0.f2.r1.f1,47,47
1040,f1.-d3.-f0.-r3.-d0.-d1.-f0.d1.-r0.f2.r2.f2.r2.-f0.-f3.-f3.d1.-f0.-f1.-r1.f0.-d0.d2.-r0.-f3.-r0.-r0.f1.-d2.-f1.d0.-r0.f2.r0.-d0.-r0.d1.r1.f2.-r1.-f2.r1.d1.f1.d1.-r1,46,46
1040,f1.-d3.-f0.-r3.-d0.-d1.-f0.d1.-r0.f2.r2.f2.r2.-f3.-f3.-f0.d1.-f1.-f0.-r1.f0.d2.-d0.-r0.-f3.r0.r0.f1.-d2.-f1.d0.-r0.f2.r0.-d0.-r0.r1.f2.-r1.-f2.d1.r1.d1.f1.d1.-r1,48,46
1041,f2.-r0.-f0.-d1.r0.-d3.-r0.-d0.-d1.r3.-d0.-f0.-f0.-f1.-d1.d2.f1.-d2.d0.f0.d2.f3.-r1.-d0.-r2.-f3.d0.-f1.f2.-d1.r0.-d2.r3.f2.-r3.-f2.d2.-r0.d2.-r0.-r3.-f2.f1.r0.-d0.-d3,46,46
1041,f2.-r0.-f0.-d1.r0.-d3.-r0.-d1.-d0.r3.-d0.-f0.-f1.-f0.d2.-d1.f1.d0.-d2.f0.d2.f3.-r1.-d0.-r2.-f3.d0.-f1.f2.-d1.r0.-d2.r3.f2.-r3.-f2.d2.-r0.d2.-r0.-r3.f1.-f2.r0.-d3.-d0,46,46
1042,r2.d0.-f1.f2.d0.-f0.-r1.r0.r2.-f1.-r1.d1.r0.d1.r0.-f3.d0.d1.-r0.f0.r3.d3.r0.d0.r3.d2.-r0.-f3.-f3.r0.r3.-d3.-f3.r0.-f3.-r0.r3.-d3.-r0.f0.-r0.-f3.-d0.-f3.d3.-r3.d3,47,47
