initial_state_id,path,old_length,new_length
59,r1.-f1.r0.-f1.f2.-d2.f0.r0.-d1.d0.d3.-r3.r2.-d1.f2.-d1.-f2.-r2.-d3.-r2.-d1.r2.-f3.d3.f3.r1.-f2.-r1.-f3.r0.d3.-r0.-r3.f3.-d0.-f0.-d3.d0.-r3.-f0.d0.-r0.-f3.d0.f3.-r0.d3.f0,48,48
59,r1.-f1.r0.-f1.f2.-d2.f0.r0.-d1.d3.d0.-r3.r2.-d1.f2.-d1.-f2.-r2.-d3.-r2.-d1.r2.-f3.d3.f3.r1.-f2.-r1.-f3.r0.d3.-r3.-r0.f3.-d0.-f0.-d3.d0.-r3.-f0.d0.-r0.-f3.d0.f3.-r0.d3.f0,48,48
59,r1.-f1.r0.-f1.f2.-d2.f0.r0.d0.-d1.d3.r2.-r3.-d1.f2.-d1.-f2.-r2.-d3.-r2.-d1.r2.-f3.d3.f3.r1.-f2.-r1.-f3.r0.d3.-r0.-r3.f3.-d0.-f0.d0.-d3.-r3.-f0.d0.-r0.-f3.d0.f3.-r0.d3.f0,48,48
59,r1.-f1.r0.-f1.f2.-d2.f0.r0.d3.-d1.d0.-r3.r2.-d1.f2.-d1.-f2.-r2.-d3.-r2.-d1.r2.-f3.d3.f3.r1.-f2.-r1.-f3.r0.d3.-r3.-r0.f3.-d0.-f0.-d3.d0.-r3.-f0.d0.-r0.-f3.d0.f3.-r0.d3.f0,48,48
59,r1.-f1.r0.-f1.f2.-d2.f0.r0.d3.-d1.d0.r2.-r3.-d1.f2.-d1.-f2.-r2.-d3.-r2.-d1.r2.-f3.d3.f3.r1.-f2.-r1.-f3.r0.d3.-r0.-r3.f3.-d0.-f0.-d3.d0.-r3.-f0.d0.-r0.-f3.d0.f3.-r0.d3.f0,48,48
59,r1.-f1.r0.f2.-f1.-d2.f0.r0.d0.-d1.d3.r2.-r3.-d1.f2.-d1.-f2.-r2.-d3.-r2.-d1.r2.-f3.d3.f3.r1.-f2.-r1.-f3.r0.d3.-r3.-r0.f3.-d0.-f0.d0.-d3.-r3.-f0.d0.-r0.-f3.d0.f3.-r0.d3.f0,48,48
59,-f1.-d2.f3.-r0.-d0.-d0.d2.r2.-f0.-r1.-f1.-d2.-d2.-f0.-d2.-d3.-r3.f0.-d3.-f1.-r2.d3.-r1.r2.f2.r2.d0.-f1.-r0.-d0.r2.d0.r0.d1.d3.f1.r1.f1.d2.f1.-d2.d3.r1.-f2.-d1.f3.d1.f2.-d1.-f3,50,50
59,-f1.-d2.f3.-r0.d0.d0.d2.r2.-f0.-r1.-f1.d2.d2.-f0.-d2.-d3.-r3.f0.-d3.-f1.-r2.d3.-r1.r2.f2.r2.d0.-f1.-r0.-d0.r2.d0.r0.d1.d3.f1.r1.f1.d2.f1.-d2.d3.r1.-f2.-d1.f3.d1.f2.-d1.-f3,50,50
59,-f1.-d2.f3.-r0.d2.d0.d0.r2.-f0.-r1.-f1.d2.d2.-f0.-d3.-d2.-r3.f0.-d3.-f1.-r2.d3.r2.-r1.f2.r2.d0.-f1.-r0.-d0.r2.d0.r0.d3.d1.f1.r1.f1.d2.f1.-d2.d3.r1.-f2.-d1.f3.d1.f2.-d1.-f3,50,50
60,d0.r2.f2.d3.r2.-f0.-f2.-d3.r0.-d2.-f1.f2.-r2.-r2.d3.-r3.-d1.d3.r1.r2.f0.-r1.-f2.-r2.r0.d2.-r0.-d2.-r3.-d0.-r3.-d3.-f0.-f0.-d0.-r3.r0.-d0.f0.r0.f0.r3.-f3.f0.d0.-f0.-r3.d0.r0,49,49
60,d0.r2.f2.d3.r2.-f0.-f2.-d3.r0.-d2.-f1.f2.r2.r2.d3.-r3.-d1.d3.r1.r2.f0.-r1.-f2.-r2.r0.d2.-r0.-d2.-r3.-d0.-r3.-d3.f0.f0.-d0.-r3.r0.-d0.f0.r0.f0.r3.-f3.f0.d0.-f0.-r3.d0.r0,49,49
60,d0.r2.f2.d3.r2.-f0.-f2.-d3.r0.-d2.-f1.f2.r2.r2.d3.-r3.-d1.d3.r1.r2.f0.-r1.-f2.r0.-r2.d2.-r0.-d2.-r3.-d0.-r3.-d3.f0.f0.-d0.r0.-r3.-d0.f0.r0.f0.r3.f0.-f3.d0.-f0.-r3.d0.r0,49,49
60,d0.r2.f2.d3.r2.-f2.-f0.-d3.r0.-d2.-f1.f2.r2.r2.d3.-r3.-d1.d3.r2.r1.f0.-r1.-f2.-r2.r0.d2.-r0.-d2.-r3.-d0.-r3.-d3.f0.f0.-d0.-r3.r0.-d0.f0.r0.f0.r3.-f3.f0.d0.-f0.-r3.d0.r0,49,49
60,d0.r2.f2.d3.r2.-f2.-f0.-d3.r0.-d2.-f1.f2.r2.r2.d3.-r3.d3.-d1.r2.r1.f0.-r1.-f2.-r2.r0.d2.-r0.-d2.-r3.-d0.-r3.-d3.f0.f0.-d0.r0.-r3.-d0.f0.r0.f0.r3.f0.-f3.d0.-f0.-r3.d0.r0,49,49
60,d0.r2.f2.d3.r2.-f2.-f0.-d3.r0.-d2.f2.-f1.r2.r2.d3.-r3.d3.-d1.r2.r1.f0.-r1.-f2.r0.-r2.d2.-r0.-d2.-r3.-d0.-r3.-d3.f0.f0.-d0.r0.-r3.-d0.f0.r0.f0.r3.f0.-f3.d0.-f0.-r3.d0.r0,49,49
60,d0.r3.d1.-r0.-d1.r1.d2.-f1.-d1.-r0.-r2.-d1.f3.-d2.-r3.-r3.d1.f0.d0.d3.-f3.f0.-r3.r0.f3.d1.-f3.-r0.-r0.-r3.d3.f3.-d3.-r3.d0.-f2.-d0.f3.d0.f2.-d0.r0.-f3.-r0.-r0.-f0.r0.f1.-r0.f0.r0.-f0.-f1,53,53
60,d0.r3.d1.-r0.-d1.r1.d2.-f1.-d1.-r0.-r2.-d1.f3.-d2.r3.r3.d1.f0.d0.d3.f0.-f3.r0.-r3.f3.d1.-f3.r0.r0.-r3.d3.f3.-d3.-r3.d0.-f2.-d0.f3.d0.f2.-d0.r0.-f3.r0.r0.-f0.r0.f1.-r0.f0.r0.-f0.-f1,53,53
60,d0.r3.d1.-r0.-d1.r1.d2.-f1.-d1.-r2.-r0.-d1.f3.-d2.r3.r3.d1.f0.d0.d3.f0.-f3.r0.-r3.f3.d1.-f3.r0.-r3.r0.d3.f3.-d3.-r3.d0.-f2.-d0.f3.d0.f2.-d0.r0.-f3.-r0.-r0.-f0.r0.f1.-r0.f0.r0.-f1.-f0,53,53
63,-f3.-d0.-f3.-r1.f2.-r0.-f1.f0.r1.-d1.-f0.f3.-d2.-f0.d2.r1.-d2.d3.-r0.d3.-f0.-d3.r0.d0.d1.f2.r0.f0.-r3.d0.r0.-f3.d0.f0.r3.d0.r3.-d3.d0.f0.r3.f0.-r3.r0.-d3.-d3.-r0.-r0,48,48
63,-f3.-d0.-f3.-r1.f2.-r0.-f1.f0.r1.-d1.-f0.f3.-d2.-f0.d2.r1.-d2.d3.-r0.d3.-f0.-d3.r0.d0.d1.f2.r0.f0.-r3.d0.r0.-f3.d0.f0.r3.d0.r3.-d3.d0.f0.r3.f0.-r3.r0.-d3.-d3.r0.r0,48,48
63,-f3.-d0.-f3.-r1.f2.-r0.-f1.f0.r1.-d1.-f0.f3.-d2.-f0.d2.r1.-d2.d3.-r0.d3.-f0.-d3.r0.d0.d1.f2.r0.f0.-r3.d0.r0.-f3.d0.f0.r3.d0.r3.-d3.d0.f0.r3.f0.-r3.r0.d3.d3.r0.r0,48,48
63,-f3.-d0.-f3.-r1.f2.-r0.-f1.f0.r1.-d1.-f0.f3.-d2.-f0.d2.r1.-d2.d3.-r0.d3.-f0.-d3.r0.d1.d0.f2.r0.f0.-r3.d0.r0.-f3.d0.f0.r3.d0.r3.-d3.d0.f0.r3.f0.-r3.r0.d3.d3.r0.r0,48,48
63,-f3.-d0.-f3.-r1.f2.-r0.f0.-f1.r1.-d1.-f0.f3.-d2.-f0.d2.r1.-d2.d3.-r0.d3.-f0.-d3.r0.d0.d1.f2.r0.f0.-r3.d0.r0.-f3.d0.f0.r3.d0.r3.d0.-d3.f0.r3.f0.r0.-r3.d3.d3.r0.r0,48,48
63,-f3.-d0.-f3.-r1.f2.-r0.f0.-f1.r1.-d1.f3.-f0.-d2.-f0.d2.r1.d3.-d2.-r0.d3.-f0.-d3.r0.d0.d1.f2.r0.f0.-r3.d0.r0.-f3.d0.f0.r3.d0.r3.-d3.d0.f0.r3.f0.-r3.r0.-d3.-d3.r0.r0,48,48
63,-f3.-d0.-f3.-r1.f2.-r0.f0.-f1.r1.-d1.f3.-f0.-d2.-f0.d2.r1.d3.-d2.-r0.d3.-f0.-d3.r0.d1.d0.f2.r0.f0.-r3.d0.r0.-f3.d0.f0.r3.d0.r3.d0.-d3.f0.r3.f0.r0.-r3.d3.d3.r0.r0,48,48
63,-r3.r1.-r3.d2.f0.d2.-f2.-f0.-r3.d2.d2.-f2.-f3.d1.d2.-r0.r3.f1.r0.r0.f2.-d2.f2.-f3.-f3.-d1.r2.-r3.d3.-f1.f0.-d2.f1.r3.-f0.f1.-r1.d2.f3.d1.f1.-f3.d0.-d2.-f2.r3.-d3.r1.-f1.d0,50,50
63,r1.r3.r3.d2.f0.d2.-f0.-f2.-r3.d2.d2.-f2.-f3.d1.d2.-r0.r3.f1.r0.r0.f2.-d2.f2.f3.f3.-d1.r2.-r3.d3.f0.-f1.-d2.f1.r3.-f0.f1.-r1.d2.f3.d1.f1.-f3.d0.-d2.-f2.r3.-d3.r1.-f1.d0,50,50
67,d1.d3.r2.-f3.f1.-d0.-r1.r0.f1.d2.d3.-r2.-f3.r0.f1.-r0.f0.-r1.-f0.d2.d3.f3.-d3.-r3.-d1.-d2.r0.-d0.-f0.-d2.d0.-f2.f1.-d3.r3.-d2.-r3.d2.d3.-f1.-d2.r1.d2.-r1.f0.f2.r1.-f0,48,48
67,d1.d3.r2.-f3.f1.-d0.r0.-r1.f1.d3.d2.-r2.-f3.r0.f1.-r0.f0.-r1.-f0.d3.d2.f3.-d3.-r3.-d1.-d2.r0.-d0.-f0.-d2.d0.-f2.f1.-d3.r3.-d2.-r3.d3.d2.-f1.-d2.r1.d2.-r1.f2.f0.r1.-f0,48,48
67,d1.d3.r2.f1.-f3.-d0.r0.-r1.f1.d2.d3.-r2.-f3.r0.f1.-r0.f0.-r1.-f0.d2.d3.f3.-d3.-r3.-d1.-d2.r0.-d0.-f0.d0.-d2.f1.-f2.-d3.r3.-d2.-r3.d2.d3.-f1.-d2.r1.d2.-r1.f0.f2.r1.-f0,48,48
67,d2.r0.-d3.-r0.-f3.d0.r0.r0.-r3.-f2.-r2.-d2.f3.r3.f3.-f2.r1.-f0.-r3.d2.r3.d1.r1.d3.-r0.-f2.-r2.-f1.-r3.-d3.-r1.f0.d3.f1.-d1.-r1.r2.d1.-r2.d1.r1.-f1.r3.f1.-r3.-f2.-d1.f2,48,48
67,d3.d1.r2.f1.-f3.-d0.r0.-r1.f1.d3.d2.-r2.-f3.r0.f1.-r0.f0.-r1.-f0.d3.d2.f3.-d3.-r3.-d2.-d1.r0.-d0.-f0.d0.-d2.f1.-f2.-d3.r3.-d2.-r3.d3.d2.-f1.-d2.r1.d2.-r1.f2.f0.r1.-f0,48,48
71,f0.d3.r3.-d0.-f2.d3.f3.r1.f1.-d3.r0.r3.f1.d3.-r1.d3.r0.r1.d0.r2.d0.-f0.-d0.-f3.d3.f0.-r1.-f0.d0.r3.f0.-d1.f1.d1.-f0.-r3.f0.-r2.f3.r2.-f3.-r0.d1.-r1.-d1.-r3.-d0.-r1,48,48
71,f0.d3.r3.-d0.-f2.d3.f3.r1.f1.-d3.r3.r0.f1.d3.-r1.d3.r1.r0.d0.r2.d0.-f0.-d0.-f3.d3.f0.-r1.-f0.d0.r3.f0.-d1.f1.d1.-f0.-r3.f0.-r2.f3.r2.-f3.-r0.d1.-r1.-d1.-r3.-d0.-r1,48,48
71,f0.d3.r3.-d0.-f2.d3.f3.r1.f1.-d3.r0.r3.f1.d3.-r1.d3.-r2.-r3.-f3.r2.-f3.-d0.f3.-d3.-f0.d0.-r1.-d0.-f3.r3.d0.f2.d1.-f2.-d0.-r3.d0.-r2.d3.r2.-d3.-r0.r2.-f2.-r1.f2.r0.r1.-d0.-r1,50,50
71,f0.d3.r3.-d0.-f2.d3.f3.r1.f1.-d3.r0.r3.f1.d3.-r1.d3.-r3.-r2.-f3.r2.-f3.-d0.f3.-d3.-f0.d0.-r1.-d0.-f3.r3.d0.f2.d1.-f2.-d0.-r3.d0.-r2.d3.r2.-d3.r2.-r0.-f2.-r1.f2.r1.r0.-d0.-r1,50,50
71,r1.-d0.f2.-r0.-d2.f2.-r0.d1.f2.-r0.d1.-r2.d0.r2.r3.d0.-r1.d0.r0.-d0.r1.f0.r2.r2.-f0.d0.r1.f0.d3.r3.-d3.-f0.-r1.d3.-r0.d3.f3.-d3.-f3.r0.-f3.-d3.f0.f3.r0.r2.d3.f3.-d3.-f3.-r0.-r2,52,52
71,r1.-d0.f2.-r0.-d2.f2.-r0.d1.f2.-r0.d1.-r2.d0.r3.r2.d0.-r1.d0.r0.-d0.r1.f0.-r2.-r2.-f0.d0.r1.f0.d3.r3.-d3.-f0.-r1.d3.-r0.d3.f3.-d3.-f3.r0.-f3.-d3.f0.f3.r2.r0.d3.f3.-d3.-f3.-r2.-r0,52,52
75,-d3.-f3.r2.-f1.d0.-r0.d0.f3.d1.-r0.-d0.-d3.f3.-r0.-f1.-d3.-r2.-d0.-d0.-d2.f3.-d1.d3.-r3.-r3.d1.r3.-f3.-d0.-d0.-f0.f2.r2.-f1.f2.d3.r1.-d3.-r1.-d3.-r1.-r1.f2.r1.-f2.r1.-f2.f1,48,48
75,-d3.-f3.r2.-f1.d0.-r0.d0.f3.d1.-r0.-d0.-d3.f3.-r0.-f1.-d3.-r2.-d2.d0.d0.f3.-d1.d3.r3.r3.d1.r3.-f3.-d0.-d0.f2.-f0.r2.-f1.f2.d3.r1.-d3.-r1.-d3.r1.r1.f2.r1.-f2.r1.-f2.f1,48,48
75,-d3.-f3.r2.-f1.d0.-r0.d0.f3.d1.-r0.-d0.-d3.f3.-r0.-f1.-d3.-r2.d0.d0.-d2.f3.-d1.d3.r3.r3.d1.r3.-f3.d0.d0.-f0.f2.r2.-f1.f2.d3.r1.-d3.-r1.-d3.r1.r1.f2.r1.-f2.r1.-f2.f1,48,48
75,-d3.-f3.r2.-f1.d0.-r0.d0.f3.d1.-r0.-d0.-d3.f3.-r0.-f1.-d3.-r2.d0.d0.-d2.f3.-d1.d3.r3.r3.d1.r3.-f3.d0.d0.-f0.f2.r2.-f1.f2.d3.r1.-d3.-r1.-d3.r1.r1.f2.r1.-f2.r1.f1.-f2,48,48
75,-d3.-f3.r2.-f1.d0.-r0.d0.f3.d1.-r0.-d3.-d0.f3.-r0.-f1.-d3.-r2.-d2.d0.d0.f3.-d1.d3.r3.r3.d1.r3.-f3.d0.d0.-f0.f2.r2.-f1.f2.d3.r1.-d3.-r1.-d3.r1.r1.f2.r1.-f2.r1.-f2.f1,48,48
75,-d3.-f3.r2.-f1.d0.-r0.d0.f3.d1.-r0.-d3.-d0.f3.-r0.-f1.-d3.-r2.d0.d0.-d2.f3.d3.-d1.r3.r3.d1.r3.-f3.d0.d0.f2.-f0.r2.f2.-f1.d3.r1.-d3.-r1.-d3.r1.r1.f2.r1.-f2.r1.-f2.f1,48,48
75,r1.-f0.d2.-r0.-r2.r3.f0.-r3.-d0.d1.-f0.-d2.r1.-d0.d1.r2.d3.-r1.-r3.-f3.-r2.d0.f0.-d0.r1.d0.-r2.-d3.r0.d0.r2.f3.f3.r2.f3.-r2.f3.-d0.-r3.d0.-r2.-d0.-r0.f3.-d0.d3.r1.d0.-r1.-d3.-f3.r3,52,52
75,r1.-f0.d2.-r2.-r0.r3.f0.-r3.d1.-d0.-f0.-d2.r1.-d0.d1.r2.d3.-r3.-r1.-f3.-r2.d0.f0.-d0.r1.d0.-r2.-d3.r0.d0.r2.f3.f3.r2.f3.-r2.f3.-d0.-r3.d0.-r2.-d0.-r0.f3.-d0.d3.r1.d0.-r1.-d3.-f3.r3,52,52
95,r0.d0.r3.f3.-r2.-d0.r1.-f0.-f2.d0.r3.f2.r3.d0.r1.-f3.d2.-f0.-d2.f0.-r2.f3.r3.-f0.r0.-f1.r1.d3.r1.d1.f2.d0.r1.-f3.d1.-f1.f2.-d1.f3.r1.f1.-d1.-f1.d1.-r1.-d1.-r1.-d0,48,48
95,r0.d0.r3.f3.-r2.-d0.r1.-f2.-f0.d0.r3.f2.r3.d0.r1.-f3.d2.-f0.-d2.f0.-r2.f3.r3.-f0.r0.-f1.r1.d3.r1.d1.f2.d0.r1.-f3.d1.-f1.f2.-d1.f3.r1.f1.-d1.-f1.d1.-r1.-d1.-r1.-d0,48,48
95,r0.d0.r3.f3.-r2.-d0.r1.-f2.-f0.d0.r3.f2.r3.d0.r1.-f3.d2.-f0.-d2.f0.-r2.f3.r3.-f0.r0.-f1.r1.d3.r1.d1.f2.d0.r1.-f3.d1.f2.-f1.-d1.f3.r1.f1.-d1.-f1.d1.-r1.-d1.-r1.-d0,48,48
95,-r1.d1.f0.-r0.d1.-f1.r3.-d0.-f3.-r1.f1.f2.-r3.-f0.r3.-f1.d1.f2.-d2.d3.r2.d0.d2.-d3.f2.-d0.-d1.r2.-d0.d3.r3.d2.f1.f2.r3.r3.-f1.r3.f1.-f2.-d3.-r2.-d2.-f3.-r2.d2.-f2.r2.r2.f2.-d2.r2,52,52
95,-r1.d1.f0.-r0.d1.-f1.r3.-d0.-f3.-r1.f2.f1.-r3.-f0.r3.-f1.d1.f2.d3.-d2.r2.d2.-d3.d0.f2.-d0.-d1.r2.d3.-d0.r3.d2.f2.f1.-r3.-r3.-f1.r3.-f2.f1.-d3.-r2.-d2.-f3.-r2.d2.-f2.r2.r2.f2.-d2.r2,52,52
102,-r0.-d3.-r3.-d0.-f3.r2.-f3.d0.-r0.r1.-d1.-d2.-f3.f1.d2.-r2.f3.r2.-d0.-r2.-r3.r0.f3.r3.-d0.f0.r1.-d0.-f1.d0.f1.-d2.-r1.-f2.-f3.-d2.f3.-r1.-f2.-r1.d2.-r1.d1.f0.-d2.-f2.d2.-f0.-d1,49,49
102,-r0.-d3.-r3.-d0.-f3.r2.-f3.d0.-r0.r1.-d1.-d2.f1.-f3.d2.-r2.f3.r2.-d0.r0.-r2.-r3.f3.r3.-d0.f0.r1.-d0.-f1.d0.f1.-d2.-r1.-f2.-f3.-d2.f3.-r1.-f2.-r1.d2.-r1.d1.f0.-d2.-f2.d2.-f0.-d1,49,49
102,-r0.-d3.-r3.-d0.-f3.r2.-f3.d0.-r0.r1.-d2.-d1.-f3.f1.d2.-r2.f3.r2.-d0.-r3.-r2.r0.f3.r3.-d0.f0.r1.-d0.-f1.d0.f1.-d2.-r1.-f3.-f2.-d2.f3.-r1.-f2.-r1.d2.-r1.d1.f0.-d2.-f2.d2.-f0.-d1,49,49
102,-r0.-d3.-r3.-d0.-f3.r2.-f3.d0.r1.-r0.-d1.-d2.f1.-f3.d2.-r2.f3.r2.-d0.-r3.r0.-r2.f3.r3.-d0.f0.r1.-d0.-f1.d0.f1.-d2.-r1.-f3.-f2.-d2.f3.-r1.-f2.-r1.d2.-r1.d1.f0.-d2.-f2.d2.-f0.-d1,49,49
102,-r0.-d3.-r3.-d0.-f3.r2.-f3.d0.r1.-r0.-d2.-d1.f1.-f3.d2.-r2.f3.r2.-d0.-r3.-r2.r0.f3.r3.-d0.f0.r1.-d0.-f1.d0.f1.-d2.-r1.-f3.-f2.-d2.f3.-r1.-f2.-r1.d2.-r1.d1.f0.-d2.-f2.d2.-f0.-d1,49,49
102,f1.-r0.r2.-d3.f3.-d3.f1.r3.f3.d3.-f2.r1.-d3.d0.-f3.-r1.-r3.-r2.-d2.f3.-d0.f3.-d3.-f3.d1.d2.-f0.-d1.f0.f3.f3.-d0.f3.d0.-f3.d0.-f3.d0.f0.f3.r3.-f0.-d0.r3.-d0.f1.d0.-f1.d3.f1.-d3.-r3.d3,53,53
102,f1.-r0.r2.-d3.f3.-d3.f1.r3.f3.d3.-f2.r1.d0.-d3.-f3.-r1.-r2.-r3.-d2.f3.-d0.f3.-d3.-f3.d1.d2.-f0.-d1.f0.f3.f3.-d0.f3.d0.-f3.d0.-f3.d0.f0.f3.r3.-f0.-d0.r3.-d0.f1.d0.-f1.d3.f1.-d3.-r3.d3,53,53
109,d0.r0.r3.f3.-r2.r1.f2.f3.r3.-f3.-f3.r3.-d1.d2.f0.-d2.f0.d0.d1.f0.-r3.r2.-f0.-r2.f3.d2.-f2.-f3.-r2.-r2.f2.r2.-f3.-d2.f0.f3.r0.f2.d2.-f2.-r1.-r3.f2.r2.-f2.-r2.-r2.f1,48,48
109,d0.r0.r3.f3.-r2.r1.f2.f3.r3.-f3.-f3.r3.-d1.d2.f0.-d2.f0.d0.d1.f0.-r3.r2.-f0.-r2.f3.d2.-f2.-f3.-r2.-r2.f2.r2.-f3.-d2.f0.f3.r0.f2.d2.-f2.-r1.-r3.f2.r2.-f2.r2.r2.f1,48,48
109,d0.r0.r3.f3.-r2.r1.f2.f3.r3.f3.f3.r3.-d1.d2.f0.-d2.f0.d0.d1.f0.-r3.r2.-f0.-r2.f3.d2.-f2.-f3.r2.r2.f2.r2.-f3.-d2.f0.f3.r0.f2.d2.-f2.-r1.-r3.f2.r2.-f2.r2.r2.f1,48,48
109,d0.r0.r3.f3.r1.-r2.f2.f3.r3.f3.f3.r3.-d1.d2.f0.-d2.f0.d0.d1.f0.r2.-r3.-f0.-r2.f3.d2.-f2.-f3.r2.r2.f2.r2.-f3.-d2.f0.f3.r0.f2.d2.-f2.-r1.-r3.f2.r2.-f2.r2.r2.f1,48,48
109,d0.r3.r0.f3.-r2.r1.f2.f3.r3.-f3.-f3.r3.-d1.d2.f0.-d2.f0.d0.d1.f0.r2.-r3.-f0.-r2.f3.d2.-f2.-f3.-r2.-r2.f2.r2.-f3.-d2.f0.f3.r0.f2.d2.-f2.-r3.-r1.f2.r2.-f2.r2.r2.f1,48,48
109,d0.r3.r0.f3.-r2.r1.f3.f2.r3.f3.f3.r3.-d1.d2.f0.-d2.f0.d1.d0.f0.-r3.r2.-f0.-r2.f3.d2.-f3.-f2.r2.r2.f2.r2.-f3.-d2.f3.f0.r0.f2.d2.-f2.-r3.-r1.f2.r2.-f2.r2.r2.f1,48,48
109,d0.r3.r0.f3.r1.-r2.f3.f2.r3.f3.f3.r3.d2.-d1.f0.-d2.f0.d1.d0.f0.r2.-r3.-f0.-r2.f3.d2.-f3.-f2.r2.r2.f2.r2.-f3.-d2.f3.f0.r0.f2.d2.-f2.-r3.-r1.f2.r2.-f2.-r2.-r2.f1,48,48
115,-d0.r3.f0.f2.d0.f3.r3.-d0.-r1.-f0.f1.r2.f2.-r0.-r1.-f1.d2.r0.f2.r1.d1.-f2.d0.f0.f2.-r2.-f2.-d0.r3.-f0.-f2.-r2.-d2.-r0.d2.f0.r2.f0.-d2.-f0.-r1.-f2.-r2.-d2.r2.f2.d2.r1,48,48
115,-d0.r3.f0.f2.d0.f3.r3.-d0.-r1.f1.-f0.r2.f2.-r1.-r0.-f1.d2.r0.f2.r1.d1.-f2.d0.f2.f0.-r2.-f2.-d0.r3.-f0.-f2.-r2.-d2.-r0.d2.f0.r2.f0.-d2.-f0.-r1.-f2.-r2.-d2.r2.f2.d2.r1,48,48
115,-d0.r3.f2.f0.d0.f3.r3.-d0.-r1.-f0.f1.r2.f2.-r1.-r0.-f1.d2.r0.f2.r1.d1.-f2.d0.f2.f0.-r2.-f2.-d0.r3.-f2.-f0.-r2.-d2.-r0.d2.f0.r2.f0.-d2.-f0.-r1.-f2.-r2.-d2.r2.f2.d2.r1,48,48
115,-d0.r3.f2.f0.d0.f3.r3.-d0.-r1.f1.-f0.r2.f2.-r1.-r0.-f1.d2.r0.f2.r1.d1.-f2.d0.f2.f0.-r2.-f2.-d0.r3.-f2.-f0.-r2.-d2.-r0.d2.f0.r2.f0.-d2.-f0.-r1.-f2.-r2.-d2.r2.f2.d2.r1,48,48
115,f0.d0.-d3.f3.-r2.-d3.r3.f1.d2.-f0.-f3.-r3.d0.-r3.-d3.r3.f3.r2.f0.f0.-f3.-r1.d3.f0.r1.r3.d0.-r1.-d0.-r0.r3.-f0.d0.d3.r0.-r3.f0.-r3.-f0.r3.-f3.d1.-d3.-r1.-d0.-d2.r3.d0.-r3.d2.r1.-d1,52,52
117,-d0.-r1.f2.r0.-r3.-d1.d2.-f2.-d1.-d3.-f3.-r0.-d3.f3.-d3.-r2.d0.d3.-f1.f0.-f2.d3.f3.-d2.-d1.-r0.f1.-d1.f3.f3.-r0.-f3.-f0.-d3.f0.-f3.r0.-d2.-f1.-r1.f1.-r0.d1.f1.r1.-f1.-d0.d2,48,48
117,-d0.-r1.f2.r0.-r3.-d1.d2.-f2.-d1.-d3.-f3.-r0.-d3.f3.-d3.-r2.d0.d3.-f1.f0.-f2.d3.f3.-d2.-d1.-r0.f1.-d1.f3.f3.-r0.-f3.-f0.-d3.f0.-f3.r0.-d2.-f1.-r1.f1.-r0.d1.f1.r1.-f1.d2.-d0,48,48
117,-f3.-r0.-f3.-r1.r2.-f0.r0.-d0.-d2.-f0.r0.-d1.-d1.-d3.r3.f0.f3.-d3.-f0.d3.-f1.-d1.-f0.r0.f0.r2.d1.-r2.-f0.-d2.d3.-r2.-f2.-d0.f2.r2.f2.-d1.-d2.-f2.r1.f1.-r1.-f1.-d3.d2.-r2.-f2,48,48
117,-f3.-r0.-f3.-r1.r2.-f0.r0.-d0.-d2.-f0.r0.d1.d1.-d3.r3.f0.f3.-d3.-f0.d3.-f1.-d1.-f0.r0.f0.r2.d1.-r2.-f0.-d2.d3.-r2.-f2.-d0.f2.r2.f2.-d1.-d2.-f2.r1.f1.-r1.-f1.-d3.d2.-r2.-f2,48,48
117,-f3.-r0.-f3.-r1.r2.-f0.r0.-d0.-d2.-f0.r0.d1.d1.-d3.r3.f0.f3.-d3.-f0.d3.-f1.-d1.-f0.r0.f0.r2.d1.-r2.-f0.-d2.d3.-r2.-f2.-d0.f2.r2.f2.-d1.-d2.-f2.r1.f1.-r1.-f1.d2.-d3.-r2.-f2,48,48
117,-f3.-r0.-f3.r2.-r1.-f0.r0.-d2.-d0.-f0.r0.-d3.-d1.-d1.r3.f0.f3.-d3.-f0.d3.-f1.-d1.-f0.r0.f0.r2.d1.-r2.-f0.d3.-d2.-r2.-f2.-d0.f2.r2.f2.-d1.-d2.-f2.r1.f1.-r1.-f1.-d3.d2.-r2.-f2,48,48
117,-f3.-r0.-f3.r2.-r1.-f0.r0.-d2.-d0.-f0.r0.d1.d1.-d3.r3.f3.f0.-d3.-f0.d3.-f1.-d1.-f0.r0.f0.r2.d1.-r2.-f0.d3.-d2.-r2.-f2.-d0.f2.r2.f2.-d2.-d1.-f2.r1.f1.-r1.-f1.d2.-d3.-r2.-f2,48,48
117,d0.r0.r2.f1.-r3.-d3.d2.r1.-d2.d0.-r0.d0.-r1.-f0.-f0.r3.r3.d1.-r3.r0.f1.-r0.-r3.f0.d0.r3.d0.-r3.d0.d0.-f0.d3.-f0.r0.-d2.-d0.-r3.-d0.r3.d0.d0.d2.-r2.-d3.-d3.r2.-d0.f0.-r2.d3.d3.r2,52,52
117,d0.r0.r2.f1.-r3.d2.-d3.r1.d0.-d2.-r0.d0.-r1.f0.f0.r3.r3.d1.r0.-r3.f1.-r0.-r3.f0.d0.r3.d0.-r3.d0.d0.-f0.d3.-f0.r0.-d0.-d2.-r3.-d0.r3.d0.d0.d2.-r2.d3.d3.r2.-d0.f0.-r2.d3.d3.r2,52,52
123,-r0.-d0.-d3.d2.f3.d0.-r0.f1.d2.r3.d3.-f3.f0.-r0.-f0.-d3.-r3.r0.f0.-d1.-r3.-d0.-f3.d2.f3.r1.-d0.-r1.-f2.d1.f2.d0.-f1.r1.-d1.-d3.f2.d3.-f1.-r1.f1.-d1.d3.-f1.d1.f1.-d3.f1,48,48
123,-r0.-d0.d2.-d3.f3.d0.-r0.f1.d2.r3.d3.f0.-f3.-r0.-f0.-d3.r0.-r3.f0.-d1.-r3.-d0.-f3.d2.f3.r1.-d0.-r1.-f2.d1.f2.d0.-f1.r1.-d1.-d3.f2.d3.-f1.-r1.f1.-d1.d3.-f1.d1.f1.-d3.f1,48,48
123,-r0.-d3.-d0.d2.f3.d0.-r0.f1.d2.r3.d3.-f3.f0.-r0.-f0.-d3.-r3.r0.f0.-d1.-r3.-d0.-f3.d2.f3.r1.-d0.-r1.-f2.d1.f2.d0.-f1.r1.-d1.-d3.f2.d3.-f1.-r1.f1.-d1.d3.-f1.d1.f1.-d3.f1,48,48
123,-r0.-d3.-d0.d2.f3.d0.-r0.f1.d2.r3.d3.-f3.f0.-r0.-f0.-d3.-r3.r0.f0.-d1.-r3.-d0.-f3.d2.f3.r1.-d0.-r1.-f2.d1.f2.d0.-f1.r1.-d3.-d1.f2.d3.-f1.-r1.f1.-d1.d3.-f1.d1.f1.-d3.f1,48,48
123,-r0.-d3.-d0.d2.f3.d0.-r0.f1.d2.r3.d3.f0.-f3.-r0.-f0.-d3.r0.-r3.f0.-d1.-r3.-d0.-f3.d2.f3.r1.-d0.-r1.-f2.d1.f2.d0.-f1.r1.-d3.-d1.f2.d3.-f1.-r1.f1.d3.-d1.-f1.d1.f1.-d3.f1,48,48
123,-r0.-d3.d2.-d0.f3.d0.-r0.f1.d2.r3.d3.-f3.f0.-r0.-f0.-d3.-r3.r0.f0.-d1.-r3.-d0.-f3.d2.f3.r1.-d0.-r1.-f2.d1.f2.d0.-f1.r1.-d1.-d3.f2.d3.-f1.-r1.f1.d3.-d1.-f1.d1.f1.-d3.f1,48,48
123,-r0.-d3.d2.-d0.f3.d0.-r0.f1.d2.r3.d3.-f3.f0.-r0.-f0.-d3.-r3.r0.f0.-d1.-r3.-d0.-f3.d2.f3.r1.-d0.-r1.-f2.d1.f2.d0.-f1.r1.-d3.-d1.f2.d3.-f1.-r1.f1.-d1.d3.-f1.d1.f1.-d3.f1,48,48
127,f3.d3.-f2.f3.r3.-d1.-f3.-r3.d1.f0.d1.-f2.-f3.d0.f1.-r0.r1.-f0.-f0.f2.d3.f0.f3.d0.d3.-r0.d2.-r0.-r3.-f0.-f1.-f1.r0.-d2.r3.d2.-r0.-r3.-f0.-f1.-f1.-r0.-d1.r0.d1.f0.-d1.d3,48,48
127,f3.d3.-f2.f3.r3.-d1.-f3.-r3.d1.f0.d1.-f2.-f3.d0.f1.-r0.r1.f0.f0.f2.d3.f0.f3.d0.d3.-r0.d2.-r0.-r3.-f0.f1.f1.r0.-d2.r3.d2.-r0.-r3.-f0.f1.f1.-r0.-d1.r0.d1.f0.-d1.d3,48,48
127,f3.d3.-f2.f3.r3.-d1.-f3.-r3.d1.f0.d1.-f3.-f2.d0.f1.-r0.r1.f0.f0.f2.d3.f3.f0.d3.d0.-r0.d2.-r3.-r0.-f0.f1.f1.r0.-d2.r3.d2.-r3.-r0.-f0.f1.f1.-r0.-d1.r0.d1.f0.-d1.d3,48,48
127,f3.d3.f3.-f2.r3.-d1.-f3.-r3.d1.f0.d1.-f2.-f3.d0.f1.r1.-r0.f2.-f0.-f0.d3.f3.f0.d3.d0.-r0.d2.-r0.-r3.-f1.-f1.-f0.r0.-d2.r3.d2.-r0.-r3.-f1.-f0.-f1.-r0.-d1.r0.d1.f0.d3.-d1,48,48
127,f3.d3.f3.-f2.r3.-d1.-f3.-r3.d1.f0.d1.-f3.-f2.d0.f1.r1.-r0.f0.f0.f2.d3.f3.f0.d3.d0.-r0.d2.-r3.-r0.-f1.-f0.-f1.r0.-d2.r3.d2.-r3.-r0.-f1.-f0.-f1.-r0.-d1.r0.d1.f0.-d1.d3,48,48
134,f0.r1.-f2.-f2.r3.-f1.-d2.-r0.-d2.r1.d0.r3.-d3.d1.-r0.d3.-r0.-f0.-r0.d3.-r0.-f0.r0.f0.r0.d3.-r0.-r0.d3.-f0.-d0.-r3.d0.-f3.-f3.d2.f3.d0.-f3.-d2.-d2.-f3.-f3.-r3.-r3.d1.-r3.-d1.f2,49,49
134,f0.r1.-f2.-f2.r3.-f1.-d2.-r0.-d2.r1.d0.r3.d1.-d3.-r0.d3.-r0.-f0.-r0.d3.-r0.-f0.r0.f0.r0.d3.r0.r0.d3.-f0.-d0.-r3.d0.-f3.-f3.d2.f3.d0.-f3.-d2.-d2.f3.f3.r3.r3.d1.-r3.-d1.f2,49,49
134,f0.r1.f2.f2.r3.-f1.-d2.-r0.-d2.r1.d0.r3.-d3.d1.-r0.d3.-r0.-f0.-r0.d3.-r0.-f0.r0.f0.r0.d3.r0.r0.d3.-f0.-d0.-r3.d0.f3.f3.d2.f3.d0.-f3.d2.d2.f3.f3.r3.r3.d1.-r3.-d1.f2,49,49
134,f0.r1.f2.f2.r3.-f1.-d2.-r0.-d2.r1.d0.r3.d1.-d3.-r0.d3.-r0.-f0.-r0.d3.-r0.-f0.r0.f0.r0.d3.r0.r0.d3.-f0.-d0.-r3.d0.f3.f3.d2.f3.d0.-f3.d2.d2.f3.f3.r3.r3.d1.-r3.-d1.f2,49,49
145,-f1.-r1.-r2.-d2.d0.-r3.f0.d3.-f3.-r2.d3.-f2.-r2.f0.-d3.f0.r0.-f0.d3.f3.r3.d3.f1.d0.-f1.f0.-d1.-f0.f1.-d0.-r3.r2.d2.r0.-d2.-r2.d1.r1.-d1.f1.d2.-f1.-r0.-r1.-f1.-d2.f1.d2,48,48
145,-f1.-r1.-r2.d0.-d2.-r3.f0.d3.-f3.-r2.d3.-f2.-r2.f0.-d3.f0.r0.-f0.d3.f3.r3.d3.f1.d0.f0.-f1.-d1.-f0.f1.-d0.r2.-r3.d2.r0.-d2.-r2.d1.r1.-d1.f1.d2.-f1.-r0.-r1.-f1.-d2.f1.d2,48,48
145,-f1.-r1.-r2.d0.-d2.-r3.f0.d3.-f3.-r2.d3.-f2.-r2.f0.-d3.f0.r0.-f0.d3.f3.r3.d3.f1.d0.f0.-f1.-d1.-f0.f1.-d0.r2.-r3.d2.r0.-d2.-r2.d1.r1.f1.d2.-f1.-d1.-r0.-r1.-f1.-d2.f1.d2,48,48
145,-f1.-r2.-r1.-d2.d0.-r3.f0.d3.-f3.-r2.d3.-f2.-r2.f0.-d3.f0.r0.-f0.d3.f3.r3.d3.f1.d0.-f1.f0.-d1.-f0.f1.-d0.-r3.r2.d2.r0.-d2.-r2.d1.r1.f1.d2.-f1.-d1.-r1.-r0.-f1.-d2.f1.d2,48,48
145,-f1.-r2.-r1.d0.-d2.-r3.f0.d3.-f3.-r2.d3.-f2.-r2.f0.-d3.f0.r0.-f0.d3.f3.r3.d3.f1.d0.-f1.f0.-d1.f1.-f0.-d0.-r3.r2.d2.r0.-d2.-r2.d1.r1.f1.d2.-f1.-d1.-r1.-r0.-f1.-d2.f1.d2,48,48
145,-f1.-r2.-r1.d0.-d2.-r3.f0.d3.-f3.-r2.d3.-f2.-r2.f0.-d3.f0.r0.-f0.d3.f3.r3.d3.f1.d0.f0.-f1.-d1.f1.-f0.-d0.r2.-r3.d2.r0.-d2.-r2.d1.r1.-d1.f1.d2.-f1.-r1.-r0.-f1.-d2.f1.d2,48,48
145,d0.-r1.-f0.f1.d1.-r3.d0.f1.-d2.-d2.-r2.-f2.f0.-d1.r0.d2.-r0.d1.r2.f1.d3.f0.-r2.-f0.-f3.-r1.-d0.r1.f3.d3.f0.f2.-d0.r2.d1.d0.-r2.-f2.r2.-d1.f1.f2.-r3.-f2.r3.d1.-r3.f2.-d1.-f1,50,50
145,d0.-r1.-f0.f1.d1.-r3.d0.f1.d2.d2.-r2.f0.-f2.-d1.r0.d2.-r0.d1.r2.f1.d3.f0.-r2.-f0.-f3.-r1.-d0.r1.f3.d3.f0.f2.-d0.r2.d0.d1.-r2.-f2.r2.-d1.f1.f2.-r3.-f2.r3.d1.-r3.f2.-d1.-f1,50,50
149,r3.f3.d3.f3.-d0.f2.-r0.-f0.-r2.f0.d3.-r3.r1.-f0.r3.d1.-r0.-f0.-d0.r2.-f3.-d3.-r2.-d1.-d2.d3.-r2.-f3.d0.d3.-f2.d1.-r0.-f2.r0.-f2.-d1.-f2.-r1.d2.r1.-f2.d1.r3.d1.r2.-d1.-d1,48,48
149,r3.f3.d3.f3.-d0.f2.-r0.-f0.-r2.f0.d3.-r3.r1.-f0.r3.d1.-r0.-f0.-d0.r2.-f3.-d3.-r2.-d1.-d2.d3.-r2.-f3.d0.d3.-f2.d1.-r0.-f2.r0.-f2.-d1.-f2.-r1.d2.r1.-f2.d1.r3.d1.r2.d1.d1,48,48
149,r3.f3.d3.f3.-d0.f2.-r0.-f0.-r2.f0.d3.-r3.r1.-f0.r3.d1.-r0.-f0.-d0.r2.-f3.-d3.-r2.-d2.-d1.d3.-r2.-f3.d3.d0.-f2.d1.-r0.-f2.r0.-f2.-d1.-f2.-r1.d2.r1.-f2.d1.r3.d1.r2.d1.d1,48,48
149,r3.f3.d3.f3.-d0.f2.-r0.-f0.-r2.f0.d3.-r3.r1.-f0.r3.d1.-r0.-f0.-d0.r2.-f3.-d3.-r2.-d2.d3.-d1.-r2.-f3.d3.d0.-f2.d1.-r0.-f2.r0.-f2.-d1.-f2.-r1.d2.r1.-f2.d1.r3.d1.r2.d1.d1,48,48
149,r3.f3.d3.f3.-d0.f2.-r0.-f0.-r2.f0.d3.r1.-r3.-f0.r3.d1.-r0.-f0.-d0.r2.-f3.-d3.-r2.-d1.-d2.d3.-r2.-f3.d0.d3.-f2.d1.-r0.-f2.r0.-f2.-d1.-f2.-r1.d2.r1.-f2.d1.r3.d1.r2.d1.d1,48,48
149,r3.f3.d3.f3.-d0.f2.-r0.-f0.-r2.f0.d3.r1.-r3.-f0.r3.d1.-r0.-f0.-d0.r2.-f3.-d3.-r2.-d2.-d1.d3.-r2.-f3.d3.d0.-f2.d1.-r0.-f2.r0.-f2.-d1.-f2.-r1.d2.r1.-f2.d1.r3.d1.r2.-d1.-d1,48,48
163,r0.d0.r0.d1.-r0.d2.-r2.-f3.f0.-r1.-f2.-f2.r1.d1.d3.f0.-d1.-r2.-d0.-d2.-f2.d3.r3.d3.f3.-r3.f2.r3.f1.r3.-d0.-f0.d3.-f3.-r3.-d0.f0.-d0.f0.-r0.-d3.-d3.d0.f3.d3.-r3.-f3.-r3,48,48
163,r0.d0.r0.d1.-r0.d2.-r2.-f3.f0.-r1.f2.f2.r1.d1.d3.f0.-d1.-r2.-d0.-d2.-f2.d3.r3.d3.f3.-r3.f2.r3.f1.r3.-d0.-f0.d3.-f3.-r3.-d0.f0.-d0.f0.-r0.-d3.-d3.d0.f3.d3.-r3.-f3.-r3,48,48
163,r0.d0.r0.d1.-r0.d2.-r2.-f3.f0.-r1.f2.f2.r1.d1.d3.f0.-d1.-r2.-d0.-d2.-f2.d3.r3.d3.f3.-r3.f2.r3.f1.r3.-d0.-f0.d3.-f3.-r3.-d0.f0.-d0.f0.-r0.d3.d3.d0.f3.d3.-r3.-f3.-r3,48,48
163,r0.d0.r0.d1.-r0.d2.-r2.-f3.f0.-r1.f2.f2.r1.d1.d3.f0.-d1.-r2.-d2.-d0.-f2.d3.r3.d3.f3.-r3.f2.r3.f1.r3.-d0.-f0.d3.-f3.-r3.-d0.f0.-d0.f0.-r0.d0.-d3.-d3.f3.d3.-r3.-f3.-r3,48,48
163,r0.d0.r0.d1.-r0.d2.-r2.-f3.f0.-r1.f2.f2.r1.d3.d1.f0.-d1.-r2.-d2.-d0.-f2.d3.r3.d3.f3.-r3.f2.r3.f1.r3.-d0.-f0.d3.-f3.-r3.-d0.f0.-d0.f0.-r0.d3.d3.d0.f3.d3.-r3.-f3.-r3,48,48
163,r0.d0.r0.d1.-r0.d2.-r2.f0.-f3.-r1.f2.f2.r1.d1.d3.f0.-d1.-r2.-d0.-d2.-f2.d3.r3.d3.f3.-r3.f2.r3.f1.r3.-d0.-f0.d3.-f3.-r3.-d0.f0.-d0.f0.-r0.d0.d3.d3.f3.d3.-r3.-f3.-r3,48,48
163,r0.d0.r0.d1.-r0.d2.-r2.f0.-f3.-r1.f2.f2.r1.d3.d1.f0.-d1.-r2.-d2.-d0.-f2.d3.r3.d3.f3.-r3.f2.r3.f1.r3.-d0.-f0.d3.-f3.-r3.-d0.f0.-d0.f0.-r0.d3.d3.d0.f3.d3.-r3.-f3.-r3,48,48
163,-f0.-r0.d1.f0.-d0.-f2.-r1.-d3.-f1.-r3.-f2.d0.-r1.-r3.-f0.-f1.r3.d0.r3.-d0.r3.-d0.f3.r3.-f1.d0.-r2.-r2.d1.f0.-r2.-f0.-d0.-d1.-r2.d1.r2.d1.-f1.r2.d1.-f0.-d1.-f0.-r2.f1.-d2.r2.d2.f0,50,50
163,-f0.-r0.d1.f0.-d0.-f2.-r1.-d3.-f1.-r3.-f2.d0.-r1.-r3.-f0.-f1.r3.d0.r3.-d0.r3.-d0.f3.r3.-f1.d0.r2.r2.d1.f0.-r2.-f0.-d0.-d1.-r2.d1.r2.d1.-f1.r2.d1.-f0.-d1.-f0.-r2.f1.-d2.r2.d2.f0,50,50
163,-f0.-r0.d1.f0.-d0.-f2.-r1.-d3.-f1.-r3.-f2.d0.-r1.-r3.-f0.-f1.r3.d0.r3.-d0.r3.-d0.f3.r3.-f1.d0.r2.r2.d1.f0.-r2.-f0.-d1.-d0.-r2.d1.r2.d1.-f1.r2.d1.-f0.-d1.-f0.-r2.f1.-d2.r2.d2.f0,50,50
169,f2.-d0.-r0.f1.r3.-d3.-f1.-f3.d2.-f1.d3.-f3.-d3.-f3.f0.d2.f0.d3.-f0.d3.-r0.-d0.r1.-d1.-r0.-d2.r3.-d3.r0.d1.d3.-r1.-d3.-r0.d3.-f2.r1.-f3.-d2.r1.d2.-r1.f2.f3.d2.f0.-r1.-f0,48,48
169,f2.-d0.-r0.f1.r3.-d3.-f1.-f3.d2.-f1.d3.-f3.-d3.f0.-f3.d2.f0.d3.-f0.d3.-r0.-d0.r1.-d1.-r0.-d2.r3.-d3.r0.d1.d3.-r1.-d3.-r0.d3.-f2.r1.-f3.-d2.r1.d2.-r1.f2.f3.d2.f0.-r1.-f0,48,48
169,f2.-d0.-r0.f1.r3.-d3.-f3.-f1.d2.-f1.d3.-f3.-d3.-f3.f0.d2.f0.d3.-f0.d3.-r0.-d0.r1.-d1.-r0.-d2.r3.-d3.r0.d3.d1.-r1.-d3.-r0.d3.-f2.r1.-f3.-d2.r1.d2.-r1.f3.f2.d2.f0.-r1.-f0,48,48
169,f2.-d0.-r0.f1.r3.-d3.-f3.-f1.d2.-f1.d3.-f3.-d3.f0.-f3.d2.f0.d3.-f0.d3.-r0.-d0.r1.-d1.-r0.-d2.r3.-d3.r0.d3.d1.-r1.-d3.-r0.d3.-f2.r1.-f3.-d2.r1.d2.-r1.f3.f2.d2.f0.-r1.-f0,48,48
175,-r3.d2.r1.d1.r0.-d0.-f3.d3.-f3.r2.f1.-d0.-d1.-f0.r3.-f0.d0.r1.r2.f3.-r0.-f1.-r1.d2.f0.-r1.r2.d1.f3.-d1.-f3.-r2.-d3.r1.d3.-f2.f1.-r1.-f0.-d0.f0.f1.-r1.-r1.-f0.-f1.d0.f2,48,48
175,-r3.d2.r1.d1.r0.-d0.-f3.d3.-f3.r2.f1.-d0.-d1.-f0.r3.-f0.d0.r1.r2.f3.-r0.-f1.-r1.d2.f0.-r1.r2.d1.f3.-d1.-f3.-r2.-d3.r1.d3.-f2.f1.-r1.-f0.-d0.f0.f1.r1.r1.-f0.-f1.d0.f2,48,48
175,-r3.d2.r1.d1.r0.-d0.-f3.d3.-f3.r2.f1.-d0.-d1.-f0.r3.-f0.d0.r1.r2.f3.-r0.-f1.-r1.d2.f0.-r1.r2.d1.f3.-d1.-f3.-r2.-d3.r1.d3.f1.-f2.-r1.-f0.-d0.f0.f1.r1.r1.-f0.-f1.d0.f2,48,48
175,-r3.d2.r1.d1.r0.-d0.-f3.d3.-f3.r2.f1.-d1.-d0.-f0.r3.-f0.d0.r2.r1.f3.-r0.-f1.-r1.d2.f0.-r1.r2.d1.f3.-d1.-f3.-r2.-d3.r1.d3.-f2.f1.-r1.-f0.-d0.f1.f0.r1.r1.-f1.-f0.d0.f2,48,48
175,-r3.d2.r1.d1.r0.-d0.-f3.d3.-f3.r2.f1.-d1.-d0.-f0.r3.-f0.d0.r2.r1.f3.-r0.-f1.-r1.d2.f0.r2.-r1.d1.f3.-d1.-f3.-r2.-d3.r1.d3.-f2.f1.-r1.-f0.-d0.f0.f1.r1.r1.-f1.-f0.d0.f2,48,48
175,-r3.d2.r1.d1.r0.-d0.-f3.d3.-f3.r2.f1.-d1.-d0.-f0.r3.-f0.d0.r2.r1.f3.-r0.-f1.-r1.d2.f0.r2.-r1.d1.f3.-d1.-f3.-r2.-d3.r1.d3.f1.-f2.-r1.-f0.-d0.f1.f0.r1.r1.-f1.-f0.d0.f2,48,48
189,d3.-r1.-r3.-d2.f2.-r1.-r1.-d3.r0.-f1.-d3.-d3.-f2.-f2.-r3.-f1.d1.-f2.-r2.f0.d0.r1.r2.-d1.d3.r0.r3.-f1.-r3.f3.-d0.-r0.d0.-f3.r0.d3.-r3.f3.r3.-f3.d3.-r0.r3.f0.d3.-r0.d0.-r0,48,48
189,d3.-r1.-r3.-d2.f2.r1.r1.-d3.r0.-f1.d3.d3.f2.f2.-r3.-f1.d1.-f2.-r2.f0.d0.r1.r2.-d1.d3.r0.r3.-f1.-r3.f3.-d0.-r0.d0.-f3.r0.d3.-r3.f3.r3.-f3.d3.-r0.r3.f0.d3.-r0.d0.-r0,48,48
189,d3.-r3.-r1.-d2.f2.r1.r1.-d3.r0.-f1.d3.d3.f2.f2.-r3.-f1.d1.-f2.-r2.f0.d0.r2.r1.-d1.d3.r3.r0.-f1.-r3.f3.-d0.-r0.d0.-f3.r0.d3.-r3.f3.r3.-f3.d3.-r0.r3.f0.d3.-r0.d0.-r0,48,48
189,d3.-r3.-r1.-d2.f2.r1.r1.-d3.r0.-f1.d3.d3.f2.f2.-r3.-f1.d1.-f2.-r2.f0.d0.r2.r1.d3.-d1.r3.r0.-f1.-r3.f3.-d0.-r0.d0.-f3.r0.d3.-r3.f3.r3.-f3.d3.r3.-r0.f0.d3.-r0.d0.-r0,48,48
189,d1.-r2.d0.-r0.-f3.d0.-f2.-d2.-r1.r3.-d2.-r1.d0.-r0.-r1.f3.-r2.r3.d0.-f0.-d0.r3.-f0.r2.f0.-r3.d3.-f2.-r2.-d3.r2.-d0.-r1.d0.-f0.-d0.-f0.-r2.f0.-r2.r1.d0.r2.-d0.f0.-r1.-d0.r1.d0.f0,50,50
189,d1.-r2.d0.-r0.-f3.d0.-f2.-d2.-r1.r3.-d2.-r1.d0.-r0.-r1.f3.-r2.r3.d0.-f0.-d0.r3.-f0.r2.f0.-r3.d3.-f2.-r2.-d3.r2.-d0.-r1.d0.-f0.-d0.-f0.-r2.f0.r1.-r2.d0.r2.-d0.f0.-r1.-d0.r1.d0.f0,50,50
189,d1.-r2.d0.-r0.-f3.d0.-f2.-d2.r3.-r1.-d2.-r1.d0.-r1.-r0.f3.-r2.r3.d0.-f0.-d0.r3.-f0.r2.f0.-r3.d3.-f2.-r2.-d3.r2.-d0.-r1.d0.-f0.-d0.-f0.-r2.f0.r1.-r2.d0.r2.-d0.f0.-r1.-d0.r1.d0.f0,50,50
189,-r1.d0.-r1.r2.r3.-f3.r3.-f1.r0.d1.-f1.d0.-r0.r2.f0.-r3.-f2.-d3.f2.d1.d3.-r0.d2.-r0.-d2.-r3.-f1.-f2.-r0.f1.-r0.-f3.r0.-f1.f3.d3.-f3.-d3.-r3.-d3.r3.d3.f1.-d0.f2.-r0.-f2.r0.d0.f0.-r0.f2,52,52
201,-d2.r2.f1.f2.-r2.r0.d0.f2.d0.-f2.d1.-r3.d3.f3.r0.f3.-d3.r3.d3.r2.r3.-d0.f3.-d3.-f3.-r3.f0.d1.-f0.-d1.-d2.-d2.-f0.r3.-f0.r3.-d1.-r3.-d3.-r1.-f2.r1.-f3.-r1.f2.r1.-d2.-r3,48,48
201,-d2.r2.f1.f2.-r2.r0.d0.f2.d0.-f2.d1.-r3.d3.f3.r0.f3.-d3.r3.d3.r2.r3.-d0.f3.-d3.-f3.-r3.f0.d1.-f0.-d1.d2.d2.-f0.r3.-f0.r3.-d1.-r3.-d3.-r1.-f2.r1.-f3.-r1.f2.r1.-d2.-r3,48,48
201,-d2.r2.f1.f2.-r2.r0.d0.f2.d0.-f2.d1.-r3.d3.f3.r0.f3.-d3.r3.d3.r2.r3.-d0.f3.-d3.-f3.-r3.f0.d1.-f0.d2.d2.-d1.-f0.r3.-f0.r3.-d1.-r3.-d3.-r1.-f2.r1.-f3.-r1.f2.r1.-d2.-r3,48,48
201,-d2.r2.f1.f2.r0.-r2.d0.f2.d0.-f2.d1.-r3.d3.f3.r0.f3.-d3.r3.d3.r2.r3.-d0.f3.-d3.-f3.-r3.f0.d1.-f0.-d1.d2.d2.-f0.r3.-f0.r3.-d1.-r3.-d3.-r1.-f2.r1.-f3.-r1.f2.r1.-d2.-r3,48,48
201,-d2.r2.f2.f1.-r2.r0.d0.f2.d0.-f2.d1.-r3.d3.f3.r0.f3.-d3.r3.d3.r3.r2.-d0.f3.-d3.-f3.-r3.f0.d1.-f0.-d1.d2.d2.-f0.r3.-f0.r3.-d1.-r3.-d3.-r1.-f2.r1.-f3.-r1.f2.r1.-d2.-r3,48,48
201,-d2.r2.f2.f1.r0.-r2.d0.f2.d0.-f2.d1.-r3.d3.f3.r0.f3.-d3.r3.d3.r3.r2.-d0.f3.-d3.-f3.-r3.f0.d1.-f0.-d2.-d1.-d2.-f0.r3.-f0.r3.-d1.-r3.-d3.-r1.-f2.r1.-f3.-r1.f2.r1.-d2.-r3,48,48
201,r2.f1.d2.r1.d2.-r0.r3.f0.-d1.-r3.-d0.-r0.d0.-d3.f2.d3.-f0.-r1.-d3.r3.d0.-d3.r3.d3.f0.f3.-r0.f3.d3.-r3.f0.-r1.-d0.-f0.-r3.f3.-r3.-d3.r0.d3.-f0.r3.f0.d3.d3.r0.-f3.-r0.-d3.-r3.d3.r0,52,52
201,r2.f1.d2.r1.d2.r3.-r0.f0.-d1.-r3.-d0.-r0.-d3.d0.f2.d3.-f0.-r1.-d3.r3.-d3.d0.r3.d3.f0.f3.-r0.f3.d3.-r3.f0.-r1.-d0.-f0.-r3.f3.-r3.-d3.r0.d3.-f0.r3.f0.d3.d3.r0.-f3.-r0.-d3.-r3.d3.r0,52,52
207,-f1.r2.r3.-d1.-f3.r3.f2.-d0.-d0.-f1.-f3.-r3.d1.-r3.-r3.d3.r1.-f0.-d1.d2.-r1.d3.r0.f2.-r0.f1.-r1.-f1.-f2.r1.d3.-f2.d2.-r1.-d3.-d3.f1.-d0.-d3.-r1.d1.r1.-d1.d3.-f1.-d2.f1.-d0,48,48
207,-f1.r2.r3.-d1.-f3.r3.f2.d0.d0.-f1.-f3.-r3.d1.r3.r3.d3.r1.-f0.-d1.d2.-r1.d3.r0.f2.-r0.f1.-r1.-f1.-f2.r1.d3.-f2.d2.-r1.d3.d3.f1.-d0.-d3.-r1.d1.r1.-d1.d3.-f1.-d2.f1.-d0,48,48
207,-f1.r2.r3.-d1.-f3.r3.f2.d0.d0.-f1.-f3.-r3.d1.r3.r3.d3.r1.-f0.-d1.d2.-r1.d3.r0.f2.-r0.f1.-r1.-f1.-f2.r1.d3.-f2.d2.-r1.d3.d3.f1.-d0.-d3.-r1.d1.r1.d3.-f1.-d2.f1.-d0.-d1,48,48
207,-f1.r3.r2.-d1.-f3.r3.f2.d0.d0.-f3.-f1.-r3.d1.-r3.-r3.d3.r1.-f0.d2.-d1.-r1.d3.r0.f2.-r0.f1.-r1.-f1.-f2.r1.d3.-f2.d2.-r1.-d3.-d3.f1.-d3.-d0.-r1.d1.r1.d3.-d1.-f1.-d2.f1.-d0,48,48
207,-f1.r3.r2.-d1.-f3.r3.f2.d0.d0.-f3.-f1.-r3.d1.-r3.-r3.d3.r1.-f0.d2.-d1.-r1.d3.r0.f2.-r0.f1.-r1.-f1.-f2.r1.d3.-f2.d2.-r1.-d3.-d3.f1.-d3.-d0.-r1.d1.r1.d3.-f1.-d2.f1.-d1.-d0,48,48
207,-f1.r3.r2.-d1.-f3.r3.f2.d0.d0.-f3.-f1.-r3.d1.r3.r3.d3.r1.-f0.-d1.d2.-r1.d3.r0.f2.-r0.f1.-r1.-f2.-f1.r1.d3.-f2.d2.-r1.d3.d3.f1.-d3.-d0.-r1.d1.r1.-d1.d3.-f1.-d2.f1.-d0,48,48
207,-f1.r3.r2.-d1.-f3.r3.f2.d0.d0.-f3.-f1.-r3.d1.r3.r3.d3.r1.-f0.d2.-d1.-r1.d3.r0.f2.-r0.f1.-r1.-f2.-f1.r1.d3.-f2.d2.-r1.d3.d3.f1.-d3.-d0.-r1.d1.r1.d3.-d1.-f1.-d2.f1.-d0,48,48
207,-f3.d0.f0.-d2.-r1.f1.r1.f1.-r3.f0.-r2.-d3.d1.-r0.f2.d0.d3.f3.d3.-r3.f3.-d0.r3.r0.f0.d0.-f0.r3.-r0.d0.f2.-d3.f1.d0.d0.-r0.-f1.r3.f1.r0.-r3.f2.-d0.-f3.d0.-f2.-d0.f3.r3.-f1.-r3.-d0,52,52
207,-f3.d0.f0.-d2.-r1.f1.r1.f1.-r3.f0.-r2.d1.-d3.-r0.f2.d0.d3.f3.d3.-r3.f3.-d0.r0.r3.f0.d0.-f0.-r0.r3.d0.f2.-d3.f1.d0.d0.-r0.-f1.r3.f1.r0.-r3.f2.-d0.-f3.d0.-f2.-d0.f3.r3.-f1.-r3.-d0,52,52
211,-f0.f1.r2.-d3.-f0.-d1.d3.-f3.f1.d0.r2.-f2.r1.-d2.-f0.-f3.-d0.r3.-d0.-f0.f3.-d1.-f0.-f0.d0.-r0.f3.-d0.-f3.-r2.r0.r1.-d3.f1.-r2.d1.-f1.d2.d3.-r1.-d1.r0.-f1.-r2.f1.-r0.-d2.r2,48,48
211,-f0.f1.r2.-d3.-f0.-d1.d3.-f3.f1.d0.r2.-f2.r1.-d2.-f0.-f3.-d0.r3.-d0.-f0.f3.-d1.f0.f0.d0.-r0.f3.-d0.-f3.-r2.r0.r1.-d3.f1.-r2.d1.-f1.d2.d3.-r1.-d1.r0.-f1.-r2.f1.-r0.-d2.r2,48,48
211,-f0.f1.r2.-d3.-f0.-d1.d3.-f3.f1.d0.r2.-f2.r1.-d2.-f3.-f0.-d0.r3.-d0.-f0.f3.-d1.f0.f0.d0.-r0.f3.-d0.-f3.-r2.r0.r1.-d3.f1.-r2.d1.-f1.d3.d2.-r1.-d1.r0.-f1.-r2.f1.-r0.-d2.r2,48,48
211,-f0.f1.r2.-d3.-f0.-d1.d3.f1.-f3.d0.r2.-f2.r1.-d2.-f0.-f3.-d0.r3.-d0.-f0.f3.-d1.f0.f0.d0.-r0.f3.-d0.-f3.r0.r1.-r2.-d3.f1.-r2.d1.-f1.d2.d3.-r1.-d1.r0.-f1.-r2.f1.-r0.-d2.r2,48,48
211,f1.-f0.r2.-d3.-f0.-d1.d3.-f3.f1.d0.r2.-f2.r1.-d2.-f3.-f0.-d0.r3.-d0.-f0.f3.-d1.f0.f0.d0.-r0.f3.-d0.-f3.r1.r0.-r2.-d3.f1.-r2.d1.-f1.d3.d2.-r1.-d1.r0.-f1.-r2.f1.-r0.-d2.r2,48,48
211,f1.-f0.r2.-d3.-f0.d3.-d1.f1.-f3.d0.r2.-f2.r1.-d2.-f3.-f0.-d0.r3.-d0.f3.-f0.-d1.f0.f0.d0.-r0.f3.-d0.-f3.r0.-r2.r1.-d3.f1.-r2.d1.-f1.d3.d2.-r1.-d1.r0.-f1.-r2.f1.-r0.-d2.r2,48,48
221,-r1.-d1.-r0.r1.f1.f2.-r0.-d1.d2.r2.-d0.f2.r0.d0.-r1.-f2.-f3.-f3.r2.f1.f2.-r3.-d0.-f3.d0.r3.-f1.-r3.r1.d0.r0.-f3.-f3.d3.-f0.r3.f0.r0.-f3.-r0.-d0.r3.-f0.f3.d0.r3.f0.d0,48,48
221,-r1.-d1.-r0.r1.f1.f2.-r0.-d1.d2.r2.-d0.f2.r0.d0.-r1.-f2.f3.f3.r2.f1.f2.-r3.-d0.-f3.d0.r3.-f1.-r3.r1.d0.r0.f3.f3.d3.-f0.r3.f0.r0.-f3.-r0.-d0.r3.-f0.f3.d0.r3.f0.d0,48,48
221,-r1.-d1.-r0.r1.f1.f2.-r0.-d1.d2.r2.-d0.f2.r0.d0.-r1.-f2.f3.f3.r2.f1.f2.-r3.-d0.-f3.d0.r3.-f1.r1.-r3.d0.r0.f3.f3.d3.-f0.r3.f0.r0.-f3.-r0.-d0.r3.-f0.f3.d0.r3.f0.d0,48,48
221,-r1.-d1.-r0.r1.f1.f2.-r0.d2.-d1.r2.-d0.f2.r0.d0.-r1.f3.-f2.f3.r2.f1.f2.-r3.-d0.-f3.d0.r3.-f1.r1.-r3.d0.r0.-f3.-f3.d3.-f0.r3.f0.r0.-f3.-r0.-d0.r3.-f0.f3.d0.r3.f0.d0,48,48
221,-r1.-d1.-r0.r1.f2.f1.-r0.-d1.d2.r2.-d0.f2.r0.d0.-r1.-f2.f3.f3.r2.f2.f1.-r3.-d0.-f3.d0.r3.-f1.-r3.r1.d0.r0.f3.f3.d3.-f0.r3.f0.r0.-f3.-r0.-d0.r3.-f0.f3.d0.r3.f0.d0,48,48
221,-r1.-d1.r1.-r0.f2.f1.-r0.d2.-d1.r2.-d0.f2.r0.d0.-r1.-f3.-f2.-f3.r2.f2.f1.-r3.-d0.-f3.d0.r3.-f1.r1.-r3.d0.r0.f3.f3.d3.-f0.r3.f0.r0.-f3.-r0.-d0.r3.f3.-f0.d0.r3.f0.d0,48,48
229,r1.f3.r3.d1.-r0.-f3.f1.-d2.-f3.r0.-f2.f3.-r3.-d3.d0.f3.-d0.f3.-r3.-d3.r1.d3.-f1.-r0.-r1.-d3.r0.d3.f0.f1.-d3.f3.d1.-f2.-d3.-r1.-f1.-d0.-d0.r1.d2.-r1.-d0.-d0.-d2.f1.d3.f2,48,48
229,r1.f3.r3.d1.-r0.-f3.f1.-d2.-f3.r0.-f2.f3.-r3.-d3.d0.f3.-d0.f3.-r3.-d3.r1.d3.-f1.-r0.-r1.-d3.r0.d3.f0.f1.-d3.f3.d1.-f2.-d3.-r1.-f1.d0.d0.r1.d2.-r1.d0.d0.-d2.f1.d3.f2,48,48
229,r1.f3.r3.d1.-r0.-f3.f1.-d2.-f3.r0.-f2.f3.-r3.-d3.d0.f3.-d0.f3.-r3.-d3.r1.d3.-f1.-r1.-r0.-d3.r0.d3.f0.f1.-d3.f3.d1.-f2.-d3.-r1.-f1.-d0.-d0.r1.d2.-r1.d0.d0.-d2.f1.d3.f2,48,48
229,r1.f3.r3.d1.-r0.-f3.f1.-d2.-f3.r0.-f2.f3.-r3.-d3.d0.f3.-d0.f3.-r3.-d3.r1.d3.-f1.-r1.-r0.-d3.r0.d3.f0.f1.-d3.f3.d1.-f2.-d3.-r1.-f1.d0.d0.r1.d2.-r1.d0.d0.-d2.f1.d3.f2,48,48
229,r1.f3.r3.d1.-r0.-f3.f1.-d2.-f3.r0.-f2.f3.-r3.-d3.d0.f3.-d0.f3.-r3.-d3.r1.d3.-f1.-r1.-r0.-d3.r0.d3.f1.f0.-d3.f3.d1.-f2.-d3.-r1.-f1.d0.d0.r1.d2.-r1.d0.d0.-d2.f1.d3.f2,48,48
229,r1.f3.r3.d1.-r0.f1.-f3.-d2.-f3.r0.-f2.f3.-r3.d0.-d3.f3.-d0.f3.-r3.-d3.r1.d3.-f1.-r0.-r1.-d3.r0.d3.f0.f1.-d3.f3.d1.-f2.-d3.-r1.-f1.d0.d0.r1.d2.-r1.d0.d0.-d2.f1.d3.f2,48,48
229,r1.f3.r3.d1.-r0.f1.-f3.-d2.-f3.r0.f3.-f2.-r3.-d3.d0.f3.-d0.f3.-r3.-d3.r1.d3.-f1.-r1.-r0.-d3.r0.d3.f0.f1.-d3.f3.d1.-f2.-d3.-r1.-f1.-d0.-d0.r1.d2.-r1.d0.d0.-d2.f1.d3.f2,48,48
229,r1.f3.r3.d1.-r0.f1.-f3.-d2.-f3.r0.f3.-f2.-r3.d0.-d3.f3.-d0.f3.-r3.-d3.r1.d3.-f1.-r1.-r0.-d3.r0.d3.f0.f1.-d3.f3.d1.-f2.-d3.-r1.-f1.-d0.-d0.r1.d2.-r1.d0.d0.-d2.f1.d3.f2,48,48
229,r1.f3.r3.d1.-r0.f1.-f3.-d2.-f3.r0.f3.-f2.-r3.d0.-d3.f3.-d0.f3.-r3.-d3.r1.d3.-f1.-r1.-r0.-d3.r0.d3.f1.f0.-d3.f3.d1.-f2.-d3.-r1.-f1.d0.d0.r1.d2.-r1.d0.d0.-d2.f1.d3.f2,48,48
229,-r0.-d1.-r2.-f3.r3.-f3.d3.-f0.-r1.-f3.-d1.f3.-r1.-f3.-d3.-r1.-f3.-d2.f3.r3.-d2.f0.f3.-r1.-f0.-f0.-d1.-f0.d1.-f0.-f0.-r0.d0.r0.-d0.f3.-f0.r3.f0.-r3.-f3.-f0.-d2.-r3.f0.d0.-f0.r3.d2.f0,50,50
229,-r0.-d1.-r2.-f3.r3.-f3.d3.-f0.-r1.-f3.-d1.f3.-r1.-f3.-d3.-r1.-f3.-d2.f3.r3.-d2.f0.f3.-r1.f0.f0.-d1.-f0.d1.f0.f0.-r0.d0.r0.-d0.-f0.f3.r3.f0.-r3.-f0.-f3.-d2.-r3.f0.d0.-f0.r3.d2.f0,50,50
233,-r3.f0.-r3.-d1.-f1.d2.-r0.-r0.-f3.-f3.d1.-r2.f0.-r3.d3.r0.-d1.f1.-d0.-f3.-d3.-f3.-d1.-r0.-r2.-d2.r1.f1.-r1.d1.d2.f3.-d0.r2.d0.d3.-f3.d1.-f1.f2.r2.f1.-r2.f3.d0.f1.-d0.-f2,48,48
233,-r3.f0.-r3.-d1.-f1.d2.r0.r0.-f3.-f3.d1.-r2.f0.-r3.d3.r0.-d1.f1.-d0.-f3.-d3.-f3.-d1.-r2.-r0.-d2.r1.f1.-r1.d1.d2.f3.-d0.r2.d0.d3.-f3.d1.-f1.r2.f1.-r2.f2.f3.d0.f1.-d0.-f2,48,48
233,-r3.f0.-r3.-d1.-f1.d2.r0.r0.f3.f3.d1.-r2.f0.-r3.d3.r0.-d1.f1.-d0.-f3.-d3.-f3.-d1.-r0.-r2.-d2.r1.f1.-r1.d1.d2.f3.-d0.r2.d0.d3.-f3.d1.-f1.f2.r2.f1.-r2.f3.d0.f1.-d0.-f2,48,48
233,-r3.f0.-r3.-d1.-f1.d2.r0.r0.f3.f3.d1.-r2.f0.-r3.d3.r0.-d1.f1.-d0.-f3.-d3.-f3.-d1.-r0.-r2.-d2.r1.f1.-r1.d1.d2.f3.-d0.r2.d0.d3.-f3.d1.-f1.r2.f1.-r2.f2.f3.d0.f1.-d0.-f2,48,48
233,-r3.f0.-r3.-d1.-f1.d2.r0.r0.f3.f3.d1.-r2.f0.-r3.d3.r0.-d1.f1.-d0.-f3.-d3.-f3.-d1.-r2.-r0.-d2.r1.f1.-r1.d2.d1.f3.-d0.r2.d3.d0.-f3.d1.-f1.r2.f1.-r2.f2.f3.d0.f1.-d0.-f2,48,48
233,-r3.f0.-r3.-d1.-f1.d2.r0.r0.f3.f3.d1.-r2.f0.-r3.d3.r0.-d1.f1.-d0.-f3.-d3.-f3.-d1.-r2.-r0.-d2.r1.f1.-r1.d2.d1.f3.-d0.r2.d3.d0.-f3.d1.f2.-f1.r2.f1.-r2.f3.d0.f1.-d0.-f2,48,48
237,-f1.-r1.-f0.r3.-d0.f3.-d2.d1.f3.-d0.f2.d1.f3.-d1.-d3.-f2.-d1.-f1.-f3.-r0.r3.d1.-f3.d0.-f3.-d0.-f3.d2.-r0.-f3.-r0.f0.-d0.r0.d0.-f3.-d3.-r0.-r0.r3.f3.d3.-r0.-r3.d3.-r0.-f3.-f3,48,48
237,-f1.-r1.-f0.r3.-d0.f3.-d2.d1.f3.-d0.f2.d1.f3.-d1.-d3.-f2.-d1.-f1.-f3.-r0.r3.d1.-f3.d0.-f3.-d0.-f3.d2.-r0.-f3.-r0.f0.-d0.r0.d0.-f3.-d3.-r0.-r0.r3.f3.d3.-r0.-r3.d3.-r0.f3.f3,48,48
237,-f1.-r1.-f0.r3.-d0.f3.-d2.d1.f3.-d0.f2.d1.f3.-d1.-d3.-f2.-d1.-f1.-f3.-r0.r3.d1.-f3.d0.-f3.-d0.-f3.d2.-r0.-f3.-r0.f0.-d0.r0.d0.-f3.-d3.r0.r0.r3.f3.d3.-r0.-r3.d3.-r0.f3.f3,48,48
237,-f1.-r1.-f0.r3.-d0.f3.-d2.d1.f3.-d0.f2.d1.f3.-d3.-d1.-f2.-d1.-f3.-f1.-r0.r3.d1.-f3.d0.-f3.-d0.-f3.d2.-r0.-f3.-r0.f0.-d0.r0.d0.-f3.-d3.r0.r0.r3.f3.d3.-r3.-r0.d3.-r0.f3.f3,48,48
237,-f1.-r1.-f0.r3.-d0.f3.d1.-d2.f3.-d0.f2.d1.f3.-d1.-d3.-f2.-d1.-f1.-f3.-r0.r3.d1.-f3.d0.-f3.-d0.-f3.d2.-r0.-f3.-r0.f0.-d0.r0.d0.-f3.-d3.r0.r0.r3.f3.d3.-r0.-r3.d3.-r0.f3.f3,48,48
237,-f1.-r1.-f0.r3.-d0.f3.d1.-d2.f3.-d0.f2.d1.f3.-d3.-d1.-f2.-d1.-f3.-f1.r3.-r0.d1.-f3.d0.-f3.-d0.-f3.d2.-r0.-f3.-r0.f0.-d0.r0.d0.-f3.-d3.r0.r0.r3.f3.d3.-r0.-r3.d3.-r0.-f3.-f3,48,48
237,-f1.-r1.-f0.r3.-d0.f3.d1.-d2.f3.-d0.f2.d1.f3.-d3.-d1.-f2.-d1.-f3.-f1.r3.-r0.d1.-f3.d0.-f3.-d0.-f3.d2.-r0.-f3.-r0.f0.-d0.r0.d0.-f3.-d3.r0.r0.r3.f3.d3.-r0.-r3.d3.-r0.f3.f3,48,48
237,-f1.-r1.-f0.r3.-d0.f3.d1.-d2.f3.-d0.f2.d1.f3.-d3.-d1.-f2.-d1.-f3.-f1.r3.-r0.d1.-f3.d0.-f3.-d0.-f3.d2.-r0.-f3.-r0.f0.-d0.r0.d0.-f3.-d3.r0.r0.r3.f3.d3.-r3.-r0.d3.-r0.-f3.-f3,48,48
237,f0.f3.-d0.-r3.-d1.-f3.-r2.-f2.-d3.f0.r1.-d1.-r1.-f3.d0.r1.d2.d3.-f3.-r0.-f3.-d0.-f0.f3.d0.f3.d0.d3.-r0.-d0.-d0.-r1.f3.-r0.-r0.-f3.r1.-d3.-f1.-r3.f1.f2.r3.-f0.-r3.-f1.-f2.r3.f0.f1,50,50
237,f0.f3.-d0.-r3.-d1.-f3.-r2.-f2.-d3.f0.r1.-d1.-r1.-f3.d0.r1.d2.d3.-f3.-r0.-f3.-d0.-f0.f3.d0.f3.d0.d3.-r0.d0.d0.-r1.f3.r0.r0.-f3.r1.-d3.-f1.-r3.f1.f2.r3.-f0.-r3.f0.f3.d3.-f2.-f3,50,50
237,f3.f0.-d0.-r3.-d1.-f3.-r2.-f2.-d3.f0.r1.-d1.-r1.-f3.d0.r1.d3.d2.-f3.-r0.-f3.-d0.-f0.f3.d0.f3.d0.d3.-r0.d0.d0.-r1.f3.r0.r0.-f3.r1.-d3.-f1.-r3.f2.f1.r3.-f0.-r3.f3.f0.d3.-f2.-f3,50,50
248,f0.f1.d0.d1.r0.d3.f1.-r3.d2.-r3.-f2.r3.d1.-f3.-r1.-r3.r0.-f3.d1.d3.r1.-f2.-d0.-d2.-f2.r1.d0.d2.f2.-r1.-f2.-f3.-d2.f2.-r1.-r1.f2.-d1.-d1.-r0.-d1.-r1.-r1.d2.r1.-d2.d1.r0.d2,49,49
248,f0.f1.d0.d1.r0.d3.f1.-r3.d2.-r3.-f2.r3.d1.-f3.-r1.-r3.r0.-f3.d1.d3.r1.-f2.-d0.-d2.-f2.r1.d0.d2.f2.-r1.-f2.-f3.-d2.f2.r1.r1.f2.d1.d1.-r0.-d1.r1.r1.d2.r1.-d2.d1.r0.d2,49,49
248,f0.f1.d0.d1.r0.d3.f1.-r3.d2.-r3.-f2.r3.d1.-f3.r0.-r1.-r3.-f3.d1.d3.r1.-f2.-d0.-d2.-f2.r1.d0.d2.f2.-r1.-f2.-f3.-d2.f2.r1.r1.f2.d1.d1.-r0.-d1.r1.r1.d2.r1.d1.-d2.r0.d2,49,49
248,f0.f1.d0.d1.r0.d3.f1.-r3.d2.-r3.-f2.r3.d1.-f3.r0.-r1.-r3.-f3.d1.d3.r1.-f2.-d2.-d0.-f2.r1.d0.d2.f2.-r1.-f2.-f3.-d2.f2.-r1.-r1.f2.d1.d1.-r0.-d1.-r1.-r1.d2.r1.-d2.d1.r0.d2,49,49
248,f1.f0.d1.d0.r0.d3.f1.-r3.d2.-r3.-f2.r3.d1.-f3.-r3.-r1.r0.-f3.d3.d1.r1.-f2.-d2.-d0.-f2.r1.d2.d0.f2.-r1.-f3.-f2.-d2.f2.r1.r1.f2.d1.d1.-r0.-d1.r1.r1.d2.r1.-d2.d1.r0.d2,49,49
250,-d3.-r0.-r0.-r3.d0.-r2.-f0.-r0.-r1.f0.d0.f3.-d1.r0.-d2.d0.d3.-r1.-d3.-f3.d3.r1.-f0.-r1.-f0.-d2.-r2.-f2.d0.-r2.-d0.r2.f2.r1.r2.d2.-f1.-r1.f0.f1.-d1.-r1.-d3.-d3.r1.d1.-r1.d3.-f1,49,49
250,-d3.r0.-r3.r0.d0.-r2.-f0.-r1.-r0.f0.d0.f3.-d1.r0.-d2.d3.d0.-r1.-d3.-f3.d3.r1.-f0.-r1.-f0.-d2.-r2.-f2.d0.-r2.-d0.r2.f2.r2.r1.d2.-f1.-r1.f0.f1.-d1.-r1.d3.d3.r1.d1.-r1.d3.-f1,49,49
250,-d3.r0.-r3.r0.d0.-r2.-f0.-r1.-r0.f0.d0.f3.-d1.r0.-d2.d3.d0.-r1.-d3.-f3.d3.r1.-f0.-r1.-f0.-d2.-r2.-f2.d0.-r2.-d0.r2.f2.r2.r1.d2.-f1.-r1.f1.f0.-d1.-r1.d3.d3.r1.d1.-r1.d3.-f1,49,49
250,-d3.r0.r0.-r3.d0.-r2.-f0.-r0.-r1.f0.d0.f3.-d1.r0.-d2.d0.d3.-r1.-d3.-f3.d3.r1.-f0.-r1.-f0.-d2.-r2.-f2.d0.-r2.-d0.r2.f2.r1.r2.d2.-f1.-r1.f0.f1.-d1.-r1.d3.d3.r1.d1.-r1.d3.-f1,49,49
250,-d3.r0.r0.-r3.d0.-r2.-f0.-r0.-r1.f0.d0.f3.-d1.r0.d0.-d2.d3.-r1.-d3.-f3.d3.r1.-f0.-r1.-f0.-d2.-r2.-f2.d0.-r2.-d0.r2.f2.r1.r2.d2.-f1.-r1.f0.f1.-d1.-r1.d3.d3.r1.d1.-r1.d3.-f1,49,49
250,-d3.r0.r0.-r3.d0.-r2.-f0.-r1.-r0.f0.d0.f3.-d1.r0.d0.-d2.d3.-r1.-d3.-f3.d3.r1.-f0.-r1.-f0.-d2.-r2.-f2.d0.-r2.-d0.r2.f2.r2.r1.d2.-f1.-r1.f1.f0.-d1.-r1.d3.d3.r1.d1.-r1.d3.-f1,49,49
250,d1.d2.r1.r1.-f2.-r3.-f3.r2.f0.-f1.r2.-d3.-f2.f3.d3.f2.-d3.-f3.r3.f2.d3.-f3.-d3.f3.d3.-r3.d3.-r2.-f3.r3.f3.-r0.r2.-d3.r0.f0.r0.-f0.-d0.-f3.d0.f0.-r1.-f0.-d0.f0.r1.r2.f0.-r2.-f0.f3.d3,53,53
250,d1.d2.r1.r1.-f2.-r3.-f3.r2.f0.-f1.r2.-d3.-f2.f3.d3.f2.-d3.-f3.r3.f2.d3.-f3.-d3.f3.d3.-r3.d3.-r2.-f3.r3.f3.r2.-r0.-d3.r0.f0.r0.-f0.-d0.-f3.d0.f0.-r1.-f0.-d0.f0.r2.r1.f0.-r2.f3.-f0.d3,53,53
267,-r0.-d3.f2.-r0.f3.r1.d1.-f0.-r0.-f3.d0.r3.-r1.-f3.d2.f1.f2.-r2.r3.-f2.-r3.-d2.r3.r3.-f0.r1.r3.-d3.-r1.-d3.d0.f1.d3.-r3.d0.-r1.-d0.-f1.-r0.r1.f1.r3.-d0.-f1.d0.-r1.r0.d2,48,48
267,d0.f1.-r1.d1.-f0.-d1.d2.-f2.r0.-d1.f3.-d1.r3.-d3.-d3.d1.r3.-f1.-f2.-r2.r3.-d0.-f2.-r0.-f3.r0.d0.f0.-d2.f3.r2.-f3.-d0.f2.-d1.-f2.-r2.d2.-r2.r0.-d1.-r2.-d1.-d1.-r0.f2.-r2.-r2,48,48
267,d0.f1.-r1.d1.-f0.-d1.d2.-f2.r0.-d1.f3.-d1.r3.d1.d3.d3.r3.-f1.-f2.-r2.r3.-d0.-f2.-r0.-f3.r0.d0.f0.-d2.f3.r2.-f3.-d0.f2.-d1.-f2.-r2.d2.r0.-r2.-d1.-r2.d1.d1.-r0.f2.r2.r2,48,48
267,d0.f1.-r1.d1.-f0.-d1.d2.-f2.r0.-d1.f3.-d1.r3.d3.d3.d1.r3.-f1.-f2.-r2.r3.-d0.-f2.-r0.-f3.r0.d0.f0.-d2.f3.r2.-f3.-d0.f2.-d1.-f2.-r2.d2.-r2.r0.-d1.-r2.d1.d1.-r0.f2.r2.r2,48,48
267,d0.f1.-r1.d1.-f0.d2.-d1.-f2.r0.-d1.f3.-d1.r3.d1.-d3.-d3.r3.-f1.-f2.-r2.r3.-d0.-f2.-r0.-f3.r0.d0.f0.-d2.f3.r2.-f3.-d0.f2.-d1.-f2.-r2.d2.-r2.r0.-d1.-r2.d1.d1.-r0.f2.r2.r2,48,48
267,d0.f1.-r1.d1.-f0.d2.-d1.-f2.r0.-d1.f3.-d1.r3.d3.d3.d1.r3.-f2.-f1.r3.-r2.-d0.-f2.-r0.-f3.r0.d0.f0.-d2.f3.r2.-f3.-d0.f2.-d1.-f2.-r2.d2.r0.-r2.-d1.-r2.d1.d1.-r0.f2.-r2.-r2,48,48
267,d0.f1.-r1.d1.-f0.d2.-d1.-f2.r0.-d1.f3.-d1.r3.d1.-d3.-d3.r3.-f1.-f2.-r2.r3.-d0.-f2.-r0.-f3.r0.d0.f0.-d2.f3.r2.-f3.-d0.f2.-d1.-f2.-r2.d2.-r2.r0.-d1.-r2.d1.d1.-r0.f2.r2.r2,50,48
278,r2.d3.f0.-r1.-d0.-d0.-f1.r1.r2.-d0.-d2.-f3.f1.r3.d3.r0.r3.-d3.r2.d3.-f3.r1.-f3.d0.-f3.-r3.f3.-r1.r3.d0.-f1.-d0.r1.-f1.-f3.-d2.d0.r2.d2.-r0.-d1.-r3.f1.-r2.-f1.-r2.r3.d1.r0,49,49
278,r2.d3.f0.-r1.-d0.-d0.-f1.r1.r2.-d2.-d0.f1.-f3.r3.d3.r0.r3.-d3.r2.d3.-f3.r1.-f3.d0.-f3.-r3.f3.-r1.r3.d0.-f1.-d0.r1.-f3.-f1.-d2.d0.r2.d2.-r0.-d1.-r3.f1.-r2.-f1.r3.-r2.d1.r0,49,49
278,r2.d3.f0.-r1.d0.d0.-f1.r1.r2.-d0.-d2.-f3.f1.r3.d3.r0.r3.-d3.r2.d3.-f3.r1.-f3.d0.-f3.-r3.f3.-r1.r3.d0.-f1.-d0.r1.-f1.-f3.-d2.d0.r2.d2.-r0.-d1.-r3.f1.-r2.-f1.-r2.r3.d1.r0,49,49
278,r2.d3.f0.-r1.d0.d0.-f1.r1.r2.-d0.-d2.f1.-f3.r3.d3.r0.r3.-d3.r2.d3.-f3.r1.-f3.d0.-f3.-r3.f3.-r1.r3.d0.-f1.-d0.r1.-f1.-f3.d0.-d2.r2.d2.-r0.-d1.-r3.f1.-r2.-f1.-r2.r3.d1.r0,49,49
278,r2.d3.f0.-r1.d0.d0.-f1.r1.r2.-d2.-d0.-f3.f1.r3.d3.r0.r3.-d3.r2.d3.-f3.r1.-f3.d0.-f3.-r3.f3.-r1.r3.d0.-f1.-d0.r1.-f3.-f1.-d2.d0.r2.d2.-r0.-d1.-r3.f1.-r2.-f1.-r2.r3.d1.r0,49,49
278,r2.d3.f0.-r1.d0.d0.-f1.r2.r1.-d2.-d0.-f3.f1.r3.d3.r3.r0.-d3.r2.d3.-f3.r1.-f3.d0.-f3.-r3.f3.-r1.r3.d0.-f1.-d0.r1.-f3.-f1.-d2.d0.r2.d2.-r0.-d1.-r3.f1.-r2.-f1.-r2.r3.d1.r0,49,49
278,r2.d3.f0.-r1.d0.d0.-f1.r2.r1.-d2.-d0.f1.-f3.r3.d3.r3.r0.-d3.r2.d3.-f3.r1.-f3.d0.-f3.-r3.f3.r3.-r1.d0.-f1.-d0.r1.-f3.-f1.d0.-d2.r2.d2.-r0.-d1.-r3.f1.-r2.-f1.r3.-r2.d1.r0,49,49
278,r1.d3.f0.-r2.d2.f3.r0.r3.-f1.r3.-d0.f2.-r2.-d0.f0.f3.-r0.-r3.-d3.f1.-d1.-f1.-d0.d3.f0.r3.f3.-r0.f3.d0.-f3.-d3.-r3.-f3.r3.d3.r0.-r3.-f1.r3.-d3.-r0.-d0.-f1.d0.r0.-d0.f1.d0.d3.-f0,51,51
278,r1.d3.f0.-r2.d2.f3.r0.r3.-f1.r3.-d0.f2.-r2.-d0.f0.f3.-r3.-r0.-d3.f1.-d1.-f1.-d0.d3.f0.r3.f3.-r0.f3.d0.-f3.-d3.-r3.-f3.r3.d3.-r3.r0.-f1.r3.-d3.-r0.-d0.-f1.d0.r0.-d0.f1.d0.d3.-f0,51,51
278,r1.d3.f0.-r2.d2.f3.r0.r3.-f1.r3.-d0.f2.-r2.-d0.-f1.-f2.d0.d3.-r3.f1.-r1.-f1.-r0.r3.f0.-d0.f3.d3.f3.r0.-f3.-r3.d0.-f3.-d0.r3.d0.-d3.f0.f2.f3.r3.-d3.-r0.-d0.-f1.d0.r0.-d0.f1.d0.d3.-f0,53,53
278,r1.d3.f0.-r2.d2.f3.r0.r3.-f1.r3.-d0.f2.-r2.-d0.-f1.-f2.d3.d0.-r3.f1.-r1.-f1.r3.-r0.f0.-d0.f3.d3.f3.r0.-f3.-r3.d0.-f3.-d0.r3.d0.-d3.f0.f2.f3.r3.-d3.-r0.-d0.-f1.d0.r0.-d0.f1.d0.d3.-f0,53,53
285,-f1.r0.f0.-d3.d2.-r0.-r2.d3.-r0.-f3.r2.-d2.r0.r2.f3.r1.-d3.r0.-f3.-r0.-r1.f2.f3.d3.-r3.-d3.f3.d3.-f1.-d3.-r2.-f2.-f3.f0.d2.r3.-f1.r3.-d2.-r2.d2.-r3.d2.r2.f1.-r2.-d2.-r3,48,48
285,-f1.r0.f0.-d3.d2.-r2.-r0.d3.-r0.-f3.r2.-d2.r2.r0.f3.r1.-d3.r0.-f3.-r1.-r0.f3.f2.d3.-r3.-d3.f3.d3.-f1.-d3.-r2.-f3.-f2.f0.d2.r3.-f1.r3.-d2.-r2.d2.-r3.d2.r2.f1.-r2.-d2.-r3,48,48
285,-f1.r0.f0.d2.-d3.-r0.-r2.d3.-r0.-f3.r2.-d2.r0.r2.f3.r1.-d3.r0.-f3.-r0.-r1.f2.f3.d3.-r3.-d3.f3.d3.-f1.-d3.-r2.f0.-f2.-f3.d2.r3.-f1.r3.-d2.-r2.d2.-r3.d2.r2.f1.-r2.-d2.-r3,48,48
285,-f1.r0.f0.d2.-d3.-r2.-r0.d3.-r0.-f3.r2.-d2.r2.r0.f3.r1.-d3.r0.-f3.-r0.-r1.f3.f2.d3.-r3.-d3.f3.d3.-f1.-d3.-r2.-f3.f0.-f2.d2.r3.-f1.r3.-d2.-r2.d2.-r3.d2.r2.f1.-r2.-d2.-r3,48,48
285,-f1.r0.f0.d2.-d3.-r2.-r0.d3.-r0.-f3.r2.-d2.r2.r0.f3.r1.-d3.r0.-f3.-r1.-r0.f3.f2.d3.-r3.-d3.f3.d3.-f1.-d3.-r2.-f3.-f2.f0.d2.r3.-f1.r3.-d2.-r2.d2.-r3.d2.r2.f1.-r2.-d2.-r3,48,48
287,-d1.-r3.f1.r2.d3.r1.d0.f0.d0.f1.-d2.-f3.r2.d2.f3.r3.-d0.-f3.-d0.f2.-d0.r0.d0.-r0.-d1.-f2.r0.r1.-f2.-r1.f3.-d0.-r0.f1.d1.-f1.r0.-f2.-r1.d1.r1.f0.r1.-f1.-r1.f1.-d1.f2,48,48
287,-d1.-r3.f1.r2.d3.r1.d0.f0.d0.f1.-d2.-f3.r2.d2.f3.r3.-d0.-f3.-d0.f2.-d0.r0.d0.-r0.-d1.-f2.r1.r0.-f2.-r1.f3.-d0.-r0.f1.d1.-f1.r0.-f2.-r1.d1.r1.f0.r1.-f1.-r1.f1.-d1.f2,48,48
287,-r1.f3.r0.-f0.r2.d3.-r1.r0.-f1.-d1.r2.-f0.-r2.f3.-r1.-f1.-r3.-d3.f1.-r2.r3.r1.f3.-r0.d0.-d2.-r3.d1.-f3.-d0.f3.d2.-f3.-d3.-r3.d3.-f0.-f1.r1.f0.r0.-r1.-f0.-r0.-d0.-r1.d0.r1.f1.d0,50,50
287,-r1.f3.r0.-f0.r2.d3.r0.-r1.-f1.-d1.r2.-f0.-r2.f3.-r1.-f1.-r3.-d3.f1.r1.-r2.r3.f3.-r0.d0.-d2.-r3.d1.-f3.-d0.f3.d2.-f3.-d3.-r3.d3.-f0.-f1.r1.f0.r0.-r1.-f0.-r0.-d0.-r1.d0.r1.f1.d0,50,50
289,r3.d2.-r0.f0.r2.f2.r0.d3.-f1.f3.-d0.f0.-r3.-f0.-r3.d2.-f3.f0.d3.f3.-d3.r3.-d0.r2.d0.-r3.-d0.d1.f2.-d1.f0.-d2.f0.d2.-f2.f1.-d1.r1.-d2.-f1.-r1.r2.-f1.-r1.d1.-f0.-d1.f1,48,48
289,r3.d2.-r0.f0.r2.f2.r0.d3.-f1.f3.-d0.f0.-r3.-f0.-r3.d2.f0.-f3.d3.f3.-d3.r3.-d0.r2.d0.-r3.-d0.d1.f2.-d1.f0.-d2.f0.d2.f1.-f2.-d1.r1.-d2.-f1.-r1.r2.-f1.-r1.d1.-f0.-d1.f1,48,48
289,r3.d2.-r0.f0.r2.f2.r0.d3.f3.-f1.-d0.f0.-r3.-f0.-r3.d2.f0.-f3.d3.f3.-d3.r3.-d0.r2.d0.-r3.d1.-d0.f2.-d1.f0.-d2.f0.d2.f1.-f2.-d1.r1.-d2.-f1.r2.-r1.-f1.-r1.d1.-f0.-d1.f1,48,48
295,-f1.-f2.d1.f3.r1.d0.r3.-d2.-f2.-d1.d2.d3.f0.d3.f1.f2.-d0.d3.r2.-d0.-f0.r0.d3.-r3.d2.-f3.d0.f3.d3.-r3.d0.d1.-r3.-r3.-d0.-r3.-f3.-f3.d0.f3.d0.f3.-d1.-d2.-f3.d1.d2.-r3,48,48
295,-f1.-f2.d1.f3.r1.d0.r3.-d2.-f2.-d1.d2.d3.f0.d3.f1.f2.-d0.d3.r2.-d0.-f0.r0.d3.-r3.d2.-f3.d0.f3.d3.-r3.d0.d1.r3.r3.-d0.-r3.f3.f3.d0.f3.d0.f3.-d1.-d2.-f3.d1.d2.-r3,48,48
295,-f1.-f2.d1.f3.r1.d0.r3.-d2.-f2.-d1.d2.d3.f0.d3.f1.f2.-d0.d3.r2.-d0.-f0.r0.d3.-r3.d2.-f3.d0.f3.d3.-r3.d0.d1.r3.r3.-d0.-r3.f3.f3.d0.f3.d0.f3.d0.d3.-r3.-d0.-d3.-r3,48,48
295,-f1.-f2.d1.f3.r1.d0.r3.-d2.-f2.-d1.d2.d3.f0.d3.f1.f2.-d0.d3.r2.-d0.-f0.r0.d3.-r3.d2.-f3.d0.f3.d3.-r3.d0.d1.r3.r3.-d0.-r3.f3.f3.d0.f3.d0.f3.d0.d3.-r3.-d3.-d0.-r3,48,48
295,-f1.-f2.d1.f3.r1.d0.r3.-d2.-f2.-d1.d3.d2.f0.d3.f2.f1.-d0.d3.r2.-d0.-f0.r0.d3.-r3.d2.-f3.d0.f3.d3.-r3.d0.d1.-r3.-r3.-d0.-r3.f3.f3.d0.f3.d0.f3.-d1.-d2.-f3.d2.d1.-r3,48,48
295,-f1.-f2.d1.f3.r1.d0.r3.-d2.-f2.-d1.d3.d2.f0.d3.f2.f1.-d0.d3.r2.-d0.-f0.r0.d3.-r3.d2.-f3.d0.f3.d3.-r3.d0.d1.r3.r3.-d0.-r3.f3.f3.d0.f3.d0.f3.-d1.-d2.-f3.d2.d1.-r3,48,48
295,-f1.-f2.d1.f3.r1.d0.r3.-d2.-f2.d3.-d1.d2.f0.d3.f2.f1.-d0.d3.r2.-d0.-f0.r0.d3.-r3.d2.-f3.d0.f3.d3.-r3.d0.d1.-r3.-r3.-d0.-r3.f3.f3.d0.f3.d0.f3.-d1.-d2.-f3.d1.d2.-r3,48,48
295,-f1.-f2.d1.f3.r1.d0.r3.-d2.-f2.d3.-d1.d2.f0.d3.f2.f1.-d0.d3.r2.-d0.-f0.r0.d3.-r3.d2.-f3.d0.f3.d3.-r3.d0.d1.-r3.-r3.-d0.-r3.f3.f3.d0.f3.d0.f3.d3.d0.-r3.-d3.-d0.-r3,48,48
295,-f2.-f1.d1.f3.r1.d0.r3.-d2.-f2.-d1.d3.d2.f0.d3.f2.f1.-d0.d3.r2.-d0.-f0.r0.d3.-r3.d2.-f3.d0.f3.d3.-r3.d1.d0.r3.r3.-d0.-r3.f3.f3.d0.f3.d0.f3.-d2.-d1.-f3.d2.d1.-r3,48,48
295,-f2.-f1.d1.f3.r1.d0.r3.-d2.-f2.d2.-d1.d3.f0.d3.f2.f1.d3.-d0.r2.-d0.-f0.r0.d3.-r3.d2.-f3.d0.f3.d3.-r3.d1.d0.r3.r3.-d0.-r3.f3.f3.d0.f3.d0.f3.-d2.-d1.-f3.d1.d2.-r3,48,48
297,-f1.f3.r0.d2.-r2.-d1.-f0.-r3.d0.f0.-r2.-f0.f2.d1.r3.f2.-d1.r3.-f3.-f3.f1.-d0.r0.d0.r0.d2.-r0.f3.r3.-f2.-r1.f2.-r1.f0.-r1.r3.-f1.-f1.-r1.-r1.-f1.-r0.-r1.-f0.r1.f0.r0.-d3.f1.d3,50,50
297,-f1.f3.r0.d2.-r2.-d1.-f0.-r3.d0.f0.-r2.-f0.f2.d1.r3.f2.-d1.r3.-f3.-f3.f1.-d0.r0.d0.r0.d2.-r0.f3.r3.-f2.-r1.f2.-r1.f0.-r1.r3.f1.f1.r1.r1.-f1.-r0.-r1.-f0.r1.f0.r0.-d3.f1.d3,50,50
297,-f1.f3.r0.d2.-r2.-d1.-f0.-r3.d0.f0.-r2.-f0.f2.d1.r3.f2.-d1.r3.f1.f3.f3.-d0.r0.d0.r0.d2.-r0.f3.r3.-f2.-r1.f2.-r1.f0.-r1.r3.f1.f1.r1.r1.-f1.-r0.-r1.-f0.r1.f0.r0.-d3.f1.d3,50,50
297,-f1.f3.r0.d2.-r2.-d1.-f0.-r3.d0.f0.-r2.-f0.f2.d1.r3.f2.-d1.r3.f3.f3.f1.-d0.r0.d0.r0.d2.-r0.f3.r3.-f2.-r1.f2.-r1.f0.-r1.r3.f1.f1.r1.r1.-f1.-r0.-r1.-f0.r1.f0.r0.-d3.f1.d3,50,50
297,-f1.f3.r0.d2.-r2.-d1.-f0.-r3.d0.f0.-r2.-f0.f2.d1.r3.f2.-d1.r3.f3.f3.f1.-d0.r0.d0.r0.d2.-r0.f3.r3.-f2.-r1.f2.-r1.f0.-r1.r3.f1.f1.r1.r1.-f1.-r1.-r0.-f0.r1.f0.r0.-d3.f1.d3,50,50
297,f3.-f1.r0.d2.-r2.-d1.-f0.-r3.d0.f0.-r2.-f0.f2.d1.r3.f2.-d1.r3.f3.f1.f3.-d0.r0.d0.r0.d2.-r0.f3.r3.-f2.-r1.f2.-r1.f0.-r1.r3.-f1.-f1.r1.r1.-f1.-r0.-r1.-f0.r1.f0.r0.-d3.f1.d3,50,50
297,f3.-f1.r0.d2.-r2.-d1.-f0.-r3.d0.f0.-r2.f2.-f0.d1.r3.f2.-d1.r3.f3.f3.f1.-d0.r0.d0.r0.d2.-r0.f3.r3.-f2.-r1.f2.-r1.f0.r3.-r1.f1.f1.r1.r1.-f1.-r1.-r0.-f0.r1.f0.r0.-d3.f1.d3,50,50
297,-r0.d1.-f1.f3.r3.d0.-f1.-r2.-f3.r1.-d1.r0.d1.-r3.-f2.-d3.-r3.f2.-d3.-r2.d3.-f3.r3.d0.f3.d3.f0.-f3.d0.-d2.-f3.-d0.f3.d2.-r1.-r2.-d0.r1.d0.-f0.-d0.f0.r2.d3.r3.-f2.-r3.-d3.r3.d3.-f0.f2,52,52
297,-r0.d1.f3.-f1.r3.d0.-f1.-r2.-f3.r1.-d1.r0.d1.-r3.-f2.-d3.-r3.f2.-d3.-r2.d3.-f3.r3.d0.f3.d3.f0.-f3.d0.-d2.-f3.-d0.f3.d2.-r1.-r2.-d0.r1.d0.-f0.-d0.f0.r2.d3.r3.-f2.-r3.-d3.r3.d3.f2.-f0,52,52
305,-d0.r2.d2.-r0.-r1.-d1.d2.r2.f0.d3.f0.d3.r0.-f2.-d3.-r3.d3.-r3.-d0.r0.r2.-f2.-r0.-d2.-f3.d0.f3.r1.-f3.-f3.r1.f3.-d0.-r2.-r3.-d2.-r1.d2.-f3.-d3.-f2.f3.-r2.d2.r2.f2.d3.-r1,48,48
305,-d0.r2.d2.-r0.-r1.-d1.d2.r2.f0.d3.f0.d3.r0.-f2.-d3.-r3.d3.-r3.-d0.r0.r2.-f2.-r0.-d2.-f3.d0.f3.r1.f3.f3.r1.f3.-d0.-r2.-r3.-d2.-r1.d2.-f3.-d3.-f2.f3.-r2.d2.r2.f2.d3.-r1,48,48
305,-d0.r2.d2.-r1.-r0.-d1.d2.r2.f0.d3.f0.d3.r0.-f2.-d3.-r3.d3.-r3.-d0.r2.r0.-f2.-r0.-d2.-f3.d0.f3.r1.-f3.-f3.r1.f3.-d0.-r3.-r2.-d2.-r1.d2.-f3.-d3.f3.-f2.-r2.d2.r2.f2.d3.-r1,48,48
305,-d0.r2.d2.-r1.-r0.-d1.d2.r2.f0.d3.f0.d3.r0.-f2.-d3.-r3.d3.-r3.-d0.r2.r0.-f2.-r0.-d2.-f3.d0.f3.r1.f3.f3.r1.f3.-d0.-r3.-r2.-d2.-r1.d2.-f3.-d3.-f2.f3.-r2.d2.r2.f2.d3.-r1,48,48
305,-d0.r2.d2.-r1.-r0.d2.-d1.r2.f0.d3.f0.d3.r0.-f2.-d3.-r3.d3.-r3.-d0.r2.r0.-f2.-r0.-d2.-f3.d0.f3.r1.f3.f3.r1.f3.-d0.-r3.-r2.-d2.-r1.d2.-f3.-d3.f3.-f2.-r2.d2.r2.f2.d3.-r1,48,48
312,-d1.-f2.r2.f0.-r0.f2.-r0.-d0.-r0.d1.r1.-d0.-d0.-d3.-f0.f1.d1.-f1.-f1.-f2.-r0.f1.d1.r1.-d1.d2.f2.-r1.-r3.f3.-r3.-d3.f0.d0.-r0.-f3.r3.-f0.d3.-r3.r0.-d0.-r0.-r3.-d0.-f0.-r3.-d3.r3,49,49
312,-d1.-f2.r2.f0.-r0.f2.-r0.-d0.-r0.d1.r1.-d0.-d3.-d0.-f0.f1.d1.-f1.-f2.-f1.-r0.f1.d1.r1.-d1.d2.f2.-r1.-r3.f3.-r3.-d3.f0.d0.-r0.-f3.r3.-f0.d3.r0.-r3.-d0.-r0.-r3.-d0.-f0.-r3.-d3.r3,49,49
312,-d1.-f2.r2.f0.-r0.f2.-r0.-d0.-r0.d1.r1.-d0.-d3.-d0.-f0.f1.d1.-f1.-f2.-f1.-r0.f1.d1.r1.-d1.d2.f2.-r3.-r1.f3.-r3.-d3.f0.d0.-r0.-f3.r3.-f0.d3.-r3.r0.-d0.-r3.-r0.-d0.-f0.-r3.-d3.r3,49,49
312,-d1.-f2.r2.f0.-r0.f2.-r0.-d0.-r0.d1.r1.d0.d0.-d3.-f0.f1.d1.f1.f1.-f2.-r0.f1.d1.r1.-d1.d2.f2.-r1.-r3.f3.-r3.-d3.f0.d0.-r0.-f3.r3.-f0.d3.-r3.r0.-d0.-r0.-r3.-d0.-f0.-r3.-d3.r3,49,49
312,-d1.-f2.r2.f0.-r0.f2.-r0.-d0.-r0.d1.r1.d0.d0.-d3.-f0.f1.d1.f1.f1.-f2.-r0.f1.d1.r1.-d1.d2.f2.-r1.-r3.f3.-r3.-d3.f0.d0.-r0.-f3.r3.-f0.d3.r0.-r3.-d0.-r0.-r3.-d0.-f0.-r3.-d3.r3,49,49
312,-d1.-f2.r2.f0.-r0.f2.-r0.-d0.-r0.d1.r1.d0.d0.-d3.f1.-f0.d1.f1.f1.-f2.-r0.f1.d1.r1.d2.-d1.f2.-r3.-r1.f3.-r3.-d3.f0.d0.-r0.-f3.r3.-f0.d3.r0.-r3.-d0.-r3.-r0.-d0.-f0.-r3.-d3.r3,49,49
312,-r2.-r2.r1.d1.f0.-d3.d2.f3.-r3.-f2.-r1.d3.-r1.f2.r1.d3.f1.-d0.-f1.d0.f0.-r0.-r2.-d0.-f3.-d0.r2.f3.r2.-d0.d1.-r1.r2.f0.-d2.-f0.r1.r2.d0.-f1.r2.-f2.-r2.-f2.-f2.-f3.r2.-f2.f1.-r2.d1,51,51
312,r1.-r2.-r2.d1.f0.-d3.d2.f3.-r3.-f2.-r1.d3.-r1.f2.r1.d3.f1.-d0.-f1.d0.f0.-r0.-r2.-d0.-f3.-d0.r2.f3.r2.-d0.d1.-r1.r2.f0.-d2.-f0.r1.r2.d0.-f1.r2.-f2.-r2.-f3.f2.f2.r2.-f2.f1.-r2.d1,51,51
312,r1.r2.r2.d1.f0.d2.-d3.f3.-r3.-f2.-r1.d3.-r1.f2.r1.d3.f1.-d0.-f1.d0.f0.-r0.-r2.-d0.-f3.-d0.r2.f3.r2.-d0.d1.-r1.r2.f0.-d2.-f0.r1.r2.d0.-f1.r2.-f2.-r2.f2.f2.-f3.r2.f1.-f2.-r2.d1,51,51
327,d3.-r3.-d2.f3.d3.-r3.-f0.-f0.f2.d1.d3.r1.f2.d3.f0.-d3.-r2.-f2.-d3.-d3.d0.r0.-f0.-f3.-d3.-r2.r3.-d3.-r2.d3.r3.-d0.-d3.d2.r2.-d0.-d2.d3.-f2.-d0.-d0.r2.-f0.-r2.d1.r2.-d1.d0,48,48
327,d3.-r3.-d2.f3.d3.-r3.-f0.f2.-f0.d1.d3.r1.f2.d3.f0.-d3.-r2.-f2.-d3.-d3.d0.r0.-f0.-f3.-d3.-r2.r3.-d3.-r2.d3.r3.-d3.-d0.d2.r2.-d2.d3.-d0.-f2.-d0.-d0.r2.-f0.-r2.d1.r2.-d1.d0,48,48
327,d3.-r3.-d2.f3.d3.-r3.f0.f0.f2.d1.d3.r1.f2.d3.f0.-d3.-r2.-f2.-d3.-d3.d0.r0.-f0.-f3.-d3.-r2.r3.-d3.-r2.d3.r3.-d0.-d3.d2.r2.-d0.-d2.d3.-f2.d0.d0.r2.-f0.-r2.d1.r2.-d1.d0,48,48
327,d3.-r3.-d2.f3.d3.-r3.f0.f0.f2.d1.d3.r1.f2.d3.f0.-d3.-r2.-f2.d0.d3.d3.r0.-f0.-f3.-d3.-r2.r3.-d3.-r2.d3.r3.-d0.d2.-d3.r2.-d0.-d2.d3.-f2.d0.d0.r2.-f0.-r2.d1.r2.d0.-d1,48,48
327,d3.-r3.-d2.f3.d3.-r3.f0.f0.f2.d1.d3.r1.f2.d3.f0.-d3.-r2.-f2.d3.d3.d0.r0.-f0.-f3.-d3.-r2.r3.-d3.-r2.d3.r3.-d0.-d3.d2.r2.-d0.-d2.d3.-f2.d0.d0.r2.-f0.-r2.d1.r2.-d1.d0,48,48
327,d3.-r3.-d2.f3.d3.-r3.f0.f0.f2.d3.d1.r1.f2.d3.f0.-d3.-r2.-f2.d3.d3.d0.r0.-f3.-f0.-d3.-r2.r3.-d3.-r2.d3.r3.-d3.-d0.d2.r2.-d2.-d0.d3.-f2.d0.d0.r2.-f0.-r2.d1.r2.-d1.d0,48,48
327,d3.-r3.-d2.f3.d3.-r3.f0.f0.f2.d3.d1.r1.f2.d3.f0.-d3.-r2.-f2.d3.d3.d0.r0.-f3.-f0.-d3.r3.-r2.-d3.-r2.d3.r3.-d3.-d0.d2.r2.-d2.-d0.d3.-f2.d0.d0.r2.-f0.-r2.d1.r2.d0.-d1,48,48
327,d1.r0.d1.r0.d0.-f2.d0.-r2.d3.r0.-d1.d0.f1.d3.f2.r3.d3.r3.-d3.-r3.r1.-f2.r2.d0.-r2.-d0.-r1.d0.r0.r3.d3.-f3.-d3.-r3.d3.f0.-r2.d0.r2.-f1.-d0.f3.f1.-d0.r3.r2.-f1.-d0.f1.d0.-r2.-r3,52,52
327,d1.r0.d1.r0.d0.-f2.d0.-r2.d3.r0.d0.-d1.f1.d3.f2.r3.d3.r3.-d3.r1.-r3.-f2.r2.d0.-r2.-d0.-r1.d0.r0.r3.d3.-f3.-d3.-r3.d3.f0.-r2.d0.r2.-f1.-d0.f1.f3.-d0.r2.r3.-f1.-d0.f1.d0.-r2.-r3,52,52
342,-f2.f1.r1.-f3.-r0.-f2.-r2.f1.-d3.-r3.-f0.f1.d3.-r1.d1.d3.r1.-d3.r1.-f2.-d0.-r1.-r3.d0.-f3.d1.r2.d2.r0.-f2.d1.f2.-d1.f3.-d0.-f1.-d3.r1.d1.f2.d1.-r1.-f2.-d1.d3.-f1.d1.f1.d1,49,49
342,-f2.f1.r1.-f3.-r0.-f2.-r2.f1.-d3.-r3.-f0.f1.d3.-r1.d3.d1.r1.-d3.r1.-f2.-d0.-r3.-r1.d0.-f3.d1.r2.d2.r0.-f2.d1.f2.-d1.f3.-d0.-f1.-d3.r1.d1.f2.d1.-r1.-f2.-d1.d3.-f1.d1.f1.d1,49,49
342,f1.-f2.r1.-f3.-r0.-f2.-r2.f1.-d3.-r3.-f0.f1.d3.-r1.d1.d3.r1.-d3.r1.-f2.-d0.-r1.-r3.d0.-f3.d1.r2.d2.r0.-f2.d1.f2.-d1.f3.-d0.-f1.-d3.r1.d1.f2.d1.-r1.-f2.-d1.d3.-f1.d1.f1.d1,49,49
342,f1.-f2.r1.-f3.-r0.-f2.-r2.f1.-d3.-r3.f1.-f0.d3.-r1.d1.d3.r1.-d3.r1.-f2.-d0.-r1.-r3.d0.-f3.d1.r2.d2.r0.-f2.d1.f2.-d1.f3.-d0.-f1.-d3.r1.d1.f2.d1.-r1.-f2.-d1.d3.-f1.d1.f1.d1,49,49
342,f1.-f2.r1.-f3.-r0.-f2.-r2.f1.-d3.-r3.f1.-f0.d3.-r1.d3.d1.r1.-d3.r1.-f2.-d0.-r3.-r1.d0.-f3.d1.r2.d2.r0.-f2.d1.f2.-d1.f3.-d0.-f1.-d3.r1.d1.f2.d1.-r1.-f2.d3.-d1.-f1.d1.f1.d1,49,49
342,-f1.-r3.d2.f0.-r3.-d0.r2.-d0.-d2.f2.-r3.-d0.r3.d1.d1.f0.-r2.-f2.r2.-d1.r2.f2.-r2.d3.r3.-d3.r2.-d1.-f0.-r3.-f3.r3.d2.f0.-d2.-f0.r3.-d2.f3.d3.-f3.-r3.d2.r3.f0.-f2.-r3.f3.r3.-f0.f2.f3.-d3,53,53
342,-f1.-r3.d2.f0.-r3.-d0.r2.-d2.-d0.f2.-r3.-d0.r3.d1.d1.f0.-r2.-f2.r2.-d1.r2.f2.-r2.d3.r3.-d3.r2.-d1.-f0.-r3.-f3.r3.d2.f0.-d2.-f0.r3.-d2.f3.d3.-f3.-r3.d2.r3.f0.-f2.-r3.f3.r3.-f0.f3.f2.-d3,53,53
345,-d1.-d3.f0.-d1.r2.-d0.-r3.r1.f1.f2.-r2.r3.-f0.d0.-f3.-d1.-f1.-f3.r0.f3.-d0.-d3.-r0.-r1.f1.r0.-f1.r1.d3.-r0.f2.-r1.-d2.r0.d2.r0.r1.-f0.d2.d3.f2.-d3.f2.d3.f2.-d3.f2.-d2,48,48
345,-d1.-d3.f0.-d1.r2.-d0.-r3.r1.f2.f1.-r2.r3.-f0.d0.-f3.-d1.-f3.-f1.r0.f3.-d3.-d0.-r0.-r1.f1.r0.-f1.r1.d3.-r0.f2.-r1.-d2.r0.d2.r1.r0.-f0.d2.d3.f2.-d3.f2.d3.f2.-d3.f2.-d2,48,48
345,-d1.-d3.f0.-d1.r2.-d0.r1.-r3.f1.f2.-r2.r3.-f0.d0.-f3.-d1.-f1.-f3.r0.f3.-d0.-d3.-r0.-r1.f1.r0.-f1.r1.d3.-r0.f2.-r1.-d2.r0.d2.r0.r1.-f0.d2.d3.f2.-d3.f2.d3.f2.-d3.f2.-d2,48,48
345,-d3.-d1.f0.-d1.r2.-d0.r1.-r3.f2.f1.r3.-r2.-f0.d0.-f3.-d1.-f3.-f1.r0.f3.-d3.-d0.-r1.-r0.f1.r0.-f1.r1.d3.-r0.f2.-r1.-d2.r0.d2.r1.r0.-f0.d3.d2.f2.-d3.f2.d3.f2.-d3.f2.-d2,48,48
345,r1.-d1.-d3.-f3.-r3.r0.d1.-r1.d1.r0.d2.-f1.-d0.r0.-d0.-d0.r3.r1.r1.-d2.r1.d1.-r3.-f3.-d0.f3.f1.-d1.-r1.-r2.-d1.-r0.f2.-r0.d1.d1.r1.d1.d1.r2.-d1.r3.d1.r3.-f1.-r3.-f0.f1,48,48
345,r1.-d1.-d3.-f3.-r3.r0.d1.-r1.d1.r0.d2.-f1.-d0.r0.-d0.-d0.r3.r1.r1.-d2.r1.d1.-r3.-f3.-d0.f3.f1.-d1.-r1.-r2.-d1.-r0.f2.-r0.d1.d1.r1.d1.d1.r2.-d1.r3.d1.r3.-f1.-r3.f1.-f0,48,48
347,d2.r1.-f0.r0.-d2.-f0.-d0.-r3.d3.r1.r3.-d0.r1.-d0.r0.r2.f0.-d3.-r2.-f3.d3.-r2.-d3.-f0.-f0.r1.d1.d3.-r2.-f1.-r1.f3.d1.f1.-r2.f1.d1.f3.r2.-f1.r2.-f3.-d1.-r2.-r2.-d1.-d1.r2,48,48
347,d2.r1.-f0.r0.-d2.-f0.-d0.-r3.d3.r1.r3.-d0.r1.-d0.r0.r2.f0.-d3.-r2.-f3.d3.-r2.-d3.-f0.-f0.r1.d1.d3.-r2.-f1.-r1.f3.d1.f1.-r2.f1.d1.f3.r2.-f1.r2.-f3.-d1.-r2.-r2.d1.d1.r2,48,48
347,d2.r1.-f0.r0.-d2.-f0.-d0.-r3.d3.r1.r3.-d0.r1.-d0.r0.r2.f0.-d3.-r2.-f3.d3.-r2.-d3.f0.f0.r1.d1.d3.-r2.-f1.-r1.f3.d1.f1.-r2.f1.d1.f3.r2.-f1.r2.-f3.-d1.r2.r2.d1.d1.r2,48,48
347,d2.r1.-f0.r0.-d2.-f0.-d0.-r3.d3.r1.r3.-d0.r1.-d0.r2.r0.f0.-d3.-r2.-f3.d3.-r2.-d3.-f0.-f0.r1.d1.d3.-r2.-f1.-r1.f3.d1.f1.-r2.f1.d1.f3.r2.-f1.r2.-f3.-d1.r2.r2.d1.d1.r2,48,48
347,d2.r1.-f0.r0.-d2.-f0.-d0.-r3.d3.r3.r1.-d0.r1.-d0.r2.r0.f0.-d3.-r2.-f3.d3.-r2.-d3.f0.f0.r1.d3.d1.-r2.-f1.-r1.f3.d1.f1.-r2.f1.d1.f3.r2.-f1.r2.-f3.-d1.r2.r2.d1.d1.r2,48,48
355,-f0.-d0.f2.-d1.r2.-d3.-f1.-d3.-d3.r0.-f3.r1.-f0.d0.f0.r1.-d0.-f0.-f1.-f1.-r3.f2.-r0.r3.-d3.r0.f0.-d0.-d0.-r1.f2.-r2.d1.-r0.-r3.f3.-d2.d0.-f2.-r2.d2.f2.-r1.-d2.r1.r2.-d0.-f0,48,48
355,-f0.-d0.f2.-d1.r2.-d3.-f1.-d3.-d3.r0.-f3.r1.-f0.d0.f0.r1.-d0.-f0.-f1.-f1.-r3.f2.-r0.r3.-d3.r0.f0.-d0.-d0.-r1.f2.-r2.d1.-r0.-r3.f3.-d2.d0.-f2.-r2.d2.f2.-r1.-d2.r2.r1.-d0.-f0,48,48
355,-f0.-d0.f2.-d1.r2.-d3.-f1.d3.d3.r0.-f3.r1.-f0.d0.f0.r1.-d0.-f0.f1.f1.-r3.f2.-r0.r3.-d3.r0.f0.d0.d0.-r1.f2.-r2.d1.-r0.-r3.f3.-d2.d0.-f2.-r2.d2.f2.-r1.-d2.r1.r2.-d0.-f0,48,48
355,-f0.-d0.f2.-d1.r2.-d3.-f1.d3.d3.r0.-f3.r1.-f0.d0.f0.r1.-d0.-f0.f1.f1.-r3.f2.-r0.r3.-d3.r0.f0.d0.d0.-r1.f2.-r2.d1.-r0.-r3.f3.-d2.d0.-f2.-r2.d2.f2.-r1.-d2.r2.r1.-d0.-f0,48,48
355,-f0.-d0.f2.-d1.r2.-d3.-f1.d3.d3.r0.-f3.r1.-f0.d0.f0.r1.-d0.-f0.f1.f1.-r3.f2.-r0.r3.-d3.r0.f0.d0.d0.-r1.f2.-r2.d1.-r0.-r3.f3.d0.-d2.-f2.-r2.d2.f2.-r1.-d2.r1.r2.-d0.-f0,48,48
355,-f0.-d0.f2.-d1.r2.-d3.-f1.d3.d3.r0.-f3.r1.-f0.d0.f0.r1.-d0.-f0.f1.f1.-r3.f2.-r0.r3.-d3.r0.f0.d0.d0.-r1.f2.-r2.d1.-r3.-r0.f3.-d2.d0.-f2.-r2.d2.f2.-r1.-d2.r2.r1.-d0.-f0,48,48
355,-f0.-d0.f2.-d1.r2.-d3.-f1.d3.d3.r0.-f3.r1.-f0.d0.f0.r1.-d0.-f1.-f0.-f1.-r3.f2.r3.-r0.-d3.r0.f0.d0.d0.-r1.f2.-r2.d1.-r3.-r0.f3.d0.-d2.-f2.-r2.d2.f2.-r1.-d2.r1.r2.-d0.-f0,48,48
355,-f0.-d0.f2.-d1.r2.-d3.-f1.d3.d3.r0.-f3.r1.-f0.d0.f0.r1.-d0.-f1.-f1.-f0.-r3.f2.r3.-r0.-d3.r0.f0.d0.d0.-r1.f2.-r2.d1.-r0.-r3.f3.d0.-d2.-f2.-r2.d2.f2.-r1.-d2.r2.r1.-d0.-f0,48,48
359,r1.-f0.d3.-r3.r1.-d1.-f2.-d1.-r3.r0.f0.-r0.-d0.f0.-d1.-d3.r0.-d1.-d2.-f2.-d2.-f0.-f0.d1.-f2.-r3.-f3.r0.f3.d1.r1.r2.-d2.-d2.-r1.-r3.-d1.r3.d2.f1.d2.r3.d1.-f2.-r2.f2.-d1.-r3,48,48
359,r1.-f0.d3.-r3.r1.-d1.-f2.-d1.-r3.r0.f0.-r0.-d0.f0.-d1.-d3.r0.-d1.-d2.-f2.-d2.f0.f0.d1.-f2.-r3.-f3.r0.f3.d1.r1.r2.d2.d2.-r1.-r3.-d1.r3.d2.f1.d2.r3.d1.-f2.-r2.f2.-d1.-r3,48,48
359,r1.-f0.d3.-r3.r1.-d1.-f2.-d1.-r3.r0.f0.-r0.-d0.f0.-d3.-d1.r0.-d2.-d1.-f2.-d2.f0.f0.d1.-f2.-r3.-f3.r0.f3.d1.r2.r1.d2.d2.-r3.-r1.-d1.r3.d2.f1.d2.r3.d1.-f2.-r2.f2.-d1.-r3,48,48
359,r1.-f0.d3.-r3.r1.-d1.-f2.-d1.r0.-r3.f0.-r0.-d0.f0.-d1.-d3.r0.-d1.-d2.-f2.-d2.-f0.-f0.d1.-f2.-r3.-f3.r0.f3.d1.r2.r1.-d2.-d2.-r1.-r3.-d1.r3.d2.f1.d2.r3.d1.-f2.-r2.f2.-d1.-r3,48,48
359,r1.-f0.d3.r1.-r3.-d1.-f2.-d1.r0.-r3.f0.-r0.-d0.f0.-d1.-d3.r0.-d1.-d2.-f2.-d2.f0.f0.d1.-f2.-r3.-f3.r0.f3.d1.r1.r2.d2.d2.-r1.-r3.-d1.r3.d2.f1.d2.r3.d1.-f2.-r2.f2.-d1.-r3,48,48
359,r1.-f0.d3.r1.-r3.-d1.-f2.-d1.r0.-r3.f0.-r0.-d0.f0.-d3.-d1.r0.-d2.-d1.-f2.-d2.f0.f0.d1.-f2.-r3.-f3.r0.f3.d1.r2.r1.d2.d2.-r3.-r1.-d1.r3.d2.f1.d2.r3.d1.-f2.-r2.f2.-d1.-r3,48,48
364,r3.-d3.f3.d2.-r1.-f0.-f1.-r2.-d0.d1.d3.f2.f3.d0.f1.r0.r1.-d1.-f1.-r0.f3.r0.d1.-r0.f3.r0.-d0.r3.f0.f1.d1.-r3.-d1.-f2.-r3.f2.r3.d1.r3.-d1.-f1.-f1.-d1.d3.-r2.d1.r2.-d3.f1,49,49
364,r3.-d3.f3.d2.-r1.-f0.-f1.-r2.-d0.d1.d3.f2.f3.d0.f1.r0.r1.-d1.-f1.-r0.f3.r0.d1.-r0.f3.r0.-d0.r3.f0.f1.d1.-r3.-d1.-f2.-r3.f2.r3.d1.r3.-d1.f1.f1.-d1.d3.-r2.d1.r2.-d3.f1,49,49
364,r3.-d3.f3.d2.-r1.-f0.-f1.-r2.-d0.d1.d3.f3.f2.d0.f1.r1.r0.-d1.-f1.-r0.f3.r0.d1.-r0.f3.r0.-d0.r3.f1.f0.d1.-r3.-d1.-f2.-r3.f2.r3.d1.r3.-d1.f1.f1.d3.-d1.-r2.d1.r2.-d3.f1,49,49
364,r3.-d3.f3.d2.-r1.-f1.-f0.-r2.-d0.d1.d3.f3.f2.d0.f1.r1.r0.-d1.-f1.-r0.f3.r0.d1.-r0.f3.r0.-d0.r3.f1.f0.d1.-r3.-d1.-f2.-r3.f2.r3.d1.r3.-d1.f1.f1.-d1.d3.-r2.d1.r2.-d3.f1,49,49
364,r3.-d3.f3.d2.-r1.-f1.-f0.-r2.d1.-d0.d3.f3.f2.d0.f1.r1.r0.-d1.-f1.-r0.f3.r0.d1.-r0.f3.r0.-d0.r3.f1.f0.d1.-r3.-d1.-f2.-r3.f2.r3.d1.r3.-d1.f1.f1.d3.-d1.-r2.d1.r2.-d3.f1,49,49
364,f0.-f2.-f3.-d2.f1.r0.d2.r0.f3.-r1.f1.f3.-d0.-d2.f3.r0.-f2.r0.f0.r0.r3.f3.-d3.f3.d3.-r3.-d1.-r0.f3.-r3.f0.r3.-f3.r0.-d3.f0.f2.-d0.-d3.-f3.d0.d3.-f2.r0.r3.-f0.d0.d0.f0.-r0.-f0.d0.d0,53,53
373,-d3.d1.r2.-d2.-r2.-r3.f0.-d0.-d2.-r1.d2.-f2.-f3.r2.d0.-f3.r2.f3.-d2.-r2.-f3.d3.-r0.-r3.r1.d3.-r1.r3.-f3.-r0.f3.d0.-r0.r3.f0.d3.-r3.-r3.-d0.-d3.-f0.-f3.-d0.f0.-r3.-f3.-r0.-f3,48,48
373,-d3.d1.r2.-d2.-r2.-r3.f0.-d0.-d2.-r1.d2.-f2.-f3.r2.d0.-f3.r2.f3.-d2.-r2.-f3.d3.-r0.-r3.r1.d3.-r1.r3.-f3.-r0.f3.d0.-r0.r3.f0.d3.r3.r3.-d0.-d3.-f0.-f3.-d0.f0.-r3.-f3.-r0.-f3,48,48
373,-d3.d1.r2.-d2.-r3.-r2.f0.-d2.-d0.-r1.d2.-f3.-f2.r2.d0.-f3.r2.f3.-d2.-r2.-f3.d3.-r3.-r0.r1.d3.-r1.r3.-f3.-r0.f3.d0.-r0.r3.f0.d3.r3.r3.-d3.-d0.-f3.-f0.-d0.f0.-r3.-f3.-r0.-f3,48,48
373,d1.-d3.r2.-d2.-r2.-r3.f0.-d0.-d2.-r1.d2.-f2.-f3.r2.d0.-f3.r2.f3.-d2.-r2.-f3.d3.-r0.r1.-r3.d3.-r1.r3.-f3.-r0.f3.d0.-r0.r3.f0.d3.r3.r3.-d0.-d3.-f0.-f3.-d0.f0.-r3.-f3.-r0.-f3,48,48
373,d1.-d3.r2.-d2.-r2.-r3.f0.-d2.-d0.-r1.d2.-f3.-f2.r2.d0.-f3.r2.f3.-d2.-r2.-f3.d3.-r3.-r0.r1.d3.-r1.r3.-f3.-r0.f3.d0.-r0.r3.f0.d3.r3.r3.-d0.-d3.-f3.-f0.-d0.f0.-r3.-f3.-r0.-f3,48,48
373,d1.-d3.r2.-d2.-r3.-r2.f0.-d2.-d0.-r1.d2.-f3.-f2.r2.d0.-f3.r2.f3.-d2.-r2.-f3.d3.-r3.-r0.r1.d3.r3.-r1.-f3.-r0.f3.d0.r3.-r0.f0.d3.r3.r3.-d3.-d0.-f3.-f0.-d0.f0.-r3.-f3.-r0.-f3,48,48
373,-r0.-f3.-r0.r2.-f3.-d1.-r0.-r1.f3.-r3.-r3.f3.-r2.-d3.r2.-d0.-r0.f1.-r1.-f1.-r3.f0.d1.-f1.r0.d3.-r0.-d1.-r2.d1.r2.-d3.-f1.-d0.r2.-d2.d0.-f1.-f3.r2.-f1.-r2.-f1.-f1.-r3.d1.r3.-f1.-r3.f1,50,50
373,-r0.-f3.-r0.r2.-f3.-d1.-r0.-r1.f3.r3.r3.f3.-r2.-d3.r2.-d0.-r0.f1.-r1.-f1.-r3.f0.d1.-f1.r0.d3.-r0.-d1.-r2.d1.r2.-d3.-f1.-d0.r2.d0.-d2.-f1.-f3.r2.-f1.-r2.f1.f1.-r3.d1.r3.-f1.-r3.f1,50,50
373,-r0.-f3.r2.-r0.-f3.-d1.-r0.-r1.f3.r3.r3.f3.-r2.-d3.r2.-d0.-r0.f1.-r1.-f1.-r3.f0.d1.-f1.r0.d3.-r0.-d1.-r2.d1.r2.-d3.-f1.-d0.r2.-d2.d0.-f1.-f3.r2.-f1.-r2.f1.f1.-r3.d1.r3.-f1.-r3.f1,50,50
380,d3.-r0.r2.-d3.f3.-d0.-d3.d1.-f3.-r1.-r2.d1.f0.-r3.-d0.f3.r3.-f0.-d2.f0.-d0.-f3.-r0.d2.-r0.f1.-r3.f1.r2.r3.f1.r0.-f0.r3.-d2.-r3.-f1.f0.-d1.-f1.-f1.d1.-f3.f1.-r2.-d1.-f1.d1.r1,49,49
380,d3.-r0.r2.-d3.f3.-d0.-d3.d1.-f3.-r1.-r2.d1.f0.-r3.-d0.f3.r3.-f0.-d2.f0.-d0.-f3.-r0.d2.-r0.f1.-r3.f1.r2.r3.f1.r0.-f0.r3.-d2.-r3.-f1.f0.-d1.f1.f1.d1.-f3.f1.-r2.-d1.-f1.d1.r1,49,49
380,d3.-r0.r2.-d3.f3.-d0.d1.-d3.-f3.-r1.-r2.d1.f0.-r3.-d0.f3.r3.-f0.-d2.f0.-d0.-f3.-r0.d2.-r0.f1.-r3.f1.r2.r3.f1.r0.-f0.r3.-d2.-r3.f0.-f1.-d1.f1.f1.d1.f1.-f3.-r2.-d1.-f1.d1.r1,49,49
380,d3.-r0.r2.-d3.f3.-d3.-d0.d1.-f3.-r2.-r1.d1.f0.-r3.-d0.f3.r3.-f0.-d2.f0.-d0.-f3.-r0.d2.-r0.f1.-r3.f1.r3.r2.f1.r0.-f0.r3.-d2.-r3.-f1.f0.-d1.f1.f1.d1.-f3.f1.-r2.-d1.-f1.d1.r1,49,49
380,d3.r2.-r0.-d3.f3.-d3.-d0.d1.-f3.-r2.-r1.d1.f0.-r3.-d0.f3.r3.-f0.-d2.f0.-d0.-f3.-r0.d2.-r0.f1.-r3.f1.r3.r2.f1.r0.-f0.r3.-d2.-r3.f0.-f1.-d1.f1.f1.d1.f1.-f3.-r2.-d1.-f1.d1.r1,49,49
380,d3.r2.-r0.-d3.f3.d1.-d0.-d3.-f3.-r2.-r1.d1.f0.-r3.-d0.f3.r3.-f0.-d2.f0.-d0.-f3.-r0.d2.-r0.f1.-r3.f1.r3.r2.f1.r0.-f0.r3.-d2.-r3.-f1.f0.-d1.f1.f1.d1.-f3.f1.-r2.-d1.-f1.d1.r1,49,49
380,r2.d1.-r0.-d3.r1.r1.r2.-f2.-d1.d0.f0.-r1.-d1.r3.-d2.-r1.-d0.-r0.-d3.r0.r1.f0.-r1.d1.-f0.-d1.-r0.-f2.-f3.d0.d1.-r3.-f3.r2.f3.r3.-f3.-d0.-r2.d0.f0.-r0.-f0.d1.f0.-d1.r0.d1.-f0.-d1.-f3,51,51
380,r2.d1.-r0.-d3.r1.r1.r2.-f2.d0.-d1.f0.-r1.-d1.r3.-d2.-r1.-d0.-r0.-d3.r0.r1.f0.-r1.d1.-f0.-d1.-r0.-f2.-f3.d0.d1.-r3.-f3.r2.f3.r3.-f3.-d0.-r2.d0.f0.-r0.-f0.d1.f0.-d1.r0.d1.-f0.-d1.-f3,51,51
380,r2.d1.-r0.-d3.-r0.r1.-r3.-d2.f2.-f3.d0.-r1.f2.r3.f1.-r1.f3.-r0.f0.r0.r1.d0.-r1.-f2.-d0.f2.r1.r2.r3.-f2.-f3.d0.d1.-r3.-f3.r2.f3.r3.-f3.-d0.-r2.d0.f0.-r0.-f0.d1.f0.-d1.r0.d1.-f0.-d1.-f3,53,53
380,r2.d1.-r0.-d3.-r3.r1.-r0.-d2.-f3.f2.d0.-r1.f2.r3.f1.-r1.f3.-r0.f0.r0.r1.d0.-r1.-f2.-d0.f2.r1.r2.r3.-f3.-f2.d1.d0.-r3.-f3.r2.f3.r3.-f3.-d0.-r2.d0.f0.-r0.-f0.d1.f0.-d1.r0.d1.-f0.-d1.-f3,53,53
385,f2.-d0.f3.-r0.d0.-r2.r3.-f3.r1.-d1.r1.-d0.-r0.f0.r0.-d3.r3.-f0.d2.-f3.-d3.d0.-r0.-d1.-f1.d2.-r0.f1.-r0.r3.f3.d0.d1.f2.d2.-f2.d3.-r3.-f1.-r2.f1.-r0.r3.-f2.-r2.f2.r0.r2,48,48
385,f2.-d0.f3.-r0.d0.-r2.r3.-f3.r1.-d1.r1.-d0.-r0.f0.r0.-d3.r3.-f0.d2.-f3.-d3.d0.-r0.-d1.-f1.d2.-r0.f1.-r0.r3.f3.d0.d1.f2.d2.-f2.d3.-r3.-f1.-r2.f1.-r0.r3.-f2.-r2.f2.r2.r0,48,48
385,f2.-d0.f3.-r0.d0.-r2.r3.-f3.r1.-d1.r1.-d0.-r0.f0.r0.-d3.r3.-f0.d2.-f3.-d3.d0.-r0.-d1.-f1.d2.-r0.f1.-r0.r3.f3.d0.f2.d2.-f2.d3.d1.-r3.-f1.-r2.f1.-r0.r3.-f2.-r2.f2.r2.r0,48,48
385,f2.-d0.f3.-r0.d0.-r2.r3.-f3.r1.-d1.r1.-d0.-r0.f0.r0.-d3.r3.-f0.d2.-f3.d0.-d3.-r0.-d1.-f1.d2.-r0.f1.-r0.r3.f3.d0.d1.f2.d2.-f2.d3.-r3.-f1.-r2.f1.-r0.r3.-f2.-r2.f2.r0.r2,48,48
385,f2.-d0.f3.-r0.d0.-r2.r3.-f3.r1.-d1.r1.-d0.-r0.f0.r0.-d3.r3.-f0.d2.-f3.d0.-d3.-r0.-d1.-f1.d2.-r0.f1.-r0.r3.f3.d0.f2.d2.-f2.d1.d3.-r3.-f1.-r2.f1.-r0.r3.-f2.-r2.f2.r0.r2,48,48
385,f2.-d0.f3.-r0.d0.-r2.r3.-f3.r1.-d1.r1.-d0.-r0.f0.r0.-d3.r3.-f0.d2.-f3.d0.-d3.-r0.-d1.-f1.d2.-r0.f1.-r0.r3.f3.d0.f2.d2.-f2.d3.d1.-r3.-f1.-r2.f1.-r0.r3.-f2.-r2.f2.r2.r0,48,48
385,f2.-d0.f3.-r0.d0.r3.-r2.-f3.r1.-d1.r1.-d0.-r0.f0.r0.-d3.r3.-f0.d2.-f3.d0.-d3.-r0.-d1.-f1.d2.-r0.f1.r3.-r0.f3.d1.d0.f2.d2.-f2.d3.-r3.-f1.-r2.f1.r3.-r0.-f2.-r2.f2.r2.r0,48,48
419,-d3.-r1.-f1.r2.f3.-d3.-r0.d0.-r2.-d1.-f3.-r2.-f3.r0.d1.-r0.-r2.-f1.-r3.r0.-f0.r3.-d0.-d3.-r0.-r0.f2.-r3.-f3.-f3.-d0.-d3.-r3.-f3.f0.-r0.-d3.r3.d3.-r0.-d0.r0.f3.-d0.-d0.r0.-f3.-f3,48,48
419,-d3.-r1.-f1.r2.f3.-d3.-r0.d0.-r2.-d1.-f3.-r2.-f3.r0.d1.-r0.-r2.-f1.-r3.r0.-f0.r3.-d0.-d3.-r0.-r0.f2.-r3.-f3.-f3.-d0.-d3.-r3.-f3.f0.-r0.-d3.r3.d3.-r0.-d0.r0.f3.-d0.-d0.r0.f3.f3,48,48
419,-d3.-r1.-f1.r2.f3.-d3.-r0.d0.-r2.-d1.-f3.-r2.-f3.r0.d1.-r0.-r2.-f1.-r3.r0.-f0.r3.-d0.-d3.r0.r0.f2.-r3.f3.f3.-d0.-d3.-r3.-f3.f0.-r0.-d3.r3.d3.-r0.-d0.r0.f3.d0.d0.r0.f3.f3,48,48
419,-d3.-r1.-f1.r2.f3.-d3.-r0.d0.-r2.-d1.-f3.-r2.-f3.r0.d1.-r0.-r2.-f1.r0.-r3.-f0.r3.-d0.-d3.r0.r0.f2.-r3.f3.f3.-d0.-d3.-r3.f0.-f3.-r0.-d3.r3.d3.-r0.-d0.r0.f3.d0.d0.r0.f3.f3,48,48
419,-d3.-r1.-f1.r2.f3.-d3.-r0.d0.-r2.-d1.-f3.-r2.-f3.r0.d1.-r2.-r0.-f1.-r3.r0.-f0.r3.-d3.-d0.r0.r0.f2.-r3.f3.f3.-d3.-d0.-r3.-f3.f0.-r0.-d3.r3.d3.-r0.-d0.r0.f3.d0.d0.r0.f3.f3,48,48
419,-d3.-r1.-f1.r2.f3.-d3.-r0.d0.-r2.-d1.-f3.-r2.-f3.r0.d1.-r2.-r0.-f1.r0.-r3.-f0.r3.-d3.-d0.-r0.-r0.f2.-r3.-f3.-f3.-d3.-d0.-r3.f0.-f3.-r0.-d3.r3.d3.-r0.-d0.r0.f3.d0.d0.r0.-f3.-f3,48,48
419,-d3.-r1.-f1.r2.f3.-d3.-r0.d0.-r2.-d1.-f3.-r2.-f3.r0.d1.-r2.-r0.-f1.r0.-r3.-f0.r3.-d3.-d0.-r0.-r0.f2.-r3.-f3.-f3.-d3.-d0.-r3.f0.-f3.-r0.-d3.r3.d3.-r0.-d0.r0.f3.d0.d0.r0.f3.f3,48,48
419,-d3.-r1.-f1.r2.f3.-d3.-r0.d0.-r2.-d1.-f3.-r2.-f3.r0.d1.-r2.-r0.-f1.r0.-r3.-f0.r3.-d3.-d0.r0.r0.f2.-r3.f3.f3.-d3.-d0.-r3.f0.-f3.-r0.-d3.r3.d3.-r0.-d0.r0.f3.d0.d0.r0.-f3.-f3,48,48
419,f1.-r3.r1.d1.f3.-r2.r0.d3.r2.d1.-f0.f1.f3.-d3.-r3.-f1.d2.-r2.d0.r2.f1.-d2.f2.f3.d2.f1.d1.d3.-f0.-d1.f0.r0.d2.f2.r0.-f2.-r0.-d1.-d2.f0.-d2.-f0.d1.r2.d2.f2.d2.-r2.-d2.-f2,50,50
419,f1.-r3.r1.d1.f3.r0.-r2.d3.r2.d1.-f0.f1.f3.-d3.-r3.-f1.d2.-r2.d0.r2.f1.-d2.f3.f2.d2.f1.d3.d1.-f0.-d1.f0.r0.d2.f2.r0.-f2.-r0.-d2.-d1.f0.-d2.-f0.d1.r2.d2.f2.d2.-r2.-d2.-f2,50,50
419,f1.r1.-r3.d1.f3.r0.-r2.d3.r2.d1.-f0.f1.f3.-d3.-r3.-f1.d2.-r2.d0.r2.f1.-d2.f2.f3.d2.f1.d1.d3.-f0.-d1.f0.r0.d2.f2.r0.-f2.-r0.-d1.-d2.f0.-d2.-f0.d1.r2.d2.f2.d2.-r2.-d2.-f2,50,50
419,r1.d2.f1.-r2.-d1.f1.f2.-r3.d0.d1.r0.d3.-r1.-d1.f1.r3.r3.-d0.-r3.d0.r2.-d0.f1.d0.r1.-d3.r0.-f0.f1.f3.d0.-r1.-d0.-f0.d0.r0.f0.f0.-r0.-f0.-r0.-f0.-r1.f0.r3.-f0.d0.r0.-d0.r0.r1.-r3,52,52
420,f1.d1.-f0.r3.d2.-f3.d3.-r3.-r3.-f3.-d0.f2.-d0.f1.r1.r2.f1.-r2.-f0.r1.r3.d1.r2.f3.-d1.-f3.-r2.r3.-f0.-d0.-f2.d0.r2.d2.-r0.f2.r0.d0.-r0.-r3.f0.f1.f3.d0.d3.-r0.-f0.r0.-d3,49,49
420,f1.d1.-f0.r3.d2.-f3.d3.-r3.-r3.-f3.-d0.f2.-d0.f1.r1.r2.f1.-r2.-f0.r3.r1.d1.r2.f3.-d1.-f3.-r2.r3.-f0.-d0.-f2.d0.r2.d2.-r0.f2.r0.d0.-r3.-r0.f1.f3.f0.d3.d0.-r0.-f0.r0.-d3,49,49
420,f1.d1.-f0.r3.d2.-f3.d3.r3.r3.-f3.-d0.f2.-d0.f1.r1.r2.f1.-r2.-f0.r1.r3.d1.r2.f3.-d1.-f3.-r2.r3.-f0.-d0.-f2.d0.r2.d2.-r0.f2.r0.d0.-r0.-r3.f0.f1.f3.d0.d3.-r0.-f0.r0.-d3,49,49
420,f1.d1.-f0.r3.d2.-f3.d3.r3.r3.-f3.-d0.f2.-d0.f1.r2.r1.f1.-r2.-f0.r3.r1.d1.r2.f3.-d1.-f3.-r2.r3.-f0.-d0.-f2.d0.r2.d2.-r0.f2.r0.d0.-r3.-r0.f1.f3.f0.d3.d0.-r0.-f0.r0.-d3,49,49
420,f1.d1.-f0.r3.d2.-f3.d3.r3.r3.-f3.-d0.f2.-d0.f1.r2.r1.f1.-r2.-f0.r3.r1.d1.r2.f3.-d1.-f3.r3.-r2.-f0.-d0.-f2.d0.r2.d2.-r0.f2.r0.d0.-r3.-r0.f1.f0.f3.d3.d0.-r0.-f0.r0.-d3,49,49
420,-f1.f2.-r1.-f1.-r3.d3.-r2.f3.-r3.f2.r1.-d0.-d2.d3.-f1.-f2.r1.f0.f1.d0.d0.-r3.d0.-d3.r3.d2.r3.d3.-r3.d1.f3.-d1.-f3.d3.-f0.-r0.f0.-d0.r3.r3.-d3.-r3.d2.r3.-d0.-d2.f0.f0.-d1.-f3.d1.f0.f0,53,53
420,-f1.f2.-r1.-f1.-r3.d3.-r2.f3.-r3.f2.r1.-d0.-d2.d3.-f2.-f1.r1.f1.f0.d0.d0.-r3.d0.-d3.r3.d2.r3.d3.-r3.d1.f3.-d1.-f3.d3.-f0.-r0.f0.-d0.r3.r3.-d3.-r3.d2.r3.-d0.-d2.f0.f0.-d1.-f3.d1.f0.f0,53,53
422,-r2.-d2.-r2.f0.-r1.-d2.-f3.r2.-f2.-r0.-d3.d0.r3.-d2.f3.-r3.-r3.-f3.-r3.-f3.-r0.-f3.-r3.-d3.d2.-r0.-r3.-f3.r3.-d0.-d2.f0.d0.-r3.-f0.-d0.r3.-f0.-r0.-f2.f0.-r3.d0.f3.-d0.r3.f2.-d0.-d0,49,49
422,-r2.-d2.-r2.f0.-r1.-d2.-f3.r2.-f2.-r0.-d3.d0.r3.-d2.f3.-r3.-r3.-f3.-r3.-f3.-r0.-f3.-r3.-d3.d2.-r0.-r3.-f3.r3.-d0.-d2.f0.d0.-r3.-f0.-d0.r3.-f0.-r0.-f2.f0.-r3.d0.f3.-d0.r3.f2.d0.d0,49,49
422,-r2.-d2.-r2.f0.-r1.-d2.-f3.r2.-f2.-r0.-d3.d0.r3.-d2.f3.r3.r3.-f3.-r3.-f3.-r0.-f3.-r3.-d3.d2.-r0.-r3.-f3.r3.-d0.-d2.f0.d0.-r3.-f0.-d0.r3.-f0.-r0.-f2.f0.-r3.d0.f3.-d0.r3.f2.d0.d0,49,49
422,-r2.-d2.-r2.f0.-r1.-d2.-f3.r2.-f2.-r0.-d3.d0.r3.-d2.f3.r3.r3.-f3.-r3.-f3.-r0.-f3.-r3.-d3.d2.-r3.-r0.-f3.r3.-d2.-d0.f0.d0.-r3.-f0.-d0.r3.-f0.-r0.-f2.f0.-r3.d0.f3.-d0.r3.f2.d0.d0,49,49
422,-r2.-d2.-r2.f0.-r1.-d2.-f3.r2.-f2.-r0.d0.-d3.r3.-d2.f3.r3.r3.-f3.-r3.-f3.-r0.-f3.-r3.d2.-d3.-r0.-r3.-f3.r3.-d0.-d2.f0.d0.-r3.-f0.-d0.r3.-f0.-r0.f0.-f2.-r3.d0.f3.-d0.r3.f2.d0.d0,49,49
422,-r2.-d2.-r2.f0.-r1.-d2.-f3.r2.-f2.-r0.d0.-d3.r3.-d2.f3.r3.r3.-f3.-r3.-f3.-r0.-f3.-r3.d2.-d3.-r3.-r0.-f3.r3.-d2.-d0.f0.d0.-r3.-f0.-d0.r3.-f0.-r0.-f2.f0.-r3.d0.f3.-d0.r3.f2.d0.d0,49,49
422,-r2.-d2.-r2.f0.-r1.-d2.-f3.r2.-f2.-r0.d0.-d3.r3.-d2.f3.r3.r3.-f3.-r3.-f3.-r0.-f3.-r3.d2.-d3.-r3.-r0.-f3.r3.-d2.-d0.f0.d0.-r3.-f0.-d0.r3.-f0.-r0.f0.-f2.-r3.d0.f3.-d0.r3.f2.-d0.-d0,49,49
422,-f3.-r1.d1.d2.-r0.-r3.f1.-d0.d1.f0.f2.-d3.r1.-r2.-d2.f0.-r0.-f0.-d0.-f0.d0.f1.f2.-d0.f0.d0.r2.r3.-d3.r0.d3.-r2.d0.d0.-r0.f0.-f3.-d3.f3.d3.-f2.d3.-r2.-d0.r2.-d3.-r2.d0.r2.-f0.d0,51,51
422,-f3.-r1.d1.d2.-r0.-r3.f1.d1.-d0.f2.f0.-d3.r1.-r2.-d2.f0.-r0.-f0.-d0.-f0.d0.f1.f2.-d0.f0.d0.r2.r3.-d3.r0.d3.-r2.d0.d0.-r0.f0.-f3.-d3.f3.d3.-f2.d3.-r2.-d0.r2.-d3.-r2.d0.r2.-f0.d0,51,51
422,-f3.-r1.-d0.-d3.f1.f2.-d2.-r2.r3.-d1.-d3.-r1.-r2.-r3.d1.-d2.r1.f0.-d0.-f0.r3.-f0.-r3.-f0.-f3.-d0.f0.d0.r2.r3.-d3.r0.d3.-r2.d0.d0.-r0.f0.-f3.-d3.f3.d3.-f2.d3.-r2.-d0.r2.-d3.-r2.d0.r2.-f0.d0,53,53
422,-f3.-r1.-d3.-d0.f2.f1.-d2.r3.-r2.-d1.-d3.-r3.-r2.-r1.-d2.d1.r1.f0.-d0.-f0.r3.-f0.-r3.-f0.-f3.-d0.f0.d0.r3.r2.-d3.r0.d3.-r2.d0.d0.-r0.f0.-f3.-d3.f3.d3.-f2.d3.-r2.-d0.r2.-d3.-r2.d0.r2.-f0.d0,53,53
443,-d2.f3.r3.-f2.r3.f2.r2.f3.-d0.-r1.-f0.f2.-r3.r0.-f2.-r3.-f1.d2.-r1.r0.-r3.r0.d3.-f0.-d3.f0.r2.r2.-f3.d2.-f0.r1.d1.f3.-r1.f3.-r2.r1.-d1.-r1.r2.-f3.r1.f3.-r2.-d2.r2.f3,48,48
443,-d2.f3.r3.-f2.r3.f2.r2.f3.-d0.-r1.-f0.f2.-r3.r0.-f2.-r3.d2.-f1.-r0.-r0.-r1.-r3.d3.-f0.-d3.f0.-r2.-r2.-f3.d2.-f0.r1.d1.f3.-r1.f3.-r2.r1.-d1.-r1.r2.-f3.r1.f3.-r2.-d2.r2.f3,48,48
443,-d2.f3.r3.-f2.r3.f2.r2.f3.-d0.-r1.-f0.f2.-r3.r0.-f2.-r3.d2.-f1.r0.r0.-r1.-r3.d3.-f0.-d3.f0.r2.r2.-f3.d2.-f0.r1.d1.f3.-r1.f3.-r2.r1.-d1.-r1.r2.-f3.r1.f3.-r2.-d2.r2.f3,48,48
443,-d2.f3.r3.-f2.r3.f2.r2.f3.-d0.-r1.-f0.f2.r0.-r3.-f2.-r3.-f1.d2.r0.r0.-r1.-r3.d3.-f0.-d3.f0.r2.r2.-f3.d2.-f0.r1.d1.f3.-r1.f3.r1.-r2.-d1.-r1.r2.-f3.r1.f3.-r2.-d2.r2.f3,48,48
443,-d2.f3.r3.-f2.r3.f2.r2.f3.-d0.-r1.-f0.f2.r0.-r3.-f2.-r3.d2.-f1.-r1.r0.-r3.r0.d3.-f0.-d3.f0.-r2.-r2.-f3.d2.-f0.r1.d1.f3.-r1.f3.r1.-r2.-d1.r2.-r1.-f3.r1.f3.-r2.-d2.r2.f3,48,48
443,-d2.f3.r3.-f2.r3.f2.r2.f3.-d0.-r1.-f0.f2.r0.-r3.-f2.-r3.d2.-f1.r0.r0.-r1.-r3.d3.-f0.-d3.f0.r2.r2.-f3.d2.-f0.r1.d1.f3.-r1.f3.r1.-r2.-d1.-r1.r2.-f3.r1.f3.-r2.-d2.r2.f3,48,48
443,-d2.f3.r3.-f2.r3.f2.r2.f3.-d0.-r1.f2.-f0.r0.-r3.-f2.-r3.-f1.d2.r0.r0.-r3.-r1.d3.-f0.-d3.f0.r2.r2.-f3.d2.-f0.r1.d1.f3.-r1.f3.r1.-r2.-d1.r2.-r1.-f3.r1.f3.-r2.-d2.r2.f3,48,48
461,f1.-d2.r1.f2.-r3.f3.-d3.-f1.r1.-d2.d1.-r3.f2.f3.r2.f1.-r2.r3.-d0.-r3.-f1.-r0.-f2.-d1.-f3.d1.f2.r0.f3.-d0.d3.-r0.-r0.r3.-d3.r3.-f3.-d0.r0.-f3.-r0.f0.d3.f0.-d3.d0.-f3.-d3,48,48
461,f1.-d2.r1.f2.-r3.f3.-d3.-f1.r1.-d2.d1.-r3.f2.f3.r2.f1.-r2.r3.-d0.-r3.-f1.-r0.-f2.-d1.-f3.d1.f2.r0.f3.-d0.d3.r0.r0.r3.-d3.r3.-f3.-d0.r0.-f3.-r0.f0.d3.f0.-d3.d0.-f3.-d3,48,48
461,f1.-d2.r1.f2.-r3.f3.-d3.-f1.r1.-d2.d1.-r3.f3.f2.r2.f1.-r2.r3.-d0.-r3.-f1.-r0.-f2.-d1.-f3.d1.f2.r0.f3.-d0.d3.r0.r0.r3.-d3.r3.-f3.-d0.r0.-f3.-r0.f0.d3.f0.-d3.d0.-f3.-d3,48,48
461,f1.-d2.r1.f2.-r3.f3.-d3.-f1.r1.d1.-d2.-r3.f2.f3.r2.f1.-r2.r3.-d0.-r3.-f1.-r0.-f2.-d1.-f3.d1.f2.r0.f3.-d0.d3.r0.r0.r3.-d3.r3.-f3.-d0.r0.-f3.-r0.f0.d3.f0.d0.-d3.-f3.-d3,48,48
461,f1.-d2.r1.f2.-r3.f3.-d3.-f1.r1.d1.-d2.-r3.f2.f3.r2.f1.r3.-r2.-d0.-r3.-f1.-r0.-f2.-d1.-f3.d1.f2.r0.f3.d3.-d0.r0.r0.r3.-d3.r3.-f3.-d0.r0.-f3.-r0.f0.d3.f0.-d3.d0.-f3.-d3,48,48
461,f1.-d2.r1.f2.-r3.f3.-d3.-f1.r1.d1.-d2.-r3.f3.f2.r2.f1.r3.-r2.-d0.-r3.-f1.-r0.-f2.-d1.-f3.d1.f2.r0.f3.d3.-d0.r0.r0.r3.-d3.r3.-f3.-d0.r0.-f3.-r0.f0.d3.f0.-d3.d0.-f3.-d3,48,48
461,r3.f0.-r1.r0.-f3.-d3.r0.-f3.r1.-d3.-f2.f1.-d3.f0.-r1.-r2.d1.r2.-f3.-r0.-f3.-r1.-f0.-f3.d0.d3.r0.-d0.r1.-f0.d0.-r3.-r3.-d0.-f0.-r3.-f0.-f0.-r1.f0.-d1.-f0.d0.f0.d1.r3.-d0.-f0.d0.-r3,50,50
461,r3.f0.-r1.r0.-f3.-d3.r0.-f3.r1.-d3.f1.-f2.-d3.f0.-r1.-r2.d1.r2.-f3.-r0.-f3.-r1.-f3.-f0.d3.d0.r0.-d0.r1.-f0.d0.-r3.-r3.-d0.-f0.-r3.f0.f0.-r1.f0.-d1.-f0.d0.f0.d1.r3.-d0.-f0.d0.-r3,50,50
461,r3.f0.r0.-r1.-f3.-d3.r0.-f3.r1.-d3.f1.-f2.-d3.f0.-r1.-r2.d1.r2.-f3.-r0.-f3.-r1.-f0.-f3.d0.d3.r0.-d0.r1.-f0.d0.r3.r3.-d0.-f0.-r3.f0.f0.-r1.f0.-d1.-f0.d0.f0.d1.r3.-d0.-f0.d0.-r3,50,50
461,r3.f0.-r1.r0.-f3.-d3.r0.-f3.r1.-d3.f1.-f2.-d3.f0.-r1.-r2.d1.r2.-f3.-r0.-f3.-r1.-f3.-f0.d3.d0.r0.-d0.r1.-f0.d0.-r3.-r3.-d0.-f0.-r3.f0.f0.-r1.f0.-d1.-f0.d0.f0.d1.r3.-d0.-f0.d0.-r3,52,50
461,r3.f0.r0.-r1.-f3.-d3.r0.-f3.r1.-d3.f1.-f2.-d3.f0.-r1.-r2.d1.r2.-f3.-r0.-f3.-r1.-f0.-f3.d0.d3.r0.-d0.r1.-f0.d0.r3.r3.-d0.-f0.-r3.f0.f0.-r1.f0.-d1.-f0.d0.f0.d1.r3.-d0.-f0.d0.-r3,52,50
462,-r3.-f1.f3.-r3.r2.d1.-f3.d1.-r1.f0.-d2.-r0.-r3.-d2.d1.-f2.-f3.-r0.-r3.d1.f3.r3.-d1.-d2.r0.-d0.-d2.-f0.d2.f3.d3.r3.d3.r0.-f0.-f3.r3.d3.r3.f3.-d0.r0.-f0.d3.-f0.r0.d0.d3.-f3,49,49
462,-r3.-f1.f3.-r3.r2.d1.-f3.d1.-r1.f0.-d2.-r0.-r3.-d2.d1.-f2.-f3.-r0.-r3.d1.f3.r3.-d1.-d2.r0.-d0.-d2.-f0.d2.f3.d3.r3.d3.r0.-f0.-f3.r3.d3.r3.f3.-d0.r0.-f0.d3.-f0.r0.d3.d0.-f3,49,49
462,-r3.-f1.f3.-r3.r2.d1.-f3.d1.-r1.f0.-d2.-r3.-r0.-d2.d1.-f3.-f2.-r3.-r0.d1.f3.r3.-d2.-d1.r0.-d2.-d0.-f0.d2.f3.d3.r3.d3.r0.-f3.-f0.r3.d3.r3.f3.-d0.r0.-f0.d3.-f0.r0.d3.d0.-f3,49,49
462,-r3.-f1.f3.-r3.r2.d1.-f3.d1.-r1.f0.-d2.-r3.-r0.d1.-d2.-f2.-f3.-r0.-r3.d1.f3.r3.-d1.-d2.r0.-d0.-d2.-f0.d2.f3.d3.r3.d3.r0.-f0.-f3.r3.d3.r3.f3.-d0.r0.-f0.d3.-f0.r0.d3.d0.-f3,49,49
462,-r3.-f1.f3.r2.-r3.d1.-f3.d1.-r1.f0.-d2.-r0.-r3.d1.-d2.-f2.-f3.-r0.-r3.d1.f3.r3.-d1.-d2.r0.-d0.-d2.-f0.d2.f3.d3.r3.d3.r0.-f0.-f3.r3.d3.r3.f3.-d0.r0.-f0.d3.-f0.r0.d0.d3.-f3,49,49
462,-r3.f3.-f1.r2.-r3.d1.-f3.d1.-r1.f0.-d2.-r3.-r0.d1.-d2.-f3.-f2.-r3.-r0.d1.f3.r3.-d2.-d1.r0.-d2.-d0.-f0.d2.f3.d3.r3.d3.r0.-f3.-f0.r3.d3.r3.f3.-d0.r0.-f0.d3.-f0.r0.d0.d3.-f3,49,49
462,-d0.-d3.-r0.d3.f2.-d0.r0.f2.-d1.-r0.r2.-f1.r0.-f0.-d0.-f0.d0.r2.f1.-r3.-f1.-d3.-r3.-r3.-d0.r3.d0.-f0.-r3.f2.r3.f0.r3.-f2.r1.d1.-r1.d1.-f2.-f2.-d0.d1.r3.f2.f3.-r2.-f2.r2.-f3.-r2.-r3,51,51
462,-d0.-d3.-r0.d3.f2.-d0.r0.f2.-d1.-r0.r2.-f1.r0.-f0.-d0.-f0.d0.r2.f1.-r3.-f1.-d3.r3.r3.-d0.r3.d0.-f0.-r3.f2.r3.f0.r3.-f2.r1.d1.-r1.d1.f2.f2.-d0.d1.r3.f2.f3.-r2.-f2.r2.-f3.-r2.-r3,51,51
462,-d3.-d0.-r0.d3.f2.-d0.r0.f2.-d1.-r0.r2.-f1.r0.-f0.-d0.-f0.d0.r2.f1.-r3.-f1.-d3.-r3.-r3.-d0.r3.d0.-f0.-r3.f2.r3.f0.r3.-f2.r1.d1.-r1.d1.-f2.-f2.d1.-d0.r3.f3.f2.-r2.-f2.r2.-f3.-r3.-r2,51,51
462,r2.d0.-r3.f3.r2.-f1.-r3.d1.-f0.-r2.d3.r0.f3.-d3.-r3.f3.f3.d3.d3.-f3.-r3.-d1.-d2.-f2.-f3.r1.f2.f2.f3.f3.-r1.-d0.-d1.-d3.r0.d3.r1.d0.-r0.-r2.f0.-r0.-f0.r0.r0.-d0.r0.f0.-r0.-f0.-r0.d0.r2,53,53
462,r2.d0.-r3.f3.r2.-f1.-r3.d1.-f0.-r2.d3.r0.f3.-d3.-r3.f3.f3.d3.d3.-f3.-r3.-d2.-d1.-f3.-f2.r1.-f2.-f2.-f3.-f3.-r1.-d0.-d1.-d3.r0.d3.r1.d0.-r0.-r2.f0.-r0.-f0.r0.r0.-d0.r0.f0.-r0.-f0.-r0.d0.r2,53,53
471,-f3.d3.-r2.r0.f3.-d0.r0.-d0.-d1.-f2.-f3.-r3.-d3.d2.-f0.d1.-f0.d0.f0.r0.d1.f0.-d1.r2.f1.-d0.d1.r2.-d2.-d3.f1.d3.-r0.-f1.-r0.-r0.-f3.-r0.f3.d2.-r2.r0.-d2.r2.d2.-r0.-f3.-r1,48,48
471,-f3.d3.-r2.r0.f3.-d0.r0.-d0.-d1.-f2.-f3.-r3.-d3.d2.-f0.d1.-f0.d0.f0.r0.d1.f0.-d1.r2.f1.-d0.d1.r2.-d2.-d3.f1.d3.-r0.-f1.r0.r0.-f3.-r0.f3.d2.-r2.r0.-d2.r2.d2.-r0.-f3.-r1,48,48
471,-f3.d3.-r2.r0.f3.-d0.r0.-d0.-d1.-f2.-f3.-r3.-d3.d2.-f0.d1.-f0.d0.f0.r0.d1.f0.-d1.r2.f1.d1.-d0.r2.-d2.-d3.f1.d3.-r0.-f1.r0.r0.-f3.-r0.f3.d2.-r2.r0.-d2.r2.d2.-r0.-f3.-r1,48,48
471,-f3.d3.-r2.r0.f3.-d0.r0.-d1.-d0.-f3.-f2.-r3.-d3.d2.-f0.d1.-f0.d0.f0.r0.d1.f0.-d1.r2.f1.-d0.d1.r2.-d3.-d2.f1.d3.-r0.-f1.r0.r0.-f3.-r0.f3.d2.-r2.r0.-d2.r2.d2.-r0.-f3.-r1,48,48
471,-f3.d3.r0.-r2.f3.-d0.r0.-d0.-d1.-f2.-f3.-r3.d2.-d3.-f0.d1.-f0.d0.f0.r0.d1.f0.-d1.r2.f1.-d0.d1.r2.-d2.-d3.f1.d3.-r0.-f1.r0.r0.-f3.-r0.f3.d2.r0.-r2.-d2.r2.d2.-r0.-f3.-r1,48,48
471,-f3.d3.r0.-r2.f3.-d0.r0.-d1.-d0.-f3.-f2.-r3.d2.-d3.-f0.d1.-f0.d0.f0.r0.d1.f0.-d1.r2.f1.d1.-d0.r2.-d3.-d2.f1.d3.-r0.-f1.r0.r0.-f3.-r0.f3.d2.r0.-r2.-d2.r2.d2.-r0.-f3.-r1,48,48
477,f0.-d1.-r2.d2.-f1.r3.f0.d3.-f0.-f3.d2.-f3.-f3.f2.-d0.-d3.d1.f0.-d2.d1.-f2.-d3.f2.d2.r0.f1.-r0.-f1.-d2.-f2.-r0.d0.-r3.f3.-d2.-f3.r3.d1.d2.-f3.d1.f3.-d1.-d2.f3.d2.-f3.r3,48,48
477,f0.-d1.-r2.d2.-f1.r3.f0.d3.-f0.-f3.d2.f2.f3.f3.-d0.d1.-d3.f0.d1.-d2.-f2.-d3.f2.d2.r0.f1.-r0.-f1.-d2.-f2.-r0.d0.-r3.f3.-d2.-f3.r3.d1.d2.-f3.d1.f3.-d1.-d2.f3.d2.-f3.r3,48,48
477,f0.-d1.-r2.d2.-f1.r3.f0.d3.-f0.-f3.d2.f3.f3.f2.-d0.-d3.d1.f0.-d2.d1.-f2.-d3.f2.d2.r0.f1.-r0.-f1.-d2.-f2.-r0.d0.-r3.f3.-d2.-f3.r3.d1.d2.-f3.d1.f3.-d1.-d2.f3.d2.-f3.r3,48,48
477,f0.-d1.-r2.d2.-f1.r3.f0.d3.-f3.-f0.d2.f2.f3.f3.d1.-d0.-d3.f0.-d2.d1.-f2.-d3.f2.d2.r0.f1.-r0.-f1.-d2.-f2.-r0.d0.-r3.f3.-d2.-f3.r3.d1.d2.-f3.d1.f3.-d1.-d2.f3.d2.-f3.r3,48,48
477,f0.-d1.-r2.d2.-f1.r3.f0.d3.-f3.-f0.d2.f3.f3.f2.-d3.-d0.d1.f0.-d2.d1.-f2.-d3.f2.d2.r0.f1.-r0.-f1.-d2.-f2.-r0.d0.-r3.f3.-d2.-f3.r3.d2.d1.-f3.d1.f3.-d2.-d1.f3.d2.-f3.r3,48,48
477,f0.-d1.-r2.d2.-f1.r3.f0.d3.-f3.-f0.d2.f3.f3.f2.-d3.-d0.d1.f0.d1.-d2.-f2.-d3.f2.d2.r0.f1.-r0.-f1.-d2.-f2.-r0.d0.-r3.f3.-d2.-f3.r3.d2.d1.-f3.d1.f3.-d2.-d1.f3.d2.-f3.r3,48,48
481,f2.-r1.d3.f3.-r3.f1.d2.-r1.-f3.f2.-r0.d3.f1.f2.r0.f0.-d0.-d0.d3.f3.-r0.r2.-d2.f3.d2.-f3.r2.d2.f2.-d2.-r0.d2.-r3.r0.d2.r0.-f1.-r1.f1.r1.-d2.-r0.-d2.-r2.d2.r0.r1.d2,48,48
481,f2.-r1.d3.f3.-r3.f1.d2.-r1.-f3.f2.-r0.d3.f1.f2.r0.f0.-d0.-d0.d3.f3.-r0.r2.-d2.f3.d2.-f3.r2.d2.f2.-d2.-r0.d2.-r3.r0.d2.r0.-f1.-r1.f1.r1.-d2.-r0.-d2.-r2.d2.r1.r0.d2,48,48
481,f2.-r1.d3.f3.-r3.f1.d2.-r1.-f3.f2.-r0.d3.f1.f2.r0.f0.d0.d0.d3.f3.-r0.r2.-d2.f3.d2.-f3.r2.d2.f2.-d2.-r0.d2.-r3.r0.d2.r0.-f1.-r1.f1.r1.-d2.-r0.-d2.-r2.d2.r0.r1.d2,48,48
481,f2.-r1.d3.f3.-r3.f1.d2.-r1.-f3.f2.-r0.d3.f1.f2.r0.f0.d0.d0.d3.f3.-r0.r2.-d2.f3.d2.-f3.r2.d2.f2.-d2.-r0.d2.-r3.r0.d2.r0.-f1.-r1.f1.r1.-d2.-r0.-d2.-r2.d2.r1.r0.d2,48,48
481,f2.-r1.d3.f3.-r3.f1.d2.-r1.-f3.f2.-r0.d3.f2.f1.r0.f0.d0.d0.d3.f3.-r0.r2.-d2.f3.d2.-f3.r2.d2.f2.-d2.-r0.d2.-r3.r0.d2.r0.-f1.-r1.f1.r1.-d2.-r0.-d2.-r2.d2.r1.r0.d2,48,48
481,f2.-r1.d3.f3.-r3.f1.d2.-r1.f2.-f3.-r0.d3.f1.f2.r0.f0.d0.d0.d3.f3.-r0.r2.-d2.f3.d2.-f3.r2.d2.f2.-d2.-r0.d2.r0.-r3.d2.r0.-f1.-r1.f1.r1.-d2.-r0.-d2.-r2.d2.r0.r1.d2,48,48
481,f2.-r1.d3.f3.-r3.f1.d2.-r1.f2.-f3.-r0.d3.f1.f2.r0.f0.d0.d0.d3.f3.r2.-r0.-d2.f3.d2.-f3.r2.d2.f2.-d2.-r0.d2.r0.-r3.d2.r0.-f1.-r1.f1.r1.-d2.-r0.-d2.-r2.d2.r1.r0.d2,48,48
481,f2.-r1.d3.f3.-r3.f1.d2.-r1.f2.-f3.-r0.d3.f2.f1.r0.f0.d0.d0.d3.f3.r2.-r0.-d2.f3.d2.-f3.r2.d2.f2.-d2.-r0.d2.r0.-r3.d2.r0.-f1.-r1.f1.r1.-d2.-r0.-d2.-r2.d2.r1.r0.d2,48,48
481,-d1.r1.-f1.-r3.d0.f1.-r0.-r2.-f0.f1.f2.-r3.-d0.r3.-f3.-r3.d1.f1.d0.-f0.d0.-r3.-f2.d0.-r2.-d0.r2.f2.d0.-r3.-d0.r3.-f0.d0.-r0.d0.d0.r3.-f1.-r3.d0.r3.f1.-r3.-d0.f3.-r2.-f3.-r3.f3.r2.-f3,52,52
481,-d1.r1.-f1.-r3.d0.f1.-r2.-r0.f1.f2.-f0.-r3.-d0.r3.-f3.-r3.d1.f1.d0.-f0.d0.-r3.-f2.d0.-r2.-d0.r2.f2.d0.-r3.-d0.r3.-f0.d0.-r0.d0.d0.r3.-f1.-r3.d0.r3.f1.-r3.-d0.f3.-r2.-f3.-r3.f3.r2.-f3,52,52
505,-f0.d0.-r0.r3.f2.-r3.-r3.-d3.-f1.-d1.-d1.-f1.-d3.f1.d3.f3.r2.d1.-r3.-d2.f0.d0.f3.r3.d0.-f0.-f3.-d1.-r0.d3.-f0.-r0.r3.-d3.-d3.r0.-f3.d3.-f0.-d3.-r0.d3.r0.d3.r0.-d3.-f0.d0,48,48
505,-f0.d0.-r0.r3.f2.r3.r3.-d3.-f1.d1.d1.-f1.-d3.f1.d3.f3.r2.d1.-r3.-d2.f0.d0.f3.r3.d0.-f0.-f3.-d1.-r0.d3.-f0.-r0.r3.d3.d3.r0.-f3.d3.-f0.-d3.-r0.d3.r0.d3.r0.-d3.-f0.d0,48,48
505,-f0.d0.-r0.r3.f2.r3.r3.-d3.-f1.d1.d1.-f1.-d3.f1.d3.f3.r2.d1.-r3.-d2.f0.d0.f3.r3.d0.-f3.-f0.-d1.-r0.d3.-f0.-r0.r3.-d3.-d3.r0.-f3.d3.-f0.-d3.-r0.d3.r0.d3.r0.-d3.-f0.d0,48,48
505,-f0.d0.-r0.r3.f2.r3.r3.-d3.-f1.d1.d1.-f1.-d3.f1.d3.f3.r2.d1.-r3.-d2.f0.d0.f3.r3.d0.-f3.-f0.-d1.-r0.d3.-f0.-r0.r3.d3.d3.r0.-f3.d3.-f0.-d3.-r0.d3.r0.d3.r0.-d3.-f0.d0,48,48
505,-f0.d0.r3.-r0.f2.r3.r3.-d3.-f1.d1.d1.-f1.-d3.f1.d3.f3.r2.d1.-r3.-d2.f0.d0.f3.r3.d0.-f3.-f0.-d1.-r0.d3.-f0.r3.-r0.d3.d3.r0.-f3.d3.-f0.-d3.-r0.d3.r0.d3.r0.-d3.-f0.d0,48,48
505,d0.-f0.r0.f3.f3.-r0.r3.-d3.-r1.-d2.-d2.r0.-d0.-r3.-d2.f1.r1.f3.r2.f0.-d2.-r2.-d1.r0.d0.-r0.-d0.-r0.f2.-r3.-f3.-f2.r3.r0.-f3.d0.-f2.f0.-r2.-d1.r2.-f0.-f1.d1.r1.-d1,48,46
505,d0.-f0.r0.f3.f3.-r0.r3.-d3.-r1.-d2.-d2.r0.-d0.-r3.-d2.f1.r1.f3.r2.f0.-d2.-r2.-d1.r0.d0.-r0.-d0.-r0.f2.-r3.-f3.-f2.r3.r0.-f3.d0.f0.-f2.-r2.-d1.r2.-f0.-f1.d1.r1.-d1,48,46
505,d0.-f0.r0.f3.f3.-r0.r3.-d3.-r1.d2.d2.r0.-d0.-r3.-d2.f1.r1.f3.r2.f0.-d2.-r2.-d1.r0.d0.-r0.-d0.-r0.f2.-r3.-f3.-f2.r3.r0.-f3.d0.-f2.f0.-r2.-d1.r2.-f0.-f1.d1.r1.-d1,48,46
505,-f3.d0.f0.-r3.r2.-f0.-f0.r3.-d1.f3.-d3.f3.-r1.r0.-d0.-f2.-d1.-r2.d1.d2.-f3.-r2.-r2.d0.-r0.-f2.-d3.f2.-d2.-d2.-r2.f0.-d1.-f0.f3.r0.-f3.d1.f3.-r0.-d1.-r1.d1.r1.-f1.-f3.-r2.-r2.d2.-r2,50,50
505,-f3.d0.f0.-r3.r2.f0.f0.r3.-d1.f3.-d3.f3.r0.-r1.-d0.-f2.-d1.-r2.d1.d2.-f3.-r2.-r2.d0.-r0.-f2.-d3.f2.-d2.-d2.-r2.f0.-d1.f3.-f0.r0.-f3.d1.f3.-r0.-d1.-r1.d1.r1.-f1.-f3.r2.r2.d2.-r2,50,50
505,-f3.d0.f0.r2.-r3.f0.f0.r3.-d1.f3.-d3.f3.r0.-r1.-d0.-f2.-d1.-r2.d1.d2.-f3.r2.r2.d0.-r0.-f2.-d3.f2.d2.d2.-r2.f0.-d1.-f0.f3.r0.-f3.d1.f3.-r0.-d1.-r1.d1.r1.-f1.-f3.r2.r2.d2.-r2,50,50
513,-r3.f2.-r0.d3.-f1.-r2.-d2.d3.-r1.-d0.-d0.-f1.d1.-f3.-r2.f3.r2.f1.f3.-r0.r1.-f0.-d0.f0.-r3.-d3.-f2.r3.-f3.f0.r0.-f3.r3.-f0.-r3.f0.-d0.f0.-r3.-d3.-r3.-d0.r0.-f0.-r0.-d0.r3.f3,48,48
513,-r3.f2.-r0.d3.-f1.-r2.-d2.d3.-r1.d0.d0.-f1.d1.-f3.-r2.f3.r2.f1.f3.-r0.r1.-f0.-d0.f0.-r3.-d3.-f2.r3.-f3.f0.r0.-f3.r3.-f0.-r3.f0.-d0.f0.-r3.-d3.-r3.-d0.r0.-f0.-r0.-d0.r3.f3,48,48
513,-r3.f2.-r0.d3.-f1.-r2.-d2.d3.-r1.d0.d0.-f1.d1.-f3.-r2.f3.r2.f1.f3.-r0.r1.-f0.-d0.f0.-r3.-d3.-f2.r3.f0.-f3.r0.-f3.r3.-f0.-r3.f0.-d0.f0.-r3.-d3.-r3.-d0.r0.-f0.-r0.-d0.r3.f3,48,48
513,-r3.f2.-r0.d3.-f1.-r2.-d2.d3.-r1.d0.d0.-f1.d1.-f3.-r2.f3.r2.f3.f1.-r0.r1.-f0.-d0.f0.-r3.-d3.-f2.r3.-f3.f0.r0.-f3.r3.-f0.-r3.f0.-d0.f0.-r3.-d3.-r3.-d0.r0.-f0.-r0.-d0.r3.f3,48,48
513,-r3.f2.-r0.d3.-f1.-r2.d3.-d2.-r1.d0.d0.-f1.d1.-f3.-r2.f3.r2.f1.f3.-r0.r1.-f0.-d0.f0.-r3.-d3.-f2.r3.f0.-f3.r0.-f3.r3.-f0.-r3.f0.-d0.f0.-r3.-d3.-r3.-d0.r0.-f0.-r0.-d0.r3.f3,48,48
513,-r3.f2.-r0.d3.-f1.-r2.d3.-d2.-r1.d0.d0.-f1.d1.-f3.-r2.f3.r2.f3.f1.r1.-r0.-f0.-d0.f0.-r3.-d3.-f2.r3.f0.-f3.r0.-f3.r3.-f0.-r3.f0.-d0.f0.-r3.-d3.-r3.-d0.r0.-f0.-r0.-d0.r3.f3,48,48
513,-d3.f2.-r1.-r2.d1.-r3.-d3.r3.d0.-f1.-r1.-f1.f3.d0.f3.r0.f3.r2.r3.-d0.-d0.-r3.d0.-r2.-d2.-r1.f1.-d0.-f1.-f2.-r1.f1.d0.r1.-d0.-d2.-r1.r0.f2.-r1.-r1.f1.r3.-f2.-r3.-f1.-r0.r3.f2.-r3,50,50
513,-d3.f2.-r1.-r2.d1.-r3.-d3.r3.d0.-f1.-r1.-f1.f3.d0.f3.r0.f3.r2.r3.d0.d0.-r3.d0.-r2.-d2.-r1.f1.-d0.-f1.-f2.-r1.f1.d0.r1.-d0.-d2.r0.-r1.f2.r1.r1.f1.r3.-f2.-r3.-f1.-r0.r3.f2.-r3,50,50
513,-d3.f2.-r2.-r1.d1.-r3.-d3.r3.d0.-f1.-r1.f3.-f1.d0.f3.r0.f3.r2.r3.d0.d0.-r3.d0.-r2.-d2.-r1.f1.-d0.-f1.-f2.-r1.f1.d0.r1.-d2.-d0.r0.-r1.f2.-r1.-r1.f1.r3.-f2.-r3.-f1.r3.-r0.f2.-r3,50,50
529,-r2.-r3.-f0.-r2.-f0.d0.f1.r1.-d2.-f2.-r0.-d0.-r0.-d1.r0.f0.f1.d2.d3.-f2.-r3.-d1.-d3.-f0.-f1.d1.f2.-d1.r0.r2.-d2.-d2.-r2.-d3.d2.-f2.-d0.f1.f2.d0.-r3.-r3.-f1.-r3.-r3.d0.f1.d3,48,48
529,-r2.-r3.-f0.-r2.-f0.d0.f1.r1.-d2.-f2.-r0.-d0.-r0.-d1.r0.f0.f1.d2.d3.-f2.-r3.-d1.-d3.-f0.-f1.d1.f2.-d1.r0.r2.d2.d2.-r2.-d3.d2.-f2.-d0.f1.f2.d0.r3.r3.-f1.r3.r3.d0.f1.d3,48,48
529,-r2.-r3.-f0.-r2.-f0.d0.f1.r1.-d2.-f2.-r0.-d0.-r0.-d1.r0.f0.f1.d2.d3.-f2.-r3.-d1.-d3.-f0.-f1.d1.f2.-d1.r0.r2.d2.d2.-r2.d2.-d3.-f2.-d0.f1.f2.d0.r3.r3.-f1.r3.r3.d0.f1.d3,48,48
529,-r3.-r2.-f0.-r2.-f0.d0.f1.r1.-d2.-f2.-r0.-d0.-r0.-d1.r0.f1.f0.d2.d3.-f2.-r3.-d3.-d1.-f1.-f0.d1.f2.-d1.r0.r2.-d2.-d2.-r2.-d3.d2.-f2.-d0.f1.f2.d0.r3.r3.-f1.r3.r3.d0.f1.d3,48,48
529,-r3.-r2.-f0.-r2.-f0.d0.f1.r1.-d2.-f2.-r0.-d0.-r0.-d1.r0.f1.f0.d3.d2.-f2.-r3.-d3.-d1.-f1.-f0.d1.f2.-d1.r2.r0.d2.d2.-r2.-d3.d2.-f2.-d0.f2.f1.d0.r3.r3.-f1.r3.r3.d0.f1.d3,48,48
529,-r3.-r2.-f0.-r2.-f0.d0.f1.r1.-d2.-f2.-r0.-d0.-r0.-d1.r0.f1.f0.d3.d2.-f2.-r3.-d3.-d1.-f1.-f0.d1.f2.-d1.r2.r0.d2.d2.-r2.d2.-d3.-f2.-d0.f2.f1.d0.r3.r3.-f1.r3.r3.d0.f1.d3,48,48
529,f0.-r0.-f1.r1.-f1.-d3.f1.f1.r3.-d1.f0.d0.f3.f0.-d1.-f0.d1.r2.d0.r2.f0.-r0.r1.-r0.d2.d3.-r0.d2.f0.d2.-f0.-r0.d2.-r1.-d2.-r3.-d1.f1.d1.r3.f3.d1.f1.-d1.-f3.-r3.r2.r1,48,48
539,-d3.-r1.-f0.-r2.d1.-r0.d3.f2.-d1.-r3.-f3.f0.-d3.r3.-d3.d2.r1.d2.d3.r1.r2.-f1.-f2.-f3.-r3.-f1.d2.r3.-d2.f1.-d2.d0.r1.-d2.-f3.d2.f3.d2.-r3.-f3.d1.d2.-r0.-d2.r0.-d1.f3.r3,48,48
539,-d3.-r1.-f0.-r2.d1.-r0.d3.f2.-d1.-r3.-f3.f0.-d3.r3.-d3.d2.r1.d3.d2.r2.r1.-f2.-f1.-f3.-r3.-f1.d2.r3.-d2.f1.-d2.d0.r1.-d2.-f3.d2.f3.d2.-r3.-f3.d2.d1.-r0.-d2.r0.-d1.f3.r3,48,48
539,-d3.-r1.-f0.-r2.d1.-r0.d3.f2.-d1.-r3.f0.-f3.-d3.r3.d2.-d3.r1.d2.d3.r1.r2.-f1.-f2.-f3.-r3.-f1.d2.r3.-d2.f1.d0.-d2.r1.-d2.-f3.d2.f3.d2.-r3.-f3.d1.d2.-r0.-d2.r0.-d1.f3.r3,48,48
539,-d3.-r1.-f0.-r2.d1.-r0.d3.f2.-d1.-r3.f0.-f3.-d3.r3.d2.-d3.r1.d2.d3.r2.r1.-f2.-f1.-f3.-r3.-f1.d2.r3.-d2.f1.-d2.d0.r1.-d2.-f3.d2.f3.d2.-r3.-f3.d1.d2.-r0.-d2.r0.-d1.f3.r3,48,48
539,-d3.-r1.-f0.-r2.d1.-r0.d3.f2.-d1.-r3.f0.-f3.-d3.r3.d2.-d3.r1.d3.d2.r2.r1.-f2.-f1.-f3.-r3.-f1.d2.r3.-d2.f1.d0.-d2.r1.-d2.-f3.d2.f3.d2.-r3.-f3.d2.d1.-r0.-d2.r0.-d1.f3.r3,48,48
543,f0.-r3.f2.-d3.d2.r2.r3.d0.f3.r0.f3.d1.-r0.-d3.f3.d2.d3.-f3.f0.-r3.-d1.-r3.-r3.d1.-r3.-d2.f1.f2.d3.r1.r2.d2.-r1.-d0.-r1.f3.-d1.f1.d1.-f3.-d2.r1.-d3.-f2.d2.-f0.f2.r2,48,48
543,f0.-r3.f2.-d3.d2.r2.r3.d0.f3.r0.f3.d1.-r0.-d3.f3.d2.d3.-f3.f0.-r3.-d1.r3.r3.d1.-r3.-d2.f1.f2.d3.r1.r2.d2.-r1.-d0.-r1.f3.-d1.f1.d1.-f3.-d2.r1.-d3.-f2.d2.-f0.f2.r2,48,48
543,f0.-r3.f2.-d3.d2.r3.r2.d0.f3.r0.f3.d1.-r0.-d3.f3.d3.d2.-f3.f0.-r3.-d1.r3.r3.d1.-r3.-d2.f2.f1.d3.r2.r1.d2.-r1.-d0.-r1.f3.-d1.f1.d1.-f3.-d2.r1.-d3.-f2.d2.-f0.f2.r2,48,48
543,f0.-r3.f2.-d3.d2.r3.r2.d0.f3.r0.f3.d1.-r0.-d3.f3.d3.d2.f0.-f3.-r3.-d1.r3.r3.d1.-r3.-d2.f1.f2.d3.r2.r1.d2.-r1.-d0.-r1.f3.-d1.f1.d1.-f3.-d2.r1.-d3.-f2.d2.f2.-f0.r2,48,48
543,f0.-r3.f2.d2.-d3.r2.r3.d0.f3.r0.f3.d1.-r0.-d3.f3.d2.d3.f0.-f3.-r3.-d1.r3.r3.d1.-r3.-d2.f1.f2.d3.r1.r2.d2.-r1.-d0.-r1.f3.-d1.f1.d1.-f3.-d2.r1.-d3.-f2.d2.-f0.f2.r2,48,48
543,f0.-r3.f2.d2.-d3.r3.r2.d0.f3.r0.f3.d1.-r0.-d3.f3.d3.d2.f0.-f3.-r3.-d1.r3.r3.d1.-r3.-d2.f2.f1.d3.r2.r1.d2.-r1.-d0.-r1.f3.-d1.f1.d1.-f3.-d2.r1.-d3.-f2.d2.f2.-f0.r2,48,48
543,f0.r2.d0.r0.f3.-f2.-r0.-r0.-d2.-r1.r3.d3.d0.r2.-d0.f1.f2.-f3.-d0.-f2.r3.f3.-r3.-f1.r1.f3.-r1.-d1.-r2.f2.r1.d3.f1.-d3.-r1.f1.-r2.r1.d3.-r1.-d1.f2.-d1.f2.r1.-f2.-d3.-d1,48,48
557,f2.-r0.d2.r1.r3.-d0.-r2.-r2.r0.-d0.f3.-r0.-r0.-d2.f3.d3.f3.d3.f3.-d3.-d3.d0.d1.-r3.-f0.d0.r0.d3.-f0.-d3.-r3.-f0.-r0.-d0.-d0.-f3.-r3.-d3.r3.f0.d2.r1.-d2.-r1.f3.r1.d2.-r1,48,48
557,f2.-r0.d2.r1.r3.-d0.-r2.-r2.r0.-d0.f3.r0.r0.-d2.f3.d3.f3.d3.f3.-d3.-d3.d0.d1.-r3.-f0.d0.r0.d3.-f0.-d3.-r3.-f0.-r0.d0.d0.-f3.-r3.-d3.r3.f0.d2.r1.-d2.-r1.f3.r1.d2.-r1,48,48
557,f2.-r0.d2.r1.r3.-d0.r0.-r2.-r2.-d0.f3.-r0.-r0.-d2.f3.d3.f3.d3.f3.-d3.-d3.d0.d1.-r3.-f0.d0.r0.d3.-f0.-d3.-r3.-f0.-r0.d0.d0.-f3.-r3.-d3.r3.f0.d2.r1.-d2.-r1.f3.r1.d2.-r1,48,48
557,f2.-r0.d2.r1.r3.-d0.r0.r2.r2.-d0.f3.r0.r0.-d2.f3.d3.f3.d3.f3.d0.d1.d3.d3.-r3.-f0.d0.r0.d3.-f0.-d3.-r3.-f0.-r0.d0.d0.-f3.-r3.-d3.r3.f0.d2.r1.-d2.-r1.f3.r1.d2.-r1,48,48
557,f2.-r0.d2.r1.r3.-d0.r2.r2.r0.-d0.f3.r0.r0.-d2.f3.d3.f3.d3.f3.d3.d3.d0.d1.-r3.-f0.d0.r0.d3.-f0.-d3.-r3.-f0.-r0.d0.d0.-f3.-r3.-d3.r3.f0.d2.r1.-d2.-r1.f3.r1.d2.-r1,48,48
557,f2.-r0.d2.r3.r1.-d0.r2.r2.r0.-d0.f3.r0.r0.-d2.f3.d3.f3.d3.f3.d3.d3.d1.d0.-r3.-f0.d0.r0.d3.-f0.-d3.-r3.-f0.-r0.d0.d0.-f3.-r3.-d3.r3.f0.d2.r1.-d2.-r1.f3.r1.d2.-r1,48,48
559,-f0.d0.-r3.r2.d2.f0.-r1.-r3.d2.-f1.f0.d3.-f0.-f2.-d2.d3.-f3.r2.d2.r1.d1.f3.r3.-d3.-r3.-f3.r3.-d2.-r3.-f3.r3.-d0.-r1.r3.-d0.-r1.d2.r1.d0.r1.f3.-r3.-r3.-f3.-d2.f3.d2.r3,48,48
559,-f0.d0.-r3.r2.d2.f0.-r1.-r3.d2.-f1.f0.d3.-f0.-f2.-d2.d3.-f3.r2.d2.r1.d1.f3.r3.-d3.-r3.-f3.r3.-d2.-r3.-f3.r3.-d0.-r1.r3.-d0.-r1.d2.r1.d0.r1.f3.r3.r3.-f3.-d2.f3.d2.r3,48,48
559,-f0.d0.-r3.r2.d2.f0.-r3.-r1.d2.-f1.f0.d3.-f0.-f2.d3.-d2.-f3.r2.d2.r1.d1.f3.r3.-d3.-r3.-f3.r3.-d2.-r3.-f3.r3.-d0.-r1.r3.-d0.-r1.d2.r1.d0.r1.f3.r3.r3.-f3.-d2.f3.d2.r3,48,48
559,-f0.d0.-r3.r2.d2.f0.-r3.-r1.d2.-f1.f0.d3.-f2.-f0.-d2.d3.-f3.r2.d2.r1.d1.f3.r3.-d3.-r3.-f3.r3.-d2.-r3.-f3.r3.-d0.-r1.r3.-d0.-r1.d2.r1.d0.r1.f3.r3.r3.-f3.-d2.f3.d2.r3,48,48
559,-f0.d0.r2.-r3.d2.f0.-r1.-r3.d2.f0.-f1.d3.-f0.-f2.-d2.d3.-f3.r2.d2.r1.d1.f3.r3.-d3.-r3.-f3.r3.-d2.-r3.-f3.r3.-d0.-r1.r3.-d0.-r1.d2.r1.d0.r1.f3.r3.r3.-f3.-d2.f3.d2.r3,48,48
559,-f0.d0.r2.-r3.d2.f0.-r3.-r1.d2.f0.-f1.d3.-f2.-f0.d3.-d2.-f3.r2.d2.r1.d1.f3.r3.-d3.-r3.-f3.r3.-d2.-r3.-f3.r3.-d0.r3.-r1.-d0.-r1.d2.r1.d0.r1.f3.r3.r3.-f3.-d2.f3.d2.r3,48,48
575,-d2.d3.-f3.-f3.-d3.-r2.f2.-r0.-d0.d3.r1.-f1.-r1.-f0.-r3.f3.-r3.r2.-f2.d3.r2.-f2.-f2.r2.f2.-r3.r2.-f0.r2.-f2.-r2.d0.-f1.r2.f1.-d0.r3.f1.f3.r2.-f1.-r3.f1.-d2.-r2.d2.-f1.-f1,48,48
575,-d2.d3.-f3.-f3.-d3.-r2.f2.-r0.-d0.d3.r1.-f1.-r1.-f0.-r3.f3.-r3.r2.-f2.d3.r2.f2.f2.r2.f2.-r3.r2.-f0.r2.-f2.-r2.d0.-f1.r2.f1.-d0.r3.f3.f1.r2.-f1.-r3.f1.-d2.-r2.d2.f1.f1,48,48
575,-d2.d3.-f3.-f3.-d3.-r2.f2.-r0.d3.-d0.r1.-f1.-r1.-f0.-r3.f3.-r3.r2.-f2.d3.r2.f2.f2.r2.f2.r2.-r3.-f0.r2.-f2.-r2.d0.-f1.r2.f1.-d0.r3.f3.f1.r2.-f1.-r3.f1.-d2.-r2.d2.f1.f1,48,48
575,-d2.d3.f3.f3.-d3.-r2.f2.-r0.-d0.d3.r1.-f1.-r1.-f0.-r3.f3.-r3.r2.-f2.d3.r2.f2.f2.r2.f2.-r3.r2.-f0.r2.-f2.-r2.d0.-f1.r2.f1.-d0.r3.f1.f3.r2.-f1.-r3.f1.-d2.-r2.d2.f1.f1,48,48
575,-d2.d3.f3.f3.-d3.-r2.f2.-r0.-d0.d3.r1.-f1.-r1.-f0.-r3.f3.-r3.r2.-f2.d3.r2.f2.f2.r2.f2.-r3.r2.-f0.r2.-f2.-r2.d0.-f1.r2.f1.-d0.r3.f3.f1.r2.-f1.-r3.f1.-d2.-r2.d2.f1.f1,48,48
575,-d2.d3.f3.f3.-d3.-r2.f2.-r0.-d0.d3.r1.-f1.-r1.-f0.-r3.f3.r2.-r3.-f2.d3.r2.f2.f2.r2.f2.r2.-r3.-f0.r2.-f2.-r2.d0.-f1.r2.f1.-d0.r3.f1.f3.r2.-f1.-r3.f1.-d2.-r2.d2.f1.f1,48,48
575,d3.-d2.f3.f3.-d3.-r2.f2.-r0.d3.-d0.r1.-f1.-r1.-f0.-r3.f3.r2.-r3.-f2.d3.r2.f2.f2.r2.f2.r2.-r3.-f0.r2.-f2.-r2.d0.-f1.r2.f1.-d0.r3.f3.f1.r2.-f1.-r3.f1.-d2.-r2.d2.f1.f1,48,48
576,-r0.-f1.-r2.-d0.f3.r2.-d3.f1.f3.-d3.-r2.-r2.f3.d2.-r1.-d1.-r3.d0.d1.-f2.d0.f1.f2.r2.-f1.r0.r2.f1.f3.-r2.f0.r3.-f0.r2.f0.-d2.r2.-f1.r2.-d0.-d2.-f1.d2.-r2.f1.r2.d0.-r2.-r3,49,49
576,-r0.-f1.-r2.-d0.f3.r2.-d3.f1.f3.-d3.-r2.-r2.f3.d2.-r1.-d1.-r3.d0.d1.-f2.d0.f1.f2.r2.-f1.r0.r2.f1.f3.-r2.f0.r3.-f0.r2.f0.-d2.r2.-f1.r2.-d0.-d2.-f1.d2.-r2.f1.r2.d0.-r3.-r2,49,49
576,-r0.-f1.-r2.-d0.f3.r2.-d3.f1.f3.-d3.r2.r2.f3.d2.-r1.-d1.-r3.d0.d1.-f2.d0.f1.f2.r2.-f1.r0.r2.f1.f3.-r2.f0.r3.-f0.r2.f0.-d2.r2.-f1.r2.-d0.-d2.-f1.d2.-r2.f1.r2.d0.-r2.-r3,49,49
576,-r0.-f1.-r2.-d0.f3.r2.-d3.f1.f3.-d3.r2.r2.f3.d2.-r1.-d1.-r3.d0.d1.-f2.d0.f1.f2.r2.-f1.r0.r2.f1.f3.-r2.f0.r3.-f0.r2.f0.-d2.r2.-f1.r2.-d0.-d2.-f1.d2.-r2.f1.r2.d0.-r3.-r2,49,49
576,-r0.-f1.-r2.-d0.f3.r2.-d3.f3.f1.-d3.-r2.-r2.f3.d2.-r1.-d1.-r3.d1.d0.-f2.d0.f2.f1.r2.-f1.r2.r0.f3.f1.-r2.f0.r3.-f0.r2.f0.-d2.r2.-f1.r2.-d0.-d2.-f1.d2.-r2.f1.r2.d0.-r3.-r2,49,49
576,-r0.-f1.-r2.-d0.f3.r2.-d3.f3.f1.-d3.r2.r2.f3.d2.-r1.-d1.-r3.d1.d0.-f2.d0.f2.f1.r2.-f1.r2.r0.f3.f1.-r2.f0.r3.-f0.r2.f0.-d2.r2.-f1.r2.-d2.-d0.-f1.d2.-r2.f1.r2.d0.-r2.-r3,49,49
576,-r0.-f1.-r2.-d0.f3.r2.-d3.f3.f1.-d3.r2.r2.f3.d2.-r1.-d1.-r3.d1.d0.-f2.d0.f2.f1.r2.-f1.r2.r0.f3.f1.-r2.f0.r3.-f0.r2.f0.-d2.r2.-f1.r2.-d2.-d0.-f1.d2.-r2.f1.r2.d0.-r3.-r2,49,49
577,r1.f2.r2.f0.-d0.-r2.-r3.-f1.-r2.d3.r1.f0.r0.r2.-f1.-f1.-r1.-r2.-r2.d0.f3.r3.-d0.-d3.-r2.-d0.r1.f1.d0.-r2.d1.-f1.r2.-d0.r0.-f1.-f3.r0.f1.-r0.-f2.-f2.f3.-r1.-f2.-f2.-r2.d2,48,48
577,r1.f2.r2.f0.-d0.-r2.-r3.-f1.-r2.d3.r1.f0.r0.r2.f1.f1.-r1.r2.r2.d0.f3.r3.-d0.-d3.-r2.-d0.r1.f1.d0.-r2.d1.-f1.r2.-d0.r0.-f1.-f3.r0.f1.-r0.f2.f2.f3.-r1.f2.f2.-r2.d2,48,48
577,r1.f2.r2.f0.-d0.-r2.-r3.-f1.-r2.d3.r1.f0.r0.r2.f1.f1.-r1.r2.r2.d0.f3.r3.-d3.-d0.-r2.-d0.r1.f1.d0.-r2.d1.-f1.r2.-d0.r0.-f3.-f1.r0.f1.-r0.f2.f2.f3.-r1.f2.f2.-r2.d2,48,48
577,r1.f2.r2.f0.-d0.-r2.-r3.-f1.-r2.d3.r1.f0.r0.r2.f1.f1.r2.r2.-r1.d0.f3.r3.-d3.-d0.-r2.-d0.r1.f1.d0.-r2.d1.-f1.r2.-d0.r0.-f3.-f1.r0.f1.-r0.-f2.-f2.f3.-r1.f2.f2.-r2.d2,48,48
577,r1.f2.r2.f0.-d0.-r3.-r2.-f1.-r2.d3.r1.f0.r0.r2.-f1.-f1.r2.-r1.r2.d0.f3.r3.-d0.-d3.-r2.-d0.r1.f1.d0.-r2.d1.-f1.r2.-d0.r0.-f3.-f1.r0.f1.-r0.-f2.f3.-f2.-r1.f2.f2.-r2.d2,48,48
577,r1.f2.r2.f0.-d0.-r3.-r2.-f1.-r2.d3.r1.f0.r2.r0.f1.f1.-r1.r2.r2.d0.f3.r3.-d3.-d0.-r2.-d0.r1.f1.d0.-r2.d1.-f1.r2.-d0.r0.-f3.-f1.r0.f1.-r0.f2.f2.f3.-r1.f2.f2.-r2.d2,48,48
577,r1.f2.r2.f0.-d0.-r3.-r2.-f1.-r2.d3.r1.f0.r2.r0.f1.f1.-r2.-r1.-r2.d0.f3.r3.-d3.-d0.-r2.-d0.r1.f1.d0.-r2.d1.-f1.r2.-d0.r0.-f3.-f1.r0.f1.-r0.f2.f2.f3.-r1.f2.f2.-r2.d2,48,48
577,r1.f2.r2.f0.-d0.r1.r0.d2.-r2.f3.r1.-d3.-r1.-r3.f1.f1.r2.r2.-r1.d0.f3.r3.-d3.-d0.-r2.-d0.r1.f1.d0.-r2.d1.-f1.r2.-d0.r0.-f3.-f1.r0.f1.-r0.-f2.f3.-f2.-r1.f2.f2.-r2.d2,48,48
577,r3.-f1.-r3.f2.d3.f3.-d1.r2.-f2.-r0.d3.-r2.f0.d1.d2.f0.d1.d1.-f0.r2.d3.-f0.-d0.-r3.d1.f0.-d1.d3.-r3.-f0.-d3.-f0.-d3.-f3.r3.f3.r2.d3.r3.-d3.f3.f3.r0.f2.-r0.-f3.r0.-f2.-f3.-r2.f3.-r0,52,52
577,r3.-f1.-r3.f2.d3.f3.-d1.r2.-f2.-r0.d3.-r2.f0.d2.d1.f0.-d1.-d1.-f0.r2.d3.-f0.-d0.-r3.d1.f0.-d1.d3.-r3.-f0.-d3.-f0.-d3.-f3.r3.f3.r2.d3.r3.-d3.-f3.-f3.r0.f2.-r0.-f3.r0.-f3.-f2.-r2.f3.-r0,52,52
585,f3.r0.-f0.-r3.-d3.-r2.f3.-d2.d0.-f0.-f0.f2.d3.-r3.-f0.d3.-f0.f2.-r3.-f3.-r0.d0.r0.r1.-d0.-r1.d0.r2.d0.r3.f3.-r3.f1.r3.f0.-d2.r2.f3.-r2.-f1.r2.-d1.-r2.d1.-f3.-d1.-f0.-f3,48,48
585,f3.r0.-f0.-r3.-d3.-r2.f3.-d2.d0.-f0.-f0.f2.d3.-r3.-f0.d3.-f0.f2.-r3.-f3.-r0.d0.r0.r1.-d0.-r1.d0.r2.d0.r3.f3.-r3.f1.r3.f0.-d2.r2.f3.-r2.-f1.r2.-d1.-r2.d1.-f3.-d1.-f3.-f0,48,48
585,f3.r0.-f0.-r3.-d3.-r2.f3.-d2.d0.f0.f0.f2.d3.-r3.-f0.d3.-f0.f2.-r3.-f3.-r0.d0.r0.r1.-d0.-r1.d0.r2.d0.r3.f3.-r3.f1.r3.f0.-d2.r2.f3.-r2.-f1.r2.-d1.-r2.d1.-f3.-d1.-f0.-f3,48,48
585,f3.r0.-f0.-r3.-d3.-r2.f3.-d2.d0.f0.f0.f2.d3.-r3.-f0.d3.-f0.f2.-r3.-f3.-r0.d0.r0.r1.-d0.-r1.d0.r2.d0.r3.f3.-r3.f1.r3.f0.-d2.r2.f3.-r2.-f1.r2.-d1.-r2.d1.-f3.-d1.-f3.-f0,48,48
585,f3.r0.-f0.-r3.-d3.-r2.f3.-d2.d0.f0.f2.f0.d3.-r3.-f0.d3.-f0.f2.-r3.-f3.-r0.d0.r1.r0.-d0.-r1.d0.r2.d0.r3.f3.-r3.f1.r3.f0.-d2.r2.f3.-r2.-f1.r2.-d1.-r2.d1.-f3.-d1.-f3.-f0,48,48
585,f3.r0.-f0.-r3.-d3.-r2.f3.d0.-d2.f0.f0.f2.d3.-r3.-f0.d3.-f0.f2.-r3.-f3.-r0.d0.r0.r1.-d0.-r1.d0.r2.d0.r3.f3.-r3.f1.r3.f0.-d2.r2.f3.-r2.-f1.r2.-d1.-r2.d1.-f3.-d1.-f0.-f3,48,48
585,f3.r0.-f0.-r3.-d3.-r2.f3.d0.-d2.f0.f0.f2.d3.-r3.-f0.d3.f2.-f0.-r3.-f3.-r0.d0.r1.r0.-d0.-r1.d0.r2.d0.r3.f3.-r3.f1.r3.f0.-d2.r2.f3.-r2.-f1.r2.-d1.-r2.d1.-f3.-d1.-f3.-f0,48,48
585,f3.r0.-f0.-r3.-d3.-r2.f3.d0.-d2.f0.f2.f0.d3.-r3.-f0.d3.f2.-f0.-r3.-f3.-r0.d0.r0.r1.-d0.-r1.d0.r2.d0.r3.f3.-r3.f1.r3.f0.-d2.r2.f3.-r2.-f1.r2.-d1.-r2.d1.-f3.-d1.-f3.-f0,48,48
599,-r0.-d3.-f1.-d0.-f1.f3.-d2.r0.-d0.r1.r2.f2.-r1.r2.f2.-r2.d3.r0.d0.-f3.-d2.-d2.-d3.f0.-d2.-r0.d3.r0.-d0.-d2.-r0.-f3.d0.-f3.d0.r3.-d3.r0.d0.-r0.-r3.f0.f3.-d0.r3.f0.d0.r0,48,48
599,-r0.-d3.-f1.-d0.-f1.f3.-d2.r0.-d0.r1.r2.f2.-r1.r2.f2.-r2.d3.r0.d0.-f3.d2.d2.-d3.f0.-d2.-r0.d3.r0.-d0.-d2.-r0.-f3.d0.-f3.d0.r3.-d3.r0.d0.-r0.-r3.f0.f3.-d0.r3.f0.d0.r0,48,48
599,-r0.-d3.-f1.-d0.-f1.f3.-d2.r0.-d0.r2.r1.f2.-r1.r2.f2.-r2.d3.r0.d0.-f3.-d2.-d3.-d2.f0.-d2.-r0.d3.r0.-d2.-d0.-r0.-f3.d0.-f3.d0.r3.-d3.r0.d0.-r3.-r0.f3.f0.-d0.r3.f0.d0.r0,48,48
599,-r0.-d3.-f1.-d0.f3.-f1.-d2.r0.-d0.r1.r2.f2.-r1.r2.f2.-r2.d3.r0.d0.-f3.-d2.-d3.-d2.f0.-d2.-r0.d3.r0.-d2.-d0.-r0.-f3.d0.-f3.d0.r3.-d3.r0.d0.-r0.-r3.f0.f3.-d0.r3.f0.d0.r0,48,48
599,-r0.-d3.-f1.-d0.f3.-f1.-d2.r0.-d0.r2.r1.f2.r2.-r1.f2.-r2.d3.r0.d0.-f3.d2.d2.-d3.f0.-d2.-r0.d3.r0.-d2.-d0.-r0.-f3.d0.-f3.d0.r3.-d3.r0.d0.-r3.-r0.f3.f0.-d0.r3.f0.d0.r0,48,48
599,d3.-r0.-d0.r0.-d1.-d2.-r1.r0.d2.-f3.r2.f0.r3.d0.d1.f0.f1.-d1.-d1.-d3.f2.-r2.-r3.r0.d0.d2.r1.-f2.-d0.-d2.-f0.-f1.r3.-f3.-d2.-f1.-r1.-d1.-r0.f1.r0.d1.r1.f1.-d2.d0.-f2.-d2.f2.-d0,50,50
599,d3.-r0.-d0.r0.-d1.-d2.r0.-r1.d2.-f3.r2.f0.r3.d0.d1.f0.f1.d1.d1.-d3.f2.r0.-r2.-r3.d0.d2.r1.-f2.-d0.-d2.-f0.-f1.r3.-f3.-d2.-f1.-r1.-d1.-r0.f1.r0.d1.r1.f1.d0.-d2.-f2.-d2.f2.-d0,50,50
599,d3.-r0.-d0.r0.-d2.-d1.r0.-r1.d2.-f3.r2.f0.r3.d0.d1.f1.f0.d1.d1.-d3.f2.-r2.-r3.r0.d2.d0.r1.-f2.-d0.-d2.-f0.-f1.r3.-f3.-d2.-f1.-r1.-d1.-r0.f1.r0.d1.r1.f1.-d2.d0.-f2.-d2.f2.-d0,50,50
599,d1.r2.d0.d2.-f0.-d3.r3.f3.-r1.-f1.d1.r0.-d3.r0.-d1.-f0.d2.-f3.-r3.-d3.-f0.-f3.-r0.f3.d2.-f0.-d1.-d2.f0.r0.f0.d2.-f0.-d1.-d2.-f0.-r0.d1.d3.-f0.-d0.f0.-d1.r0.d1.-r0.-d3.r0.-d1.-r0.-f0.d0,52,52
599,d1.r2.d2.d0.-f0.-d3.r3.f3.-r1.-f1.d1.r0.-d3.r0.-d1.-f0.d2.-f3.-r3.-d3.-f0.-f3.-r0.f3.d2.-f0.-d1.-d2.f0.r0.f0.d2.-f0.-d2.-d1.-f0.-r0.d3.d1.-f0.-d0.f0.-d1.r0.d1.-r0.-d3.r0.-d1.-r0.-f0.d0,52,52
616,d3.r1.-d2.d1.-r0.-r2.-d0.-f3.f2.-d0.-r3.-r3.d1.-r3.r1.-d1.d2.f0.f3.d1.-r3.-d1.-f0.-d2.r0.d0.-r0.d1.-r3.d0.f3.r0.-f0.-f0.-r0.f0.-d0.-f0.d3.f0.r3.-f0.r3.-f0.d3.-r0.d0.-f3.-r3,49,49
616,d3.r1.-d2.d1.-r0.-r2.-d0.-f3.f2.-d0.r3.r3.d1.-r3.r1.-d1.d2.f0.f3.d1.-r3.-d1.-f0.-d2.r0.d0.-r0.d1.-r3.d0.f3.r0.f0.f0.-r0.f0.-d0.-f0.d3.f0.r3.-f0.r3.-f0.d3.-r0.d0.-f3.-r3,49,49
616,d3.r1.-d2.d1.-r0.-r2.-d0.-f3.f2.-d0.r3.r3.d1.r1.-r3.d2.-d1.f0.f3.d1.-r3.-d1.-f0.-d2.r0.d0.-r0.d1.-r3.d0.f3.r0.f0.f0.-r0.f0.-d0.-f0.d3.f0.r3.-f0.r3.-f0.d3.-r0.d0.-f3.-r3,49,49
616,d3.r1.-d2.d1.-r2.-r0.-d0.-f3.f2.-d0.r3.r3.d1.-r3.r1.-d1.d2.f3.f0.d1.-r3.-d1.-f0.-d2.r0.d0.-r0.d1.-r3.d0.f3.r0.f0.f0.-r0.f0.-d0.-f0.d3.f0.r3.-f0.r3.-f0.d3.-r0.d0.-f3.-r3,49,49
616,d3.r1.d1.-d2.-r0.-r2.-d0.f2.-f3.-d0.r3.r3.d1.r1.-r3.-d1.d2.f0.f3.d1.-r3.-d1.-f0.-d2.r0.d0.-r0.d1.-r3.d0.f3.r0.f0.f0.-r0.f0.-d0.-f0.d3.f0.r3.-f0.r3.-f0.d3.-r0.d0.-f3.-r3,49,49
616,d3.r1.d1.-d2.-r2.-r0.-d0.f2.-f3.-d0.r3.r3.d1.r1.-r3.d2.-d1.f3.f0.d1.-r3.-d1.-f0.-d2.r0.d0.-r0.d1.-r3.d0.f3.r0.f0.f0.-r0.f0.-d0.-f0.d3.f0.r3.-f0.r3.-f0.d3.-r0.d0.-f3.-r3,49,49
616,-d1.-d1.r3.-f0.-r2.-d0.d3.-r3.-d1.-f0.-f0.-f2.d3.-f3.-f3.-r3.-d3.f1.r0.-f3.d3.f3.-d3.d0.d2.f1.d1.f3.-d2.-r2.d2.-f0.-f1.-d0.d3.r3.f2.-r0.-f2.-r3.r0.-d3.d0.-f2.d2.f3.d2.f2.-d2.-f3.-d2,51,51
616,-d1.-d1.r3.-f0.-r2.-d0.d3.-r3.-d1.-f2.f0.f0.d3.-f3.-f3.-r3.-d3.f1.r0.-f3.d3.f3.d0.d2.-d3.f1.d1.f3.-d2.-r2.d2.-f1.-f0.d3.-d0.r3.f2.-r0.-f2.r0.-r3.-d3.d0.-f2.d2.f3.d2.f2.-d2.-f3.-d2,51,51
616,d1.d1.r3.-f0.-r2.-d0.d3.-r3.-d1.f0.f0.-f2.d3.f3.f3.-r3.-d3.f1.r0.-f3.d3.f3.d0.d2.-d3.f1.d1.f3.-d2.-r2.d2.-f0.-f1.-d0.d3.r3.f2.-r0.-f2.r0.-r3.d0.-d3.-f2.d2.f3.d2.f2.-d2.-f3.-d2,51,51
619,-f0.-r1.-d3.-f3.-d1.d3.-r3.-f2.d3.-r0.-r0.d0.r1.-f3.f0.d1.-f0.-d3.r0.-f3.-d0.f2.-r2.-f1.-f2.d0.-f0.-r0.f0.f3.d0.f1.-r3.-f1.r2.-f1.-r2.f1.-r2.-f1.r2.-f3.r0.d2.-r2.-d2.-r0.f1,48,48
619,-f0.-r1.-d3.-f3.-d1.d3.-r3.-f2.d3.r0.r0.d0.r1.-f3.f0.d1.-f0.-d3.r0.-f3.-d0.f2.-r2.-f1.-f2.d0.-f0.-r0.f0.f3.d0.f1.-r3.-f1.r2.-f1.-r2.f1.-r2.-f1.r2.-f3.r0.d2.-r2.-d2.-r0.f1,48,48
619,-f0.-r1.-d3.-f3.-d1.d3.-r3.-f2.d3.r0.r0.d0.r1.-f3.f0.d1.-f0.-d3.r0.-f3.-d0.f2.-r2.-f2.-f1.d0.-f0.-r0.f3.f0.d0.f1.-r3.-f1.r2.-f1.-r2.f1.-r2.-f1.r2.-f3.r0.d2.-r2.-d2.-r0.f1,48,48
619,-f0.-r1.-d3.-f3.-d1.d3.-r3.-f2.d3.r0.r0.d0.r1.f0.-f3.d1.-f0.-d3.r0.-f3.-d0.f2.-r2.-f1.-f2.d0.-f0.-r0.f0.f3.d0.f1.-r3.-f1.r2.-f1.-r2.f1.-r2.-f1.r2.-f3.r0.d2.-r2.-d2.-r0.f1,48,48
619,-f0.-r1.-d3.-f3.-d1.d3.-r3.-f2.d3.r0.r0.d0.r1.f0.-f3.d1.-f0.-d3.r0.-f3.-d0.f2.-r2.-f2.-f1.d0.-f0.-r0.f3.f0.d0.f1.-r3.-f1.r2.-f1.-r2.f1.-r2.-f1.r2.-f3.r0.d2.-r2.-d2.-r0.f1,48,48
619,-f0.-r1.-d3.-f3.d3.-d1.-r3.-f2.d3.r0.r0.d0.r1.f0.-f3.d1.-f0.-d3.r0.-f3.-d0.f2.-r2.-f2.-f1.d0.-f0.-r0.f3.f0.d0.f1.-r3.-f1.r2.-f1.-r2.f1.-r2.-f1.r2.-f3.r0.d2.-r2.-d2.-r0.f1,48,48
631,d1.-r1.-f0.r1.-f1.r3.-f3.-r2.-r2.-d0.r1.d2.r0.-d3.f0.f3.d0.f3.f2.d0.-d3.r3.f2.-r3.d3.-r0.-f2.r0.f3.f2.r3.-d0.-r0.-d0.-d3.r3.r0.f2.r3.-f2.r3.r3.-r0.-f1.-r3.f1.r3.-f1,48,48
631,f3.d3.f1.r2.f0.-r3.f0.-d2.-d2.f2.r1.-d3.-f2.d0.-f0.-d0.-r0.-r0.-f0.-r0.-d0.-d0.f0.-d3.-f3.-d2.-f1.-f1.-d1.-r2.f3.-d1.f3.d2.-r3.d1.-r2.-r2.r3.-d2.-r2.-r2.-f3.r2.-f2.d1.-f1.f2,48,48
631,f3.d3.f1.r2.f0.-r3.f0.d2.d2.f2.r1.-d3.-f2.d0.-f0.-d0.r0.r0.-f0.-r0.-d0.-d0.f0.-d3.-f3.-d2.-f1.-f1.-d1.-r2.f3.-d1.f3.d2.-r3.d1.r3.r2.r2.-d2.r2.r2.-f3.r2.-f2.d1.f2.-f1,48,48
631,f3.d3.f1.r2.f0.-r3.f0.d2.d2.f2.r1.-d3.-f2.d0.-f0.-d0.r0.r0.-f0.-r0.d0.d0.f0.-d3.-f3.-d2.f1.f1.-d1.-r2.f3.-d1.f3.d2.-r3.d1.r2.r2.r3.-d2.r2.r2.-f3.r2.-f2.d1.-f1.f2,48,48
631,f3.d3.f1.r2.f0.-r3.f0.d2.d2.f2.r1.-d3.-f2.d0.-f0.-d0.r0.r0.-f0.-r0.d0.d0.f0.-d3.-f3.-d2.f1.f1.-d1.-r2.f3.-d1.f3.d2.-r3.d1.r2.r2.r3.-d2.r2.r2.-f3.r2.-f2.d1.f2.-f1,48,48
631,f3.d3.f1.r2.f0.-r3.f0.d2.d2.f2.r1.-d3.-f2.d0.-f0.-d0.r0.r0.-f0.-r0.d0.d0.f0.-d3.-f3.-d2.f1.f1.-d1.-r2.f3.-d1.f3.d2.-r3.d1.r3.r2.r2.-d2.r2.r2.-f3.r2.-f2.d1.-f1.f2,48,48
668,f3.-d3.-f3.r0.d2.f0.-r3.d0.f3.d1.r0.-d1.-d1.-f3.-f3.d2.r2.f0.-r0.-d2.-r2.f3.-d0.r3.-d0.-r2.d2.r1.-d2.f0.d1.-f0.r2.d1.-r1.-r2.d0.-f2.-d1.-r1.-r1.-f0.f1.r1.f2.-r1.f0.-r1.-d1,49,49
668,f3.-d3.-f3.r0.d2.f0.-r3.d0.f3.d1.r0.-d1.-d1.f3.f3.d2.r2.f0.-r0.-d2.-r2.f3.-d0.r3.-d0.d2.r1.-d2.-r2.f0.d1.-f0.r2.d1.-r2.-r1.d0.-f2.-d1.-r1.-r1.f1.-f0.r1.f2.-r1.f0.-r1.-d1,49,49
668,f3.-d3.-f3.r0.d2.f0.-r3.d0.f3.d1.r0.d1.d1.f3.f3.d2.r2.f0.-r0.-d2.-r2.f3.-d0.r3.-d0.-r2.d2.r1.-d2.f0.d1.-f0.r2.d1.-r1.-r2.d0.-f2.-d1.r1.r1.-f0.f1.r1.f2.-r1.f0.-r1.-d1,49,49
668,f3.-d3.-f3.r0.d2.f0.-r3.d0.f3.d1.r0.d1.d1.f3.f3.d2.r2.f0.-r0.-d2.-r2.f3.-d0.r3.-d0.-r2.d2.r1.-d2.f0.d1.-f0.r2.d1.-r2.-r1.d0.-f2.-d1.r1.r1.-f0.f1.r1.f2.-r1.f0.-r1.-d1,49,49
668,f3.-d3.-f3.r0.d2.f0.-r3.d0.f3.d1.r0.d1.d1.f3.f3.d2.r2.f0.-r0.-d2.-r2.f3.-d0.r3.-d0.-r2.d2.r1.-d2.f0.d1.-f0.r2.d1.-r2.-r1.d0.-f2.-d1.r1.r1.f1.-f0.r1.f2.-r1.f0.-r1.-d1,49,49
668,f3.-d3.-f3.r0.d2.f0.-r3.d0.f3.d1.r0.d1.d1.f3.f3.d2.r2.f0.-r0.-d2.-r2.f3.-d0.r3.-d0.d2.r1.-d2.-r2.f0.d1.-f0.r2.d1.-r1.-r2.d0.-f2.-d1.r1.r1.-f0.f1.r1.f2.-r1.f0.-r1.-d1,49,49
668,f2.d3.f1.r3.f1.-d2.-f0.-d2.-f0.d1.f1.-d2.-r2.f3.d1.d2.f1.f2.d3.-r2.-f3.d0.-r0.-r3.-f0.-d1.f0.f3.r3.d0.-d1.-r0.d0.r0.-d0.d1.r0.f0.-r0.f0.f0.d3.f0.-d0.f3.d3.f2.-d3.-f0.-f3.d3.-f2.-d3,53,53
668,f2.d3.f1.r3.f1.-d2.-f0.-d2.-f0.d1.f1.-d2.-r2.f3.d2.d1.f2.f1.d3.-r2.-f3.d0.-r3.-r0.-f0.-d1.f0.f3.r3.d0.-d1.-r0.d0.r0.d1.-d0.r0.f0.-r0.-f0.-f0.d3.f0.-d0.f3.d3.f2.-d3.-f3.-f0.d3.-f2.-d3,53,53
683,d3.-r3.d0.-r1.-f2.f3.-r2.-d2.r1.-d0.d3.-r2.-d1.r1.d0.-r0.-f1.-r1.-f3.-d0.f1.f3.r0.f3.-r2.d0.-r1.-f0.-f2.d1.r2.-d1.f0.d3.r2.d2.-r2.-d3.-f2.-d2.f0.f2.d1.f2.-d1.-f0.-r2.-r2,48,48
683,d3.-r3.d0.-r1.-f2.f3.-r2.-d2.r1.-d0.d3.-r2.-d1.r1.d0.-r0.-f1.-r1.-f3.-d0.f1.f3.r0.f3.-r2.d0.-r1.-f0.-f2.d1.r2.-d1.f0.d3.r2.d2.-r2.-d3.-f2.-d2.f0.f2.d1.f2.-d1.-f0.r2.r2,48,48
683,d3.-r3.d0.-r1.-f2.f3.-r2.-d2.r1.-d0.d3.-r2.-d1.r1.d0.-r0.-f1.-r1.-f3.-d0.f3.f1.r0.f3.-r2.d0.-r1.-f2.-f0.d1.r2.-d1.f0.d3.r2.d2.-r2.-d3.-f2.-d2.f2.f0.d1.f2.-d1.-f0.r2.r2,48,48
683,d3.-r3.d0.-r1.f3.-f2.-r2.-d2.r1.-d0.d3.-r2.-d1.r1.d0.-r0.-f1.-r1.-f3.-d0.f3.f1.r0.f3.-r2.d0.-r1.-f2.-f0.d1.r2.-d1.f0.d3.r2.d2.-r2.-d3.-f2.-d2.f2.f0.d1.f2.-d1.-f0.r2.r2,48,48
683,d3.-r3.d0.-r1.f3.-f2.-r2.-d2.r1.d3.-d0.-r2.-d1.r1.d0.-r0.-f1.-r1.-f3.-d0.f3.f1.r0.f3.-r2.d0.-r1.-f2.-f0.d1.r2.-d1.f0.d3.r2.d2.-r2.-d3.-f2.-d2.f2.f0.d1.f2.-d1.-f0.-r2.-r2,48,48
734,-d1.-d3.r1.r2.-f1.f2.-d0.f0.r2.f0.f2.-d2.d3.-r3.d2.f1.f2.r2.-f1.r3.-f2.f0.f1.-r3.-f3.r3.-f0.-f1.r3.-f0.d0.f0.-d0.-r2.-r2.d3.r2.-d2.-f2.r2.f0.r2.-f0.f2.d0.f0.-r2.-f0.d2,49,49
734,-d1.-d3.r1.r2.-f1.f2.-d0.f0.r2.f0.f2.-d2.d3.-r3.d2.f1.f2.r2.-f1.r3.-f2.f0.f1.-r3.-f3.r3.-f0.-f1.r3.-f0.d0.f0.-d0.r2.r2.d3.r2.-d2.-f2.r2.f0.r2.-f0.f2.d0.f0.-r2.-f0.d2,49,49
734,-d1.-d3.r1.r2.-f1.f2.-d0.f0.r2.f0.f2.-d2.d3.-r3.d2.f1.f2.r2.-f1.r3.f0.f1.-f2.-r3.-f3.r3.-f0.-f1.r3.-f0.d0.f0.-d0.r2.r2.d3.r2.-d2.-f2.r2.f0.r2.-f0.f2.d0.f0.-r2.-f0.d2,49,49
734,-d3.-d1.r2.r1.-f1.f2.-d0.f0.r2.f2.f0.-d2.d3.-r3.d2.f2.f1.r2.-f1.r3.-f2.f1.f0.-r3.-f3.r3.-f1.-f0.r3.-f0.d0.f0.-d0.r2.r2.d3.r2.-d2.-f2.r2.f0.r2.-f0.f2.d0.f0.-r2.-f0.d2,49,49
734,-d3.-d1.r2.r1.-f1.f2.-d0.f0.r2.f2.f0.-d2.d3.-r3.d2.f2.f1.r2.-f1.r3.f1.-f2.f0.-r3.-f3.r3.-f1.-f0.r3.-f0.d0.f0.-d0.r2.r2.d3.r2.-d2.-f2.r2.f0.r2.-f0.f2.d0.f0.-r2.-f0.d2,49,49
734,-d3.-d1.r2.r1.f2.-f1.-d0.f0.r2.f2.f0.-d2.d3.-r3.d2.f1.f2.r2.-f1.r3.f1.-f2.f0.-r3.-f3.r3.-f0.-f1.r3.-f0.d0.f0.-d0.r2.r2.d3.r2.-d2.-f2.r2.f0.r2.-f0.f2.d0.f0.-r2.-f0.d2,49,49
734,-d3.-d1.r2.r1.f2.-f1.-d0.f0.r2.f2.f0.d3.-d2.-r3.d2.f2.f1.r2.-f1.r3.f0.-f2.f1.-r3.-f3.r3.-f1.-f0.r3.-f0.d0.f0.-d0.r2.r2.d3.r2.-d2.-f2.r2.f0.r2.f2.-f0.d0.f0.-r2.-f0.d2,49,49
734,-r2.-r3.f3.-d2.f0.-d3.f2.f2.-r1.f0.d3.f0.d1.-d3.f0.r3.-f0.-f1.d0.f3.r3.-f1.-d0.f1.-r3.d0.r0.f1.d1.-r0.-d0.-d3.r0.-d1.-r0.d3.r3.d0.-r0.-r3.-f3.-d0.f3.r0.f2.d0.f0.-d0.-f0.-f2.-f3.r0.r0,53,53
734,-r3.-r2.f3.-d2.f0.-d3.-f2.-f2.-r1.f0.d3.f0.d1.-d3.f0.r3.-f1.-f0.d0.f3.r3.-f1.-d0.f1.-r3.d0.r0.f1.d1.-r0.-d3.-d0.r0.-d1.-r0.d3.r3.d0.-r3.-r0.-f3.-d0.f3.r0.f2.d0.f0.-d0.-f0.-f3.-f2.-r0.-r0,53,53
805,-d3.f3.-d2.-d3.-r0.r1.d2.-f1.-r1.-d3.-f3.d3.f2.-r1.-f2.d3.f0.f3.-d3.f3.-d0.f2.-d3.-f0.d3.f0.-d1.-r3.-d0.r0.-d0.-f0.-f3.-f3.-r3.d0.f3.-d0.-r0.r3.f0.-d0.d3.r0.-d3.-f0.r3.-d3,48,48
805,-d3.f3.-d2.-d3.-r0.r1.d2.-f1.-r1.-d3.-f3.d3.f2.-r1.-f2.d3.f0.f3.-d3.f3.-d0.f2.-d3.-f0.d3.f0.-d1.-r3.-d0.r0.-d0.-f0.f3.f3.-r3.d0.f3.-d0.-r0.r3.f0.-d0.d3.r0.-d3.-f0.r3.-d3,48,48
805,-d3.f3.-d3.-d2.-r0.r1.d2.-f1.-r1.-d3.-f3.d3.f2.-r1.-f2.d3.f3.f0.-d3.f3.-d0.f2.-d3.-f0.d3.f0.-d1.-r3.-d0.r0.-d0.-f0.f3.f3.-r3.d0.f3.-d0.-r0.r3.f0.-d0.d3.r0.-d3.-f0.r3.-d3,48,48
805,-d3.f3.-d3.-d2.r1.-r0.d2.-f1.-r1.-d3.-f3.d3.f2.-r1.-f2.d3.f3.f0.-d3.f3.-d0.f2.-d3.-f0.d3.f0.-d1.-r3.-d0.r0.-d0.-f0.-f3.-f3.-r3.d0.f3.-d0.r3.-r0.f0.-d0.d3.r0.-d3.-f0.r3.-d3,48,48
805,-d3.f3.-d3.-d2.r1.-r0.d2.-f1.-r1.-d3.-f3.d3.f2.-r1.-f2.d3.f3.f0.-d3.f3.-d0.f2.-d3.-f0.d3.f0.-d1.-r3.-d0.r0.-d0.-f3.-f0.-f3.-r3.d0.f3.-d0.r3.-r0.f0.d3.-d0.r0.-d3.-f0.r3.-d3,48,48
805,r2.r1.f3.-r2.d1.-r3.d0.-f1.r1.-f0.r1.-d2.-r0.-d2.f3.-r3.-f3.f0.-d2.-d2.-f1.-r0.f1.r2.d2.f0.d2.-d1.f1.d1.f3.f1.-r2.-d3.-d0.r2.d0.-f1.d3.r0.d2.r1.f2.-r1.-f2.-d2.-r0.-f1,48,48
805,-f0.d0.d1.-r0.-f1.-r3.-f2.-r3.-d2.-f1.-r1.r0.f2.f3.-r3.r1.-f0.-f2.r0.f0.f2.d3.f1.-d3.f2.r3.-f0.d3.f0.-d1.-r3.-r3.-d3.-f2.-r0.-d2.r0.d3.r3.d1.-f0.-f2.-d2.-f2.d2.-f2.d2.f2.-d2.f0,50,50
805,-f0.d0.d1.-r0.-f1.-r3.-f2.-r3.-d2.-f1.-r1.r0.f2.f3.-r3.r1.-f0.-f2.r0.f2.f0.d3.f1.-d3.f2.r3.-f0.d3.f0.-d1.r3.r3.-d3.-f2.-r0.-d2.r0.d3.r3.d1.-f0.-f2.-d2.-f2.d2.-f2.d2.f2.-d2.f0,50,50
805,-f0.d0.d1.-r0.-f1.-r3.-f2.-r3.-d2.-f1.r0.-r1.f2.f3.r1.-r3.-f0.-f2.r0.f0.f2.d3.f1.-d3.f2.r3.-f0.d3.f0.-d1.r3.r3.-d3.-f2.-r0.-d2.r0.d3.r3.d1.-f0.-f2.-d2.-f2.d2.-f2.d2.f2.-d2.f0,50,50
823,-d1.-r2.d0.r0.-d1.r3.d0.-f0.-f2.-f2.r3.f1.f3.r0.-f1.-r3.f0.-d3.f0.-r0.-f0.-d3.d1.-f0.-r1.-d1.-d3.-r2.f1.-d0.-d1.-f1.f2.r2.d3.r3.f1.-r3.-d3.-f2.d1.r0.-f2.-r2.f2.-r0.-d1.d0,48,48
823,-d1.-r2.d0.r0.-d1.r3.d0.-f0.f2.f2.r3.f1.f3.r0.-f1.-r3.f0.-d3.f0.-r0.-f0.-d3.d1.-f0.-r1.-d1.-d3.-r2.f1.-d0.-d1.-f1.f2.r2.d3.r3.f1.-r3.-d3.-f2.d1.r0.-f2.-r2.f2.-r0.-d1.d0,48,48
823,-d1.-r2.d0.r0.-d1.r3.d0.-f0.f2.f2.r3.f1.f3.r0.-f1.-r3.f0.-d3.f0.-r0.-f0.d1.-d3.-f0.-r1.-d1.-d3.-r2.f1.-d0.-d1.-f1.f2.r2.d3.r3.f1.-r3.-d3.-f2.d1.r0.-f2.-r2.f2.-r0.d0.-d1,48,48
823,-d1.-r2.d0.r0.-d1.r3.d0.-f0.f2.f2.r3.f3.f1.r0.-f1.-r3.f0.-d3.f0.-r0.-f0.-d3.d1.-f0.-r1.-d3.-d1.-r2.f1.-d1.-d0.-f1.f2.r2.d3.r3.f1.-r3.-d3.-f2.d1.r0.-f2.-r2.f2.-r0.-d1.d0,48,48
823,-d1.-r2.d0.r0.-d1.r3.d0.-f2.-f0.-f2.r3.f3.f1.r0.-f1.-r3.f0.-d3.f0.-r0.-f0.d1.-d3.-f0.-r1.-d3.-d1.-r2.f1.-d1.-d0.f2.-f1.r2.d3.r3.f1.-r3.-d3.-f2.d1.r0.-f2.-r2.f2.-r0.d0.-d1,48,48
823,-d1.-r2.d0.r0.-d1.r3.d0.-f2.f1.f3.d3.-f0.-f2.r0.-f1.-r3.f0.-d3.f0.-r0.-f0.d1.-d3.-f0.-r1.-d3.-d1.-r2.f1.-d0.-d1.-f1.f2.r2.d3.r3.f1.-r3.-d3.-f2.d1.r0.-f2.-r2.f2.-r0.-d1.d0,48,48
823,-d1.-r2.d0.r0.-d1.r3.d0.f1.-f2.f3.d3.-f0.-f2.r0.-f1.-r3.f0.-d3.f0.-r0.-f0.d1.-d3.-f0.-r1.-d1.-d3.-r2.f1.-d0.-d1.-f1.f2.r2.d3.r3.f1.-r3.-d3.-f2.d1.r0.-f2.-r2.f2.-r0.d0.-d1,48,48
823,-f1.-d2.d0.-r1.-d2.-f0.-r0.-d0.r3.f0.-d0.r2.-d3.-d2.f0.f1.d3.-f0.-f0.r2.f1.f0.-r3.f3.d3.r3.-d2.-d1.-r3.r0.r0.d1.r0.-d1.-f1.-f2.d1.-r3.d3.-r1.-f1.r1.f1.f2.f2.-d1.f2.f2,48,48
823,r3.-d2.-d3.-f1.d1.-d3.-r2.-f1.-f2.-r0.-d2.r1.-f0.-f1.r3.-f0.f2.-r1.d2.-r0.-r3.f0.-f2.f3.r3.-d2.-r3.-f0.f2.-f3.d3.f0.r0.d0.f1.-r0.-f0.r0.f0.-f1.-d3.r0.-f0.-d0.r3.-f0.r3.f0.d0.d3.-r0.-d0,52,52
823,r3.-d3.-d2.-f1.d1.-d3.-r2.-f2.-f1.-r0.-d2.r1.-f0.-f1.r3.-f0.f2.-r1.d2.-r0.-r3.-f2.f3.f0.r3.-d2.-r3.f2.-f3.-f0.d3.f0.r0.d0.f1.-r0.-f0.r0.-f1.f0.-d3.r0.-f0.-d0.r3.-f0.r3.f0.d0.d3.-r0.-d0,52,52
839,f0.r0.f1.-r1.-f2.f0.f1.-d3.-f2.-d0.f0.-r2.-r3.d2.-r1.d0.d3.f0.-r3.-d2.f3.-d0.f3.d0.-r3.-d3.r3.-f1.f2.-r1.d0.-f1.r1.-d0.-r1.-d3.d0.f1.-d0.-r1.-f1.d3.f1.-d3.r1.d3.-f2.f1,48,48
839,f0.r0.f1.-r1.-f2.f1.f0.-d3.-f2.-d0.f0.-r3.-r2.d2.-r1.d3.d0.f0.-r3.-d2.f3.-d0.f3.d0.-r3.-d3.r3.-f1.f2.-r1.d0.-f1.r1.-d0.-r1.-d3.d0.f1.-d0.-r1.-f1.d3.f1.-d3.r1.d3.-f2.f1,48,48
839,f0.r0.f1.-r1.-f2.f1.f0.-d3.-f2.-d0.f0.-r3.-r2.d2.-r1.d3.d0.f0.-r3.-d2.f3.-d0.f3.d0.-r3.-d3.r3.f2.-f1.-r1.d0.-f1.r1.-d0.-r1.-d3.d0.f1.-d0.-r1.-f1.d3.f1.-d3.r1.d3.-f2.f1,48,48
839,f0.r0.f1.-r1.f0.-f2.f1.-d3.-f2.-d0.f0.-r3.-r2.d2.-r1.d3.d0.f0.-r3.-d2.f3.-d0.f3.d0.-r3.-d3.r3.f2.-f1.-r1.d0.-f1.r1.-d0.-r1.d0.-d3.f1.-d0.-r1.-f1.d3.f1.-d3.r1.d3.-f2.f1,48,48
839,f0.r0.f1.-r1.f0.f1.-f2.-d3.-f2.-d0.f0.-r2.-r3.d2.-r1.d0.d3.f0.-r3.-d2.f3.-d0.f3.d0.-r3.-d3.r3.-f1.f2.-r1.d0.-f1.r1.-d0.-r1.d0.-d3.f1.-d0.-r1.-f1.d3.f1.-d3.r1.d3.f1.-f2,48,48
855,-f2.-r3.d3.-r3.-f3.f1.f2.-r3.d3.f2.-r0.-f0.-d1.-f1.r1.r3.-f2.-r0.d1.-f0.-r1.f1.-r1.f0.f0.r2.d3.f2.-r3.d1.r3.-f2.-d1.-r3.d2.r3.-d1.-d1.-d0.r2.-f1.r2.d1.r2.d1.r2.d0.-f1,48,48
855,-f3.-d3.f1.r2.-f0.-d1.-d1.d2.r3.f0.r2.-d1.-d1.r2.-f2.-d1.-r2.d1.-f2.-r2.-d0.-r3.r0.d0.d3.f3.-d3.r2.d0.-f3.r0.-f0.r0.-f0.-r0.-r3.-d3.r3.d0.r3.-f0.r0.-d0.r0.-f3.r3.d3.-f0,48,48
855,-f3.-d3.f1.r2.-f0.d1.d1.d2.r3.f0.r2.d1.d1.r2.-f2.-d1.-r2.d1.-f2.-r2.-d0.-r3.r0.d0.d3.f3.-d3.r2.d0.-f3.r0.-f0.r0.-f0.-r0.-r3.-d3.r3.d0.r3.-f0.r0.-d0.r0.-f3.r3.d3.-f0,48,48
855,-f3.-d3.f1.r2.-f0.d1.d1.d2.r3.f0.r2.d1.d1.r2.-f2.-d1.-r2.d1.-f2.-r2.-d0.r0.-r3.d0.d3.f3.-d3.r2.d0.-f3.r0.-f0.r0.-f0.-r0.-r3.-d3.r3.d0.r3.-f0.r0.-d0.r0.-f3.r3.d3.-f0,48,48
855,-f3.-d3.f1.r2.-f0.d1.d1.d2.r3.f0.r2.d1.d1.r2.-f2.-d1.-r2.d1.-f2.-r2.-d0.r0.-r3.d3.d0.f3.-d3.r2.d0.-f3.r0.-f0.r0.-f0.-r3.-r0.-d3.r3.d0.r3.-f0.r0.-d0.r0.-f3.r3.d3.-f0,48,48
855,-f3.-d3.f1.r2.-f0.d2.d1.d1.r3.f0.r2.d1.d1.r2.-f2.-d1.-r2.d1.-f2.-r2.-d0.-r3.r0.d3.d0.f3.-d3.r2.d0.-f3.r0.-f0.r0.-f0.-r3.-r0.-d3.r3.d0.r3.-f0.r0.-d0.r0.-f3.r3.d3.-f0,48,48
855,-f3.-d3.f1.r2.-f0.d2.d1.d1.r3.f0.r2.d1.d1.r2.-f2.-d1.-r2.d1.-f2.-r2.-d0.r0.-r3.d3.d0.f3.-d3.r2.d0.-f3.r0.-f0.r0.-f0.-r0.-r3.-d3.r3.d0.r3.-f0.r0.-d0.r0.-f3.r3.d3.-f0,48,48
855,-f0.-f2.-d1.-r3.-f0.r3.-f2.r0.-f0.f3.-r0.r1.f0.r0.-f0.-d0.d3.-f0.-r1.-f0.-r0.-d0.f0.d0.r1.r3.-d2.r3.-d1.-f0.d1.f0.d2.r0.f0.-d3.-f0.d2.f0.d3.-f0.-f1.-d2.-f2.-f2.f1.-r1.-d2.r1.-f2,50,50
855,-f0.-f2.-d1.-r3.-f0.r3.-f2.r0.-f0.f3.-r0.r1.f0.r0.-f0.-d0.d3.-f0.-r1.-f0.-r0.-d0.f0.d0.r1.r3.-d2.r3.-d1.-f0.d1.f0.d2.r0.f0.-d3.-f0.d2.f0.d3.f2.f3.r1.-f0.f2.-f3.-r1.-d2.r1.-f2,50,50
855,-f2.-f0.-d1.-r3.-f0.r3.-f2.r0.f3.-f0.-r0.r1.f0.r0.-f0.d3.-d0.-f0.-r1.-f0.-r0.-d0.f0.d0.r3.r1.-d2.r3.-d1.-f0.d1.f0.d2.r0.f0.-d3.-f0.d2.f0.d3.f3.f2.r1.-f0.-f3.f2.-r1.-d2.r1.-f2,50,50
909,f0.d1.d2.-f3.-d0.-r3.f2.r1.d2.-f0.d1.-f1.d3.-f0.f3.-r0.-d3.-r0.f0.-d3.d0.r2.d3.-r2.-d0.f3.r2.d2.f1.r3.-d1.-r3.d2.-f1.-r1.-r2.d0.d1.r2.-f1.-r1.-r2.-d1.d2.f1.d1.r1.-d0,48,48
909,f0.d1.d2.-f3.-d0.-r3.f2.r1.d2.-f0.d1.-f1.d3.-f0.f3.-r0.-d3.-r0.f0.d0.-d3.r2.d3.-r2.-d0.f3.r2.d2.f1.r3.-d1.-r3.d2.-f1.-r1.-r2.d0.d1.r2.-f1.-r1.-r2.-d1.d2.f1.d1.r1.-d0,48,48
909,f0.d1.d2.-f3.-d0.-r3.f2.r1.d2.-f0.d1.-f1.d3.f3.-f0.-r0.-d3.-r0.f0.-d3.d0.r2.d3.-r2.-d0.f3.r2.d2.f1.r3.-d1.-r3.d2.-f1.-r2.-r1.d1.d0.r2.-f1.-r2.-r1.d2.-d1.f1.d1.r1.-d0,48,48
909,f0.d2.d1.-f3.-d0.-r3.f2.r1.d2.-f0.d1.-f1.d3.-f0.f3.-r0.-d3.-r0.f0.-d3.d0.r2.d3.-r2.-d0.f3.r2.d2.f1.r3.-d1.-r3.d2.-f1.-r2.-r1.d1.d0.r2.-f1.-r2.-r1.-d1.d2.f1.d1.r1.-d0,48,48
909,f0.d2.d1.-f3.-d0.-r3.f2.r1.d2.-f0.d1.-f1.d3.f3.-f0.-r0.-d3.-r0.f0.d0.-d3.r2.d3.-r2.-d0.f3.r2.d2.f1.r3.-d1.-r3.d2.-f1.-r2.-r1.d1.d0.r2.-f1.-r2.-r1.d2.-d1.f1.d1.r1.-d0,48,48
973,f1.r0.d3.r2.f3.-r2.-f1.r1.d2.r2.-d3.-r3.-f3.-d3.-r0.-d1.-d2.-f3.-d0.r0.d2.f0.-d0.-d3.d1.d2.r3.-d2.r3.d2.-f3.d1.f3.r3.f0.-r3.f0.-d2.f0.r3.-f3.r3.-d2.-r3.d1.r3.d2.-r3,48,48
973,f1.r0.d3.r2.f3.-r2.-f1.r1.d2.r2.-d3.-r3.-f3.-d3.-r0.-d1.-d2.-f3.-d0.r0.d2.f0.-d0.d1.d2.-d3.r3.-d2.r3.d2.-f3.d1.f3.r3.f0.-r3.f0.-d2.f0.r3.-f3.r3.-d2.-r3.d1.r3.d2.-r3,48,48
973,f1.r0.d3.r2.f3.-r2.-f1.r1.d2.r2.-d3.-r3.-f3.-d3.-r0.-d2.-d1.-f3.-d0.r0.d2.f0.-d3.-d0.d2.d1.r3.-d2.r3.d2.-f3.d1.f3.r3.f0.-r3.f0.-d2.f0.r3.-f3.r3.-d2.-r3.d1.r3.d2.-r3,48,48
973,f1.r0.d3.r2.f3.-r2.-f1.r1.d2.r2.-d3.-r3.-f3.-d3.-r0.-d2.-d1.-f3.-d0.r0.d2.f0.d1.-d0.d2.-d3.r3.-d2.r3.d2.-f3.d1.f3.r3.f0.-r3.f0.-d2.f0.r3.-f3.r3.-d2.-r3.d1.r3.d2.-r3,48,48
996,d0.-f0.-d1.r0.-f3.d3.-f1.-d2.-f3.-d0.f3.d3.r2.-d1.d0.f2.-d2.f1.-r3.-d0.f3.r2.r3.-f2.-r2.-f3.d0.d1.f2.-d3.-f2.-d2.-d3.-d3.d0.-r1.-f1.r1.-d0.d2.r1.d1.d3.r0.-f2.r1.f2.-r0.-d1,49,49
996,d0.-f0.-d1.r0.-f3.d3.-f1.-d2.-f3.-d0.f3.d3.r2.-d1.d0.f2.-d2.f1.-r3.-d0.f3.r2.r3.-f2.-r2.-f3.d0.d1.f2.-d3.-f2.-d2.d3.d3.d0.-r1.-f1.r1.-d0.d2.r1.d1.d3.r0.-f2.r1.f2.-r0.-d1,49,49
996,d0.-f0.-d1.r0.-f3.d3.-f1.-d2.-f3.-d0.f3.d3.r2.-d1.d0.f2.-d2.f1.-r3.-d0.f3.r2.r3.-f2.-r2.-f3.d0.d1.f2.-d3.-f2.-d3.d0.-d3.-d2.-r1.-f1.r1.d2.-d0.r1.d3.d1.r0.-f2.r1.f2.-r0.-d1,49,49
996,d0.-f0.-d1.r0.-f3.d3.-f1.-d2.-f3.-d0.f3.d3.r2.-d1.d0.f2.-d2.f1.-r3.-d0.f3.r3.r2.-f2.-r2.-f3.d0.d1.f2.-d3.-f2.-d2.-d3.-d3.d0.-r1.-f1.r1.-d0.d2.r1.d3.d1.r0.-f2.r1.f2.-r0.-d1,49,49
996,d0.-f0.-d1.r0.-f3.d3.-f1.-d2.-f3.-d0.f3.d3.r2.-d1.d0.f2.-d2.f1.-r3.-d0.f3.r3.r2.-f2.-r2.-f3.d0.d1.f2.-d3.-f2.-d3.-d2.-d3.d0.-r1.-f1.r1.-d0.d2.r1.d3.d1.r0.-f2.r1.f2.-r0.-d1,49,49
996,d0.-f0.-d1.r0.-f3.d3.-f1.-d2.-f3.-d0.f3.d3.r2.-d1.d0.f2.-d2.f1.-r3.-d0.f3.r3.r2.-f2.-r2.-f3.d0.d1.f2.-d3.-f2.-d3.d0.-d3.-d2.-r1.-f1.r1.d2.-d0.r1.d3.d1.r0.-f2.r1.f2.-r0.-d1,49,49
996,d0.-f0.-d1.r0.-f3.d3.-f1.-d2.-f3.-d0.f3.d3.r2.-d1.d0.f2.-d2.f1.-r3.-d0.f3.r3.r2.-f2.-r2.-f3.d1.d0.f2.-d3.-f2.-d2.d3.d3.d0.-r1.-f1.r1.-d0.d2.r1.d3.d1.r0.-f2.r1.f2.-r0.-d1,49,49
996,d0.-f0.-d1.r0.-f3.d3.-f1.-d2.-f3.-d0.f3.d3.r2.d0.-d1.f2.-d2.f1.-r3.-d0.f3.r2.r3.-f2.-r2.-f3.d0.d1.f2.-d3.-f2.d0.-d2.d3.d3.-r1.-f1.r1.-d0.d2.r1.d1.d3.r0.-f2.r1.f2.-r0.-d1,49,49
996,d0.-f0.-d1.r0.-f3.d3.-f1.-d2.-f3.-d0.f3.d3.r2.d0.-d1.f2.-d2.f1.-r3.-d0.f3.r3.r2.-f2.-r2.-f3.d1.d0.f2.-d3.-f2.-d3.-d2.d0.-d3.-r1.-f1.r1.d2.-d0.r1.d3.d1.r0.-f2.r1.f2.-r0.-d1,49,49
1013,-r0.f0.-d2.-r2.-f1.-r2.r0.f1.r3.-d1.-f3.-d2.-d3.-r0.-f1.-d3.-f0.-f3.f1.-d2.-f0.-f0.-r0.-d1.-f0.d1.-r0.-d0.-d2.f0.-r3.d1.-r3.-d2.r3.-d1.-d2.d0.r1.r2.-d2.-d2.-r1.-r2.-d0.-d2.r0.-d1,48,48
1013,-r0.f0.-d2.-r2.-f1.-r2.r0.f1.r3.-d1.-f3.-d2.-d3.-r0.-f1.-d3.-f0.-f3.f1.-d2.f0.f0.-r0.-d1.-f0.d1.-r0.-d0.-d2.f0.-r3.d1.-r3.-d2.r3.-d1.-d2.d0.r1.r2.d2.d2.-r1.-r2.-d0.-d2.r0.-d1,48,48
1013,-r0.f0.-d2.-r2.-f1.-r2.r0.f1.r3.-d1.-f3.-d2.-d3.-r0.-f1.-d3.-f0.f1.-f3.-d2.f0.f0.-r0.-d1.-f0.d1.-r0.-d0.-d2.f0.-r3.d1.-r3.-d2.r3.d0.-d2.-d1.r2.r1.-d2.-d2.-r1.-r2.-d2.-d0.r0.-d1,48,48
1013,-r0.f0.-d2.-r2.-f1.-r2.r0.f1.r3.-d1.-f3.-d3.-d2.-r0.-f1.-d3.-f3.-f0.f1.-d2.f0.f0.-r0.-d1.-f0.d1.-r0.-d2.-d0.f0.-r3.d1.-r3.-d2.r3.-d2.-d1.d0.r2.r1.d2.d2.-r2.-r1.-d2.-d0.r0.-d1,48,48
1013,-r0.f0.-d2.-r2.-f1.r0.-r2.f1.r3.-d1.-f3.-d2.-d3.-r0.-f1.-d3.-f0.f1.-f3.-d2.f0.f0.-r0.-d1.-f0.d1.-r0.-d0.-d2.f0.-r3.d1.-r3.-d2.r3.d0.-d1.-d2.r1.r2.d2.d2.-r1.-r2.-d0.-d2.r0.-d1,48,48
1013,-r0.f0.-d2.-r2.-f1.r0.-r2.f1.r3.-d1.-f3.-d3.-d2.-r0.-f1.-d3.-f3.-f0.f1.-d2.f0.f0.-r0.-d1.-f0.d1.-r0.-d2.-d0.f0.-r3.d1.-r3.-d2.r3.-d2.-d1.d0.r2.r1.d2.d2.-r2.-r1.-d2.-d0.r0.-d1,48,48
1031,d2.f0.d3.-f0.f1.-r0.r1.d0.f1.r1.d1.-r0.-d1.-d3.-f2.r1.f2.-r3.-f0.-r3.-r3.d3.f0.-r3.-r3.f3.d2.-r1.-f2.-r2.-d2.-f3.-d1.r1.d1.-r2.f2.-r1.-r3.-f2.-r1.-f2.-d2.-f2.d2.-r3.r1.r2,48,48
1031,d2.f0.d3.-f0.f1.-r0.r1.d0.f1.r1.d1.-r0.-d1.-d3.-f2.r1.f2.-r3.-f0.-r3.-r3.d3.f0.-r3.-r3.f3.d2.-r1.-f2.-r2.-d2.-f3.-d1.r1.d1.-r2.f2.-r1.-r3.-f2.-r1.-f2.-d2.-f2.d2.-r3.r2.r1,48,48
1031,d2.f0.d3.-f0.f1.-r0.r1.d0.f1.r1.d1.-r0.-d1.-d3.-f2.r1.f2.-r3.-f0.r3.r3.d3.f0.r3.r3.f3.d2.-r1.-f2.-r2.-d2.-f3.-d1.r1.d1.-r2.f2.-r1.-r3.-f2.-r1.-f2.-d2.-f2.d2.-r3.r1.r2,48,48
1031,d2.f0.d3.-f0.f1.-r0.r1.d0.f1.r1.d1.-r0.-d1.-d3.-f2.r1.f2.-r3.-f0.r3.r3.d3.f0.r3.r3.f3.d2.-r1.-f2.-r2.-d2.-f3.-d1.r1.d1.-r2.f2.-r1.-r3.-f2.-r1.-f2.-d2.-f2.d2.-r3.r2.r1,48,48
1031,d2.f0.d3.-f0.f1.-r0.r1.d0.f1.r1.d1.-r0.-d1.-d3.-f2.r1.f2.-r3.-f0.r3.r3.d3.f0.r3.r3.f3.d2.-r1.-f2.-r2.-d2.-f3.-d1.r1.d1.-r2.f2.-r1.-r3.-f2.-r1.-f2.-d2.-f2.d2.r1.r2.-r3,48,48
1031,d2.f0.d3.-f0.f1.-r0.r1.d0.f1.r1.d1.-r0.-d1.-d3.-f2.r1.f2.-r3.-f0.r3.r3.d3.f0.r3.r3.f3.d2.-r1.-f2.-r2.-d2.-f3.-r2.-d1.r1.d1.f2.-r1.-r3.-f2.-r1.-f2.-d2.-f2.d2.r1.r2.-r3,48,48
1031,d2.f0.d3.-f0.f1.-r0.r1.d0.f1.r1.d1.-r0.-d3.-d1.-f2.r1.f2.-r3.-f0.r3.r3.d3.f0.r3.r3.f3.d2.-r1.-f2.-r2.-d2.-f3.-r2.-d1.r1.d1.f2.-r3.-r1.-f2.-r1.-f2.-d2.-f2.d2.-r3.r2.r1,48,48
1031,d2.f0.d3.-f0.f1.r1.-r0.d0.f1.r1.d1.-r0.-d3.-d1.-f2.r1.f2.-r3.-f0.-r3.-r3.d3.f0.r3.r3.f3.d2.-r1.-f2.-r2.-d2.-f3.-r2.-d1.r1.d1.f2.-r3.-r1.-f2.-r1.-f2.-d2.-f2.d2.-r3.r2.r1,48,48
1031,d2.f0.d3.f1.-f0.r1.-r0.d0.f1.r1.d1.-r0.-d3.-d1.-f2.r1.f2.-r3.-f0.r3.r3.d3.f0.r3.r3.f3.d2.-r1.-f2.-r2.-d2.-f3.-d1.r1.d1.-r2.f2.-r3.-r1.-f2.-r1.-f2.-d2.-f2.d2.r1.r2.-r3,48,48
